site_id	SRR6451255	SRR6451256	SRR6451666	SRR6451683	SRR6456134	SRR6456136	SRR6456140	SRR6456145	SRR6456156	SRR6456158	SRR6456165	SRR6456166	SRR6456173	SRR6456174	SRR6456178	SRR6456184	SRR6456188	SRR6456189	SRR6456191	SRR6456192	SRR6456194	SRR6456217	SRR6456223	SRR6456235	SRR6456254	SRR6456359	SRR6456362	SRR6456368	SRR6456369	SRR6456377	SRR6451254	SRR6451257	SRR6451259	SRR6451260	SRR6451261	SRR6451262	SRR6451663	SRR6451664	SRR6451665	SRR6451667	SRR6451668	SRR6451669	SRR6451671	SRR6451672	SRR6451673	SRR6451674	SRR6451676	SRR6451677	SRR6451678	SRR6451680	SRR6451681	SRR6451682	SRR6451684	SRR6451685	SRR6451686	SRR6451687	SRR6451689	SRR6451690	SRR6451691	SRR6451692	SRR6456128	SRR6456129	SRR6456131	SRR6456132	SRR6456135	SRR6456137	SRR6456141	SRR6456142	SRR6456143	SRR6456144	SRR6456146	SRR6456147	SRR6456148	SRR6456149	SRR6456150	SRR6456151	SRR6456152	SRR6456153	SRR6456154	SRR6456155	SRR6456157	SRR6456159	SRR6456160	SRR6456161	SRR6456162	SRR6456163	SRR6456164	SRR6456167	SRR6456168	SRR6456170	SRR6456171	SRR6456172	SRR6456175	SRR6456176	SRR6456177	SRR6456179	SRR6456180	SRR6456181	SRR6456183	SRR6456185	SRR6456186	SRR6456187	SRR6456190	SRR6456193	SRR6456195	SRR6456196	SRR6456197	SRR6456200	SRR6456202	SRR6456203	SRR6456204	SRR6456205	SRR6456206	SRR6456207	SRR6456208	SRR6456209	SRR6456211	SRR6456212	SRR6456215	SRR6456216	SRR6456218	SRR6456219	SRR6456220	SRR6456221	SRR6456222	SRR6456224	SRR6456225	SRR6456226	SRR6456228	SRR6456230	SRR6456231	SRR6456232	SRR6456234	SRR6456236	SRR6456237	SRR6456238	SRR6456240	SRR6456241	SRR6456243	SRR6456244	SRR6456245	SRR6456247	SRR6456248	SRR6456249	SRR6456250	SRR6456251	SRR6456252	SRR6456253	SRR6456255	SRR6456352	SRR6456354	SRR6456356	SRR6456357	SRR6456358	SRR6456360	SRR6456361	SRR6456363	SRR6456364	SRR6456366	SRR6456370	SRR6456371	SRR6456372	SRR6456373	SRR6456374	SRR6456375	SRR6456376	SRR6456130	SRR6456133	SRR6456242	SRR6456367	SRR6451258	SRR6451662	SRR6451670	SRR6451675	SRR6451688	SRR6456138	SRR6456182	SRR6456213	SRR6456233	SRR6456239	SRR6456246	SRR6456227	SRR6456198	SRR6456201	SRR6456210	SRR6456229	SRR6456139	SRR6456169	SRR6456199	SRR6456214	SRR6456353	SRR6456355	SRR6456365
gnl|Prokka|GCF_000012825.1_1|11419|G	0.0	-1.0	0.286	0.0	0.0	0.0	-1.0	0.0	0.0	0.0	0.0	-1.0	0.0	-1.0	0.34	0.0	1.0	-1.0	1.0	0.0	0.0	0.0	0.333	0.0	-1.0	0.625	0.0	-1.0	0.0	0.0	0.091	0.0	0.0	0.0	0.0	1.0	0.0	0.0	0.0	0.0	0.0	0.0	0.0	0.0	1.0	0.0	-1.0	0.0	0.0	0.0	0.0	0.0	0.767	1.0	0.0	1.0	0.735	0.0	0.0	0.0	0.0	0.429	0.0	0.079	0.477	0.125	0.0	0.0	1.0	0.0	0.0	0.259	0.0	0.93	0.0	1.0	1.0	0.0	0.0	0.715	0.029	0.0	0.0	0.0	0.0	0.0	0.0	0.0	0.737	0.515	0.037	0.0	1.0	0.0	0.0	0.061	0.624	0.429	0.0	1.0	0.0	0.0	0.0	0.0	1.0	0.862	0.0	0.0	0.806	0.0	1.0	0.0	0.0	0.959	0.0	0.0	0.919	1.0	0.306	0.0	0.0	0.0	0.0	0.0	0.0	0.0	0.0	0.488	0.446	0.0	0.0	-1.0	0.0	0.117	0.793	0.393	1.0	0.0	0.474	0.094	0.768	0.0	0.0	0.0	0.0	0.0	0.0	1.0	0.0	0.038	1.0	0.0	0.627	1.0	0.0	0.808	0.0	1.0	0.0	0.0	0.0	0.0	0.19	0.0	0.0	0.118	-1.0	-1.0	-1.0	-1.0	-1.0	-1.0	-1.0	-1.0	-1.0	-1.0	-1.0	-1.0	-1.0	-1.0	-1.0	-1.0	-1.0	-1.0	-1.0	-1.0	-1.0	-1.0	-1.0	-1.0	-1.0	-1.0	-1.0
gnl|Prokka|GCF_000012825.1_1|71876|G	0.0	-1.0	0.2	-1.0	0.0	0.54	-1.0	0.0	0.676	0.0	0.0	-1.0	0.0	-1.0	1.0	0.0	1.0	-1.0	0.306	1.0	1.0	0.0	-1.0	1.0	-1.0	1.0	0.0	0.0	0.0	1.0	0.0	0.708	1.0	0.923	1.0	0.0	0.0	0.0	-1.0	0.0	0.0	0.0	0.833	0.0	0.885	-1.0	-1.0	1.0	0.0	0.0	0.0	1.0	0.429	0.0	0.0	1.0	0.0	0.0	1.0	0.0	0.0	0.692	0.0	0.899	0.495	1.0	0.0	0.0	0.0	1.0	0.0	0.16	0.0	0.0	0.0	0.0	1.0	0.0	0.0	0.0	0.841	1.0	0.0	1.0	0.0	1.0	0.0	0.515	0.804	0.0	0.978	0.0	0.0	0.6	0.941	0.234	0.0	1.0	0.0	0.0	0.0	0.447	0.0	0.0	0.0	0.0	0.0	0.0	0.542	0.0	1.0	0.366	0.0	0.0	0.0	0.0	0.0	0.845	1.0	0.0	0.9	0.0	0.0	0.0	0.0	0.0	1.0	0.256	0.481	1.0	0.209	-1.0	0.839	0.0	0.021	0.039	1.0	0.0	0.0	0.0	0.0	0.0	0.0	0.583	1.0	0.0	0.0	-1.0	0.0	0.054	1.0	0.0	0.319	0.0	1.0	0.0	0.184	0.0	1.0	0.0	0.289	0.429	1.0	1.0	0.0	0.0	-1.0	-1.0	-1.0	-1.0	-1.0	-1.0	-1.0	-1.0	-1.0	-1.0	-1.0	-1.0	-1.0	-1.0	-1.0	-1.0	-1.0	-1.0	-1.0	-1.0	-1.0	-1.0	-1.0	-1.0	-1.0	-1.0	-1.0
gnl|Prokka|GCF_000012825.1_1|123987|C	1.0	-1.0	0.0	-1.0	0.0	0.053	-1.0	0.0	0.0	0.0	0.94	-1.0	0.706	-1.0	0.0	0.0	0.0	-1.0	0.744	0.0	0.0	0.0	0.312	1.0	-1.0	0.0	0.065	-1.0	-1.0	0.0	0.0	0.291	0.741	0.0	0.0	0.0	0.0	0.0	-1.0	0.0	0.24	0.0	0.0	0.0	0.0	0.0	1.0	1.0	0.0	0.0	0.0	0.0	0.423	0.0	0.0	0.0	0.32	0.0	0.0	0.0	0.362	0.0	0.0	0.0	0.531	1.0	1.0	0.0	0.128	-1.0	1.0	0.0	0.0	0.0	1.0	0.014	0.0	0.0	1.0	0.256	0.0	0.0	0.0	0.0	0.0	0.0	0.841	1.0	0.032	0.0	0.979	1.0	0.0	0.0	0.088	0.0	0.354	-1.0	0.0	0.024	1.0	0.0	0.0	1.0	0.0	0.0	1.0	0.0	0.0	0.0	0.0	0.526	0.0	0.0	0.0	0.0	0.0	0.182	0.0	0.0	1.0	0.0	0.0	0.0	0.0	1.0	0.0	0.0	0.0	0.0	0.0	0.0	0.0	0.85	0.2	0.058	0.0	1.0	0.412	0.0	0.018	0.0	1.0	0.537	1.0	1.0	0.166	0.0	0.0	0.667	0.0	0.93	0.0	0.0	1.0	0.211	0.273	0.0	1.0	0.0	0.885	0.583	0.833	0.0	0.0	0.0	-1.0	-1.0	-1.0	-1.0	-1.0	-1.0	-1.0	-1.0	-1.0	-1.0	-1.0	-1.0	-1.0	-1.0	-1.0	-1.0	-1.0	-1.0	-1.0	-1.0	-1.0	-1.0	-1.0	-1.0	-1.0	-1.0	-1.0
gnl|Prokka|GCF_000012825.1_1|212986|C	0.0	-1.0	0.158	-1.0	0.0	0.0	-1.0	0.0	0.0	0.0	0.154	-1.0	0.524	-1.0	0.432	0.0	0.0	-1.0	0.228	0.0	0.0	0.0	-1.0	1.0	-1.0	0.417	1.0	0.625	0.615	0.0	0.0	1.0	0.0	0.0	1.0	0.0	0.0	0.0	0.0	0.0	0.0	0.0	0.914	0.0	0.906	0.0	0.667	1.0	0.0	0.0	0.0	0.0	0.0	0.0	0.0	1.0	0.691	0.0	0.224	0.0	0.0	-1.0	0.863	0.083	0.0	1.0	0.0	0.0	0.839	0.0	1.0	0.195	-1.0	0.956	1.0	1.0	1.0	0.0	0.165	0.0	0.853	0.0	0.0	0.0	0.0	0.0	0.102	0.552	0.046	0.547	0.977	0.77	0.0	0.0	0.0	0.0	0.664	0.444	1.0	0.0	0.0	0.059	0.0	0.0	0.0	0.905	0.0	0.586	0.277	0.0	1.0	0.514	0.0	0.046	0.0	1.0	0.103	0.0	0.0	0.0	0.833	0.0	0.0	1.0	0.0	0.0	0.0	0.0	0.448	0.0	0.0	0.0	0.14	0.811	0.186	0.758	0.025	0.0	0.25	0.0	0.0	0.347	1.0	0.0	1.0	0.0	1.0	1.0	0.0	0.65	0.0	0.889	0.831	1.0	-1.0	0.548	0.0	-1.0	0.0	0.556	0.0	1.0	0.949	0.092	0.0	0.0	-1.0	-1.0	-1.0	-1.0	-1.0	-1.0	-1.0	-1.0	-1.0	-1.0	-1.0	-1.0	-1.0	-1.0	-1.0	-1.0	-1.0	-1.0	-1.0	-1.0	-1.0	-1.0	-1.0	-1.0	-1.0	-1.0	-1.0
gnl|Prokka|GCF_000012825.1_1|213784|T	0.0	-1.0	0.167	-1.0	0.0	0.058	-1.0	0.0	0.0	0.0	0.0	-1.0	0.722	-1.0	0.3	0.0	0.0	-1.0	0.194	0.0	0.0	0.267	-1.0	1.0	-1.0	0.0	0.914	-1.0	-1.0	-1.0	0.0	1.0	0.0	0.0	1.0	0.0	0.0	0.0	-1.0	0.0	0.0	0.0	0.727	0.0	0.881	0.0	1.0	1.0	0.0	0.0	0.0	0.0	0.0	0.0	0.0	1.0	0.673	0.0	0.199	0.0	0.0	0.333	0.875	0.122	0.0	1.0	0.0	0.0	0.692	0.0	0.945	0.194	0.669	0.936	1.0	1.0	1.0	0.0	0.191	0.0	0.87	0.0	0.0	0.0	0.0	0.0	0.159	0.31	0.057	0.571	0.972	0.789	0.0	0.0	0.0	0.0	0.601	-1.0	1.0	0.0	0.0	0.041	0.0	0.0	0.0	0.878	0.0	0.55	0.258	0.0	1.0	0.55	0.077	0.0	0.0	1.0	0.057	0.0	0.0	0.0	0.946	0.0	0.0	0.571	0.0	0.0	0.0	0.0	0.468	0.0	0.0	0.0	0.212	0.829	0.228	0.733	0.0	0.0	0.0	0.0	0.0	0.36	1.0	0.0	1.0	0.0	1.0	1.0	0.0	0.718	0.0	0.862	0.705	1.0	1.0	0.541	0.0	-1.0	0.0	0.625	0.0	1.0	0.958	0.103	0.0	0.0	-1.0	-1.0	-1.0	-1.0	-1.0	-1.0	-1.0	-1.0	-1.0	-1.0	-1.0	-1.0	-1.0	-1.0	-1.0	-1.0	-1.0	-1.0	-1.0	-1.0	-1.0	-1.0	-1.0	-1.0	-1.0	-1.0	-1.0
gnl|Prokka|GCF_000012825.1_1|220287|C	0.0	-1.0	0.0	0.0	0.0	0.615	-1.0	0.0	0.59	0.0	0.0	-1.0	0.667	1.0	1.0	0.0	0.667	-1.0	0.105	1.0	0.741	0.133	0.375	1.0	-1.0	0.769	1.0	1.0	1.0	-1.0	0.0	1.0	0.0	0.0	1.0	0.0	0.25	0.0	-1.0	0.0	0.0	0.0	0.853	0.0	0.864	0.0	-1.0	0.0	0.0	0.0	0.0	0.0	0.581	0.0	0.0	1.0	0.605	0.0	1.0	0.218	0.0	0.611	0.855	1.0	0.504	1.0	0.0	0.0	0.791	0.0	0.0	0.315	0.623	1.0	1.0	1.0	1.0	0.0	0.148	0.0	0.846	0.0	0.0	1.0	0.0	0.0	0.169	0.0	0.082	0.582	0.955	0.806	0.0	0.633	0.927	0.308	0.626	1.0	0.979	0.0	0.0	0.489	0.0	0.0	0.0	0.806	0.0	0.432	0.381	0.0	1.0	0.843	0.06	0.0	0.0	1.0	0.044	0.0	0.429	0.0	1.0	0.0	0.0	-1.0	0.0	0.0	1.0	0.452	0.295	0.0	0.415	0.0	0.157	0.822	0.2	0.734	1.0	0.0	0.0	0.0	0.0	0.288	1.0	0.385	1.0	0.0	1.0	1.0	0.0	0.617	1.0	0.879	1.0	-1.0	-1.0	0.642	0.21	0.214	0.0	0.625	0.194	1.0	0.962	0.1	0.0	0.657	-1.0	-1.0	-1.0	-1.0	-1.0	-1.0	-1.0	-1.0	-1.0	-1.0	-1.0	-1.0	-1.0	-1.0	-1.0	-1.0	-1.0	-1.0	-1.0	-1.0	-1.0	-1.0	-1.0	-1.0	-1.0	-1.0	-1.0
gnl|Prokka|GCF_000012825.1_1|226424|G	0.0	-1.0	0.306	-1.0	0.0	0.0	-1.0	0.0	0.0	0.0	0.0	-1.0	0.643	-1.0	0.294	0.0	0.0	-1.0	0.069	0.0	0.0	0.109	0.0	1.0	-1.0	0.625	0.0	-1.0	0.571	-1.0	0.0	1.0	0.13	0.0	1.0	0.0	0.107	0.0	0.0	0.0	0.0	0.0	0.921	0.0	0.905	0.0	0.0	1.0	0.0	0.0	0.0	0.0	0.0	0.0	0.0	1.0	0.703	0.0	0.175	0.0	0.0	0.462	0.0	0.085	0.0	1.0	0.0	0.0	0.788	-1.0	0.0	0.0	0.685	1.0	0.957	1.0	1.0	0.0	0.162	0.0	0.838	0.0	0.0	0.0	0.0	1.0	0.0	0.682	0.019	0.56	0.977	0.743	0.0	0.0	0.0	0.0	1.0	-1.0	0.016	0.0	0.0	0.0	0.0	0.0	0.0	0.814	1.0	0.439	0.758	0.0	0.0	0.51	0.0	0.0	0.0	0.0	0.0	0.0	0.578	0.0	0.914	0.0	0.0	0.0	0.0	0.0	0.0	0.0	0.481	0.0	0.0	-1.0	0.193	1.0	0.226	0.516	0.0	0.0	0.176	0.0	0.0	0.0	1.0	0.034	1.0	0.0	0.193	1.0	0.0	0.66	0.0	0.919	0.645	1.0	1.0	0.619	0.141	-1.0	0.0	1.0	0.0	0.692	0.934	0.079	0.0	0.0	-1.0	-1.0	-1.0	-1.0	-1.0	-1.0	-1.0	-1.0	-1.0	-1.0	-1.0	-1.0	-1.0	-1.0	-1.0	-1.0	-1.0	-1.0	-1.0	-1.0	-1.0	-1.0	-1.0	-1.0	-1.0	-1.0	-1.0
gnl|Prokka|GCF_000012825.1_1|230249|G	0.0	-1.0	1.0	0.0	1.0	0.0	-1.0	1.0	0.262	1.0	0.0	-1.0	0.375	-1.0	0.643	0.0	0.824	-1.0	0.0	0.0	0.0	1.0	-1.0	0.0	-1.0	0.696	1.0	0.769	0.0	-1.0	0.596	0.712	0.0	0.098	1.0	1.0	0.0	0.426	1.0	0.0	0.857	0.0	1.0	0.0	0.075	0.0	-1.0	0.0	1.0	0.356	0.0	0.0	0.565	1.0	0.0	1.0	0.855	0.0	0.0	0.0	0.0	0.455	0.892	1.0	0.541	1.0	0.0	1.0	0.702	0.0	1.0	0.264	0.312	1.0	0.0	1.0	0.0	-1.0	0.139	0.0	1.0	0.0	1.0	0.0	0.0	0.0	0.118	0.0	0.742	0.576	0.048	0.782	1.0	1.0	0.86	0.055	0.635	1.0	1.0	1.0	0.0	0.069	0.0	0.0	1.0	0.789	0.0	0.506	0.702	0.0	1.0	0.0	0.0	1.0	1.0	-1.0	1.0	0.0	0.312	0.0	0.147	1.0	0.0	1.0	0.0	0.0	0.009	0.361	0.472	0.0	0.15	0.0	1.0	1.0	0.236	0.703	1.0	0.0	-1.0	0.0	0.0	0.346	1.0	0.533	1.0	0.0	0.772	1.0	0.826	1.0	1.0	1.0	0.728	1.0	0.0	0.167	0.282	-1.0	1.0	1.0	0.0	-1.0	0.072	0.0	1.0	0.694	-1.0	-1.0	-1.0	-1.0	-1.0	-1.0	-1.0	-1.0	-1.0	-1.0	-1.0	-1.0	-1.0	-1.0	-1.0	-1.0	-1.0	-1.0	-1.0	-1.0	-1.0	-1.0	-1.0	-1.0	-1.0	-1.0	-1.0
gnl|Prokka|GCF_000012825.1_1|254140|A	0.0	-1.0	0.304	-1.0	0.0	1.0	-1.0	0.0	0.421	0.0	0.0	-1.0	0.0	-1.0	1.0	0.0	1.0	-1.0	0.444	1.0	1.0	0.29	-1.0	1.0	-1.0	1.0	0.0	-1.0	0.429	-1.0	0.337	0.769	0.0	0.0	0.0	0.0	0.0	0.0	-1.0	0.0	0.0	0.0	0.0	0.0	0.0	0.0	0.214	1.0	0.0	0.878	0.833	0.0	0.581	1.0	0.0	0.0	0.35	0.0	1.0	0.0	0.653	0.0	0.0	0.0	0.507	0.0	0.0	0.0	0.0	0.0	0.0	0.0	0.0	0.0	0.0	0.0	1.0	-1.0	0.144	0.0	0.0	0.0	0.0	1.0	0.0	1.0	0.0	0.609	0.045	0.336	1.0	0.808	1.0	1.0	0.938	0.98	0.349	-1.0	0.0	0.975	0.0	0.439	0.0	0.0	1.0	0.222	1.0	0.567	0.661	0.0	1.0	0.476	1.0	1.0	0.0	-1.0	0.967	0.278	0.435	1.0	1.0	0.0	0.0	0.0	0.0	0.0	1.0	1.0	0.0	0.0	0.383	-1.0	0.204	1.0	0.261	0.625	0.982	0.0	0.0	1.0	0.0	0.0	1.0	0.0	1.0	0.0	0.211	0.0	0.193	1.0	1.0	1.0	0.345	-1.0	0.0	0.195	0.0	-1.0	0.0	-1.0	0.652	1.0	0.957	0.123	0.0	0.625	-1.0	-1.0	-1.0	-1.0	-1.0	-1.0	-1.0	-1.0	-1.0	-1.0	-1.0	-1.0	-1.0	-1.0	-1.0	-1.0	-1.0	-1.0	-1.0	-1.0	-1.0	-1.0	-1.0	-1.0	-1.0	-1.0	-1.0
gnl|Prokka|GCF_000012825.1_1|254272|G	0.0	-1.0	0.235	-1.0	0.0	-1.0	-1.0	0.0	0.531	0.0	0.0	-1.0	0.261	-1.0	0.875	0.0	1.0	-1.0	0.333	1.0	1.0	0.2	-1.0	1.0	-1.0	-1.0	0.071	-1.0	0.455	-1.0	0.34	0.75	0.0	0.0	1.0	0.0	0.0	0.0	0.7	0.0	0.0	0.0	0.739	0.0	0.0	0.0	0.4	1.0	0.0	0.762	1.0	0.0	0.452	1.0	0.0	0.0	0.433	0.0	1.0	0.0	0.588	0.0	0.0	0.0	0.465	0.0	0.0	1.0	0.676	0.0	0.0	0.0	0.0	0.0	0.0	0.0	1.0	0.0	0.142	0.672	0.863	0.0	0.0	1.0	0.0	0.986	0.0	0.552	0.766	0.382	1.0	0.744	1.0	0.737	0.915	1.0	0.294	-1.0	0.0	0.949	0.0	0.416	0.0	0.0	1.0	0.216	1.0	1.0	0.488	0.0	1.0	0.447	0.0	1.0	0.0	-1.0	0.863	0.199	0.4	1.0	0.897	0.0	0.0	0.0	0.0	0.0	1.0	1.0	0.0	0.0	0.145	-1.0	0.171	1.0	1.0	0.39	1.0	0.0	0.0	1.0	0.762	0.0	1.0	0.0	1.0	0.0	0.173	0.0	0.148	0.927	1.0	0.846	0.271	-1.0	0.0	0.156	0.0	1.0	0.0	1.0	0.667	0.538	0.906	0.055	0.0	0.636	-1.0	-1.0	-1.0	-1.0	-1.0	-1.0	-1.0	-1.0	-1.0	-1.0	-1.0	-1.0	-1.0	-1.0	-1.0	-1.0	-1.0	-1.0	-1.0	-1.0	-1.0	-1.0	-1.0	-1.0	-1.0	-1.0	-1.0
gnl|Prokka|GCF_000012825.1_1|254563|G	-1.0	-1.0	-1.0	-1.0	0.0	0.512	-1.0	0.0	0.486	0.0	0.136	-1.0	0.0	-1.0	1.0	0.0	0.692	-1.0	0.0	1.0	0.556	0.22	0.0	1.0	-1.0	-1.0	0.0	0.0	1.0	1.0	0.327	0.71	0.0	0.0	0.0	0.0	0.0	0.0	1.0	0.0	0.0	0.0	0.0	0.0	0.0	0.0	0.429	1.0	0.0	0.659	1.0	0.0	0.529	0.0	0.0	0.0	0.308	0.0	1.0	0.0	0.611	0.0	0.0	0.0	0.442	0.0	0.0	0.0	0.0	0.0	0.0	0.0	0.0	0.0	0.0	0.0	-1.0	-1.0	0.109	0.0	0.0	0.0	0.0	1.0	0.0	1.0	0.021	0.467	0.032	0.456	1.0	0.76	0.0	0.75	0.908	0.935	0.35	-1.0	0.0	0.0	0.0	0.456	0.0	0.0	0.0	0.281	1.0	1.0	0.475	0.0	1.0	0.496	0.079	0.0	-1.0	-1.0	0.0	0.0	0.393	1.0	0.909	0.0	0.0	0.0	0.0	-1.0	0.991	0.932	0.0	0.0	0.119	0.0	0.244	1.0	0.183	0.438	0.984	-1.0	0.0	1.0	0.0	0.0	1.0	0.0	1.0	0.0	0.152	0.0	0.146	0.902	1.0	1.0	0.319	-1.0	-1.0	0.0	0.0	-1.0	0.0	0.429	0.682	0.545	0.918	0.057	0.0	0.667	-1.0	-1.0	-1.0	-1.0	-1.0	-1.0	-1.0	-1.0	-1.0	-1.0	-1.0	-1.0	-1.0	-1.0	-1.0	-1.0	-1.0	-1.0	-1.0	-1.0	-1.0	-1.0	-1.0	-1.0	-1.0	-1.0	-1.0
gnl|Prokka|GCF_000012825.1_1|254596|T	0.0	-1.0	0.579	-1.0	0.0	0.0	-1.0	0.0	0.429	0.0	0.0	-1.0	0.2	-1.0	0.0	0.0	0.2	-1.0	-1.0	0.0	0.0	0.769	0.429	0.0	-1.0	0.0	0.0	0.0	0.0	0.0	0.225	0.0	0.0	1.0	0.0	0.0	0.8	1.0	0.0	1.0	1.0	1.0	0.0	0.0	1.0	1.0	0.0	0.0	0.0	0.0	0.0	1.0	0.0	1.0	1.0	0.0	0.0	1.0	0.0	1.0	0.0	1.0	0.0	0.0	0.0	0.0	0.0	1.0	0.227	0.727	1.0	0.732	0.0	0.1	0.0	0.011	-1.0	-1.0	0.0	0.268	0.138	1.0	0.0	0.0	-1.0	0.0	0.0	0.0	0.79	0.108	0.0	0.0	1.0	0.0	0.0	0.066	0.0	0.0	0.0	0.972	0.444	0.509	0.0	0.0	0.839	0.0	0.0	0.0	0.121	0.0	0.0	0.0	0.0	1.0	0.0	-1.0	0.841	0.024	0.0	0.0	0.095	1.0	0.25	0.0	1.0	-1.0	0.015	0.0	0.0	1.0	0.884	-1.0	0.0	0.0	0.0	0.0	0.0	-1.0	1.0	0.0	0.301	0.664	0.0	1.0	0.0	0.0	0.0	0.0	0.0	0.0	0.0	0.0	0.0	-1.0	-1.0	1.0	0.0	0.667	0.984	0.0	0.0	0.0	0.074	0.916	0.0	0.128	-1.0	-1.0	-1.0	-1.0	-1.0	-1.0	-1.0	-1.0	-1.0	-1.0	-1.0	-1.0	-1.0	-1.0	-1.0	-1.0	-1.0	-1.0	-1.0	-1.0	-1.0	-1.0	-1.0	-1.0	-1.0	-1.0	-1.0
gnl|Prokka|GCF_000012825.1_1|254812|G	0.0	-1.0	0.185	-1.0	0.0	0.45	-1.0	0.0	0.574	0.0	0.114	-1.0	0.0	-1.0	1.0	0.0	0.875	-1.0	1.0	1.0	0.571	0.235	0.0	1.0	-1.0	1.0	0.0	-1.0	-1.0	-1.0	0.371	0.757	0.0	0.0	0.0	1.0	0.0	0.0	1.0	0.0	0.0	0.0	0.0	0.0	0.0	0.0	0.467	1.0	0.0	0.763	1.0	0.0	0.622	0.0	0.0	0.0	0.135	0.0	1.0	0.0	0.582	0.0	0.0	0.0	0.47	0.0	0.0	0.0	0.0	0.0	0.0	0.0	0.0	0.0	0.0	0.0	1.0	0.0	0.142	0.0	0.0	0.0	0.0	1.0	0.0	0.99	0.0	0.4	0.027	0.384	1.0	0.759	-1.0	0.784	0.931	0.911	0.312	0.0	0.0	0.0	0.0	0.429	0.0	0.0	0.0	0.262	1.0	1.0	0.6	0.0	1.0	0.515	0.0	0.0	0.0	0.0	0.0	1.0	0.44	1.0	0.853	0.0	0.0	0.0	0.0	0.0	1.0	1.0	0.0	0.0	0.167	-1.0	0.2	1.0	0.268	0.261	0.975	0.0	0.0	1.0	0.0	0.0	1.0	0.0	1.0	0.0	0.17	0.0	0.18	0.879	1.0	1.0	0.281	0.0	0.0	0.0	0.0	0.0	0.0	0.769	0.697	-1.0	0.889	0.103	0.0	0.487	-1.0	-1.0	-1.0	-1.0	-1.0	-1.0	-1.0	-1.0	-1.0	-1.0	-1.0	-1.0	-1.0	-1.0	-1.0	-1.0	-1.0	-1.0	-1.0	-1.0	-1.0	-1.0	-1.0	-1.0	-1.0	-1.0	-1.0
gnl|Prokka|GCF_000012825.1_1|255464|G	0.0	-1.0	0.241	-1.0	0.0	0.45	-1.0	0.0	0.654	0.0	0.0	-1.0	0.2	0.0	1.0	0.0	0.667	-1.0	0.455	1.0	0.647	0.256	0.0	0.933	-1.0	1.0	0.0	0.0	0.0	-1.0	0.277	0.698	0.0	0.0	0.0	1.0	0.0	0.0	1.0	0.0	0.0	0.0	0.0	0.0	0.0	0.0	-1.0	1.0	0.0	0.529	1.0	0.0	0.581	0.0	0.0	0.0	0.136	0.0	1.0	0.0	0.628	0.0	0.0	0.0	0.516	0.0	0.0	1.0	0.0	0.0	0.0	0.0	0.0	0.0	0.0	0.0	-1.0	-1.0	0.149	0.649	0.0	0.0	0.0	1.0	0.0	0.99	0.0	0.7	0.803	0.312	1.0	0.726	0.0	-1.0	0.942	0.951	0.338	0.15	0.0	0.0	0.0	0.407	0.0	0.0	0.0	0.205	1.0	1.0	0.545	0.0	1.0	0.537	0.0	0.052	-1.0	-1.0	0.0	0.804	0.417	1.0	1.0	0.0	0.0	0.0	0.0	0.0	1.0	1.0	0.0	0.0	0.205	0.0	0.227	1.0	1.0	0.346	1.0	0.0	-1.0	1.0	0.744	0.0	1.0	0.0	1.0	0.0	0.19	0.0	0.222	0.933	1.0	1.0	0.247	-1.0	0.0	0.0	0.0	-1.0	0.0	-1.0	0.839	1.0	0.857	0.175	0.0	0.656	-1.0	-1.0	-1.0	-1.0	-1.0	-1.0	-1.0	-1.0	-1.0	-1.0	-1.0	-1.0	-1.0	-1.0	-1.0	-1.0	-1.0	-1.0	-1.0	-1.0	-1.0	-1.0	-1.0	-1.0	-1.0	-1.0	-1.0
gnl|Prokka|GCF_000012825.1_1|255635|A	0.0	-1.0	0.188	0.0	0.0	0.412	-1.0	0.0	0.559	0.061	0.073	-1.0	0.273	0.333	1.0	0.0	1.0	-1.0	0.138	1.0	0.833	0.4	0.0	1.0	-1.0	1.0	0.0	0.0	0.0	-1.0	0.303	0.0	0.0	0.0	0.991	0.0	0.0	0.0	-1.0	0.0	0.0	0.0	0.771	0.0	0.0	-1.0	0.625	1.0	0.0	0.707	1.0	0.0	-1.0	0.0	0.0	0.0	0.073	0.0	1.0	0.0	0.528	0.0	0.0	0.0	0.504	0.0	0.0	0.0	0.756	0.0	0.0	0.0	0.0	0.0	0.0	0.0	-1.0	-1.0	0.142	0.0	0.898	0.0	0.0	1.0	-1.0	0.99	0.0	0.567	0.025	0.324	1.0	0.751	0.0	-1.0	0.941	0.966	0.304	0.0	0.0	0.0	0.0	0.461	0.0	0.0	0.0	0.209	1.0	1.0	-1.0	0.0	1.0	0.53	0.0	0.059	-1.0	0.0	0.0	0.0	0.312	1.0	1.0	0.0	0.0	0.0	0.0	0.0	1.0	1.0	0.0	-1.0	0.388	-1.0	0.222	1.0	0.259	0.09	0.977	0.0	0.0	1.0	0.0	0.0	1.0	0.0	1.0	0.0	0.171	0.0	0.245	1.0	1.0	1.0	0.312	0.0	0.0	0.0	0.0	-1.0	0.0	1.0	0.692	1.0	0.878	0.09	0.0	0.529	-1.0	-1.0	-1.0	-1.0	-1.0	-1.0	-1.0	-1.0	-1.0	-1.0	-1.0	-1.0	-1.0	-1.0	-1.0	-1.0	-1.0	-1.0	-1.0	-1.0	-1.0	-1.0	-1.0	-1.0	-1.0	-1.0	-1.0
gnl|Prokka|GCF_000012825.1_1|255911|G	0.0	-1.0	0.348	-1.0	0.0	0.484	-1.0	0.12	0.612	0.0	0.163	-1.0	0.679	-1.0	1.0	0.0	0.8	-1.0	1.0	1.0	1.0	0.357	0.0	0.909	-1.0	0.667	0.0	0.0	0.0	-1.0	0.293	1.0	1.0	0.0	1.0	0.0	0.133	0.0	1.0	0.0	0.0	0.0	0.92	-1.0	0.0	0.0	1.0	1.0	0.0	0.711	1.0	0.0	0.769	0.0	0.0	1.0	0.813	0.0	1.0	0.0	0.606	0.615	1.0	0.078	0.531	1.0	0.0	1.0	0.66	0.0	0.0	0.0	0.747	0.939	1.0	0.99	1.0	0.0	0.139	0.0	0.885	0.0	0.0	0.955	-1.0	0.99	0.0	0.533	1.0	0.915	1.0	0.762	0.0	1.0	0.903	0.963	0.98	-1.0	1.0	0.034	0.0	0.39	-1.0	0.0	0.0	1.0	1.0	1.0	0.704	-1.0	1.0	1.0	0.0	0.107	0.0	1.0	0.092	0.0	1.0	1.0	1.0	0.0	0.0	0.0	0.0	0.0	1.0	1.0	1.0	0.0	0.304	0.0	0.217	1.0	0.298	1.0	0.983	0.0	0.0	1.0	0.0	0.0	1.0	0.0	1.0	0.0	0.156	1.0	0.189	0.934	1.0	1.0	1.0	1.0	0.0	0.0	1.0	-1.0	0.0	0.615	0.677	0.769	0.889	0.105	0.0	1.0	-1.0	-1.0	-1.0	-1.0	-1.0	-1.0	-1.0	-1.0	-1.0	-1.0	-1.0	-1.0	-1.0	-1.0	-1.0	-1.0	-1.0	-1.0	-1.0	-1.0	-1.0	-1.0	-1.0	-1.0	-1.0	-1.0	-1.0
gnl|Prokka|GCF_000012825.1_1|278797|C	0.0	-1.0	0.81	-1.0	0.0	0.634	-1.0	0.0	1.0	0.037	0.0	-1.0	0.382	-1.0	0.644	0.0	1.0	-1.0	0.75	0.0	1.0	0.857	-1.0	0.905	-1.0	1.0	1.0	-1.0	-1.0	-1.0	0.0	0.754	0.292	0.065	0.0	0.0	0.0	1.0	-1.0	0.0	1.0	-1.0	0.0	0.0	0.0	0.0	0.0	0.0	0.0	0.0	-1.0	0.0	0.412	0.0	0.0	1.0	0.878	0.0	0.718	0.609	0.0	0.529	0.866	0.092	0.514	1.0	0.0	1.0	0.178	1.0	0.0	0.894	0.0	1.0	0.0	1.0	0.0	0.0	0.126	0.329	0.173	0.0	0.0	1.0	0.0	1.0	0.158	0.0	0.472	0.866	1.0	0.804	0.008	0.84	0.877	0.1	0.72	1.0	1.0	0.0	0.0	0.054	0.0	0.0	0.0	1.0	0.0	0.841	0.757	0.0	0.0	0.0	0.0	0.0	0.0	1.0	0.132	0.0	1.0	-1.0	1.0	1.0	0.108	1.0	0.375	0.073	1.0	0.789	1.0	0.0	0.632	-1.0	0.0	1.0	1.0	0.934	1.0	0.0	0.0	0.444	0.806	0.65	1.0	1.0	1.0	0.0	0.807	1.0	0.0	1.0	1.0	0.911	0.742	1.0	1.0	0.206	0.0	-1.0	1.0	1.0	0.0	0.615	0.0	0.099	0.0	0.0	-1.0	-1.0	-1.0	-1.0	-1.0	-1.0	-1.0	-1.0	-1.0	-1.0	-1.0	-1.0	-1.0	-1.0	-1.0	-1.0	-1.0	-1.0	-1.0	-1.0	-1.0	-1.0	-1.0	-1.0	-1.0	-1.0	-1.0
gnl|Prokka|GCF_000012825.1_1|280354|A	0.0	-1.0	0.231	-1.0	0.0	0.0	-1.0	0.0	0.0	0.0	0.0	-1.0	0.632	-1.0	0.553	0.0	1.0	-1.0	0.8	0.0	0.0	0.0	0.0	0.909	-1.0	0.739	1.0	-1.0	-1.0	-1.0	0.0	1.0	0.273	0.0	0.0	0.0	0.714	0.0	0.0	0.0	0.219	0.0	0.0	0.0	0.0	0.0	0.0	-1.0	0.0	0.0	0.0	0.032	0.514	0.0	0.0	1.0	0.734	0.0	0.0	0.046	0.0	0.565	0.886	0.062	0.513	1.0	0.0	0.0	0.0	1.0	0.0	0.591	0.0	1.0	0.964	0.99	0.0	0.0	0.17	0.0	0.0	0.0	0.0	0.0	0.0	1.0	0.165	0.0	0.025	0.51	1.0	0.754	0.009	0.628	0.81	0.0	0.657	1.0	1.0	0.035	0.0	0.049	0.0	0.0	0.0	0.852	0.0	0.0	0.75	0.0	0.0	0.553	0.0	0.0	0.0	0.857	0.081	0.0	1.0	0.0	0.793	0.0	0.0	1.0	0.029	0.0	0.0	0.52	0.453	0.0	0.246	-1.0	0.0	0.867	0.281	0.85	0.985	0.0	0.0	0.0	0.264	1.0	1.0	-1.0	1.0	0.0	1.0	1.0	0.0	0.93	1.0	0.958	0.704	1.0	1.0	0.238	0.205	-1.0	1.0	0.333	0.0	1.0	0.0	0.123	0.0	0.0	-1.0	-1.0	-1.0	-1.0	-1.0	-1.0	-1.0	-1.0	-1.0	-1.0	-1.0	-1.0	-1.0	-1.0	-1.0	-1.0	-1.0	-1.0	-1.0	-1.0	-1.0	-1.0	-1.0	-1.0	-1.0	-1.0	-1.0
gnl|Prokka|GCF_000012825.1_1|281236|A	0.0	-1.0	0.0	-1.0	0.0	0.0	-1.0	0.0	0.0	0.0	0.0	-1.0	0.0	-1.0	0.674	0.0	1.0	-1.0	0.939	0.0	0.0	0.0	0.0	1.0	-1.0	0.6	0.93	0.353	0.0	0.429	0.0	0.757	0.211	0.0	0.0	1.0	1.0	0.0	-1.0	0.0	0.158	0.0	0.0	0.0	0.0	0.0	0.0	1.0	0.0	0.0	0.0	0.062	-1.0	0.0	0.0	1.0	0.723	0.0	0.0	0.06	0.0	0.526	0.856	0.063	0.476	1.0	0.0	0.0	0.0	1.0	0.0	0.455	0.679	1.0	0.0	1.0	0.0	0.0	0.142	0.0	0.0	0.0	0.0	0.0	0.0	1.0	0.153	0.458	0.311	0.597	1.0	0.765	0.008	0.72	0.888	0.0	0.624	1.0	1.0	0.0	0.0	0.057	0.0	0.0	0.0	0.81	0.0	0.0	0.182	0.0	0.0	0.0	0.065	0.0	0.0	1.0	0.158	0.841	1.0	0.0	1.0	0.0	0.075	-1.0	0.085	0.0	0.0	0.45	0.463	0.0	0.326	0.0	0.173	0.859	0.164	0.855	1.0	0.0	0.0	0.133	0.201	1.0	1.0	0.738	1.0	0.0	0.816	1.0	0.0	0.904	1.0	1.0	0.565	1.0	-1.0	0.615	0.0	-1.0	1.0	0.0	0.0	1.0	0.0	0.065	0.0	0.0	-1.0	-1.0	-1.0	-1.0	-1.0	-1.0	-1.0	-1.0	-1.0	-1.0	-1.0	-1.0	-1.0	-1.0	-1.0	-1.0	-1.0	-1.0	-1.0	-1.0	-1.0	-1.0	-1.0	-1.0	-1.0	-1.0	-1.0
gnl|Prokka|GCF_000012825.1_1|281307|A	0.0	-1.0	0.1	0.0	0.0	0.51	-1.0	0.0	0.419	0.0	0.0	-1.0	0.107	-1.0	0.684	0.0	1.0	-1.0	0.86	0.0	1.0	0.0	0.0	1.0	-1.0	0.632	0.923	-1.0	0.0	0.429	0.0	0.795	0.143	0.0	0.0	0.0	1.0	0.0	-1.0	0.0	0.169	0.0	0.0	0.0	0.917	0.0	0.0	1.0	0.0	0.0	0.0	0.062	0.625	0.0	0.0	1.0	0.737	0.0	1.0	0.077	0.0	-1.0	0.864	0.123	0.489	1.0	0.0	0.0	0.082	1.0	0.0	0.522	0.689	1.0	0.0	1.0	0.0	0.0	0.142	0.0	0.0	0.0	0.0	0.956	0.0	1.0	0.192	0.444	0.347	0.529	1.0	0.762	0.0	0.793	0.905	0.0	0.589	1.0	1.0	0.028	0.0	0.06	0.0	0.0	0.0	0.714	0.0	0.0	0.255	0.0	0.0	0.0	0.0	0.0	-1.0	1.0	0.154	0.0	1.0	0.0	1.0	0.0	0.066	1.0	0.089	0.0	1.0	0.48	0.4	0.0	0.237	-1.0	0.152	0.812	0.231	0.859	0.98	0.0	0.0	0.0	0.266	1.0	1.0	0.619	1.0	0.0	0.833	1.0	0.0	0.867	1.0	1.0	0.753	1.0	-1.0	0.605	0.0	-1.0	1.0	0.0	0.0	1.0	0.05	0.081	0.0	0.0	-1.0	-1.0	-1.0	-1.0	-1.0	-1.0	-1.0	-1.0	-1.0	-1.0	-1.0	-1.0	-1.0	-1.0	-1.0	-1.0	-1.0	-1.0	-1.0	-1.0	-1.0	-1.0	-1.0	-1.0	-1.0	-1.0	-1.0
gnl|Prokka|GCF_000012825.1_1|281915|A	0.0	-1.0	0.211	-1.0	0.0	0.0	-1.0	0.0	0.0	0.0	0.073	-1.0	0.0	-1.0	0.727	0.0	1.0	-1.0	0.841	0.0	0.0	0.0	-1.0	1.0	-1.0	0.667	0.0	-1.0	0.0	0.0	0.0	0.799	0.214	0.0	0.0	0.0	1.0	0.0	-1.0	0.0	0.17	0.0	0.0	0.0	0.0	0.0	0.0	0.0	0.0	0.0	0.0	0.0	0.647	0.0	0.0	1.0	0.769	0.0	0.0	0.077	0.0	0.667	0.845	0.082	0.537	1.0	0.0	0.0	0.0	0.0	0.0	0.238	0.584	1.0	0.0	0.98	0.0	0.0	0.164	0.0	0.0	0.0	0.0	0.0	0.0	1.0	0.0	0.0	0.0	0.524	1.0	0.786	0.0	0.875	0.822	0.0	0.642	1.0	1.0	0.052	0.0	0.0	0.0	0.0	0.0	0.863	0.0	0.0	0.667	0.0	0.0	0.0	0.0	0.0	0.0	1.0	0.129	0.0	1.0	0.0	1.0	0.0	0.0	0.0	0.0	0.0	0.0	0.618	0.42	0.0	0.213	0.0	0.238	0.873	0.22	0.909	1.0	0.0	0.0	0.0	0.319	0.64	1.0	0.526	1.0	0.0	0.0	1.0	0.0	0.894	1.0	0.909	0.752	1.0	0.0	0.212	0.0	0.0	1.0	0.0	0.0	-1.0	0.0	0.157	0.0	0.0	-1.0	-1.0	-1.0	-1.0	-1.0	-1.0	-1.0	-1.0	-1.0	-1.0	-1.0	-1.0	-1.0	-1.0	-1.0	-1.0	-1.0	-1.0	-1.0	-1.0	-1.0	-1.0	-1.0	-1.0	-1.0	-1.0	-1.0
gnl|Prokka|GCF_000012825.1_1|282115|T	0.0	-1.0	0.0	-1.0	0.0	0.0	-1.0	0.0	0.0	0.0	0.0	-1.0	0.0	0.0	0.769	0.0	1.0	-1.0	0.92	0.0	0.0	0.0	0.0	1.0	-1.0	1.0	0.0	-1.0	0.0	-1.0	0.0	0.793	0.0	0.0	0.0	0.0	1.0	0.0	-1.0	0.0	0.21	0.0	0.0	0.0	0.0	0.0	0.0	1.0	0.0	0.0	0.0	0.0	0.455	0.0	0.0	1.0	0.798	0.0	0.0	0.073	0.0	0.4	0.0	0.118	0.484	1.0	0.0	0.0	0.0	0.0	0.0	0.2	0.645	1.0	0.0	0.984	0.0	0.0	0.13	0.0	0.0	0.0	0.0	0.0	0.0	1.0	0.0	0.708	0.223	0.533	0.97	0.738	0.0	1.0	0.831	0.0	0.683	1.0	0.0	0.0	0.0	0.0	0.0	0.0	0.0	0.792	0.0	0.0	0.216	0.0	0.0	0.0	0.0	0.0	0.0	0.0	0.0	0.0	1.0	0.0	1.0	0.0	0.0	0.0	0.0	0.0	0.0	0.276	0.463	0.0	0.162	0.0	0.261	0.841	0.2	0.582	1.0	0.0	0.0	0.0	0.264	0.67	1.0	0.556	1.0	0.0	0.0	1.0	0.0	1.0	1.0	0.878	0.663	1.0	-1.0	0.182	0.0	-1.0	1.0	0.0	0.0	-1.0	0.0	0.107	0.0	0.0	-1.0	-1.0	-1.0	-1.0	-1.0	-1.0	-1.0	-1.0	-1.0	-1.0	-1.0	-1.0	-1.0	-1.0	-1.0	-1.0	-1.0	-1.0	-1.0	-1.0	-1.0	-1.0	-1.0	-1.0	-1.0	-1.0	-1.0
gnl|Prokka|GCF_000012825.1_1|286662|G	0.93	-1.0	0.0	-1.0	0.0	0.0	-1.0	0.0	0.0	0.0	0.894	-1.0	0.0	-1.0	0.0	0.0	0.667	-1.0	0.894	0.0	0.0	0.0	0.0	1.0	-1.0	0.609	0.0	0.0	0.0	0.0	0.04	0.737	1.0	0.0	0.0	0.0	1.0	0.0	0.333	0.0	0.0	0.0	0.0	0.0	0.0	0.0	-1.0	1.0	0.0	0.0	0.0	0.0	1.0	1.0	0.0	1.0	0.192	0.0	0.0	0.0	0.383	0.0	0.85	0.0	1.0	0.778	1.0	0.0	0.0	1.0	0.0	0.0	0.553	0.0	0.0	0.0	0.0	0.0	0.827	0.0	0.0	0.0	0.0	0.0	0.0	1.0	0.815	1.0	0.291	0.0	0.98	0.221	1.0	0.143	0.099	0.033	0.0	-1.0	1.0	0.975	1.0	0.0	0.0	1.0	1.0	0.0	0.0	0.0	0.0	0.0	0.0	0.0	0.0	0.934	0.0	1.0	1.0	0.0	1.0	0.0	0.854	0.0	0.0	0.0	0.0	1.0	0.0	0.419	0.421	0.0	0.0	0.0	0.24	0.0	0.0	0.395	1.0	1.0	0.0	0.0	0.245	0.705	0.0	0.659	0.0	1.0	0.0	-1.0	0.0	0.328	1.0	0.0	0.0	0.0	1.0	0.122	0.0	1.0	1.0	0.0	0.128	-1.0	0.048	0.11	0.0	0.0	-1.0	-1.0	-1.0	-1.0	-1.0	-1.0	-1.0	-1.0	-1.0	-1.0	-1.0	-1.0	-1.0	-1.0	-1.0	-1.0	-1.0	-1.0	-1.0	-1.0	-1.0	-1.0	-1.0	-1.0	-1.0	-1.0	-1.0
gnl|Prokka|GCF_000012825.1_1|286678|C	0.929	-1.0	0.107	-1.0	0.0	0.0	-1.0	0.0	0.0	0.0	0.891	-1.0	0.0	-1.0	0.0	0.0	0.7	-1.0	0.87	0.0	0.0	0.0	0.0	1.0	-1.0	0.727	0.0	0.0	0.0	0.0	0.042	0.719	1.0	0.0	0.0	1.0	1.0	0.0	0.333	0.0	0.0	0.0	0.0	0.0	0.0	0.0	-1.0	1.0	0.0	0.0	0.0	0.0	1.0	1.0	0.0	1.0	0.175	0.0	0.0	0.0	0.394	0.0	0.844	0.0	1.0	0.765	1.0	1.0	0.0	1.0	0.0	0.0	0.602	0.0	0.0	0.0	0.0	0.0	0.814	0.0	0.0	0.0	0.0	0.0	0.0	1.0	0.792	1.0	1.0	0.0	0.983	0.243	1.0	0.097	0.094	0.029	0.0	-1.0	1.0	0.972	1.0	0.0	0.0	1.0	1.0	0.0	0.0	0.0	0.0	0.0	0.0	0.0	0.0	0.925	0.0	1.0	1.0	0.795	1.0	0.0	0.821	0.0	0.0	0.0	0.0	1.0	0.0	0.414	0.466	0.0	0.0	0.0	0.245	0.0	0.0	0.387	1.0	1.0	0.0	0.0	0.267	0.706	0.0	0.67	0.0	1.0	0.0	1.0	0.0	0.317	1.0	0.0	0.0	0.0	1.0	0.079	0.0	1.0	1.0	0.0	0.135	-1.0	0.052	0.12	0.0	0.0	-1.0	-1.0	-1.0	-1.0	-1.0	-1.0	-1.0	-1.0	-1.0	-1.0	-1.0	-1.0	-1.0	-1.0	-1.0	-1.0	-1.0	-1.0	-1.0	-1.0	-1.0	-1.0	-1.0	-1.0	-1.0	-1.0	-1.0
gnl|Prokka|GCF_000012825.1_1|297151|A	1.0	-1.0	0.385	0.0	0.0	0.592	-1.0	0.0	0.525	0.0	1.0	-1.0	0.0	0.0	0.636	0.0	1.0	-1.0	0.265	0.0	1.0	0.0	0.0	0.0	-1.0	1.0	0.0	-1.0	1.0	0.0	0.0	0.0	0.846	0.0	0.0	0.0	0.0	0.0	0.0	0.0	0.253	0.0	0.0	0.0	0.907	0.0	0.444	0.0	0.0	0.0	0.174	0.0	1.0	0.0	0.0	1.0	0.944	0.0	1.0	0.0	0.376	-1.0	0.864	0.135	1.0	1.0	1.0	0.0	0.0	0.0	1.0	0.355	0.0	1.0	0.0	0.987	1.0	1.0	0.869	0.0	0.0	0.0	0.0	1.0	0.0	0.0	0.826	0.484	0.0	0.585	0.03	0.246	0.0	-1.0	0.066	0.0	0.619	0.571	0.0	1.0	1.0	0.0	0.0	1.0	0.0	0.854	0.0	0.0	0.711	0.0	1.0	0.0	0.0	0.0	0.0	1.0	0.868	0.0	0.568	0.0	0.0	0.0	0.0	0.0	0.0	1.0	0.99	0.386	0.6	0.0	0.0	-1.0	0.322	0.177	0.0	0.537	1.0	1.0	0.0	0.333	0.247	0.664	0.0	0.933	1.0	1.0	0.0	1.0	0.0	0.508	1.0	0.0	0.754	1.0	0.0	1.0	0.0	-1.0	1.0	1.0	0.167	0.0	0.086	0.12	0.0	0.0	-1.0	-1.0	-1.0	-1.0	-1.0	-1.0	-1.0	-1.0	-1.0	-1.0	-1.0	-1.0	-1.0	-1.0	-1.0	-1.0	-1.0	-1.0	-1.0	-1.0	-1.0	-1.0	-1.0	-1.0	-1.0	-1.0	-1.0
gnl|Prokka|GCF_000012825.1_1|351652|G	0.0	-1.0	0.174	0.0	1.0	1.0	-1.0	1.0	0.459	1.0	0.0	-1.0	0.538	-1.0	0.353	0.0	0.0	-1.0	0.188	0.0	1.0	0.231	-1.0	0.0	-1.0	0.308	0.0	1.0	1.0	0.0	0.323	0.296	0.692	0.0	0.0	1.0	0.0	0.0	0.0	0.0	0.0	0.0	0.136	0.0	0.0	0.0	-1.0	1.0	1.0	0.71	0.882	0.0	0.0	0.0	0.0	1.0	0.882	0.0	0.758	0.0	0.55	0.357	0.869	0.108	0.0	1.0	0.0	1.0	0.0	0.214	0.0	0.0	0.286	1.0	1.0	1.0	1.0	0.0	0.0	0.742	0.0	0.0	1.0	1.0	0.0	0.0	0.0	0.562	0.947	0.972	0.044	0.0	0.0	0.0	0.0	0.647	0.596	0.0	0.0	0.0	0.0	0.0	0.0	0.0	0.0	1.0	0.0	0.504	0.283	0.0	1.0	0.747	0.93	0.068	1.0	1.0	0.17	0.8	0.0	1.0	0.0	0.0	0.0	0.0	0.0	0.0	0.992	0.441	0.412	0.0	0.0	-1.0	1.0	0.204	0.817	1.0	0.0	0.0	0.769	1.0	0.717	0.0	0.0	0.784	0.0	0.0	0.0	1.0	0.265	0.279	0.0	0.0	0.765	1.0	-1.0	0.846	0.0	-1.0	1.0	0.556	0.75	0.0	0.907	0.0	1.0	0.0	-1.0	-1.0	-1.0	-1.0	-1.0	-1.0	-1.0	-1.0	-1.0	-1.0	-1.0	-1.0	-1.0	-1.0	-1.0	-1.0	-1.0	-1.0	-1.0	-1.0	-1.0	-1.0	-1.0	-1.0	-1.0	-1.0	-1.0
gnl|Prokka|GCF_000012825.1_1|370877|C	0.055	-1.0	0.179	1.0	1.0	0.509	-1.0	1.0	0.444	1.0	0.0	-1.0	0.875	-1.0	0.75	0.0	1.0	-1.0	0.0	1.0	1.0	0.857	-1.0	0.0	-1.0	0.647	0.927	0.0	1.0	1.0	0.0	0.732	0.25	0.0	0.0	0.0	0.0	0.0	1.0	0.0	0.193	0.0	1.0	0.0	0.0	0.0	-1.0	1.0	1.0	0.0	0.0	0.029	0.618	0.0	0.0	0.0	0.819	0.0	1.0	0.253	0.638	0.375	0.0	1.0	0.498	0.0	0.0	0.0	0.0	1.0	0.0	0.739	0.671	1.0	1.0	0.987	0.0	0.0	0.14	0.757	0.1	0.0	1.0	1.0	0.0	1.0	0.153	0.471	0.194	0.644	0.016	0.779	0.0	1.0	0.91	0.319	1.0	0.667	1.0	0.039	0.0	1.0	0.0	0.0	0.0	0.854	1.0	1.0	0.703	0.0	0.0	1.0	0.0	0.0	1.0	1.0	0.131	0.0	1.0	0.0	0.106	1.0	0.0	1.0	1.0	0.0	1.0	1.0	0.565	0.0	0.179	-1.0	0.8	1.0	1.0	1.0	1.0	0.0	0.611	0.0	0.719	0.341	1.0	1.0	1.0	0.0	1.0	0.0	0.0	0.472	1.0	1.0	0.971	1.0	1.0	0.789	0.268	-1.0	1.0	0.714	0.828	1.0	0.0	0.0	1.0	0.0	-1.0	-1.0	-1.0	-1.0	-1.0	-1.0	-1.0	-1.0	-1.0	-1.0	-1.0	-1.0	-1.0	-1.0	-1.0	-1.0	-1.0	-1.0	-1.0	-1.0	-1.0	-1.0	-1.0	-1.0	-1.0	-1.0	-1.0
gnl|Prokka|GCF_000012825.1_1|372030|T	0.0	-1.0	0.238	-1.0	0.0	0.95	-1.0	0.0	0.574	0.0	0.1	-1.0	0.368	-1.0	0.612	0.0	1.0	-1.0	0.0	0.0	0.667	0.935	1.0	1.0	-1.0	1.0	1.0	1.0	0.455	-1.0	0.461	0.718	0.0	0.0	0.991	1.0	0.2	0.0	-1.0	0.0	0.203	0.0	0.0	0.0	0.0	0.0	-1.0	1.0	0.0	0.226	0.0	0.0	0.575	0.0	0.0	0.0	0.073	0.0	1.0	0.247	0.697	0.2	0.891	0.0	0.537	1.0	0.0	0.0	0.0	1.0	0.0	0.19	0.0	0.0	0.0	0.0	0.0	1.0	0.148	0.772	1.0	0.0	0.0	1.0	0.0	0.0	0.118	-1.0	0.309	0.101	1.0	0.772	0.01	0.722	0.845	0.0	0.413	-1.0	1.0	0.0	0.0	0.057	0.0	0.0	0.0	0.0	1.0	0.472	0.56	0.0	0.0	0.157	1.0	0.0	-1.0	0.0	0.0	0.802	0.324	0.0	1.0	0.983	0.0	1.0	0.0	0.0	1.0	1.0	0.0	0.0	0.387	-1.0	0.0	1.0	1.0	0.258	1.0	0.0	0.643	0.0	0.706	0.362	1.0	1.0	1.0	0.0	0.805	1.0	0.782	0.67	1.0	0.879	0.041	0.0	0.0	1.0	0.0	-1.0	1.0	1.0	0.618	-1.0	0.0	0.0	0.0	0.0	-1.0	-1.0	-1.0	-1.0	-1.0	-1.0	-1.0	-1.0	-1.0	-1.0	-1.0	-1.0	-1.0	-1.0	-1.0	-1.0	-1.0	-1.0	-1.0	-1.0	-1.0	-1.0	-1.0	-1.0	-1.0	-1.0	-1.0
gnl|Prokka|GCF_000012825.1_1|372339|C	0.048	-1.0	0.261	-1.0	0.0	0.538	-1.0	0.0	0.391	0.0	0.075	-1.0	-1.0	-1.0	0.641	0.0	1.0	-1.0	0.0	0.0	1.0	0.864	0.0	1.0	-1.0	1.0	1.0	0.0	0.214	-1.0	0.398	0.772	0.0	0.0	1.0	1.0	0.241	0.0	0.0	0.0	0.227	0.0	0.0	0.0	0.0	0.0	-1.0	1.0	0.0	0.308	0.0	0.0	0.783	0.0	0.0	0.0	0.793	0.0	0.702	0.298	0.619	1.0	0.847	0.08	0.498	1.0	0.0	0.0	0.0	1.0	0.0	0.286	0.0	0.955	0.072	1.0	0.0	1.0	0.162	0.709	1.0	0.0	0.0	1.0	0.0	0.0	0.209	0.391	0.304	0.692	1.0	0.816	0.0	0.861	0.835	0.028	1.0	1.0	1.0	0.032	0.0	0.054	0.0	0.0	0.0	0.812	1.0	0.431	0.8	0.0	0.0	0.15	0.0	0.0	0.0	0.0	0.0	0.0	0.417	0.0	1.0	1.0	0.0	-1.0	0.024	0.0	1.0	1.0	0.0	0.0	0.103	-1.0	0.0	0.839	1.0	0.639	1.0	0.0	0.0	0.086	0.758	0.367	1.0	1.0	1.0	0.0	0.843	1.0	0.778	0.831	1.0	0.844	0.691	1.0	0.0	1.0	0.0	-1.0	1.0	1.0	0.744	0.667	0.0	0.0	0.0	0.0	-1.0	-1.0	-1.0	-1.0	-1.0	-1.0	-1.0	-1.0	-1.0	-1.0	-1.0	-1.0	-1.0	-1.0	-1.0	-1.0	-1.0	-1.0	-1.0	-1.0	-1.0	-1.0	-1.0	-1.0	-1.0	-1.0	-1.0
gnl|Prokka|GCF_000012825.1_1|397000|T	0.069	-1.0	0.143	-1.0	0.0	0.041	-1.0	0.0	0.0	0.0	0.071	-1.0	0.238	0.429	1.0	0.0	0.0	-1.0	0.164	1.0	0.0	0.0	-1.0	1.0	-1.0	0.0	0.913	0.0	0.312	0.4	0.0	0.0	1.0	0.0	1.0	1.0	0.0	0.0	0.545	0.0	0.0	0.0	0.894	0.0	0.0	0.0	0.467	1.0	0.0	0.0	0.0	0.0	0.585	0.0	0.0	1.0	0.697	0.0	0.0	0.035	0.0	0.389	0.853	0.036	0.0	1.0	0.0	0.0	0.727	1.0	0.0	0.226	0.645	1.0	0.0	0.987	1.0	0.0	0.0	0.305	0.86	0.0	0.0	0.0	0.0	0.0	0.12	0.357	0.254	0.523	0.977	0.0	0.0	0.615	0.891	0.225	0.674	-1.0	0.0	0.035	0.0	0.051	0.0	0.0	0.0	0.846	0.0	0.0	0.182	0.0	0.0	0.282	0.0	0.0	0.0	1.0	0.122	0.0	1.0	0.0	0.842	0.0	0.0	1.0	0.052	0.0	0.0	0.0	0.455	0.0	0.186	-1.0	0.865	0.0	0.0	0.76	0.0	0.0	0.0	0.0	0.0	0.298	0.0	0.0	1.0	0.0	1.0	1.0	0.0	0.0	0.0	0.07	1.0	1.0	1.0	0.464	0.232	0.0	0.0	0.0	0.444	0.3	0.0	0.0	0.0	0.0	-1.0	-1.0	-1.0	-1.0	-1.0	-1.0	-1.0	-1.0	-1.0	-1.0	-1.0	-1.0	-1.0	-1.0	-1.0	-1.0	-1.0	-1.0	-1.0	-1.0	-1.0	-1.0	-1.0	-1.0	-1.0	-1.0	-1.0
gnl|Prokka|GCF_000012825.1_1|431176|C	0.0	-1.0	0.207	-1.0	0.0	0.0	-1.0	0.0	0.0	0.0	0.079	-1.0	0.652	1.0	0.583	0.0	0.562	-1.0	-1.0	1.0	0.0	0.22	-1.0	0.903	-1.0	0.75	0.0	-1.0	1.0	-1.0	0.0	0.25	0.0	0.0	0.0	1.0	0.0	0.0	0.0	0.0	0.0	0.0	0.0	0.0	0.0	0.0	-1.0	1.0	0.0	0.0	0.0	0.0	0.581	0.0	0.0	0.0	0.094	0.0	0.0	0.306	0.613	0.0	0.835	0.95	0.488	1.0	0.0	0.0	0.0	1.0	1.0	0.0	0.356	0.072	0.0	0.0	0.0	-1.0	0.0	0.0	0.887	0.0	0.0	0.0	0.0	1.0	0.184	0.625	0.233	0.0	0.986	0.0	0.0	-1.0	0.956	0.325	0.293	0.6	0.0	0.0	-1.0	0.451	0.0	0.0	0.0	0.0	1.0	1.0	0.0	0.0	1.0	0.444	0.0	0.0	0.0	-1.0	0.043	0.21	1.0	0.0	0.912	0.0	0.0	1.0	0.0	0.0	0.0	1.0	0.0	0.0	0.259	-1.0	1.0	0.0	0.0	0.781	1.0	0.0	-1.0	0.0	0.0	0.0	0.0	0.0	1.0	0.0	0.835	1.0	0.0	0.0	1.0	0.0	0.309	-1.0	0.0	0.817	0.0	-1.0	0.0	-1.0	1.0	0.0	0.868	0.0	0.0	0.0	-1.0	-1.0	-1.0	-1.0	-1.0	-1.0	-1.0	-1.0	-1.0	-1.0	-1.0	-1.0	-1.0	-1.0	-1.0	-1.0	-1.0	-1.0	-1.0	-1.0	-1.0	-1.0	-1.0	-1.0	-1.0	-1.0	-1.0
gnl|Prokka|GCF_000012825.1_1|434142|T	0.917	-1.0	0.75	1.0	1.0	0.958	-1.0	1.0	0.854	1.0	0.794	-1.0	0.286	0.0	1.0	1.0	0.308	-1.0	0.122	0.0	1.0	0.0	-1.0	0.0	-1.0	1.0	0.0	-1.0	0.308	-1.0	0.685	0.723	0.0	0.066	1.0	1.0	0.0	1.0	0.0	0.0	1.0	0.0	1.0	0.833	1.0	0.353	1.0	0.0	1.0	0.342	0.143	0.0	1.0	0.0	0.0	1.0	0.223	0.0	1.0	0.229	1.0	0.0	0.131	0.0	0.555	0.0	1.0	1.0	1.0	0.0	1.0	0.744	0.318	0.057	0.047	0.0	1.0	1.0	0.805	0.757	0.0	0.0	1.0	1.0	1.0	0.0	1.0	-1.0	0.705	0.0	0.0	0.263	1.0	0.852	0.923	0.0	0.331	0.0	0.0	1.0	1.0	0.616	1.0	1.0	1.0	0.0	1.0	1.0	0.317	1.0	0.0	0.159	0.905	0.0	1.0	1.0	0.881	0.0	0.529	0.0	0.0	0.026	0.771	1.0	0.928	1.0	1.0	0.607	1.0	0.0	1.0	-1.0	0.0	0.0	0.689	0.19	0.0	1.0	-1.0	0.0	0.735	0.0	0.0	0.304	0.0	1.0	1.0	0.0	0.758	0.051	0.0	0.0	0.0	0.0	0.0	0.0	0.807	0.0	0.0	-1.0	0.8	-1.0	0.961	0.0	1.0	1.0	-1.0	-1.0	-1.0	-1.0	-1.0	-1.0	-1.0	-1.0	-1.0	-1.0	-1.0	-1.0	-1.0	-1.0	-1.0	-1.0	-1.0	-1.0	-1.0	-1.0	-1.0	-1.0	-1.0	-1.0	-1.0	-1.0	-1.0
gnl|Prokka|GCF_000012825.1_1|488966|C	0.0	-1.0	0.0	-1.0	1.0	0.414	-1.0	1.0	0.0	1.0	0.0	-1.0	0.727	-1.0	0.0	0.0	0.0	-1.0	0.0	1.0	0.0	0.0	0.375	0.897	-1.0	0.0	1.0	-1.0	1.0	0.0	0.0	1.0	0.0	0.0	0.0	0.0	0.412	0.0	1.0	0.0	0.171	0.0	1.0	0.0	0.0	0.0	-1.0	1.0	1.0	0.0	0.0	0.035	0.0	0.0	0.0	0.0	0.687	0.0	0.0	0.126	0.0	0.6	0.0	1.0	0.0	1.0	0.0	0.0	0.0	1.0	0.0	0.236	1.0	0.927	1.0	1.0	0.0	0.0	0.113	0.0	0.857	0.0	1.0	0.0	0.0	0.0	0.0	0.538	0.054	0.557	0.991	0.767	0.0	0.0	0.073	0.203	0.662	-1.0	0.0	0.043	0.0	0.403	0.0	0.0	0.0	0.894	0.0	0.537	0.333	0.0	1.0	0.811	1.0	0.0	-1.0	0.0	0.0	0.0	0.0	0.0	0.781	0.0	0.0	1.0	0.0	0.0	0.008	0.0	0.0	0.0	0.0	1.0	1.0	0.814	0.215	0.398	0.0	0.0	0.25	0.0	0.0	0.308	1.0	0.0	1.0	0.0	0.0	1.0	0.0	0.757	0.0	1.0	1.0	1.0	0.0	0.214	0.0	0.0	0.0	0.529	0.283	0.692	0.887	0.0	1.0	0.0	-1.0	-1.0	-1.0	-1.0	-1.0	-1.0	-1.0	-1.0	-1.0	-1.0	-1.0	-1.0	-1.0	-1.0	-1.0	-1.0	-1.0	-1.0	-1.0	-1.0	-1.0	-1.0	-1.0	-1.0	-1.0	-1.0	-1.0
gnl|Prokka|GCF_000012825.1_1|501893|G	0.0	-1.0	0.0	0.0	0.0	0.425	-1.0	-1.0	0.0	0.0	0.312	-1.0	0.56	0.0	0.038	0.208	0.0	-1.0	0.0	0.0	0.0	0.0	0.0	0.197	-1.0	0.36	0.0	0.0	-1.0	0.0	0.221	0.046	0.0	0.0	0.0	0.0	0.0	0.0	0.429	0.0	0.0	0.0	0.0	0.0	0.453	0.0	0.0	0.238	0.0	0.262	0.0	0.0	0.0	0.0	0.0	0.0	0.173	0.0	0.24	0.032	0.388	0.28	0.0	0.0	0.538	0.0	1.0	0.0	0.0	0.0	0.0	0.0	0.0	0.0	0.0	0.294	0.0	0.519	0.84	0.42	0.032	0.26	0.0	0.0	0.0	0.318	0.386	0.667	0.048	0.37	0.0	0.219	0.0	0.0	0.097	0.113	0.237	0.0	0.0	0.0	1.0	0.0	0.25	-1.0	0.0	0.169	0.0	0.0	0.0	0.389	0.0	0.0	0.0	0.0	0.444	0.0	0.0	0.241	0.103	0.0	0.0	0.0	0.0	0.0	0.0	1.0	0.0	0.0	0.0	0.309	0.163	-1.0	0.488	0.0	0.0	0.063	0.0	1.0	0.0	0.0	0.0	0.0	0.224	0.144	0.254	1.0	0.0	0.0	0.0	0.0	0.0	0.266	0.136	0.341	0.0	0.238	0.0	-1.0	0.0	0.0	0.243	0.0	0.0	0.0	0.0	0.62	-1.0	-1.0	-1.0	-1.0	-1.0	-1.0	-1.0	-1.0	-1.0	-1.0	-1.0	-1.0	-1.0	-1.0	-1.0	-1.0	-1.0	-1.0	-1.0	-1.0	-1.0	-1.0	-1.0	-1.0	-1.0	-1.0	-1.0
gnl|Prokka|GCF_000012825.1_1|544422|G	0.0	-1.0	0.0	-1.0	0.0	0.0	-1.0	0.0	0.0	0.0	0.113	-1.0	0.812	-1.0	0.0	0.0	0.0	-1.0	0.0	0.0	0.0	0.0	0.0	1.0	-1.0	0.211	1.0	-1.0	0.0	-1.0	0.0	1.0	0.25	0.0	1.0	0.0	0.125	0.667	0.429	0.0	0.0	0.0	0.778	0.0	0.0	0.0	0.0	1.0	0.0	0.0	0.136	0.0	0.0	0.0	0.0	1.0	0.652	0.0	0.0	0.0	0.0	0.471	0.0	0.104	0.0	1.0	0.0	0.0	0.689	1.0	0.0	0.265	0.685	0.96	0.954	0.988	0.0	0.0	0.133	0.688	0.892	0.0	0.0	0.0	0.0	1.0	0.0	0.516	0.043	0.473	0.954	0.726	0.0	0.0	0.0	0.0	1.0	1.0	0.0	0.0	0.0	0.0	0.0	0.0	0.0	0.818	1.0	0.0	0.25	0.0	1.0	0.527	0.0	0.0	0.0	0.0	0.0	0.0	0.586	0.0	1.0	0.0	0.0	1.0	0.0	0.0	0.0	0.0	0.431	0.0	0.0	-1.0	0.196	0.83	1.0	0.309	0.0	0.0	0.0	0.0	0.692	0.3	1.0	0.0	1.0	0.0	0.138	1.0	0.0	0.567	0.0	0.923	0.617	1.0	1.0	0.0	0.0	-1.0	0.0	0.0	0.0	1.0	0.0	0.078	0.0	0.0	-1.0	-1.0	-1.0	-1.0	-1.0	-1.0	-1.0	-1.0	-1.0	-1.0	-1.0	-1.0	-1.0	-1.0	-1.0	-1.0	-1.0	-1.0	-1.0	-1.0	-1.0	-1.0	-1.0	-1.0	-1.0	-1.0	-1.0
gnl|Prokka|GCF_000012825.1_1|547727|T	0.0	-1.0	0.107	-1.0	0.0	1.0	-1.0	0.0	0.488	0.0	0.0	-1.0	0.778	1.0	0.0	0.0	1.0	-1.0	0.0	0.0	0.773	0.0	-1.0	1.0	-1.0	0.778	0.0	0.429	0.0	0.0	0.058	1.0	0.0	0.357	0.0	0.0	0.317	0.651	-1.0	0.0	0.0	0.0	0.0	0.0	0.939	0.0	-1.0	1.0	0.0	0.0	0.0	1.0	0.677	0.0	0.0	1.0	0.144	0.0	1.0	0.0	0.0	1.0	0.0	0.08	0.514	1.0	0.0	0.0	0.15	0.0	0.0	0.247	0.623	0.935	1.0	1.0	0.0	0.0	0.0	0.665	0.918	1.0	0.0	1.0	0.0	0.0	0.0	0.519	0.046	0.535	0.948	0.0	1.0	0.0	0.794	0.0	0.537	-1.0	0.0	0.026	0.0	0.0	0.0	0.0	1.0	1.0	0.0	0.0	0.417	0.0	1.0	0.522	1.0	0.038	0.0	-1.0	0.0	0.0	1.0	0.0	0.911	0.0	0.0	0.0	0.0	0.0	1.0	0.49	0.521	-1.0	0.189	1.0	0.217	0.0	0.758	0.024	1.0	0.0	-1.0	0.0	0.687	0.0	0.0	0.724	0.0	0.0	0.0	0.0	0.0	0.055	1.0	0.0	0.67	-1.0	-1.0	0.604	0.0	0.0	1.0	0.0	0.0	0.0	0.073	0.934	0.0	0.0	-1.0	-1.0	-1.0	-1.0	-1.0	-1.0	-1.0	-1.0	-1.0	-1.0	-1.0	-1.0	-1.0	-1.0	-1.0	-1.0	-1.0	-1.0	-1.0	-1.0	-1.0	-1.0	-1.0	-1.0	-1.0	-1.0	-1.0
gnl|Prokka|GCF_000012825.1_1|578496|C	0.0	-1.0	0.0	-1.0	0.0	0.565	-1.0	0.0	0.524	0.0	0.114	-1.0	0.789	-1.0	0.724	0.0	0.0	-1.0	0.82	0.0	1.0	0.0	0.0	0.881	-1.0	1.0	0.923	-1.0	0.0	-1.0	0.0	1.0	1.0	0.0	1.0	0.0	0.25	0.736	-1.0	0.0	0.193	0.0	0.788	0.0	0.0	0.0	0.0	1.0	0.0	0.0	0.0	0.0	0.345	0.0	0.0	1.0	0.709	0.0	1.0	0.063	0.0	0.55	0.859	0.074	0.0	1.0	0.0	0.0	1.0	-1.0	-1.0	0.222	0.694	1.0	0.966	1.0	0.0	0.0	0.163	0.0	0.951	0.0	0.0	1.0	0.0	1.0	0.165	0.385	0.04	0.529	0.947	0.765	0.0	0.706	0.808	0.0	1.0	1.0	1.0	0.0	0.0	0.063	0.0	0.0	0.0	0.719	1.0	0.0	0.162	0.0	1.0	0.519	0.0	0.0	0.0	0.0	0.109	0.201	1.0	0.0	1.0	0.0	0.0	1.0	0.027	0.0	1.0	0.094	0.413	0.0	0.245	-1.0	0.286	1.0	0.217	0.799	0.0	0.0	0.0	0.0	0.0	0.34	1.0	0.0	1.0	0.0	1.0	1.0	0.0	0.649	0.0	0.935	0.724	1.0	1.0	0.805	0.215	0.0	0.0	0.0	0.0	0.636	0.9	0.0	0.0	0.0	-1.0	-1.0	-1.0	-1.0	-1.0	-1.0	-1.0	-1.0	-1.0	-1.0	-1.0	-1.0	-1.0	-1.0	-1.0	-1.0	-1.0	-1.0	-1.0	-1.0	-1.0	-1.0	-1.0	-1.0	-1.0	-1.0	-1.0
gnl|Prokka|GCF_000012825.1_1|580901|A	0.067	-1.0	0.0	-1.0	0.0	0.737	-1.0	0.0	0.0	0.0	0.075	-1.0	0.783	-1.0	1.0	0.0	0.188	-1.0	1.0	0.0	1.0	0.1	-1.0	1.0	-1.0	0.467	1.0	-1.0	1.0	1.0	0.0	0.277	1.0	0.0	0.0	0.0	0.263	0.69	1.0	0.0	0.318	0.0	0.0	0.0	0.0	0.0	0.0	1.0	0.0	0.0	0.0	0.0	0.609	-1.0	0.0	1.0	0.674	0.0	1.0	0.066	0.0	0.545	0.0	0.084	0.0	0.826	0.0	0.0	0.844	1.0	-1.0	0.321	0.667	1.0	1.0	1.0	1.0	0.0	0.144	0.0	0.0	0.0	0.0	1.0	0.0	1.0	0.151	0.618	0.037	0.485	0.965	0.748	0.0	0.732	0.845	0.019	0.56	-1.0	0.0	0.0	0.0	0.054	0.0	0.0	0.0	0.875	0.0	0.0	0.367	0.0	1.0	0.587	0.0	0.0	-1.0	0.0	0.0	0.189	1.0	0.0	0.878	0.0	0.0	1.0	0.065	0.0	1.0	0.0	0.406	0.0	0.237	-1.0	0.381	0.862	0.175	0.472	0.0	0.0	0.176	0.0	0.0	0.308	1.0	0.607	1.0	0.0	1.0	1.0	0.0	0.739	0.0	0.804	0.623	1.0	1.0	0.692	0.205	0.0	1.0	0.682	0.0	1.0	0.913	0.0	0.0	0.0	-1.0	-1.0	-1.0	-1.0	-1.0	-1.0	-1.0	-1.0	-1.0	-1.0	-1.0	-1.0	-1.0	-1.0	-1.0	-1.0	-1.0	-1.0	-1.0	-1.0	-1.0	-1.0	-1.0	-1.0	-1.0	-1.0	-1.0
gnl|Prokka|GCF_000012825.1_1|581810|G	0.0	-1.0	1.0	-1.0	0.0	0.538	-1.0	0.0	0.136	0.0	0.079	-1.0	0.88	-1.0	0.522	0.0	1.0	-1.0	0.831	0.0	0.786	0.857	0.636	0.955	-1.0	0.6	1.0	-1.0	0.625	1.0	0.233	0.298	1.0	0.063	0.0	0.0	0.0	1.0	0.333	0.0	1.0	0.0	0.0	0.0	0.0	0.0	0.0	0.0	0.0	0.771	1.0	0.027	0.45	0.0	0.0	0.0	0.845	0.0	1.0	0.356	0.593	0.333	0.0	0.061	0.493	0.214	0.0	0.0	0.698	1.0	-1.0	0.2	0.0	0.924	-1.0	1.0	0.0	0.0	0.117	0.0	0.239	0.0	0.0	1.0	0.0	1.0	0.088	0.0	0.053	1.0	0.949	0.77	0.0	0.75	0.84	0.742	0.68	-1.0	0.015	0.0	0.0	0.044	0.0	0.0	0.0	1.0	0.0	0.531	0.269	0.0	0.0	0.161	0.0	0.079	0.0	0.0	0.0	0.284	1.0	1.0	1.0	1.0	0.0	1.0	0.092	0.0	1.0	1.0	0.0	0.0	0.3	0.0	0.0	0.799	0.201	0.644	1.0	0.0	-1.0	1.0	0.0	0.316	1.0	1.0	1.0	0.0	1.0	1.0	0.204	0.962	1.0	0.902	0.685	1.0	1.0	0.788	0.223	0.0	1.0	0.818	0.474	-1.0	0.921	0.0	0.0	0.0	-1.0	-1.0	-1.0	-1.0	-1.0	-1.0	-1.0	-1.0	-1.0	-1.0	-1.0	-1.0	-1.0	-1.0	-1.0	-1.0	-1.0	-1.0	-1.0	-1.0	-1.0	-1.0	-1.0	-1.0	-1.0	-1.0	-1.0
gnl|Prokka|GCF_000012825.1_1|582502|T	0.0	-1.0	0.0	-1.0	0.0	0.061	-1.0	0.0	0.0	0.0	0.0	-1.0	0.63	-1.0	0.698	0.0	1.0	-1.0	0.788	0.0	0.0	0.0	0.0	0.0	-1.0	0.727	1.0	-1.0	0.583	-1.0	0.308	0.263	1.0	0.0	0.0	0.0	0.308	0.683	1.0	0.0	0.221	0.0	0.0	0.0	0.88	0.0	0.0	1.0	0.0	0.8	1.0	0.036	1.0	0.0	0.0	0.0	0.676	0.0	0.227	0.058	0.0	0.409	0.0	0.114	0.492	1.0	0.0	0.0	0.656	0.0	-1.0	0.677	0.669	1.0	1.0	1.0	0.0	0.0	0.115	0.0	0.0	0.0	0.0	0.0	0.0	1.0	1.0	0.375	0.0	0.913	0.0	0.746	0.0	0.879	0.838	0.769	0.633	-1.0	0.0	0.0	0.0	0.055	0.0	0.0	0.0	1.0	0.0	0.0	0.17	0.0	0.0	0.475	0.0	0.067	0.0	0.0	0.0	0.127	0.49	1.0	0.0	0.0	0.0	1.0	0.019	0.0	0.0	0.447	0.0	0.0	0.236	0.0	0.26	0.856	0.273	0.358	1.0	0.0	0.0	1.0	0.0	0.339	1.0	0.496	1.0	0.0	1.0	1.0	0.23	0.587	1.0	0.78	0.648	1.0	1.0	0.258	0.258	-1.0	1.0	0.565	0.0	1.0	0.945	0.136	0.0	0.0	-1.0	-1.0	-1.0	-1.0	-1.0	-1.0	-1.0	-1.0	-1.0	-1.0	-1.0	-1.0	-1.0	-1.0	-1.0	-1.0	-1.0	-1.0	-1.0	-1.0	-1.0	-1.0	-1.0	-1.0	-1.0	-1.0	-1.0
gnl|Prokka|GCF_000012825.1_1|711596|A	1.0	-1.0	-1.0	-1.0	1.0	0.0	-1.0	1.0	0.588	1.0	1.0	-1.0	0.281	-1.0	1.0	0.0	1.0	-1.0	0.197	0.0	0.0	0.065	-1.0	0.915	-1.0	0.85	1.0	0.0	1.0	0.0	0.458	1.0	0.0	0.0	1.0	0.0	0.348	0.0	0.0	0.0	0.275	0.0	1.0	0.0	1.0	0.0	1.0	1.0	1.0	0.308	0.0	0.0	1.0	0.0	0.0	0.0	0.899	0.0	0.0	0.106	0.371	0.308	0.0	0.087	1.0	0.0	1.0	0.0	0.111	1.0	0.0	1.0	1.0	1.0	1.0	1.0	1.0	0.0	1.0	0.0	0.852	0.0	1.0	0.0	0.0	1.0	0.921	1.0	0.025	0.511	0.965	1.0	0.0	0.729	0.966	0.0	1.0	1.0	0.0	0.034	1.0	0.516	0.0	1.0	0.0	0.795	1.0	0.0	0.393	0.0	0.0	0.528	0.0	0.0	-1.0	0.0	0.0	0.0	1.0	0.0	1.0	0.0	0.0	0.0	1.0	1.0	0.0	0.517	0.0	0.0	1.0	0.0	0.61	1.0	0.318	0.397	0.984	1.0	0.0	0.078	0.0	0.314	1.0	0.0	1.0	1.0	0.188	0.006	0.798	0.609	1.0	0.864	0.659	1.0	0.0	0.324	0.0	-1.0	0.0	1.0	0.256	0.636	0.078	0.0	1.0	0.0	-1.0	-1.0	-1.0	-1.0	-1.0	-1.0	-1.0	-1.0	-1.0	-1.0	-1.0	-1.0	-1.0	-1.0	-1.0	-1.0	-1.0	-1.0	-1.0	-1.0	-1.0	-1.0	-1.0	-1.0	-1.0	-1.0	-1.0
gnl|Prokka|GCF_000012825.1_1|732714|T	0.0	-1.0	0.875	-1.0	0.0	0.0	-1.0	0.0	0.763	0.0	0.0	-1.0	0.583	-1.0	0.29	0.0	0.0	-1.0	1.0	1.0	0.0	0.25	0.0	1.0	-1.0	0.364	1.0	1.0	0.0	-1.0	0.0	0.247	0.833	0.0	0.007	0.0	0.25	1.0	1.0	0.0	1.0	0.0	0.818	0.0	0.0	0.0	0.0	1.0	0.0	0.0	0.0	0.0	0.0	0.0	0.0	1.0	0.575	0.0	0.0	0.064	0.601	0.37	0.879	1.0	0.0	1.0	0.0	1.0	1.0	0.0	0.0	0.234	0.684	0.89	1.0	1.0	-1.0	0.0	0.173	1.0	0.0	0.0	0.0	0.0	0.0	0.0	0.0	0.633	0.862	0.558	0.982	0.756	0.0	0.0	0.072	0.36	0.669	-1.0	1.0	0.031	0.0	0.395	0.0	0.0	0.0	0.848	0.0	0.516	0.833	0.0	1.0	1.0	0.0	0.0	0.0	-1.0	0.176	0.226	0.0	0.0	1.0	0.0	0.638	0.0	0.0	0.0	0.0	-1.0	0.464	0.0	0.078	-1.0	0.227	0.854	0.982	1.0	0.0	0.0	-1.0	0.0	0.727	0.385	1.0	0.286	1.0	0.0	0.184	1.0	0.0	0.635	0.115	0.688	0.977	1.0	1.0	0.916	0.301	0.0	1.0	-1.0	0.833	1.0	0.901	0.0	0.0	0.0	-1.0	-1.0	-1.0	-1.0	-1.0	-1.0	-1.0	-1.0	-1.0	-1.0	-1.0	-1.0	-1.0	-1.0	-1.0	-1.0	-1.0	-1.0	-1.0	-1.0	-1.0	-1.0	-1.0	-1.0	-1.0	-1.0	-1.0
gnl|Prokka|GCF_000012825.1_1|745095|C	0.0	-1.0	0.15	-1.0	0.0	0.0	-1.0	0.0	0.405	0.0	0.0	-1.0	0.0	-1.0	0.0	0.0	1.0	-1.0	0.0	1.0	0.0	0.178	-1.0	0.943	-1.0	0.375	0.86	0.0	0.0	-1.0	0.0	0.0	0.0	0.0	0.0	0.0	0.222	0.603	1.0	0.0	0.251	0.0	0.0	0.0	0.0	0.0	0.412	1.0	0.0	0.0	0.0	0.0	0.72	0.0	0.0	0.0	0.0	0.0	0.0	0.26	0.0	0.0	0.0	0.0	0.478	1.0	0.0	0.0	0.0	0.0	0.0	0.258	0.696	0.0	1.0	0.0	0.0	0.0	0.206	1.0	0.0	0.0	0.0	0.0	0.0	0.0	0.0	0.0	0.046	0.0	0.96	0.796	0.0	0.0	0.054	0.222	0.377	-1.0	0.0	0.0	0.0	0.476	0.0	0.0	0.0	0.0	1.0	0.52	0.0	0.0	0.0	0.834	0.0	0.0	0.0	0.0	0.0	0.0	-1.0	0.0	0.85	0.0	0.59	0.0	0.0	0.0	0.0	0.619	0.0	0.0	0.14	-1.0	0.273	0.862	1.0	0.038	0.985	0.0	0.72	0.062	0.761	0.324	1.0	1.0	1.0	0.0	0.191	0.0	0.0	0.7	1.0	1.0	0.286	0.0	1.0	0.0	0.0	0.0	1.0	0.0	0.182	1.0	0.0	0.0	0.0	0.519	-1.0	-1.0	-1.0	-1.0	-1.0	-1.0	-1.0	-1.0	-1.0	-1.0	-1.0	-1.0	-1.0	-1.0	-1.0	-1.0	-1.0	-1.0	-1.0	-1.0	-1.0	-1.0	-1.0	-1.0	-1.0	-1.0	-1.0
gnl|Prokka|GCF_000012825.1_1|784816|C	0.0	-1.0	0.077	1.0	1.0	0.414	-1.0	1.0	0.48	1.0	0.0	-1.0	0.808	0.0	0.0	0.0	1.0	-1.0	0.85	1.0	0.176	0.0	-1.0	0.077	-1.0	0.0	0.0	0.0	0.0	-1.0	0.441	1.0	0.0	0.0	0.0	1.0	0.0	0.0	0.0	0.0	0.25	0.0	0.0	1.0	0.0	0.0	-1.0	0.0	1.0	0.773	0.909	0.0	0.0	-1.0	0.0	0.0	0.137	0.0	0.0	0.0	0.627	0.0	0.144	0.941	0.529	0.0	0.0	-1.0	0.0	0.0	1.0	0.0	0.289	0.085	0.0	0.0	-1.0	1.0	0.152	0.0	0.0	0.0	1.0	0.0	1.0	1.0	0.0	0.0	0.97	0.421	0.028	0.73	1.0	0.0	0.087	1.0	0.0	-1.0	0.0	1.0	0.0	0.491	1.0	0.0	1.0	0.125	0.0	0.496	0.204	1.0	0.0	0.457	1.0	1.0	1.0	0.0	0.913	0.182	0.535	1.0	0.0	0.0	0.0	-1.0	0.0	0.0	0.0	0.656	0.516	0.0	0.0	0.462	0.729	1.0	0.237	0.0	0.983	0.0	0.0	1.0	0.0	0.0	1.0	0.0	0.0	0.0	0.0	0.0	0.223	0.684	1.0	1.0	0.362	-1.0	0.0	0.206	1.0	-1.0	0.0	-1.0	0.73	1.0	0.03	0.0	1.0	0.921	-1.0	-1.0	-1.0	-1.0	-1.0	-1.0	-1.0	-1.0	-1.0	-1.0	-1.0	-1.0	-1.0	-1.0	-1.0	-1.0	-1.0	-1.0	-1.0	-1.0	-1.0	-1.0	-1.0	-1.0	-1.0	-1.0	-1.0
gnl|Prokka|GCF_000012825.1_1|816604|C	1.0	-1.0	0.8	-1.0	0.0	0.0	-1.0	0.0	0.44	0.0	1.0	-1.0	0.75	1.0	0.296	1.0	0.0	-1.0	0.238	0.0	0.0	0.226	0.0	1.0	-1.0	0.0	0.0	0.571	0.0	1.0	0.081	0.72	0.13	0.033	1.0	1.0	0.529	1.0	1.0	0.0	0.791	0.0	0.824	0.0	0.903	0.0	1.0	1.0	0.0	0.0	0.0	0.0	0.533	1.0	0.0	1.0	0.295	0.0	0.23	0.0	1.0	0.0	0.896	0.0	0.418	1.0	1.0	0.0	1.0	0.0	0.0	0.328	0.664	0.036	0.935	0.0	1.0	0.0	0.889	0.0	0.796	0.0	0.0	0.0	0.0	0.0	0.807	1.0	0.045	0.154	1.0	1.0	1.0	0.229	0.112	0.024	0.0	1.0	1.0	1.0	1.0	0.0	0.0	1.0	1.0	0.0	0.0	1.0	0.0	0.0	1.0	0.721	0.0	1.0	-1.0	1.0	1.0	0.0	0.0	0.0	1.0	0.0	0.0	0.0	0.0	1.0	0.0	0.548	0.419	0.0	0.0	-1.0	0.312	0.842	0.186	0.641	0.0	1.0	0.0	0.0	0.0	0.0	1.0	0.0	1.0	1.0	0.202	1.0	0.0	0.863	0.0	0.791	0.0	0.0	1.0	0.753	0.204	1.0	0.0	0.0	0.867	-1.0	1.0	0.101	0.0	0.0	-1.0	-1.0	-1.0	-1.0	-1.0	-1.0	-1.0	-1.0	-1.0	-1.0	-1.0	-1.0	-1.0	-1.0	-1.0	-1.0	-1.0	-1.0	-1.0	-1.0	-1.0	-1.0	-1.0	-1.0	-1.0	-1.0	-1.0
gnl|Prokka|GCF_000012825.1_1|831614|G	0.0	-1.0	0.0	-1.0	0.0	0.0	-1.0	0.0	0.0	0.0	0.0	-1.0	0.111	-1.0	0.0	1.0	0.0	-1.0	0.0	0.0	0.0	0.0	-1.0	1.0	-1.0	0.28	0.0	-1.0	-1.0	-1.0	0.033	1.0	1.0	0.0	0.0	1.0	0.267	0.714	-1.0	0.0	0.0	0.0	0.0	0.0	0.0	0.0	0.0	1.0	0.0	0.0	0.0	0.0	0.0	1.0	0.0	1.0	0.821	0.0	0.0	0.0	0.618	0.235	0.876	1.0	0.0	1.0	0.0	1.0	0.0	0.0	1.0	0.0	0.658	1.0	1.0	1.0	0.0	0.0	0.201	0.681	0.0	0.0	0.0	0.0	0.0	-1.0	0.0	0.536	0.84	0.66	0.99	0.0	1.0	0.0	0.0	0.05	0.689	-1.0	1.0	1.0	0.0	0.0	0.0	0.0	1.0	0.886	0.0	0.432	0.286	0.0	1.0	0.737	0.0	0.96	0.0	1.0	1.0	0.756	0.0	0.0	0.889	0.0	0.0	0.0	0.0	0.0	0.0	0.543	0.554	0.0	0.0	0.0	0.0	0.0	0.807	0.959	0.0	0.0	0.333	0.184	0.708	0.0	0.0	0.667	0.0	0.0	0.008	0.0	0.0	0.0	0.0	0.0	0.648	1.0	-1.0	0.184	0.245	1.0	1.0	0.8	0.552	0.0	0.032	0.0	0.0	0.0	-1.0	-1.0	-1.0	-1.0	-1.0	-1.0	-1.0	-1.0	-1.0	-1.0	-1.0	-1.0	-1.0	-1.0	-1.0	-1.0	-1.0	-1.0	-1.0	-1.0	-1.0	-1.0	-1.0	-1.0	-1.0	-1.0	-1.0
gnl|Prokka|GCF_000012825.1_1|906895|G	0.034	-1.0	0.464	1.0	0.0	0.565	-1.0	0.0	-1.0	0.0	0.0	-1.0	0.4	-1.0	1.0	0.0	0.824	-1.0	1.0	0.0	0.0	0.0	-1.0	1.0	-1.0	1.0	1.0	0.0	0.0	-1.0	0.075	0.262	0.0	0.0	0.0	1.0	0.0	0.0	0.429	0.0	0.193	0.0	0.0	0.0	0.904	0.0	-1.0	0.0	0.0	0.0	0.0	0.0	0.583	1.0	0.0	0.0	0.0	0.0	1.0	0.283	0.0	0.0	0.0	0.0	0.528	0.75	0.0	0.0	0.229	1.0	0.0	0.52	0.0	0.0	0.0	0.0	1.0	0.0	0.0	0.3	0.878	0.0	0.0	1.0	0.0	0.986	0.163	0.0	0.051	0.071	0.977	0.738	1.0	0.75	0.86	0.0	0.0	-1.0	0.0	0.971	0.0	0.061	0.0	0.0	1.0	0.0	0.0	0.0	0.42	0.0	0.0	0.0	0.0	0.944	0.0	-1.0	0.861	0.217	1.0	0.0	0.829	0.0	0.0	1.0	0.059	0.0	1.0	0.561	0.0	0.0	0.0	0.0	0.224	1.0	0.171	0.024	1.0	0.0	0.385	0.0	0.0	0.357	1.0	1.0	1.0	0.0	0.814	0.0	0.0	0.924	1.0	0.828	0.0	0.0	1.0	1.0	0.0	-1.0	1.0	0.0	0.0	1.0	0.077	0.075	0.0	0.0	-1.0	-1.0	-1.0	-1.0	-1.0	-1.0	-1.0	-1.0	-1.0	-1.0	-1.0	-1.0	-1.0	-1.0	-1.0	-1.0	-1.0	-1.0	-1.0	-1.0	-1.0	-1.0	-1.0	-1.0	-1.0	-1.0	-1.0
gnl|Prokka|GCF_000012825.1_1|908071|C	0.05	-1.0	0.486	-1.0	0.0	0.537	-1.0	0.0	0.537	0.0	0.0	-1.0	0.0	-1.0	1.0	0.0	1.0	-1.0	1.0	0.0	0.0	0.0	0.25	1.0	-1.0	1.0	1.0	0.0	0.0	0.0	0.0	0.0	0.0	0.929	0.0	0.0	0.0	0.0	0.308	0.0	0.0	0.0	0.0	0.0	0.944	0.667	0.467	0.0	0.0	0.0	0.0	1.0	0.474	0.0	0.0	0.0	0.0	0.0	1.0	0.0	0.0	-1.0	0.0	0.0	0.461	1.0	-1.0	0.0	0.0	0.0	0.0	0.544	0.0	0.0	0.0	0.0	1.0	0.0	0.0	0.288	0.867	1.0	0.0	0.966	0.0	1.0	0.185	0.0	0.053	0.0	0.965	0.767	0.0	0.755	0.826	0.0	0.0	0.0	0.022	0.0	0.0	0.071	0.0	0.0	0.0	0.0	0.0	0.0	0.0	0.0	0.0	0.0	0.0	0.0	0.0	0.0	0.0	0.216	1.0	0.0	0.938	0.0	0.0	1.0	0.023	0.0	0.993	0.457	0.0	1.0	0.0	-1.0	0.0	0.786	0.216	0.03	1.0	0.0	0.533	0.0	0.0	0.319	1.0	0.0	1.0	0.0	0.823	0.0	0.0	0.438	1.0	0.792	0.0	0.0	1.0	0.0	0.0	0.0	0.0	0.0	0.0	0.7	0.057	1.0	0.0	0.0	-1.0	-1.0	-1.0	-1.0	-1.0	-1.0	-1.0	-1.0	-1.0	-1.0	-1.0	-1.0	-1.0	-1.0	-1.0	-1.0	-1.0	-1.0	-1.0	-1.0	-1.0	-1.0	-1.0	-1.0	-1.0	-1.0	-1.0
gnl|Prokka|GCF_000012825.1_1|1060356|C	1.0	-1.0	1.0	-1.0	0.0	0.493	-1.0	0.15	0.706	0.0	0.907	-1.0	0.0	-1.0	1.0	0.0	1.0	-1.0	0.211	1.0	1.0	1.0	0.25	1.0	-1.0	1.0	1.0	0.0	0.571	0.0	0.37	0.0	1.0	0.088	0.0	0.0	0.0	0.304	0.667	0.0	0.731	0.0	0.0	0.0	1.0	0.0	1.0	0.0	0.0	0.558	1.0	0.0	1.0	0.0	0.0	0.0	0.305	0.0	1.0	0.0	1.0	0.227	0.0	0.909	1.0	1.0	1.0	0.0	0.821	1.0	0.0	0.388	0.0	0.067	0.0	0.0	1.0	0.0	0.872	0.321	0.0	0.0	0.0	1.0	0.0	1.0	0.982	1.0	0.026	0.378	0.992	0.231	0.011	0.762	1.0	0.984	0.0	-1.0	0.012	0.0	1.0	0.473	0.0	1.0	0.0	0.157	0.0	1.0	0.0	0.0	0.0	0.469	0.0	0.05	0.0	0.0	0.0	0.0	1.0	1.0	0.944	0.0	0.0	1.0	0.0	1.0	1.0	0.941	0.0	0.0	0.28	-1.0	0.224	0.122	0.0	0.199	1.0	1.0	0.615	1.0	0.0	0.351	0.0	0.571	0.0	1.0	0.835	-1.0	0.204	0.069	1.0	0.082	0.345	0.0	1.0	0.574	0.0	-1.0	1.0	0.457	1.0	-1.0	0.037	0.088	0.0	0.061	-1.0	-1.0	-1.0	-1.0	-1.0	-1.0	-1.0	-1.0	-1.0	-1.0	-1.0	-1.0	-1.0	-1.0	-1.0	-1.0	-1.0	-1.0	-1.0	-1.0	-1.0	-1.0	-1.0	-1.0	-1.0	-1.0	-1.0
gnl|Prokka|GCF_000012825.1_1|1185239|A	1.0	-1.0	0.846	0.0	0.0	0.0	-1.0	0.0	0.262	0.0	0.92	-1.0	0.739	-1.0	0.762	0.0	0.857	-1.0	0.0	0.0	0.0	0.0	-1.0	1.0	-1.0	0.0	0.071	-1.0	-1.0	-1.0	0.524	0.74	0.759	0.046	1.0	1.0	0.276	0.316	-1.0	0.0	1.0	0.0	1.0	0.0	0.0	0.0	1.0	1.0	0.0	0.326	0.0	0.0	1.0	1.0	0.0	1.0	1.0	0.0	0.0	0.046	0.346	0.294	0.861	0.084	1.0	0.25	1.0	1.0	0.706	1.0	0.0	0.0	0.644	0.907	1.0	0.984	0.0	0.0	1.0	0.0	0.887	0.0	0.0	0.0	0.0	1.0	0.836	1.0	0.826	0.534	0.978	1.0	1.0	0.826	0.923	0.0	0.73	1.0	1.0	1.0	1.0	0.0	0.0	1.0	1.0	0.717	0.0	0.0	0.538	0.0	1.0	0.468	0.0	0.911	0.0	1.0	1.0	0.0	0.423	0.0	0.917	0.0	0.0	0.0	0.029	1.0	0.0	0.463	0.481	0.0	0.178	-1.0	0.25	0.912	0.275	0.779	1.0	1.0	0.0	0.0	0.0	0.0	1.0	0.529	1.0	1.0	0.179	1.0	0.833	0.617	1.0	0.937	0.73	1.0	0.0	0.346	0.0	1.0	1.0	0.471	0.75	-1.0	0.902	0.0	0.0	0.07	-1.0	-1.0	-1.0	-1.0	-1.0	-1.0	-1.0	-1.0	-1.0	-1.0	-1.0	-1.0	-1.0	-1.0	-1.0	-1.0	-1.0	-1.0	-1.0	-1.0	-1.0	-1.0	-1.0	-1.0	-1.0	-1.0	-1.0
gnl|Prokka|GCF_000012825.1_1|1196735|A	1.0	-1.0	1.0	0.0	0.029	0.0	-1.0	0.0	0.267	0.0	1.0	-1.0	1.0	1.0	1.0	0.0	0.571	-1.0	0.204	0.0	0.0	0.146	-1.0	0.925	-1.0	0.833	1.0	-1.0	0.667	-1.0	0.58	1.0	0.68	0.046	1.0	1.0	0.211	0.289	-1.0	0.013	0.766	0.0	0.788	0.0	0.0	0.0	1.0	1.0	0.0	0.435	0.0	0.0	1.0	1.0	0.0	1.0	0.888	0.0	0.0	0.0	0.353	0.444	0.869	0.078	1.0	0.294	1.0	1.0	0.817	-1.0	0.0	0.181	0.64	0.886	1.0	1.0	1.0	0.0	0.864	0.333	0.912	0.0	0.0	0.0	0.0	1.0	0.976	1.0	0.845	0.702	1.0	0.214	0.989	0.634	0.916	0.035	0.642	-1.0	1.0	1.0	1.0	0.045	0.0	1.0	1.0	0.814	0.0	0.0	0.72	0.0	1.0	0.51	0.0	0.919	0.0	1.0	1.0	0.0	0.469	0.0	1.0	0.0	0.0	-1.0	0.0	1.0	0.0	0.452	0.495	0.0	0.191	-1.0	0.22	0.0	0.014	0.817	1.0	1.0	0.438	0.0	0.311	1.0	0.0	0.0	0.0	1.0	1.0	1.0	0.78	0.0	1.0	0.0	0.659	1.0	0.0	0.165	0.0	-1.0	0.0	0.529	0.0	0.0	0.939	0.118	0.0	0.0	-1.0	-1.0	-1.0	-1.0	-1.0	-1.0	-1.0	-1.0	-1.0	-1.0	-1.0	-1.0	-1.0	-1.0	-1.0	-1.0	-1.0	-1.0	-1.0	-1.0	-1.0	-1.0	-1.0	-1.0	-1.0	-1.0	-1.0
gnl|Prokka|GCF_000012825.1_1|1286966|G	0.385	-1.0	0.0	-1.0	0.0	0.0	-1.0	0.0	0.0	0.0	0.0	-1.0	0.148	0.0	0.0	0.0	0.0	-1.0	0.0	0.0	0.0	0.0	0.0	0.056	-1.0	0.0	0.113	0.0	0.0	-1.0	0.0	0.107	0.0	0.0	0.074	0.088	0.0	0.072	-1.0	0.0	0.05	0.0	0.143	0.0	0.0	0.0	0.0	0.13	0.0	0.0	0.0	0.0	0.0	0.0	0.0	0.162	0.05	0.0	0.0	0.0	0.027	0.0	0.066	0.0	0.04	0.235	0.0	0.0	0.057	0.0	0.15	0.0	0.028	0.083	0.06	0.08	-1.0	0.0	0.067	0.02	0.09	0.0	0.0	0.0	0.0	0.056	0.056	0.115	0.0	0.035	0.069	0.065	0.041	0.0	0.054	0.0	0.064	-1.0	0.066	0.051	0.0	0.0	0.0	0.062	0.091	0.085	0.0	0.0	0.064	0.0	0.057	0.053	0.0	0.051	0.0	0.0	0.094	-1.0	0.16	0.0	0.0	0.0	0.0	-1.0	0.0	0.0	0.0	0.08	0.051	0.0	0.075	-1.0	0.0	0.052	0.0	0.1	0.058	0.119	0.0	0.0	0.013	0.063	0.0	0.0	0.0	0.102	0.075	0.082	0.0	0.191	0.0	0.0	0.0	0.0	0.0	0.0	0.0	-1.0	0.063	0.0	0.0	0.0	0.065	0.0	0.0	0.0	-1.0	-1.0	-1.0	-1.0	-1.0	-1.0	-1.0	-1.0	-1.0	-1.0	-1.0	-1.0	-1.0	-1.0	-1.0	-1.0	-1.0	-1.0	-1.0	-1.0	-1.0	-1.0	-1.0	-1.0	-1.0	-1.0	-1.0
gnl|Prokka|GCF_000012825.1_1|1289351|T	1.0	-1.0	0.188	0.0	0.0	0.065	-1.0	0.0	0.0	0.0	0.861	-1.0	0.31	-1.0	0.68	0.0	0.55	-1.0	0.0	0.0	0.0	0.0	0.25	0.0	-1.0	0.562	1.0	0.0	0.385	-1.0	0.0	0.293	1.0	0.0	1.0	0.0	0.0	0.0	1.0	0.0	0.0	0.0	0.809	0.0	0.0	0.0	1.0	1.0	0.0	0.0	0.0	0.0	1.0	0.0	0.0	0.0	0.18	0.0	0.0	0.0	0.399	0.0	0.0	0.0	1.0	1.0	1.0	0.0	0.0	0.0	0.0	0.118	0.0	0.0	0.0	0.0	0.0	0.0	1.0	1.0	0.054	0.0	0.0	0.0	0.0	0.0	1.0	1.0	0.0	0.063	0.032	1.0	0.0	0.675	0.919	0.016	0.0	-1.0	0.0	0.0	1.0	0.038	0.0	1.0	0.0	0.0	0.0	0.47	0.0	0.0	0.0	0.0	0.0	0.0	0.0	0.0	0.0	0.0	1.0	0.0	0.0	0.0	0.0	0.571	0.0	0.959	0.009	0.476	0.0	0.0	0.243	0.0	0.0	0.846	1.0	0.042	1.0	1.0	1.0	0.057	0.743	0.286	1.0	0.522	0.0	1.0	0.807	0.0	0.0	0.597	1.0	0.848	0.0	0.0	1.0	0.0	0.0	-1.0	1.0	0.0	0.091	1.0	0.0	0.0	0.0	0.0	-1.0	-1.0	-1.0	-1.0	-1.0	-1.0	-1.0	-1.0	-1.0	-1.0	-1.0	-1.0	-1.0	-1.0	-1.0	-1.0	-1.0	-1.0	-1.0	-1.0	-1.0	-1.0	-1.0	-1.0	-1.0	-1.0	-1.0
gnl|Prokka|GCF_000012825.1_1|1313967|G	0.0	-1.0	0.0	0.0	0.0	1.0	-1.0	0.0	0.741	0.0	0.0	-1.0	0.0	0.0	0.0	0.0	0.0	-1.0	1.0	0.0	1.0	0.119	0.0	0.0	-1.0	1.0	0.0	-1.0	0.0	1.0	0.289	0.314	0.0	0.0	0.0	0.0	0.395	0.0	0.727	1.0	0.0	1.0	0.0	0.0	0.0	0.0	0.6	0.0	0.0	0.793	1.0	0.0	0.0	0.0	1.0	1.0	0.383	1.0	0.833	0.25	0.638	0.0	0.0	0.0	0.0	0.0	0.0	0.0	0.0	0.0	1.0	0.6	0.724	0.115	1.0	0.0	-1.0	0.0	0.0	0.0	0.0	0.0	0.0	0.96	0.0	0.0	0.0	0.0	0.0	0.381	0.0	0.0	0.0	0.0	0.0	0.766	0.317	0.0	0.0	0.021	0.0	0.527	0.0	0.0	0.0	0.167	1.0	0.441	0.131	0.0	1.0	0.749	0.757	0.057	0.0	0.0	0.0	0.176	0.0	1.0	0.0	0.0	0.389	0.0	0.98	0.0	0.993	0.508	0.533	0.0	0.64	-1.0	0.0	0.0	0.0	0.429	0.0	0.0	-1.0	1.0	0.0	0.0	0.0	1.0	0.0	0.0	0.197	0.0	0.193	0.204	0.0	0.0	0.0	0.0	0.0	0.0	0.0	-1.0	1.0	-1.0	0.537	0.0	0.0	0.0	0.0	0.0	-1.0	-1.0	-1.0	-1.0	-1.0	-1.0	-1.0	-1.0	-1.0	-1.0	-1.0	-1.0	-1.0	-1.0	-1.0	-1.0	-1.0	-1.0	-1.0	-1.0	-1.0	-1.0	-1.0	-1.0	-1.0	-1.0	-1.0
gnl|Prokka|GCF_000012825.1_1|1327339|C	0.0	-1.0	0.655	-1.0	0.0	0.0	-1.0	0.0	0.275	0.0	0.083	-1.0	0.412	-1.0	0.315	0.0	0.231	-1.0	0.156	0.0	0.0	0.929	0.0	0.898	-1.0	0.0	0.0	-1.0	0.455	1.0	0.923	0.0	0.188	1.0	1.0	0.0	0.658	0.378	-1.0	-1.0	1.0	0.0	0.0	0.0	0.0	0.765	1.0	1.0	0.0	1.0	1.0	1.0	0.0	0.0	0.0	0.0	0.871	0.0	0.0	0.0	0.598	1.0	0.0	0.116	0.0	1.0	0.0	1.0	0.0	1.0	1.0	0.0	0.0	1.0	0.0	1.0	1.0	0.0	0.184	0.724	0.138	1.0	0.0	0.0	0.0	0.986	0.025	0.475	0.801	1.0	1.0	0.756	0.0	0.146	0.0	0.765	0.6	1.0	0.0	0.0	0.0	0.0	0.0	0.0	0.0	1.0	0.0	1.0	0.86	0.0	0.0	0.202	0.0	0.072	-1.0	0.0	0.0	0.0	0.644	1.0	1.0	1.0	0.0	-1.0	-1.0	0.0	0.0	0.592	0.0	1.0	0.0	-1.0	0.2	0.827	1.0	0.578	0.0	0.0	0.231	0.895	1.0	0.942	1.0	0.0	0.0	0.0	0.724	1.0	1.0	0.933	0.0	0.931	0.693	1.0	1.0	0.0	0.0	-1.0	0.0	1.0	0.6	-1.0	0.913	1.0	0.0	0.0	-1.0	-1.0	-1.0	-1.0	-1.0	-1.0	-1.0	-1.0	-1.0	-1.0	-1.0	-1.0	-1.0	-1.0	-1.0	-1.0	-1.0	-1.0	-1.0	-1.0	-1.0	-1.0	-1.0	-1.0	-1.0	-1.0	-1.0
gnl|Prokka|GCF_000012825.1_1|1329000|T	0.0	-1.0	1.0	0.0	0.027	0.415	-1.0	0.0	0.804	0.0	0.0	-1.0	0.121	-1.0	1.0	0.0	1.0	-1.0	0.255	1.0	0.667	0.0	1.0	0.0	-1.0	0.167	1.0	0.714	0.25	0.0	0.359	0.0	0.32	0.076	0.0	0.0	0.0	0.369	-1.0	0.018	1.0	0.0	0.194	0.0	0.0	0.0	0.0	0.0	0.0	0.692	0.833	0.0	-1.0	0.0	0.0	1.0	0.0	0.0	1.0	0.706	0.0	0.0	0.0	0.932	0.487	1.0	0.0	0.0	0.386	0.0	0.0	0.233	0.0	0.101	0.036	0.009	1.0	0.0	0.156	0.282	0.047	0.0	0.0	1.0	0.0	0.0	0.22	0.0	0.0	0.449	0.036	0.786	0.007	0.743	0.92	0.934	0.0	-1.0	0.0	0.0	0.0	0.529	0.0	0.0	0.0	0.261	0.0	0.0	0.075	0.0	0.0	0.276	0.0	0.056	0.0	0.0	0.0	0.0	1.0	1.0	0.0	0.0	0.478	1.0	0.0	0.0	1.0	-1.0	0.587	0.0	0.213	-1.0	0.296	0.854	0.313	0.013	1.0	0.0	0.214	1.0	0.0	0.365	1.0	0.533	0.0	0.0	0.798	0.0	0.231	0.914	1.0	0.942	0.245	0.0	-1.0	0.588	0.0	0.0	1.0	0.34	0.238	1.0	0.0	0.0	0.0	0.0	-1.0	-1.0	-1.0	-1.0	-1.0	-1.0	-1.0	-1.0	-1.0	-1.0	-1.0	-1.0	-1.0	-1.0	-1.0	-1.0	-1.0	-1.0	-1.0	-1.0	-1.0	-1.0	-1.0	-1.0	-1.0	-1.0	-1.0
gnl|Prokka|GCF_000012825.1_1|1363474|A	1.0	-1.0	1.0	-1.0	1.0	0.054	-1.0	0.75	0.298	1.0	1.0	-1.0	0.0	0.444	0.0	1.0	0.0	-1.0	0.0	0.0	0.167	0.095	-1.0	0.094	-1.0	0.0	0.0	1.0	0.667	0.0	0.544	0.235	0.0	1.0	0.008	0.0	0.0	1.0	0.333	0.0	0.799	0.0	0.205	0.85	0.114	0.378	1.0	0.0	1.0	0.173	0.0	0.0	0.314	0.0	0.0	1.0	0.0	1.0	0.0	0.0	0.0	0.0	0.0	0.0	0.0	0.805	0.0	1.0	0.76	0.0	1.0	0.51	0.393	0.0	0.059	0.0	0.0	1.0	0.0	0.244	0.0	0.0	1.0	0.0	1.0	1.0	0.849	0.0	0.922	0.0	0.0	0.0	0.0	0.06	0.0	0.0	0.0	-1.0	0.016	0.0	0.0	0.508	1.0	0.0	0.0	0.0	0.0	0.0	0.055	1.0	1.0	0.568	0.0	0.0	1.0	0.0	0.0	0.875	0.575	0.0	0.0	0.0	0.744	0.176	1.0	0.029	0.0	0.0	1.0	0.0	0.804	0.0	0.318	0.0	0.0	0.0	0.021	0.0	0.462	0.0	0.0	0.0	0.0	0.0	0.0	0.0	0.184	0.0	0.752	0.0	0.0	0.039	0.0	0.0	1.0	0.0	0.762	-1.0	0.0	0.0	0.0	0.375	0.896	0.0	1.0	1.0	-1.0	-1.0	-1.0	-1.0	-1.0	-1.0	-1.0	-1.0	-1.0	-1.0	-1.0	-1.0	-1.0	-1.0	-1.0	-1.0	-1.0	-1.0	-1.0	-1.0	-1.0	-1.0	-1.0	-1.0	-1.0	-1.0	-1.0
gnl|Prokka|GCF_000012825.1_1|1376465|G	0.0	-1.0	0.765	-1.0	0.0	0.074	-1.0	0.0	0.275	0.0	0.0	-1.0	0.0	-1.0	0.0	0.0	1.0	-1.0	0.831	0.0	0.0	0.0	0.0	1.0	-1.0	1.0	0.0	0.0	-1.0	-1.0	0.177	1.0	0.136	0.084	0.0	-1.0	0.0	0.293	0.25	0.0	1.0	0.0	0.0	0.0	0.95	0.0	0.692	1.0	0.0	0.0	0.0	0.0	0.75	1.0	0.0	0.0	0.0	1.0	0.186	0.684	0.0	0.0	0.878	0.0	0.521	1.0	0.0	1.0	0.185	1.0	1.0	0.0	0.0	0.0	0.0	0.0	0.0	0.0	0.0	0.294	0.823	0.0	0.0	0.0	0.0	1.0	0.0	0.517	0.701	0.121	0.993	0.0	0.994	0.0	0.0	0.042	0.0	-1.0	0.0	1.0	0.0	0.0	0.0	0.0	1.0	0.0	0.0	0.0	0.0	0.0	0.0	0.0	0.0	0.927	0.0	0.821	1.0	1.0	1.0	0.0	0.917	0.0	0.324	0.0	0.0	0.0	0.0	0.564	0.0	0.0	0.0	0.0	0.893	0.149	0.025	0.385	1.0	0.0	0.65	0.077	0.0	0.0	0.0	0.554	0.0	0.0	0.186	1.0	0.0	0.085	1.0	0.0	0.0	0.0	1.0	0.731	0.209	-1.0	1.0	0.316	0.0	0.545	1.0	0.0	0.0	0.0	-1.0	-1.0	-1.0	-1.0	-1.0	-1.0	-1.0	-1.0	-1.0	-1.0	-1.0	-1.0	-1.0	-1.0	-1.0	-1.0	-1.0	-1.0	-1.0	-1.0	-1.0	-1.0	-1.0	-1.0	-1.0	-1.0	-1.0
gnl|Prokka|GCF_000012825.1_1|1376916|T	0.0	-1.0	0.667	1.0	0.0	0.0	-1.0	0.0	0.255	0.0	0.0	-1.0	0.214	0.0	0.0	0.0	1.0	-1.0	0.818	0.0	0.0	0.0	0.0	0.951	-1.0	0.625	0.0	-1.0	0.0	-1.0	0.087	0.0	0.0	0.085	0.0	1.0	0.0	0.32	0.333	0.0	1.0	0.0	0.0	0.0	0.93	0.0	0.333	0.0	0.0	0.0	0.0	0.0	0.511	1.0	0.0	0.0	0.0	-1.0	0.293	0.731	0.0	0.0	0.858	0.0	0.496	0.769	0.0	1.0	0.283	0.0	1.0	0.0	0.0	0.0	0.0	0.0	0.0	0.0	0.0	0.0	0.0	0.0	0.0	0.0	0.0	1.0	0.0	0.0	0.762	0.093	0.987	0.0	1.0	0.062	0.011	0.039	0.0	-1.0	0.0	0.946	0.0	0.0	0.0	0.0	1.0	0.0	0.0	0.0	0.0	0.0	0.0	0.0	0.0	0.946	0.0	1.0	1.0	0.267	1.0	0.0	0.897	0.0	0.0	0.0	0.0	0.0	0.0	0.604	0.0	0.0	0.0	-1.0	0.0	0.132	0.0	0.339	1.0	0.0	0.0	0.086	0.0	0.0	0.0	0.709	0.0	0.0	0.195	1.0	0.0	0.0	1.0	0.0	0.0	0.0	1.0	0.069	0.268	1.0	1.0	0.567	0.0	0.4	1.0	0.0	0.0	0.0	-1.0	-1.0	-1.0	-1.0	-1.0	-1.0	-1.0	-1.0	-1.0	-1.0	-1.0	-1.0	-1.0	-1.0	-1.0	-1.0	-1.0	-1.0	-1.0	-1.0	-1.0	-1.0	-1.0	-1.0	-1.0	-1.0	-1.0
gnl|Prokka|GCF_000012825.1_1|1393067|A	-1.0	-1.0	0.0	0.0	0.0	0.0	-1.0	-1.0	0.0	0.0	0.065	-1.0	0.396	-1.0	0.0	0.0	0.0	-1.0	0.0	0.0	0.0	0.0	0.0	0.338	-1.0	0.435	0.0	0.0	0.0	0.0	0.311	0.036	0.2	0.0	0.012	0.022	0.0	0.04	0.0	0.0	0.0	0.0	0.0	0.0	0.472	-1.0	0.0	0.204	0.0	0.0	0.0	0.0	0.0	0.0	0.019	0.0	0.385	0.0	0.0	0.057	0.015	0.286	0.023	0.01	0.021	0.0	0.0	0.0	0.0	0.0	-1.0	0.0	0.0	0.026	0.0	0.355	0.0	-1.0	0.012	0.456	0.098	0.845	0.0	0.0	0.0	0.376	0.467	0.0	0.0	0.017	0.029	0.017	0.02	-1.0	0.0	0.108	0.016	0.0	0.0	0.0	0.0	0.009	0.239	0.068	0.0	0.397	0.0	0.0	0.0	0.472	0.0	0.015	0.083	0.0	0.667	-1.0	0.025	0.447	0.0	0.0	0.0	0.02	0.0	0.0	-1.0	1.0	0.021	0.0	0.0	0.958	0.118	-1.0	0.108	0.025	0.0	0.937	0.018	0.0	-1.0	0.0	0.036	0.017	0.844	0.825	0.346	0.044	0.008	0.014	0.014	0.0	0.0	0.889	0.092	0.0	0.0	0.233	0.0	-1.0	0.023	-1.0	0.0	0.0	0.0	0.017	0.0	-1.0	-1.0	-1.0	-1.0	-1.0	-1.0	-1.0	-1.0	-1.0	-1.0	-1.0	-1.0	-1.0	-1.0	-1.0	-1.0	-1.0	-1.0	-1.0	-1.0	-1.0	-1.0	-1.0	-1.0	-1.0	-1.0	-1.0	-1.0
gnl|Prokka|GCF_000012825.1_1|1393232|C	0.0	-1.0	0.36	0.0	0.0	0.324	-1.0	-1.0	0.273	0.0	0.254	-1.0	0.511	-1.0	0.0	0.167	0.0	-1.0	-1.0	0.0	0.111	0.0	0.0	0.278	-1.0	0.595	0.0	0.0	0.0	0.556	0.325	1.0	0.278	0.3	0.0	0.0	0.0	0.368	0.8	1.0	0.824	1.0	0.0	0.0	0.542	0.0	0.0	1.0	0.0	0.324	0.0	0.0	0.0	0.0	0.0	0.0	0.07	0.0	0.0	0.036	0.0	0.231	0.0	0.0	0.0	0.667	0.0	0.0	0.0	1.0	0.0	0.0	0.0	0.0	0.0	0.356	-1.0	-1.0	0.149	0.588	0.908	0.745	0.0	0.0	0.0	1.0	0.434	0.409	0.103	0.0	0.0	0.786	0.0	0.0	0.0	0.124	0.283	0.0	0.0	0.0	0.0	0.0	0.263	0.0	0.0	0.179	0.0	0.0	0.0	0.462	0.0	0.0	0.083	0.0	-1.0	-1.0	0.0	0.876	0.0	0.0	0.0	0.0	0.254	0.0	0.0	0.767	0.0	0.0	0.0	0.942	0.291	-1.0	0.474	0.821	0.206	0.633	0.0	0.0	1.0	0.0	0.0	0.0	1.0	0.932	0.266	0.0	0.173	0.0	0.0	0.569	0.0	1.0	0.11	0.741	-1.0	0.199	0.0	-1.0	1.0	0.571	0.0	-1.0	0.0	0.0	0.0	0.699	-1.0	-1.0	-1.0	-1.0	-1.0	-1.0	-1.0	-1.0	-1.0	-1.0	-1.0	-1.0	-1.0	-1.0	-1.0	-1.0	-1.0	-1.0	-1.0	-1.0	-1.0	-1.0	-1.0	-1.0	-1.0	-1.0	-1.0
gnl|Prokka|GCF_000012825.1_1|1455505|G	0.0	-1.0	0.318	-1.0	0.0	0.0	-1.0	0.0	0.0	0.0	0.061	-1.0	1.0	-1.0	1.0	0.0	0.87	-1.0	0.117	0.0	0.0	0.0	0.455	0.0	-1.0	-1.0	0.0	0.7	0.357	0.231	0.063	1.0	0.0	0.0	1.0	1.0	0.781	0.0	-1.0	1.0	0.0	1.0	0.0	0.136	0.902	0.0	0.4	0.0	0.0	0.0	0.0	0.0	-1.0	0.0	1.0	1.0	0.793	0.0	1.0	0.0	0.546	-1.0	0.867	0.068	0.533	0.0	0.0	1.0	1.0	0.0	0.0	0.207	0.0	0.941	0.0	0.992	1.0	0.0	0.166	0.705	0.0	0.0	0.0	1.0	0.0	1.0	0.0	0.0	0.775	0.581	0.04	0.763	1.0	0.673	0.872	0.0	0.675	1.0	0.966	0.944	0.0	0.0	0.0	0.0	1.0	0.818	1.0	1.0	0.702	0.0	0.0	0.206	0.0	0.0	0.0	1.0	1.0	0.0	0.316	0.0	0.0	0.0	0.362	0.0	0.0	0.0	0.994	1.0	0.372	0.0	0.217	0.0	0.341	0.843	1.0	1.0	0.986	0.0	0.4	0.061	1.0	0.67	1.0	0.588	0.0	0.0	0.133	0.0	0.0	0.917	1.0	0.881	0.701	1.0	1.0	0.81	0.216	1.0	1.0	0.0	0.417	1.0	1.0	0.0	0.0	0.0	-1.0	-1.0	-1.0	-1.0	-1.0	-1.0	-1.0	-1.0	-1.0	-1.0	-1.0	-1.0	-1.0	-1.0	-1.0	-1.0	-1.0	-1.0	-1.0	-1.0	-1.0	-1.0	-1.0	-1.0	-1.0	-1.0	-1.0
gnl|Prokka|GCF_000012825.1_1|1459613|C	0.0	-1.0	0.36	-1.0	0.0	0.561	-1.0	0.0	0.525	0.0	0.131	-1.0	1.0	-1.0	1.0	0.0	0.667	-1.0	0.188	1.0	0.893	1.0	0.0	0.0	-1.0	0.429	0.0	0.0	0.176	-1.0	0.0	1.0	0.139	0.0	0.0	0.0	0.0	0.0	0.0	0.0	0.0	0.0	0.0	0.0	0.927	0.571	0.0	1.0	0.0	0.0	0.0	1.0	0.545	0.0	0.0	1.0	0.835	0.0	0.0	0.0	0.616	1.0	0.0	1.0	0.458	0.0	0.0	0.0	1.0	0.0	0.0	0.808	0.681	1.0	0.0	1.0	1.0	0.0	0.12	0.667	0.0	1.0	0.0	0.0	0.0	1.0	0.145	0.515	0.0	0.605	0.035	0.764	0.0	0.872	0.913	0.212	0.981	-1.0	1.0	0.976	0.0	1.0	0.0	0.0	0.0	0.881	1.0	1.0	0.778	0.0	0.0	0.533	0.0	0.0	0.0	0.217	0.905	0.0	0.292	0.0	0.0	-1.0	0.0	0.0	0.977	0.0	0.0	0.949	0.489	1.0	1.0	-1.0	0.381	1.0	1.0	0.609	1.0	0.0	0.45	0.128	0.635	0.0	1.0	0.547	0.0	0.0	0.849	0.0	0.013	0.735	1.0	0.889	1.0	1.0	1.0	0.0	0.256	-1.0	1.0	1.0	0.789	1.0	0.04	1.0	0.0	0.0	-1.0	-1.0	-1.0	-1.0	-1.0	-1.0	-1.0	-1.0	-1.0	-1.0	-1.0	-1.0	-1.0	-1.0	-1.0	-1.0	-1.0	-1.0	-1.0	-1.0	-1.0	-1.0	-1.0	-1.0	-1.0	-1.0	-1.0
gnl|Prokka|GCF_000012825.1_1|1460004|G	0.0	-1.0	0.0	-1.0	0.0	0.0	-1.0	0.0	0.0	0.0	0.0	-1.0	0.85	0.0	0.0	0.0	0.0	-1.0	0.0	1.0	0.0	0.591	0.0	0.0	-1.0	0.0	0.0	1.0	0.0	-1.0	0.093	1.0	0.0	0.0	0.0	0.0	0.0	0.0	0.0	0.0	0.0	0.0	0.0	0.0	0.0	0.0	0.0	1.0	0.0	0.0	0.0	0.0	0.0	1.0	0.0	1.0	0.66	1.0	0.0	0.0	0.598	0.333	0.896	1.0	0.0	0.0	0.0	0.0	0.758	0.0	0.0	0.0	0.0	0.919	0.0	1.0	0.0	0.0	0.133	0.289	0.0	0.0	0.0	0.0	0.0	1.0	0.0	0.395	0.0	0.63	0.038	0.729	0.99	0.0	0.074	0.267	0.692	-1.0	0.0	0.02	0.0	0.435	0.0	0.0	1.0	0.776	1.0	0.508	0.283	0.0	0.0	0.464	0.0	1.0	0.0	0.0	0.0	0.0	0.0	0.0	0.0	1.0	0.0	0.0	0.0	0.0	0.0	0.455	0.549	0.0	0.0	1.0	0.286	1.0	0.259	0.347	-1.0	0.0	0.174	0.0	0.0	0.0	1.0	0.0	0.0	0.0	0.0	0.0	0.0	0.707	0.0	0.914	0.973	1.0	1.0	0.0	0.209	0.0	0.0	0.55	0.222	1.0	0.0	0.0	0.0	0.058	-1.0	-1.0	-1.0	-1.0	-1.0	-1.0	-1.0	-1.0	-1.0	-1.0	-1.0	-1.0	-1.0	-1.0	-1.0	-1.0	-1.0	-1.0	-1.0	-1.0	-1.0	-1.0	-1.0	-1.0	-1.0	-1.0	-1.0
gnl|Prokka|GCF_000012825.1_1|1465470|C	0.0	-1.0	0.684	0.0	0.0	0.482	-1.0	0.0	0.194	0.0	0.0	-1.0	0.0	-1.0	0.41	0.0	0.0	-1.0	1.0	0.0	0.0	1.0	-1.0	0.0	-1.0	0.0	0.0	-1.0	0.0	0.526	0.963	0.738	0.786	0.071	1.0	0.0	1.0	0.306	1.0	1.0	0.76	1.0	0.618	0.0	0.903	0.0	0.0	0.0	0.0	1.0	1.0	0.0	0.0	-1.0	1.0	0.0	0.0	0.0	0.0	1.0	0.582	0.0	0.0	0.0	0.0	1.0	0.0	0.0	0.788	0.0	0.0	0.317	0.0	0.0	1.0	0.0	1.0	0.0	0.0	0.0	1.0	0.0	0.0	0.0	0.0	1.0	0.0	0.0	0.0	0.273	0.0	0.0	0.0	0.085	0.0	0.76	0.0	0.0	0.0	0.0	0.0	0.0	-1.0	0.0	0.0	0.169	0.0	0.503	0.225	0.0	1.0	0.195	1.0	0.273	0.0	0.0	0.0	0.19	0.0	1.0	0.0	1.0	0.512	1.0	0.021	0.0	0.0	0.667	0.0	0.0	0.0	1.0	0.0	0.0	0.0	0.0	0.0	0.0	0.0	0.935	0.756	0.65	0.0	0.356	0.0	0.0	0.156	0.0	1.0	0.26	0.0	0.0	0.0	0.0	1.0	0.0	0.0	0.0	0.0	0.0	0.0	0.364	0.079	0.0	0.0	0.0	-1.0	-1.0	-1.0	-1.0	-1.0	-1.0	-1.0	-1.0	-1.0	-1.0	-1.0	-1.0	-1.0	-1.0	-1.0	-1.0	-1.0	-1.0	-1.0	-1.0	-1.0	-1.0	-1.0	-1.0	-1.0	-1.0	-1.0
gnl|Prokka|GCF_000012825.1_1|1471891|C	1.0	-1.0	0.718	1.0	0.031	0.0	-1.0	0.0	0.246	0.0	0.909	-1.0	0.25	-1.0	0.712	0.143	0.625	-1.0	0.692	0.0	0.0	0.0	0.571	0.941	-1.0	0.737	0.0	0.429	1.0	0.364	0.129	0.0	0.0	1.0	0.0	0.0	0.0	0.272	0.0	0.0	0.821	0.0	0.0	0.0	0.0	0.0	1.0	0.0	0.0	0.0	0.0	0.0	1.0	-1.0	0.0	0.0	0.331	-1.0	0.191	-1.0	1.0	0.0	0.877	0.0	1.0	0.0	1.0	0.0	0.233	1.0	1.0	0.0	0.0	0.101	1.0	0.0	0.0	0.0	0.845	0.0	0.0	0.0	0.0	0.0	0.0	0.0	0.863	0.564	0.021	0.078	1.0	0.213	0.991	0.707	0.928	0.0	0.0	0.0	0.0	0.0	1.0	0.0	0.0	1.0	1.0	0.0	0.0	-1.0	0.0	0.0	0.0	0.132	0.0	-1.0	0.0	0.0	0.0	0.266	0.316	0.0	0.872	0.0	0.0	0.0	0.0	1.0	0.0	1.0	0.0	0.0	0.2	-1.0	0.667	0.153	0.0	0.227	1.0	1.0	-1.0	0.0	0.0	0.0	0.0	0.582	1.0	1.0	0.0	1.0	0.0	0.0	1.0	0.0	0.0	0.0	0.0	0.0	0.0	0.0	1.0	0.0	0.725	0.0	0.0	0.0	0.0	0.0	-1.0	-1.0	-1.0	-1.0	-1.0	-1.0	-1.0	-1.0	-1.0	-1.0	-1.0	-1.0	-1.0	-1.0	-1.0	-1.0	-1.0	-1.0	-1.0	-1.0	-1.0	-1.0	-1.0	-1.0	-1.0	-1.0	-1.0
gnl|Prokka|GCF_000012825.1_1|1473599|G	1.0	-1.0	0.821	1.0	0.0	0.0	-1.0	0.0	0.37	0.0	0.857	-1.0	0.314	-1.0	0.756	0.0	0.667	-1.0	0.0	0.0	0.0	0.0	0.286	0.94	-1.0	0.429	1.0	-1.0	0.692	0.0	0.065	0.0	0.0	0.118	0.0	0.0	0.0	0.237	-1.0	0.0	0.797	0.0	0.0	0.0	0.0	0.0	1.0	0.0	0.0	0.0	0.0	0.0	1.0	0.0	0.0	0.0	0.266	0.0	0.257	0.0	1.0	0.0	0.883	0.0	1.0	0.0	1.0	0.0	0.279	0.864	1.0	0.315	0.0	0.078	0.0	0.0	0.0	0.0	0.837	0.0	0.0	0.0	0.0	0.0	0.0	0.0	1.0	0.545	0.034	0.095	1.0	0.243	1.0	0.82	0.919	0.0	0.0	0.0	0.972	0.0	1.0	0.077	0.0	1.0	1.0	0.0	0.0	0.452	0.41	0.0	0.0	0.17	0.062	0.0	0.0	0.0	0.0	0.0	0.4	0.0	0.93	0.0	0.0	0.0	0.0	1.0	0.0	0.841	0.0	0.0	0.171	-1.0	0.649	0.117	0.0	0.281	0.974	1.0	0.0	0.179	0.0	0.38	0.0	0.545	1.0	1.0	0.828	0.995	0.0	0.313	1.0	0.0	0.0	0.0	0.0	0.0	0.0	0.0	1.0	0.0	0.853	0.0	0.0	0.0	0.0	0.0	-1.0	-1.0	-1.0	-1.0	-1.0	-1.0	-1.0	-1.0	-1.0	-1.0	-1.0	-1.0	-1.0	-1.0	-1.0	-1.0	-1.0	-1.0	-1.0	-1.0	-1.0	-1.0	-1.0	-1.0	-1.0	-1.0	-1.0
gnl|Prokka|GCF_000012825.1_1|1475905|G	0.964	-1.0	0.205	1.0	1.0	0.0	-1.0	1.0	0.207	1.0	1.0	-1.0	0.312	-1.0	0.842	0.143	1.0	-1.0	0.0	0.0	0.0	0.0	1.0	0.927	-1.0	0.615	0.111	0.571	1.0	0.0	0.437	0.0	0.25	0.939	0.0	1.0	0.0	0.0	0.0	0.0	0.0	0.0	0.0	0.0	0.0	0.0	1.0	0.0	1.0	0.698	0.925	0.0	1.0	1.0	0.0	0.0	0.531	1.0	0.243	0.753	1.0	0.12	0.887	0.0	1.0	0.778	1.0	0.0	0.197	1.0	1.0	0.0	1.0	0.046	1.0	0.009	0.0	-1.0	0.864	0.0	0.0	0.0	1.0	0.0	0.0	0.009	0.864	0.387	0.053	0.377	0.975	0.217	1.0	1.0	0.919	0.749	0.0	-1.0	0.981	0.969	1.0	0.0	0.0	1.0	1.0	0.171	0.0	0.461	0.077	0.0	0.0	0.755	0.0	1.0	1.0	1.0	1.0	0.83	0.32	1.0	0.846	0.0	0.0	1.0	0.0	1.0	0.0	1.0	0.0	0.0	0.327	-1.0	0.744	0.17	0.024	0.787	1.0	1.0	-1.0	1.0	0.0	0.0	0.0	0.828	1.0	1.0	0.0	1.0	0.254	0.125	1.0	0.0	0.0	0.0	0.0	0.2	0.0	1.0	1.0	-1.0	0.854	0.0	0.924	0.0	1.0	0.073	-1.0	-1.0	-1.0	-1.0	-1.0	-1.0	-1.0	-1.0	-1.0	-1.0	-1.0	-1.0	-1.0	-1.0	-1.0	-1.0	-1.0	-1.0	-1.0	-1.0	-1.0	-1.0	-1.0	-1.0	-1.0	-1.0	-1.0
gnl|Prokka|GCF_000012825.1_1|1476103|A	1.0	-1.0	0.0	1.0	1.0	0.0	-1.0	1.0	0.236	1.0	1.0	-1.0	0.357	-1.0	0.838	0.107	1.0	-1.0	0.0	0.0	0.0	0.0	1.0	1.0	-1.0	1.0	0.923	0.556	1.0	-1.0	0.451	0.0	0.0	0.952	0.0	1.0	0.0	0.0	0.0	0.0	0.0	0.0	0.185	0.0	0.121	0.0	1.0	0.0	1.0	0.684	1.0	0.0	1.0	0.0	0.0	0.0	0.535	0.0	0.254	0.791	1.0	0.0	0.857	0.0	1.0	1.0	1.0	1.0	0.214	1.0	1.0	0.239	1.0	0.068	1.0	0.0	0.0	0.0	0.846	0.712	0.0	0.0	1.0	0.0	0.0	0.01	1.0	0.306	0.749	0.417	0.991	0.251	0.993	1.0	0.897	0.735	0.0	-1.0	0.978	1.0	1.0	0.046	0.0	1.0	1.0	0.19	0.0	1.0	0.0	0.0	0.0	0.699	0.0	0.0	1.0	1.0	1.0	0.761	0.556	1.0	0.919	0.0	0.0	1.0	0.0	1.0	0.0	1.0	0.0	0.0	0.273	-1.0	0.705	0.163	0.787	0.737	1.0	1.0	-1.0	1.0	0.811	0.363	0.0	0.65	1.0	1.0	0.843	1.0	0.221	0.063	1.0	0.0	0.0	0.0	0.0	0.198	0.0	-1.0	1.0	0.0	1.0	-1.0	0.925	0.0	1.0	0.0	-1.0	-1.0	-1.0	-1.0	-1.0	-1.0	-1.0	-1.0	-1.0	-1.0	-1.0	-1.0	-1.0	-1.0	-1.0	-1.0	-1.0	-1.0	-1.0	-1.0	-1.0	-1.0	-1.0	-1.0	-1.0	-1.0	-1.0
gnl|Prokka|GCF_000012825.1_1|1476130|G	0.926	-1.0	0.0	1.0	0.0	0.0	-1.0	0.0	0.0	0.0	1.0	-1.0	0.0	-1.0	0.853	0.12	1.0	-1.0	0.0	0.0	0.0	0.0	1.0	1.0	-1.0	0.692	0.073	1.0	1.0	-1.0	0.434	0.0	0.0	0.923	0.0	1.0	0.0	0.0	0.0	0.0	0.0	0.0	0.0	0.0	0.0	0.0	-1.0	0.0	0.0	0.667	1.0	0.0	1.0	1.0	0.0	0.0	0.466	1.0	0.214	0.0	1.0	0.0	0.878	0.0	1.0	0.0	1.0	0.0	0.2	1.0	1.0	0.0	0.0	0.077	1.0	0.008	0.0	0.0	0.857	0.702	0.0	0.0	0.0	0.0	0.0	0.0	0.829	0.368	0.04	0.408	0.99	0.263	0.993	0.882	0.893	0.731	0.0	-1.0	0.977	0.0	1.0	0.0	0.0	1.0	1.0	0.205	0.0	0.4	0.0	0.0	0.0	0.174	0.0	1.0	0.0	1.0	0.108	0.0	0.552	1.0	0.902	0.0	0.0	0.0	0.0	1.0	0.0	1.0	0.0	0.0	0.289	-1.0	0.703	0.143	0.781	0.667	1.0	1.0	-1.0	0.927	0.786	0.0	0.0	0.645	1.0	1.0	0.0	1.0	0.209	0.063	1.0	0.0	0.0	0.0	0.0	0.194	0.0	-1.0	1.0	0.0	1.0	-1.0	0.066	0.0	0.0	0.0	-1.0	-1.0	-1.0	-1.0	-1.0	-1.0	-1.0	-1.0	-1.0	-1.0	-1.0	-1.0	-1.0	-1.0	-1.0	-1.0	-1.0	-1.0	-1.0	-1.0	-1.0	-1.0	-1.0	-1.0	-1.0	-1.0	-1.0
gnl|Prokka|GCF_000012825.1_1|1476238|C	0.933	-1.0	0.167	1.0	0.0	0.0	-1.0	0.156	0.0	0.0	1.0	-1.0	0.0	0.0	0.721	0.0	0.812	-1.0	0.0	0.0	0.0	0.0	1.0	0.0	-1.0	0.783	0.0	0.667	0.4	-1.0	0.402	0.0	0.0	0.951	0.0	1.0	0.0	0.0	-1.0	0.0	0.0	0.0	0.0	0.0	0.0	0.0	-1.0	0.0	0.0	0.705	1.0	0.0	1.0	-1.0	0.0	0.0	0.302	1.0	0.3	0.0	1.0	0.0	0.915	0.0	1.0	0.0	1.0	1.0	0.351	0.0	1.0	0.0	0.0	0.116	0.0	0.011	0.0	0.0	0.842	0.705	0.0	0.0	0.0	0.0	0.0	0.0	0.833	0.317	0.741	0.404	0.0	0.243	1.0	0.83	0.909	0.735	0.0	-1.0	1.0	0.0	1.0	0.0	0.0	1.0	1.0	0.207	0.0	0.467	0.0	0.0	0.0	0.197	0.0	1.0	0.0	1.0	0.084	0.0	0.452	1.0	0.0	0.0	0.0	0.0	0.0	1.0	0.0	1.0	0.0	0.0	0.125	-1.0	0.702	0.169	0.771	0.598	1.0	1.0	0.364	1.0	0.716	0.0	0.0	0.552	1.0	1.0	0.0	0.0	0.154	0.031	1.0	0.0	0.0	0.0	0.0	0.227	0.0	1.0	1.0	0.0	0.821	0.0	0.899	0.0	0.0	0.0	-1.0	-1.0	-1.0	-1.0	-1.0	-1.0	-1.0	-1.0	-1.0	-1.0	-1.0	-1.0	-1.0	-1.0	-1.0	-1.0	-1.0	-1.0	-1.0	-1.0	-1.0	-1.0	-1.0	-1.0	-1.0	-1.0	-1.0
gnl|Prokka|GCF_000012825.1_1|1476391|T	0.0	-1.0	0.0	-1.0	0.0	0.0	-1.0	0.097	0.0	0.0	0.0	-1.0	0.0	-1.0	0.636	0.0	1.0	-1.0	0.0	0.0	0.0	0.0	0.571	0.0	-1.0	0.684	0.0	-1.0	0.444	0.0	0.362	0.0	0.0	0.937	0.0	1.0	0.0	0.0	0.0	0.0	0.0	0.0	0.0	0.0	0.0	0.0	1.0	0.0	0.0	0.756	1.0	0.0	0.633	-1.0	0.0	0.0	0.14	0.0	0.216	0.0	0.595	0.0	0.894	0.0	0.531	0.0	0.0	0.0	0.162	0.0	1.0	0.0	0.0	0.113	0.0	0.0	0.0	0.0	0.0	0.665	0.0	0.0	0.0	0.0	0.0	0.008	0.0	0.0	0.0	0.391	0.0	0.0	1.0	0.892	0.801	0.608	0.0	0.429	0.973	0.0	0.0	0.0	0.0	0.0	1.0	0.108	0.0	0.466	0.0	0.0	0.0	0.174	0.0	0.107	0.0	1.0	0.097	0.0	0.439	1.0	0.0	0.0	0.0	0.0	0.0	0.0	0.0	1.0	0.0	0.0	0.293	-1.0	0.755	0.109	0.793	0.603	0.981	0.0	0.429	0.925	0.724	0.0	0.0	0.0	1.0	0.0	0.0	0.0	0.207	0.065	1.0	0.044	0.0	0.0	0.0	0.2	0.0	1.0	0.0	0.0	0.707	0.0	0.07	0.0	0.0	0.0	-1.0	-1.0	-1.0	-1.0	-1.0	-1.0	-1.0	-1.0	-1.0	-1.0	-1.0	-1.0	-1.0	-1.0	-1.0	-1.0	-1.0	-1.0	-1.0	-1.0	-1.0	-1.0	-1.0	-1.0	-1.0	-1.0	-1.0
gnl|Prokka|GCF_000012825.1_1|1476406|A	0.0	-1.0	0.0	-1.0	0.0	0.0	-1.0	0.079	0.0	0.0	0.0	-1.0	0.0	0.0	0.588	0.0	1.0	-1.0	0.0	0.0	0.0	0.0	-1.0	0.0	-1.0	0.619	0.0	-1.0	0.375	0.0	0.38	0.0	0.0	0.929	0.0	1.0	0.0	0.0	0.0	0.0	0.0	0.0	0.0	0.0	0.0	0.0	0.625	0.0	0.0	0.721	1.0	0.0	0.593	-1.0	0.0	0.0	0.128	0.0	0.213	0.0	0.578	0.0	0.893	0.0	0.509	0.0	0.0	1.0	0.167	0.0	1.0	0.0	0.0	0.108	0.0	0.0	0.0	0.0	0.0	0.663	0.0	0.0	0.0	0.0	0.0	0.011	0.0	0.0	0.748	0.376	0.0	0.0	0.993	0.892	0.834	0.657	0.0	0.429	0.968	0.0	0.0	0.0	0.0	0.0	1.0	0.114	0.0	0.466	0.0	0.0	0.0	0.177	0.0	0.167	0.0	1.0	0.099	0.0	0.426	1.0	0.0	0.0	0.0	0.0	0.0	0.0	0.0	1.0	0.0	0.0	0.245	-1.0	0.698	0.097	0.78	0.585	0.985	0.0	0.412	0.915	0.709	0.0	0.0	0.0	1.0	0.0	0.0	0.0	0.214	0.064	1.0	0.046	0.0	0.0	0.0	0.216	0.0	1.0	0.0	0.0	0.689	0.0	0.073	0.0	0.0	0.0	-1.0	-1.0	-1.0	-1.0	-1.0	-1.0	-1.0	-1.0	-1.0	-1.0	-1.0	-1.0	-1.0	-1.0	-1.0	-1.0	-1.0	-1.0	-1.0	-1.0	-1.0	-1.0	-1.0	-1.0	-1.0	-1.0	-1.0
gnl|Prokka|GCF_000012825.1_1|1480654|C	1.0	-1.0	0.0	0.0	0.0	0.549	-1.0	0.0	0.0	0.039	0.873	-1.0	1.0	-1.0	0.175	0.0	0.0	-1.0	0.131	0.0	0.0	0.0	1.0	1.0	-1.0	0.0	0.0	-1.0	0.0	0.0	0.0	-1.0	0.833	0.0	1.0	1.0	0.289	0.0	0.0	-1.0	0.0	0.0	0.875	0.0	1.0	0.0	0.533	1.0	0.0	0.0	0.073	0.0	0.485	0.0	0.0	1.0	0.816	0.0	0.0	0.0	0.361	0.278	0.0	0.089	0.512	0.0	1.0	1.0	0.689	0.0	0.0	0.278	0.0	0.909	0.048	1.0	1.0	0.0	1.0	0.722	0.894	0.0	0.0	0.0	0.0	1.0	0.811	1.0	0.787	0.622	0.981	1.0	0.0	0.0	0.131	0.0	0.704	1.0	0.024	0.053	1.0	0.0	0.0	1.0	0.0	0.717	0.0	0.516	-1.0	0.0	1.0	0.0	0.923	0.0	0.0	1.0	0.142	0.0	0.714	0.0	0.861	0.0	0.0	0.0	0.0	1.0	0.0	0.0	0.481	0.0	0.0	-1.0	0.196	1.0	1.0	0.715	0.0	1.0	0.462	0.0	0.718	0.0	1.0	0.0	1.0	1.0	0.155	1.0	0.009	0.602	0.0	0.774	0.639	1.0	1.0	0.172	0.0	1.0	0.0	0.0	0.162	0.571	0.114	0.0	0.0	0.0	-1.0	-1.0	-1.0	-1.0	-1.0	-1.0	-1.0	-1.0	-1.0	-1.0	-1.0	-1.0	-1.0	-1.0	-1.0	-1.0	-1.0	-1.0	-1.0	-1.0	-1.0	-1.0	-1.0	-1.0	-1.0	-1.0	-1.0
gnl|Prokka|GCF_000012825.1_1|1476067|C	1.0	-1.0	0.0	1.0	1.0	0.0	-1.0	1.0	0.25	1.0	1.0	-1.0	0.211	-1.0	0.886	0.0	1.0	-1.0	0.0	0.0	0.0	0.0	1.0	1.0	-1.0	1.0	1.0	1.0	1.0	0.0	-1.0	0.0	0.2	0.984	0.0	1.0	0.0	0.0	0.0	0.0	0.0	0.0	0.182	0.0	0.164	0.0	1.0	0.0	1.0	0.757	0.897	0.0	1.0	0.0	0.0	0.0	0.643	0.0	0.264	0.758	1.0	0.0	0.89	0.0	1.0	1.0	1.0	1.0	0.27	1.0	1.0	0.21	1.0	0.06	1.0	0.0	0.0	-1.0	0.843	0.707	0.0	0.0	1.0	0.0	0.0	0.01	1.0	0.389	0.769	0.414	1.0	0.241	0.993	0.912	0.893	0.726	0.0	-1.0	0.985	1.0	1.0	0.048	0.0	1.0	1.0	0.258	0.0	0.369	0.156	0.0	0.0	0.695	0.0	0.0	1.0	1.0	1.0	0.788	0.467	1.0	1.0	0.0	0.0	1.0	0.0	1.0	0.0	1.0	0.0	0.0	0.184	-1.0	0.729	0.152	0.812	0.825	1.0	1.0	-1.0	1.0	0.812	0.401	0.0	0.736	1.0	1.0	0.849	1.0	0.225	0.071	1.0	0.0	0.0	0.0	0.0	0.194	0.0	1.0	1.0	-1.0	1.0	-1.0	0.944	0.0	1.0	0.0	-1.0	-1.0	-1.0	-1.0	-1.0	-1.0	-1.0	-1.0	-1.0	-1.0	-1.0	-1.0	-1.0	-1.0	-1.0	-1.0	-1.0	-1.0	-1.0	-1.0	-1.0	-1.0	-1.0	-1.0	-1.0	-1.0	-1.0
gnl|Prokka|GCF_000012825.1_1|1535292|C	0.0	-1.0	0.767	0.0	0.0	0.494	-1.0	0.0	0.768	0.0	0.097	-1.0	1.0	1.0	0.0	0.0	0.0	-1.0	0.0	1.0	0.0	1.0	0.0	1.0	-1.0	0.0	1.0	0.4	0.0	0.417	0.0	1.0	0.0	0.074	1.0	1.0	0.429	0.256	0.0	0.009	0.745	0.0	0.868	0.0	0.0	0.0	0.0	1.0	0.0	0.0	0.0	0.0	0.0	-1.0	0.0	1.0	0.692	-1.0	0.77	0.0	0.0	-1.0	0.0	1.0	0.0	0.0	0.0	0.0	0.0	0.8	0.0	0.248	0.0	0.927	0.0	1.0	0.0	0.0	0.137	0.272	1.0	0.0	0.0	1.0	0.0	1.0	0.182	0.459	0.034	0.663	0.991	0.781	0.0	0.087	0.081	0.283	0.623	0.667	1.0	0.068	0.0	0.486	0.0	0.0	0.0	0.871	0.0	0.0	0.186	0.0	1.0	0.327	0.074	-1.0	0.0	1.0	0.147	0.0	0.675	0.0	1.0	1.0	0.0	1.0	0.0	0.0	1.0	0.0	0.49	0.0	0.051	0.0	0.213	0.851	0.236	0.803	0.0	0.0	0.6	0.0	0.0	0.372	1.0	0.559	0.0	0.0	1.0	1.0	0.0	0.667	0.0	0.938	1.0	1.0	1.0	0.17	0.0	-1.0	1.0	0.0	0.182	1.0	0.043	0.0	0.0	0.0	-1.0	-1.0	-1.0	-1.0	-1.0	-1.0	-1.0	-1.0	-1.0	-1.0	-1.0	-1.0	-1.0	-1.0	-1.0	-1.0	-1.0	-1.0	-1.0	-1.0	-1.0	-1.0	-1.0	-1.0	-1.0	-1.0	-1.0
gnl|Prokka|GCF_000012825.1_1|1535634|G	0.0	-1.0	0.132	-1.0	0.0	0.545	-1.0	0.0	0.404	0.0	0.0	-1.0	0.0	-1.0	0.0	0.0	0.739	-1.0	0.0	1.0	0.0	0.0	0.0	0.928	-1.0	0.0	0.0	0.0	-1.0	0.0	0.085	0.72	0.0	0.0	0.0	0.0	0.595	0.0	0.0	1.0	0.0	1.0	0.0	0.0	0.0	0.0	0.0	1.0	0.0	0.0	0.0	0.0	0.0	0.0	1.0	0.0	0.0	0.0	0.812	0.947	0.0	0.0	0.0	0.892	0.475	0.0	0.0	0.0	0.218	0.0	0.0	0.462	0.0	0.0	0.0	0.0	0.0	0.0	0.133	0.29	0.0	0.0	0.0	1.0	0.0	0.0	0.0	0.441	0.028	0.066	0.984	0.731	0.0	0.0	0.068	0.244	0.0	0.0	1.0	0.0	0.0	0.928	0.0	0.0	0.0	0.0	0.0	0.0	0.0	0.0	0.0	0.275	0.0	0.0	0.0	0.0	0.0	0.0	0.0	0.0	0.884	0.0	0.25	0.0	0.949	0.0	1.0	0.451	0.0	0.0	0.844	0.0	0.273	1.0	0.246	0.028	1.0	0.0	0.526	0.0	0.291	0.69	1.0	1.0	0.0	0.0	0.14	0.996	0.0	0.955	1.0	0.838	0.317	0.0	0.0	0.0	0.0	-1.0	1.0	0.389	0.195	1.0	0.0	0.0	0.0	0.0	-1.0	-1.0	-1.0	-1.0	-1.0	-1.0	-1.0	-1.0	-1.0	-1.0	-1.0	-1.0	-1.0	-1.0	-1.0	-1.0	-1.0	-1.0	-1.0	-1.0	-1.0	-1.0	-1.0	-1.0	-1.0	-1.0	-1.0
gnl|Prokka|GCF_000012825.1_1|1595670|C	0.0	-1.0	0.36	0.0	0.0	0.4	-1.0	0.0	0.667	0.0	0.0	-1.0	1.0	-1.0	0.0	0.0	0.0	-1.0	0.0	0.0	0.0	1.0	-1.0	1.0	-1.0	0.571	0.0	-1.0	0.0	-1.0	0.51	1.0	0.0	0.0	1.0	1.0	0.0	0.154	0.0	0.0	0.68	0.0	0.774	0.0	0.0	0.0	0.0	1.0	0.0	0.296	0.0	0.0	0.556	0.0	0.0	0.56	0.359	0.0	0.714	0.0	0.261	0.385	0.887	0.11	0.358	0.15	0.154	0.0	0.395	1.0	0.0	0.0	0.407	0.926	1.0	1.0	-1.0	0.0	0.744	0.0	0.152	0.0	0.0	1.0	0.0	1.0	0.0	1.0	0.017	0.614	0.971	0.143	1.0	0.0	0.055	0.0	0.633	-1.0	0.0	0.986	0.0	0.0	0.0	0.0	0.886	0.8	0.0	0.0	0.109	0.0	1.0	0.0	0.0	0.0	0.0	0.0	1.0	0.0	1.0	0.0	1.0	1.0	0.0	0.0	0.0	0.0	1.0	0.0	0.259	0.0	0.164	0.375	0.203	0.12	0.0	0.25	0.0	0.0	0.0	0.0	0.0	0.0	0.0	0.0	0.0	1.0	0.079	1.0	0.774	0.0	0.0	0.0	0.733	-1.0	-1.0	0.297	0.0	1.0	0.0	0.0	0.0	0.0	0.043	0.0	0.0	0.0	-1.0	-1.0	-1.0	-1.0	-1.0	-1.0	-1.0	-1.0	-1.0	-1.0	-1.0	-1.0	-1.0	-1.0	-1.0	-1.0	-1.0	-1.0	-1.0	-1.0	-1.0	-1.0	-1.0	-1.0	-1.0	-1.0	-1.0
gnl|Prokka|GCF_000012825.1_1|1611197|C	0.0	-1.0	1.0	0.0	1.0	0.447	-1.0	1.0	0.844	1.0	0.06	-1.0	0.375	1.0	0.538	0.0	0.842	-1.0	0.0	0.0	0.81	0.0	0.0	0.884	-1.0	1.0	1.0	0.0	-1.0	-1.0	0.434	0.765	1.0	0.034	0.0	0.0	0.0	0.301	1.0	0.0	0.801	0.0	0.0	0.0	0.0	0.0	0.4	1.0	1.0	0.649	0.921	0.0	0.733	0.0	0.0	1.0	0.0	0.0	0.778	0.941	0.662	0.0	0.0	0.0	0.518	1.0	0.0	1.0	0.0	1.0	1.0	0.293	0.0	0.092	0.0	0.0	-1.0	0.0	0.0	0.0	0.806	0.0	0.0	1.0	0.0	1.0	0.154	0.417	0.863	0.373	0.979	0.0	0.0	0.0	0.013	0.719	0.0	0.3	0.025	0.0	0.0	0.053	0.0	0.0	0.0	0.234	0.0	0.432	0.0	0.0	1.0	0.689	0.0	0.078	1.0	0.0	0.0	0.0	1.0	1.0	0.889	0.0	0.0	1.0	0.0	0.0	0.992	1.0	0.402	0.0	0.0	-1.0	0.0	0.0	0.013	0.317	0.977	0.0	0.0	1.0	0.0	0.316	0.0	1.0	1.0	0.0	1.0	1.0	0.23	0.324	1.0	0.0	0.0	0.0	1.0	0.0	0.0	0.0	1.0	0.625	0.0	0.267	0.0	0.0	1.0	0.0	-1.0	-1.0	-1.0	-1.0	-1.0	-1.0	-1.0	-1.0	-1.0	-1.0	-1.0	-1.0	-1.0	-1.0	-1.0	-1.0	-1.0	-1.0	-1.0	-1.0	-1.0	-1.0	-1.0	-1.0	-1.0	-1.0	-1.0
gnl|Prokka|GCF_000012825.1_1|1644849|C	0.0	-1.0	0.462	-1.0	0.0	0.0	-1.0	0.0	0.0	0.0	0.0	-1.0	0.0	0.0	1.0	0.0	1.0	-1.0	1.0	1.0	0.0	1.0	-1.0	1.0	-1.0	-1.0	1.0	0.0	1.0	0.4	0.034	0.0	0.0	0.0	0.0	0.0	0.0	0.0	0.625	0.0	0.364	0.0	0.0	0.0	1.0	0.0	0.333	0.0	0.0	0.0	0.0	0.0	0.484	-1.0	0.0	0.0	0.0	0.0	0.214	1.0	0.0	0.0	0.0	0.932	0.522	-1.0	0.0	0.0	0.0	0.0	1.0	0.533	0.0	0.0	0.0	0.0	1.0	0.0	0.132	1.0	0.167	0.0	0.0	0.0	0.0	0.965	0.121	0.0	0.045	0.0	0.983	0.778	0.0	0.833	0.892	0.297	0.0	0.0	0.024	0.0	0.0	0.49	0.0	0.0	0.0	0.0	0.0	0.589	0.559	0.0	0.0	0.272	0.0	0.0	-1.0	0.0	0.0	1.0	0.413	0.0	1.0	1.0	0.0	1.0	0.0	0.0	0.0	0.456	0.0	0.0	0.204	-1.0	0.694	1.0	1.0	0.026	1.0	0.0	1.0	0.091	0.785	0.349	1.0	0.55	1.0	0.0	1.0	1.0	0.0	1.0	1.0	1.0	0.379	0.0	-1.0	0.778	0.188	-1.0	0.0	0.789	0.245	-1.0	0.977	0.084	0.0	0.0	-1.0	-1.0	-1.0	-1.0	-1.0	-1.0	-1.0	-1.0	-1.0	-1.0	-1.0	-1.0	-1.0	-1.0	-1.0	-1.0	-1.0	-1.0	-1.0	-1.0	-1.0	-1.0	-1.0	-1.0	-1.0	-1.0	-1.0
gnl|Prokka|GCF_000012825.1_1|1655099|G	0.924	-1.0	0.625	-1.0	1.0	0.507	-1.0	1.0	0.271	1.0	0.898	-1.0	1.0	-1.0	0.0	0.0	0.0	-1.0	0.646	0.0	0.0	0.0	0.571	1.0	-1.0	0.571	0.0	0.333	0.0	0.444	0.549	0.985	0.182	0.06	0.992	0.972	0.364	0.32	-1.0	0.0	0.778	0.0	1.0	0.0	0.091	0.0	0.545	0.966	1.0	0.317	0.0	0.037	0.345	0.0	0.0	0.965	0.621	0.0	0.0	0.0	0.0	0.429	0.883	0.057	0.0	1.0	0.0	1.0	0.636	1.0	0.0	0.0	1.0	0.979	1.0	0.98	0.0	1.0	0.141	1.0	0.876	0.0	1.0	0.0	0.0	0.988	0.832	0.512	0.811	0.563	0.978	0.769	0.974	0.0	0.0	0.0	0.675	0.667	0.982	0.971	0.0	0.0	0.0	0.0	0.893	0.659	0.0	0.0	0.507	0.0	0.0	0.578	0.932	0.0	1.0	1.0	1.0	0.242	1.0	0.0	0.872	0.0	0.0	0.0	0.0	0.0	0.0	0.0	-1.0	0.0	0.0	-1.0	1.0	0.874	0.982	0.779	0.0	0.0	1.0	0.0	0.724	0.0	1.0	0.0	0.0	0.0	0.153	0.979	0.777	0.619	0.0	1.0	0.679	1.0	1.0	0.364	0.0	-1.0	0.0	0.0	0.0	1.0	0.043	0.055	1.0	0.0	-1.0	-1.0	-1.0	-1.0	-1.0	-1.0	-1.0	-1.0	-1.0	-1.0	-1.0	-1.0	-1.0	-1.0	-1.0	-1.0	-1.0	-1.0	-1.0	-1.0	-1.0	-1.0	-1.0	-1.0	-1.0	-1.0	-1.0
gnl|Prokka|GCF_000012825.1_1|1676183|G	0.0	-1.0	0.0	0.0	1.0	0.549	-1.0	1.0	0.406	1.0	0.0	-1.0	0.125	0.0	0.719	0.0	1.0	-1.0	0.0	0.0	0.579	0.0	-1.0	0.0	-1.0	0.609	1.0	1.0	0.0	1.0	1.0	0.735	0.0	0.0	0.0	1.0	0.0	0.0	-1.0	0.0	0.264	0.0	0.0	0.0	0.939	0.0	0.455	1.0	1.0	1.0	1.0	1.0	0.71	-1.0	0.0	1.0	0.113	0.0	0.763	1.0	0.573	0.353	0.85	0.0	0.536	1.0	0.0	1.0	0.0	1.0	0.0	1.0	0.0	0.0	0.0	0.007	0.0	0.0	0.146	0.312	0.0	1.0	0.0	1.0	0.0	0.0	0.244	0.556	0.751	0.397	0.013	0.719	1.0	0.781	0.855	0.776	0.317	0.0	1.0	1.0	0.0	0.589	0.0	0.0	1.0	0.171	1.0	0.438	0.242	0.0	1.0	0.707	0.0	1.0	1.0	1.0	1.0	0.768	0.0	1.0	0.0	0.0	0.0	1.0	-1.0	0.0	1.0	0.941	0.0	1.0	1.0	0.0	0.0	0.184	0.215	0.584	1.0	0.0	0.769	1.0	0.0	0.375	1.0	1.0	1.0	0.0	0.853	0.0	1.0	0.96	1.0	0.842	0.0	0.0	0.0	0.333	0.0	1.0	1.0	0.0	0.615	-1.0	0.158	0.021	1.0	0.081	-1.0	-1.0	-1.0	-1.0	-1.0	-1.0	-1.0	-1.0	-1.0	-1.0	-1.0	-1.0	-1.0	-1.0	-1.0	-1.0	-1.0	-1.0	-1.0	-1.0	-1.0	-1.0	-1.0	-1.0	-1.0	-1.0	-1.0
gnl|Prokka|GCF_000012825.1_1|1702899|C	0.0	-1.0	0.844	-1.0	0.0	0.038	-1.0	0.0	0.286	0.0	0.0	-1.0	0.778	-1.0	0.694	0.0	0.824	-1.0	0.0	1.0	0.0	0.148	0.7	0.882	-1.0	1.0	0.0	0.25	0.0	0.375	0.533	1.0	0.15	0.031	0.0	1.0	0.37	0.328	0.0	0.0	0.774	0.0	0.0	0.0	0.0	0.0	0.727	1.0	0.0	0.286	0.0	0.0	0.44	1.0	0.0	1.0	0.698	0.0	0.232	0.0	0.0	0.333	0.856	1.0	0.444	1.0	0.0	0.0	0.266	1.0	0.0	0.0	0.629	1.0	1.0	1.0	0.0	0.0	0.0	0.0	0.0	0.0	0.0	0.038	0.0	0.0	0.0	0.633	0.02	0.572	1.0	0.0	0.992	0.689	0.922	0.314	0.601	0.0	0.977	1.0	0.0	0.419	0.0	0.0	1.0	0.766	0.0	0.0	0.781	0.0	1.0	0.315	0.0	0.96	0.0	1.0	1.0	0.0	0.385	0.0	0.906	0.0	0.0	0.0	0.0	0.0	0.0	0.36	0.471	0.0	0.305	0.0	0.296	0.179	0.015	0.756	1.0	0.0	0.25	0.0	0.0	0.0	0.0	0.557	1.0	0.0	0.0	1.0	0.761	0.256	1.0	0.056	1.0	1.0	1.0	0.1	0.234	-1.0	1.0	0.0	0.182	-1.0	0.048	0.0	0.0	0.0	-1.0	-1.0	-1.0	-1.0	-1.0	-1.0	-1.0	-1.0	-1.0	-1.0	-1.0	-1.0	-1.0	-1.0	-1.0	-1.0	-1.0	-1.0	-1.0	-1.0	-1.0	-1.0	-1.0	-1.0	-1.0	-1.0	-1.0
gnl|Prokka|GCF_000012825.1_1|1703320|G	0.0	-1.0	0.889	0.0	0.0	0.0	-1.0	0.0	0.395	0.0	0.0	-1.0	0.71	0.0	0.517	0.0	1.0	-1.0	0.0	1.0	0.0	0.0	0.727	0.948	-1.0	0.667	0.0	0.0	-1.0	0.0	0.101	0.291	0.0	0.07	0.0	1.0	0.364	0.359	0.0	0.0	0.779	0.0	0.0	0.0	0.0	0.0	-1.0	0.0	0.0	0.0	0.0	0.0	0.667	1.0	0.0	0.0	0.0	0.0	0.281	0.0	0.0	0.0	0.853	0.9	0.479	1.0	0.0	0.0	0.2	0.0	0.0	0.0	0.588	0.072	1.0	0.0	0.0	0.0	0.0	0.0	0.0	0.0	0.0	0.0	0.0	0.0	0.0	0.0	0.041	0.095	1.0	0.0	0.993	0.8	0.923	0.279	0.0	0.0	0.987	0.948	0.0	0.438	0.0	0.0	1.0	0.0	0.0	0.0	0.4	0.0	0.0	0.213	0.0	1.0	0.0	1.0	1.0	0.0	0.375	0.0	0.914	0.0	0.0	0.0	0.0	0.0	0.0	0.346	0.0	0.0	0.333	0.0	0.0	0.0	0.016	0.401	1.0	0.0	0.0	0.0	0.0	0.0	0.0	0.544	1.0	0.0	0.0	0.99	0.0	0.225	1.0	0.058	0.339	0.0	0.0	0.144	0.304	-1.0	1.0	0.0	0.08	0.333	0.057	0.0	0.0	0.0	-1.0	-1.0	-1.0	-1.0	-1.0	-1.0	-1.0	-1.0	-1.0	-1.0	-1.0	-1.0	-1.0	-1.0	-1.0	-1.0	-1.0	-1.0	-1.0	-1.0	-1.0	-1.0	-1.0	-1.0	-1.0	-1.0	-1.0
gnl|Prokka|GCF_000012825.1_1|1703813|C	0.0	-1.0	1.0	-1.0	0.0	0.0	-1.0	0.0	0.312	0.0	0.082	-1.0	1.0	-1.0	0.672	0.0	1.0	-1.0	0.0	1.0	0.0	0.128	0.0	0.931	-1.0	0.632	0.0	0.571	0.0	0.556	0.644	0.218	0.0	0.122	1.0	1.0	0.318	0.274	0.0	0.0	0.794	0.0	0.838	0.0	0.0	0.0	0.647	1.0	0.0	0.217	0.0	0.026	0.581	1.0	0.0	1.0	0.71	0.0	0.241	0.0	0.0	0.727	0.848	1.0	0.419	1.0	0.0	0.0	0.389	1.0	0.0	0.0	0.649	1.0	1.0	1.0	0.0	0.0	0.0	0.0	0.0	0.0	0.0	0.0	0.0	0.0	0.0	0.558	0.038	0.59	1.0	0.0	1.0	0.792	0.919	0.282	0.639	0.571	1.0	1.0	0.0	0.451	0.0	0.0	1.0	0.8	0.0	0.0	0.66	0.0	1.0	0.302	0.0	1.0	0.0	1.0	1.0	0.0	0.469	0.0	1.0	0.0	0.0	0.0	0.0	0.0	0.0	0.547	0.495	0.0	0.261	0.0	0.224	0.194	0.0	0.771	1.0	0.0	0.0	0.119	0.0	0.0	0.0	0.548	1.0	0.0	0.16	1.0	0.801	0.245	0.846	0.125	1.0	1.0	-1.0	0.167	0.277	-1.0	1.0	0.0	0.158	0.143	0.062	0.0	0.0	0.0	-1.0	-1.0	-1.0	-1.0	-1.0	-1.0	-1.0	-1.0	-1.0	-1.0	-1.0	-1.0	-1.0	-1.0	-1.0	-1.0	-1.0	-1.0	-1.0	-1.0	-1.0	-1.0	-1.0	-1.0	-1.0	-1.0	-1.0
gnl|Prokka|GCF_000012825.1_1|1703831|A	1.0	-1.0	1.0	-1.0	0.0	0.0	-1.0	0.0	0.362	0.0	0.918	-1.0	1.0	1.0	0.656	0.0	1.0	-1.0	0.0	1.0	0.0	0.106	0.273	0.907	-1.0	0.619	0.0	0.625	0.444	0.625	0.657	1.0	1.0	0.117	1.0	1.0	0.353	0.316	0.0	0.0	0.817	0.0	0.882	0.0	0.0	0.0	1.0	1.0	0.0	0.297	0.0	0.029	1.0	1.0	0.0	1.0	0.878	0.0	0.256	0.0	0.474	1.0	0.85	1.0	1.0	1.0	1.0	0.0	0.404	1.0	0.0	0.0	0.692	1.0	1.0	1.0	0.0	0.0	0.855	0.0	0.0	0.0	0.0	0.0	0.0	0.009	0.918	1.0	0.037	0.599	1.0	0.258	1.0	0.755	1.0	0.306	0.661	-1.0	1.0	1.0	1.0	0.461	0.0	1.0	1.0	0.789	0.0	0.0	0.638	0.0	1.0	0.323	0.0	1.0	0.0	1.0	1.0	0.0	0.451	0.0	1.0	0.0	0.0	0.0	0.0	1.0	0.0	0.63	0.515	0.0	0.361	-1.0	0.273	0.224	0.0	0.768	1.0	1.0	0.15	0.091	0.0	0.0	0.0	0.583	1.0	1.0	0.145	1.0	0.826	0.273	0.846	0.143	1.0	1.0	-1.0	0.2	0.31	-1.0	1.0	0.0	0.293	0.35	0.073	0.091	0.0	0.0	-1.0	-1.0	-1.0	-1.0	-1.0	-1.0	-1.0	-1.0	-1.0	-1.0	-1.0	-1.0	-1.0	-1.0	-1.0	-1.0	-1.0	-1.0	-1.0	-1.0	-1.0	-1.0	-1.0	-1.0	-1.0	-1.0	-1.0
gnl|Prokka|GCF_000012825.1_1|1742492|C	1.0	-1.0	0.714	0.0	0.0	0.0	-1.0	0.0	0.271	0.0	1.0	-1.0	0.84	-1.0	0.0	0.19	0.0	-1.0	0.0	0.0	0.0	1.0	1.0	1.0	-1.0	0.0	1.0	1.0	0.727	1.0	0.0	1.0	0.72	0.047	1.0	0.0	0.156	0.306	0.6	0.013	0.827	0.0	0.733	0.0	0.0	0.0	-1.0	1.0	0.0	0.0	0.0	0.037	0.355	0.0	0.0	1.0	1.0	0.0	0.25	0.0	1.0	0.476	0.0	0.069	0.474	1.0	1.0	1.0	1.0	1.0	1.0	0.236	0.606	0.887	0.0	1.0	0.0	0.0	0.864	1.0	1.0	0.0	0.0	0.0	0.0	0.009	1.0	1.0	0.807	0.546	0.986	0.212	0.0	0.235	0.07	0.016	0.644	1.0	0.0	0.035	1.0	0.055	0.0	1.0	0.0	0.731	0.0	1.0	0.34	0.0	0.0	0.21	0.0	0.0	0.0	0.0	0.0	0.802	0.0	0.0	0.935	1.0	0.0	-1.0	0.0	1.0	0.0	0.607	0.471	0.0	0.0	1.0	0.212	0.189	0.751	0.686	0.014	1.0	1.0	0.0	0.722	0.365	0.0	0.0	1.0	1.0	1.0	1.0	0.0	0.093	0.0	0.0	0.734	1.0	0.0	0.579	0.29	-1.0	0.0	1.0	0.696	0.0	0.904	0.09	0.0	0.0	-1.0	-1.0	-1.0	-1.0	-1.0	-1.0	-1.0	-1.0	-1.0	-1.0	-1.0	-1.0	-1.0	-1.0	-1.0	-1.0	-1.0	-1.0	-1.0	-1.0	-1.0	-1.0	-1.0	-1.0	-1.0	-1.0	-1.0
gnl|Prokka|GCF_000012825.1_1|1754471|G	0.0	-1.0	0.0	-1.0	0.0	0.0	-1.0	0.0	0.0	0.0	0.0	-1.0	0.615	-1.0	1.0	0.0	0.545	-1.0	0.058	1.0	0.0	1.0	0.0	0.846	-1.0	0.0	1.0	0.0	0.0	0.0	0.21	1.0	0.0	0.75	1.0	0.0	0.174	0.0	0.0	0.0	0.0	0.0	0.68	0.0	0.0	0.0	0.0	1.0	0.0	0.467	1.0	1.0	0.364	-1.0	0.0	1.0	0.267	0.0	0.0	0.0	0.0	1.0	0.0	1.0	0.375	1.0	0.0	0.0	0.4	1.0	0.0	0.37	-1.0	0.732	1.0	1.0	-1.0	0.0	0.049	0.0	1.0	1.0	0.0	0.0	0.0	0.0	0.039	0.278	0.039	0.686	0.89	0.55	0.0	0.421	0.76	1.0	0.417	0.0	0.0	0.022	0.0	0.286	0.0	0.0	0.0	1.0	0.0	0.218	0.063	0.0	0.0	0.101	0.0	1.0	0.0	0.0	0.0	0.0	0.152	1.0	1.0	1.0	0.0	-1.0	0.0	0.0	0.0	0.226	0.278	1.0	0.083	0.0	0.167	0.0	0.098	0.111	1.0	0.0	0.0	1.0	0.0	0.124	1.0	0.0	1.0	0.0	1.0	1.0	0.067	1.0	1.0	0.7	1.0	-1.0	-1.0	0.0	0.0	-1.0	0.0	0.0	0.0	0.176	0.845	0.701	0.0	0.0	-1.0	-1.0	-1.0	-1.0	-1.0	-1.0	-1.0	-1.0	-1.0	-1.0	-1.0	-1.0	-1.0	-1.0	-1.0	-1.0	-1.0	-1.0	-1.0	-1.0	-1.0	-1.0	-1.0	-1.0	-1.0	-1.0	-1.0
gnl|Prokka|GCF_000012825.1_1|1754480|T	0.0	-1.0	0.0	-1.0	0.0	0.0	-1.0	0.0	0.0	0.0	0.0	-1.0	0.636	-1.0	1.0	0.0	-1.0	-1.0	0.066	1.0	0.0	1.0	0.0	0.875	-1.0	-1.0	1.0	0.0	0.0	-1.0	0.171	1.0	0.0	0.7	1.0	0.0	0.174	0.0	0.0	0.0	0.0	0.0	0.619	0.0	0.0	0.0	0.0	1.0	0.0	0.483	1.0	1.0	0.333	-1.0	0.0	1.0	0.201	0.0	0.0	0.0	0.0	1.0	0.0	1.0	0.328	1.0	0.0	0.0	0.391	1.0	0.0	0.348	0.443	0.721	1.0	1.0	-1.0	0.0	0.038	0.0	1.0	1.0	0.0	0.0	0.0	0.0	0.036	0.235	0.031	0.643	0.864	0.493	0.0	0.444	0.755	1.0	0.375	0.0	0.0	0.023	0.0	0.246	0.0	0.0	0.0	1.0	0.0	0.188	0.0	0.0	0.0	0.08	0.0	1.0	0.0	0.0	0.0	0.0	0.118	1.0	1.0	1.0	0.0	-1.0	0.0	0.0	0.0	0.161	0.262	1.0	0.085	0.0	0.158	0.0	0.089	0.087	1.0	0.0	0.0	1.0	0.0	0.112	1.0	0.0	1.0	0.0	1.0	1.0	0.055	1.0	-1.0	0.625	1.0	-1.0	-1.0	0.0	0.0	-1.0	0.0	0.0	0.0	0.188	0.829	0.642	0.0	0.0	-1.0	-1.0	-1.0	-1.0	-1.0	-1.0	-1.0	-1.0	-1.0	-1.0	-1.0	-1.0	-1.0	-1.0	-1.0	-1.0	-1.0	-1.0	-1.0	-1.0	-1.0	-1.0	-1.0	-1.0	-1.0	-1.0	-1.0
gnl|Prokka|GCF_000012825.1_1|1754487|T	0.0	-1.0	0.0	-1.0	0.0	0.0	-1.0	0.0	0.0	0.0	0.0	-1.0	0.667	-1.0	1.0	0.0	-1.0	-1.0	0.048	1.0	0.0	1.0	0.0	0.848	-1.0	0.0	1.0	0.0	0.0	-1.0	0.142	1.0	0.0	0.737	1.0	0.0	0.13	0.0	0.0	0.0	0.0	0.0	0.588	0.0	0.0	0.0	0.0	1.0	0.0	0.464	1.0	1.0	0.318	-1.0	0.0	1.0	0.193	0.0	0.0	0.0	0.0	1.0	0.0	1.0	0.293	1.0	0.0	0.0	0.348	1.0	0.0	0.298	0.404	0.707	1.0	1.0	-1.0	0.0	0.026	0.0	1.0	1.0	0.0	0.0	0.0	0.0	0.027	0.25	0.029	0.63	0.842	0.448	0.0	0.389	0.735	1.0	0.366	0.0	0.0	0.023	0.0	0.226	0.0	0.0	0.0	1.0	0.0	0.148	0.0	0.0	0.0	0.075	0.0	1.0	0.0	0.0	0.0	0.0	0.094	-1.0	1.0	1.0	0.0	-1.0	0.0	0.0	0.0	0.143	0.262	1.0	0.065	0.0	0.098	0.0	0.084	0.064	1.0	0.0	0.0	1.0	0.0	0.105	1.0	0.0	1.0	0.0	1.0	1.0	0.053	1.0	-1.0	0.556	1.0	-1.0	-1.0	0.0	0.0	-1.0	0.0	0.0	0.0	0.2	0.826	0.582	0.0	0.0	-1.0	-1.0	-1.0	-1.0	-1.0	-1.0	-1.0	-1.0	-1.0	-1.0	-1.0	-1.0	-1.0	-1.0	-1.0	-1.0	-1.0	-1.0	-1.0	-1.0	-1.0	-1.0	-1.0	-1.0	-1.0	-1.0	-1.0
gnl|Prokka|GCF_000012825.1_1|1766407|G	0.0	-1.0	0.238	-1.0	0.0	0.0	-1.0	0.0	0.0	0.0	0.0	-1.0	0.158	-1.0	1.0	0.0	1.0	-1.0	0.196	1.0	0.0	0.324	0.0	0.95	-1.0	0.667	0.0	0.0	0.0	-1.0	0.0	0.809	0.0	0.0	1.0	0.0	0.0	0.0	0.0	0.0	0.0	0.0	0.0	0.0	0.0	-1.0	-1.0	0.0	0.0	0.0	0.0	-1.0	0.567	-1.0	0.0	1.0	0.812	0.0	0.228	0.0	0.0	1.0	0.0	1.0	0.518	0.0	0.0	1.0	0.717	0.0	0.0	0.0	0.0	0.882	0.0	1.0	1.0	0.0	0.162	0.0	0.9	-1.0	0.0	0.0	0.0	0.0	0.0	0.0	0.839	0.47	0.947	0.772	-1.0	0.585	0.911	0.265	0.667	0.0	0.0	0.032	0.0	0.485	0.0	0.0	0.0	1.0	0.0	0.0	0.425	0.0	1.0	0.281	0.0	0.933	0.0	0.0	0.0	0.0	0.364	0.0	0.833	0.0	0.0	0.0	0.0	0.0	0.0	0.476	0.447	-1.0	0.0	0.0	0.333	0.839	0.191	0.348	1.0	0.0	0.0	0.1	0.0	0.0	1.0	0.578	1.0	0.0	0.134	1.0	0.0	0.614	1.0	0.893	1.0	1.0	-1.0	0.0	0.0	-1.0	1.0	0.387	0.714	1.0	0.0	-1.0	0.0	0.0	-1.0	-1.0	-1.0	-1.0	-1.0	-1.0	-1.0	-1.0	-1.0	-1.0	-1.0	-1.0	-1.0	-1.0	-1.0	-1.0	-1.0	-1.0	-1.0	-1.0	-1.0	-1.0	-1.0	-1.0	-1.0	-1.0	-1.0
gnl|Prokka|GCF_000012825.1_1|1767282|C	0.0	-1.0	0.323	-1.0	0.0	0.0	-1.0	0.0	0.0	0.0	0.0	-1.0	0.184	-1.0	1.0	0.0	1.0	-1.0	0.159	1.0	0.0	0.132	0.333	1.0	-1.0	0.667	0.0	-1.0	-1.0	-1.0	0.0	0.0	0.0	0.0	1.0	0.0	0.0	0.0	0.0	0.0	0.0	0.0	0.0	0.0	0.0	-1.0	0.625	0.0	0.0	0.0	0.0	-1.0	0.567	1.0	0.0	1.0	0.806	0.0	0.224	0.0	0.0	0.214	0.0	1.0	0.515	0.0	0.0	1.0	0.667	0.0	0.0	0.0	0.0	0.9	0.0	0.984	1.0	0.0	0.159	0.0	0.849	-1.0	0.0	0.0	0.0	0.0	0.0	0.0	0.796	0.512	0.976	0.783	0.0	0.826	0.891	0.342	0.632	-1.0	0.0	0.0	0.0	0.389	0.0	0.0	0.0	1.0	0.0	0.0	0.234	0.0	1.0	0.337	0.0	0.932	0.0	0.0	0.0	0.0	0.368	0.0	1.0	0.0	0.0	0.0	0.0	0.0	0.0	0.537	0.505	-1.0	0.0	0.0	0.0	0.826	0.18	0.436	1.0	0.0	0.0	0.073	0.0	0.0	1.0	0.456	1.0	0.0	0.166	1.0	0.0	0.533	1.0	0.913	1.0	1.0	0.0	0.0	0.0	1.0	1.0	0.0	0.68	0.417	0.0	0.0	0.0	0.0	-1.0	-1.0	-1.0	-1.0	-1.0	-1.0	-1.0	-1.0	-1.0	-1.0	-1.0	-1.0	-1.0	-1.0	-1.0	-1.0	-1.0	-1.0	-1.0	-1.0	-1.0	-1.0	-1.0	-1.0	-1.0	-1.0	-1.0
gnl|Prokka|GCF_000012825.1_1|1778619|C	0.0	-1.0	0.0	-1.0	1.0	0.0	-1.0	1.0	0.182	1.0	0.0	-1.0	0.0	0.0	0.0	0.8	0.0	-1.0	0.0	0.0	0.0	0.0	-1.0	0.057	-1.0	0.0	0.0	0.636	0.4	-1.0	0.937	0.0	0.0	0.0	0.0	0.0	0.682	0.733	1.0	1.0	0.0	1.0	0.119	1.0	0.079	0.429	0.0	0.0	1.0	1.0	1.0	0.0	0.0	0.0	1.0	0.0	0.165	1.0	0.0	0.765	0.658	0.0	0.171	0.0	0.0	0.0	0.0	1.0	0.0	0.0	0.0	0.473	0.347	0.0	0.0	0.0	-1.0	1.0	0.0	0.0	0.0	0.0	1.0	0.0	1.0	0.0	0.0	0.0	0.958	0.323	0.0	0.0	0.0	0.133	0.0	0.792	0.339	0.0	0.0	0.0	0.0	0.489	1.0	0.0	0.0	0.2	1.0	0.382	0.415	1.0	0.0	0.704	0.0	0.053	1.0	0.19	0.0	0.747	0.0	1.0	0.0	0.0	0.943	0.0	0.929	0.0	0.0	0.477	-1.0	0.0	0.712	-1.0	0.795	0.0	0.0	0.286	0.0	0.0	0.0	1.0	0.335	0.664	0.0	0.0	0.0	0.0	0.0	0.0	1.0	0.268	0.0	0.133	0.0	0.0	0.0	0.0	0.781	0.0	0.0	0.0	0.586	0.0	0.0	0.0	1.0	1.0	-1.0	-1.0	-1.0	-1.0	-1.0	-1.0	-1.0	-1.0	-1.0	-1.0	-1.0	-1.0	-1.0	-1.0	-1.0	-1.0	-1.0	-1.0	-1.0	-1.0	-1.0	-1.0	-1.0	-1.0	-1.0	-1.0	-1.0
gnl|Prokka|GCF_000012825.1_1|1783098|C	0.812	-1.0	1.0	-1.0	0.0	0.492	-1.0	0.0	0.207	0.0	1.0	-1.0	0.375	-1.0	1.0	0.188	1.0	-1.0	0.0	0.0	0.0	0.0	1.0	0.0	-1.0	0.0	0.0	0.0	0.0	0.0	0.067	0.0	0.0	0.0	0.0	1.0	0.28	0.272	0.0	0.0	0.767	0.0	0.0	0.0	0.0	-1.0	1.0	0.0	0.0	0.0	0.0	0.051	1.0	0.0	0.0	0.0	1.0	0.0	0.171	0.0	0.415	-1.0	0.842	0.074	1.0	0.0	1.0	0.0	1.0	0.0	0.0	0.239	0.646	0.915	0.0	0.991	1.0	0.0	1.0	0.0	0.0	0.0	0.0	0.0	0.0	0.0	0.884	0.567	0.0	0.593	0.036	1.0	1.0	0.4	0.909	0.019	0.57	-1.0	1.0	0.964	1.0	0.0	0.0	1.0	1.0	0.791	0.0	0.0	0.385	0.0	1.0	0.0	1.0	0.0	0.0	-1.0	1.0	0.781	-1.0	0.0	0.094	0.0	0.0	0.0	0.0	1.0	0.0	0.463	0.0	0.0	0.0	-1.0	0.0	0.834	0.201	0.722	1.0	1.0	-1.0	0.0	0.0	0.0	1.0	0.0	1.0	1.0	0.176	0.0	0.0	0.6	1.0	1.0	0.678	-1.0	0.0	0.167	0.0	0.0	0.014	-1.0	0.812	-1.0	0.942	0.101	0.0	0.0	-1.0	-1.0	-1.0	-1.0	-1.0	-1.0	-1.0	-1.0	-1.0	-1.0	-1.0	-1.0	-1.0	-1.0	-1.0	-1.0	-1.0	-1.0	-1.0	-1.0	-1.0	-1.0	-1.0	-1.0	-1.0	-1.0	-1.0
gnl|Prokka|GCF_000012825.1_1|1826498|C	0.0	-1.0	1.0	0.0	1.0	1.0	-1.0	1.0	1.0	1.0	0.0	-1.0	0.167	-1.0	1.0	1.0	1.0	-1.0	0.228	1.0	1.0	0.0	-1.0	1.0	-1.0	1.0	0.0	0.667	0.429	0.0	0.701	0.0	0.0	0.053	0.0	0.0	0.773	1.0	0.0	1.0	0.769	1.0	0.128	1.0	0.0	-1.0	0.636	0.0	1.0	0.333	0.0	0.0	0.465	0.0	1.0	0.0	0.115	1.0	0.84	0.962	0.539	0.12	0.101	0.911	0.465	0.0	0.0	0.0	0.226	0.0	0.0	-1.0	0.307	0.104	0.0	0.009	1.0	1.0	0.0	0.682	0.03	0.0	1.0	1.0	1.0	0.0	0.0	0.115	0.259	0.095	0.975	0.0	0.0	0.881	0.907	0.307	0.0	-1.0	0.0	0.0	0.0	0.937	1.0	0.0	0.0	0.0	0.0	1.0	0.789	1.0	0.0	1.0	1.0	0.0	1.0	0.0	0.0	0.844	0.333	0.0	0.891	0.0	1.0	0.0	0.963	0.0	1.0	1.0	0.548	0.0	1.0	-1.0	0.754	0.146	0.018	0.152	1.0	0.0	0.0	0.161	1.0	0.645	0.0	0.347	0.0	0.0	0.171	1.0	0.766	0.27	1.0	0.123	0.258	0.0	0.0	0.557	0.818	-1.0	0.0	1.0	0.909	-1.0	0.0	0.0	1.0	1.0	-1.0	-1.0	-1.0	-1.0	-1.0	-1.0	-1.0	-1.0	-1.0	-1.0	-1.0	-1.0	-1.0	-1.0	-1.0	-1.0	-1.0	-1.0	-1.0	-1.0	-1.0	-1.0	-1.0	-1.0	-1.0	-1.0	-1.0
gnl|Prokka|GCF_000012825.1_1|1833898|A	0.932	-1.0	1.0	1.0	0.0	0.367	-1.0	0.0	1.0	0.0	1.0	-1.0	0.2	-1.0	0.688	0.0	1.0	-1.0	0.0	0.0	0.692	0.0	0.0	0.937	-1.0	1.0	0.0	0.364	0.333	0.625	0.136	0.704	0.0	0.15	0.0	1.0	0.679	0.294	1.0	1.0	0.747	1.0	0.107	0.0	0.0	0.0	0.4	1.0	0.0	0.0	0.0	0.0	1.0	0.0	1.0	1.0	0.0	1.0	0.848	0.26	0.0	0.0	0.855	0.0	0.55	0.0	0.0	0.0	0.36	0.0	0.0	0.573	0.0	0.079	0.0	0.0	0.0	0.0	0.0	1.0	0.0	0.0	0.0	1.0	0.0	0.0	0.756	0.4	0.043	0.077	0.941	0.0	1.0	0.793	0.79	0.0	0.0	0.0	1.0	0.875	0.0	0.56	0.0	0.0	1.0	0.0	0.0	0.0	0.0	0.0	1.0	0.0	0.0	0.0	0.0	1.0	1.0	0.768	0.333	0.0	0.912	0.0	0.304	0.0	0.953	0.0	1.0	0.452	0.389	0.0	1.0	-1.0	0.0	0.146	0.751	0.503	1.0	0.0	1.0	0.3	1.0	0.657	0.0	1.0	0.0	0.0	0.22	1.0	0.0	0.0	1.0	0.0	0.0	0.0	0.0	0.816	0.213	0.0	1.0	0.0	0.0	0.0	0.967	0.114	0.0	0.0	-1.0	-1.0	-1.0	-1.0	-1.0	-1.0	-1.0	-1.0	-1.0	-1.0	-1.0	-1.0	-1.0	-1.0	-1.0	-1.0	-1.0	-1.0	-1.0	-1.0	-1.0	-1.0	-1.0	-1.0	-1.0	-1.0	-1.0
gnl|Prokka|GCF_000012825.1_1|1877298|G	0.0	-1.0	1.0	-1.0	0.0	0.0	-1.0	0.0	0.354	0.0	0.0	-1.0	0.85	0.0	0.25	0.0	0.7	-1.0	0.0	1.0	0.0	1.0	-1.0	0.912	-1.0	0.765	0.0	0.0	0.0	-1.0	0.459	1.0	0.0	0.0	0.0	1.0	0.0	0.358	0.0	0.0	0.775	0.0	0.0	0.0	1.0	0.0	0.0	1.0	0.0	0.404	0.0	0.0	0.618	1.0	0.0	1.0	0.653	0.0	0.221	0.0	0.0	0.6	0.878	1.0	0.491	0.0	0.0	0.0	0.0	0.0	0.0	0.256	0.0	0.971	1.0	0.992	1.0	0.0	0.086	0.0	0.922	0.0	0.0	0.0	0.0	0.0	0.0	0.514	0.03	0.607	1.0	0.734	1.0	0.0	0.052	0.266	0.647	1.0	0.976	1.0	0.0	0.472	0.0	0.0	1.0	0.744	0.0	0.0	0.829	0.0	1.0	0.295	0.0	0.944	0.0	1.0	1.0	0.0	0.452	0.0	1.0	1.0	0.0	0.0	0.0	0.0	0.0	0.424	0.44	0.0	0.238	0.0	0.25	0.84	0.204	0.688	0.983	0.0	-1.0	0.0	0.0	0.0	1.0	0.0	0.0	0.0	0.0	1.0	0.784	-1.0	1.0	1.0	1.0	1.0	0.0	0.113	0.0	1.0	0.0	0.0	0.0	1.0	0.116	0.0	0.0	0.0	-1.0	-1.0	-1.0	-1.0	-1.0	-1.0	-1.0	-1.0	-1.0	-1.0	-1.0	-1.0	-1.0	-1.0	-1.0	-1.0	-1.0	-1.0	-1.0	-1.0	-1.0	-1.0	-1.0	-1.0	-1.0	-1.0	-1.0
gnl|Prokka|GCF_000012825.1_1|1942036|T	1.0	-1.0	1.0	0.0	1.0	0.455	-1.0	1.0	0.222	1.0	1.0	-1.0	0.176	-1.0	0.292	0.0	0.0	-1.0	0.158	0.0	0.0	0.255	1.0	1.0	-1.0	0.0	0.0	-1.0	0.333	0.4	0.615	1.0	0.727	0.079	0.0	1.0	0.125	0.389	1.0	0.0	0.766	0.0	0.0	0.0	0.125	0.0	-1.0	0.0	1.0	0.41	0.0	0.0	1.0	0.0	0.0	1.0	0.869	0.0	0.0	0.0	0.417	0.444	0.891	0.069	0.493	0.0	1.0	1.0	0.184	0.0	0.0	0.0	1.0	0.952	0.0	1.0	1.0	1.0	0.875	0.673	0.0	0.0	1.0	0.0	0.0	0.014	0.786	0.567	0.836	0.593	0.972	0.238	1.0	0.0	0.085	0.0	0.582	-1.0	1.0	1.0	1.0	0.0	0.0	-1.0	1.0	0.743	0.0	0.0	0.409	0.0	1.0	0.0	0.94	0.0	1.0	1.0	1.0	0.774	0.0	0.0	0.861	0.0	0.0	0.0	0.0	1.0	0.0	0.0	0.456	0.0	0.0	-1.0	1.0	0.0	0.747	0.818	0.0	-1.0	0.538	0.0	0.776	0.0	0.0	0.676	0.0	1.0	0.048	1.0	0.831	0.258	0.0	0.0	0.697	1.0	0.0	0.316	0.3	-1.0	0.981	0.24	0.312	0.0	0.04	0.111	1.0	0.0	-1.0	-1.0	-1.0	-1.0	-1.0	-1.0	-1.0	-1.0	-1.0	-1.0	-1.0	-1.0	-1.0	-1.0	-1.0	-1.0	-1.0	-1.0	-1.0	-1.0	-1.0	-1.0	-1.0	-1.0	-1.0	-1.0	-1.0
gnl|Prokka|GCF_000012825.1_1|1942126|A	0.925	-1.0	0.815	0.0	1.0	0.408	-1.0	1.0	0.286	1.0	1.0	-1.0	0.3	-1.0	0.4	0.0	0.0	-1.0	0.079	0.0	0.0	0.133	1.0	1.0	-1.0	0.0	0.0	-1.0	0.0	0.583	0.598	1.0	0.861	0.073	0.0	1.0	0.0	0.339	-1.0	0.0	0.713	0.0	0.1	0.0	0.0	0.0	0.3	0.0	1.0	0.361	0.0	0.027	1.0	0.0	0.0	1.0	0.866	0.0	0.0	0.0	0.395	0.294	0.884	0.078	0.511	0.0	1.0	1.0	0.232	0.0	0.0	0.0	1.0	0.953	0.0	1.0	1.0	1.0	0.845	0.632	0.859	0.0	1.0	0.0	0.0	0.009	0.841	0.414	0.793	0.639	0.978	0.193	1.0	0.0	0.067	0.0	0.688	-1.0	0.98	1.0	1.0	0.0	0.0	-1.0	1.0	0.875	0.0	0.0	0.4	0.0	1.0	0.0	0.932	0.0	1.0	1.0	1.0	0.795	0.0	0.0	0.854	0.0	0.0	0.0	0.0	1.0	0.0	0.0	0.514	0.0	0.0	-1.0	1.0	0.0	0.727	0.782	0.0	-1.0	0.615	0.093	0.764	0.0	0.0	0.533	0.0	1.0	0.089	1.0	0.814	0.197	0.0	0.0	0.709	1.0	0.0	0.39	0.232	0.0	1.0	0.25	0.29	0.0	0.048	0.063	1.0	0.0	-1.0	-1.0	-1.0	-1.0	-1.0	-1.0	-1.0	-1.0	-1.0	-1.0	-1.0	-1.0	-1.0	-1.0	-1.0	-1.0	-1.0	-1.0	-1.0	-1.0	-1.0	-1.0	-1.0	-1.0	-1.0	-1.0	-1.0
gnl|Prokka|GCF_000012825.1_1|1942180|C	0.939	-1.0	1.0	0.0	1.0	0.446	-1.0	1.0	0.25	1.0	1.0	-1.0	0.0	-1.0	0.319	0.0	0.0	-1.0	0.095	0.0	0.0	0.244	0.556	1.0	-1.0	0.0	0.0	-1.0	-1.0	0.667	0.645	1.0	0.905	0.041	0.0	1.0	0.0	0.388	-1.0	0.0	0.681	0.0	0.0	0.0	0.0	0.0	0.0	0.0	1.0	0.375	0.0	0.039	1.0	0.0	0.0	1.0	0.861	0.0	0.0	-1.0	0.342	0.0	0.839	0.059	0.505	0.0	1.0	1.0	0.268	0.0	0.0	0.0	0.719	0.927	0.0	1.0	1.0	1.0	0.887	0.69	0.842	0.0	1.0	0.0	0.0	0.0	0.876	-1.0	0.791	0.662	0.983	0.22	1.0	0.0	0.068	0.0	0.703	-1.0	1.0	1.0	1.0	0.0	0.0	-1.0	1.0	0.842	0.0	0.0	0.462	0.0	1.0	0.0	0.925	0.0	1.0	1.0	1.0	0.792	0.0	0.0	0.8	0.0	0.0	0.0	0.0	1.0	0.0	0.0	0.552	0.0	0.0	-1.0	1.0	0.0	0.743	0.817	0.0	-1.0	0.625	0.0	0.669	0.0	0.0	0.611	0.0	0.969	0.125	1.0	0.787	0.219	0.0	0.0	0.69	1.0	0.0	0.392	0.193	0.0	1.0	0.261	0.333	0.0	0.034	0.108	1.0	0.0	-1.0	-1.0	-1.0	-1.0	-1.0	-1.0	-1.0	-1.0	-1.0	-1.0	-1.0	-1.0	-1.0	-1.0	-1.0	-1.0	-1.0	-1.0	-1.0	-1.0	-1.0	-1.0	-1.0	-1.0	-1.0	-1.0	-1.0
gnl|Prokka|GCF_000012825.1_1|1953295|G	1.0	-1.0	0.8	-1.0	0.0	0.042	-1.0	0.0	0.217	0.0	0.938	-1.0	1.0	-1.0	0.13	0.0	0.0	-1.0	0.1	0.0	0.0	0.213	0.0	1.0	-1.0	0.0	0.0	-1.0	-1.0	0.0	0.553	1.0	1.0	0.0	1.0	1.0	0.111	0.382	0.0	0.0	1.0	0.0	0.812	0.0	0.0	0.0	0.571	1.0	0.0	0.286	0.0	0.0	0.514	0.0	0.0	1.0	0.876	0.0	0.0	0.062	0.378	0.588	0.855	0.095	0.508	1.0	1.0	0.0	0.674	1.0	0.0	0.0	0.654	0.915	0.951	0.99	1.0	0.0	1.0	0.261	0.878	0.0	0.0	0.0	0.0	1.0	0.854	1.0	0.043	0.629	1.0	1.0	1.0	0.0	0.11	0.0	0.645	1.0	1.0	1.0	1.0	0.0	0.0	1.0	1.0	0.905	0.0	0.567	0.163	0.0	1.0	0.495	0.0	0.0	0.0	1.0	1.0	0.0	0.571	0.0	0.826	0.0	0.0	0.0	0.0	1.0	0.0	0.0	0.57	0.0	0.0	-1.0	0.245	0.799	0.173	0.828	0.0	1.0	0.727	0.0	0.0	0.0	1.0	0.0	1.0	1.0	0.197	1.0	0.759	0.507	0.0	1.0	0.699	1.0	1.0	0.475	0.0	0.0	0.0	0.0	0.067	0.636	0.033	0.085	0.0	0.0	-1.0	-1.0	-1.0	-1.0	-1.0	-1.0	-1.0	-1.0	-1.0	-1.0	-1.0	-1.0	-1.0	-1.0	-1.0	-1.0	-1.0	-1.0	-1.0	-1.0	-1.0	-1.0	-1.0	-1.0	-1.0	-1.0	-1.0
gnl|Prokka|GCF_000012825.1_1|1954556|G	1.0	-1.0	0.259	1.0	0.0	0.0	-1.0	0.0	0.0	0.0	0.826	-1.0	0.29	-1.0	0.138	0.158	0.0	-1.0	0.075	0.0	0.0	0.188	-1.0	0.8	-1.0	0.25	0.0	0.583	0.0	-1.0	0.376	0.272	1.0	0.0	1.0	0.0	0.233	0.0	0.0	0.0	0.246	0.0	0.839	0.0	0.0	0.0	0.333	0.857	0.0	0.339	0.0	0.0	-1.0	0.0	0.0	1.0	0.08	0.0	0.0	0.065	0.404	0.167	0.0	0.0	0.528	1.0	1.0	0.0	0.0	1.0	0.0	0.0	0.657	0.0	0.0	0.0	1.0	0.0	1.0	0.0	0.815	0.0	0.0	0.0	0.0	0.775	0.651	1.0	0.047	0.0	0.956	1.0	0.009	0.0	0.09	0.0	0.0	-1.0	0.015	0.0	1.0	0.0	0.0	0.945	0.0	0.0	0.0	0.0	0.053	0.0	0.0	0.0	0.0	0.0	0.0	0.0	0.0	0.0	0.481	0.0	0.806	0.0	0.0	0.0	0.0	1.0	0.0	0.0	0.487	0.0	0.0	-1.0	0.189	0.767	0.234	0.016	0.021	1.0	0.0	0.0	0.0	0.0	1.0	0.0	0.85	1.0	0.0	1.0	0.797	0.562	-1.0	1.0	0.0	0.0	-1.0	0.27	0.0	-1.0	0.0	0.0	0.2	0.6	0.85	0.094	0.0	0.053	-1.0	-1.0	-1.0	-1.0	-1.0	-1.0	-1.0	-1.0	-1.0	-1.0	-1.0	-1.0	-1.0	-1.0	-1.0	-1.0	-1.0	-1.0	-1.0	-1.0	-1.0	-1.0	-1.0	-1.0	-1.0	-1.0	-1.0
gnl|Prokka|GCF_000012825.1_1|1970263|C	0.0	-1.0	0.143	1.0	0.0	0.0	-1.0	0.0	0.0	0.0	0.078	-1.0	0.565	1.0	0.581	0.0	0.786	-1.0	0.0	1.0	0.0	0.0	0.0	1.0	-1.0	0.688	1.0	-1.0	0.25	0.0	0.0	0.229	0.345	0.0	0.0	0.0	0.333	0.0	0.0	0.0	0.0	0.0	0.0	0.0	1.0	0.0	0.727	1.0	0.0	0.0	0.0	0.0	0.37	1.0	0.0	0.0	0.0	0.0	0.281	0.0	0.0	0.0	0.0	0.0	0.46	0.727	0.0	0.0	0.0	1.0	1.0	0.505	0.664	0.0	1.0	0.0	0.0	0.0	0.0	0.0	0.037	0.0	0.0	0.0	0.0	1.0	0.113	0.526	0.062	0.0	0.974	0.0	0.008	0.6	0.883	0.267	0.0	0.333	0.023	0.0	0.0	0.045	0.0	0.0	0.0	0.0	0.0	0.0	0.516	0.0	1.0	0.754	0.048	0.873	0.0	0.0	0.0	0.0	1.0	0.0	1.0	0.0	0.0	1.0	0.0	0.0	0.0	0.375	0.0	0.0	0.288	-1.0	0.3	0.0	0.0	0.0	1.0	0.0	0.0	0.0	0.0	0.37	0.0	0.833	0.0	0.0	0.818	1.0	0.0	0.373	0.733	0.0	0.301	0.0	1.0	0.0	0.0	1.0	1.0	0.636	0.182	0.0	0.91	0.047	0.0	0.0	-1.0	-1.0	-1.0	-1.0	-1.0	-1.0	-1.0	-1.0	-1.0	-1.0	-1.0	-1.0	-1.0	-1.0	-1.0	-1.0	-1.0	-1.0	-1.0	-1.0	-1.0	-1.0	-1.0	-1.0	-1.0	-1.0	-1.0
gnl|Prokka|GCF_000012825.1_1|1978818|G	0.0	-1.0	0.893	1.0	0.0	0.0	-1.0	0.0	0.224	0.0	0.0	-1.0	0.76	-1.0	0.769	0.0	1.0	-1.0	0.815	0.0	0.0	0.0	-1.0	1.0	-1.0	1.0	0.0	0.0	0.0	0.0	0.912	0.778	0.0	0.12	0.0	1.0	0.097	0.368	0.0	0.0	1.0	0.0	0.892	0.0	0.0	0.0	0.0	1.0	0.0	1.0	1.0	0.0	0.621	-1.0	0.0	0.0	0.833	0.0	0.169	0.044	0.612	0.278	0.849	0.063	0.486	0.0	0.0	0.0	0.0	0.0	1.0	0.0	0.669	1.0	0.945	0.99	-1.0	0.0	0.134	0.309	0.0	0.0	0.0	0.0	0.0	0.0	0.0	0.6	0.036	1.0	1.0	0.73	0.989	0.688	0.869	0.759	0.654	0.4	1.0	1.0	0.0	0.0	0.0	0.0	1.0	1.0	0.0	0.465	0.61	0.0	1.0	0.691	0.0	1.0	0.0	-1.0	1.0	0.181	0.406	1.0	1.0	0.0	0.0	0.0	0.0	0.0	0.0	1.0	0.0	0.0	0.46	-1.0	0.273	0.798	0.208	1.0	0.98	0.0	-1.0	1.0	0.0	0.0	1.0	0.0	1.0	0.0	0.0	1.0	1.0	0.568	1.0	1.0	0.746	-1.0	0.0	0.41	0.0	-1.0	0.0	1.0	-1.0	-1.0	0.943	0.0	0.0	0.0	-1.0	-1.0	-1.0	-1.0	-1.0	-1.0	-1.0	-1.0	-1.0	-1.0	-1.0	-1.0	-1.0	-1.0	-1.0	-1.0	-1.0	-1.0	-1.0	-1.0	-1.0	-1.0	-1.0	-1.0	-1.0	-1.0	-1.0
gnl|Prokka|GCF_000012825.1_1|2264992|A	1.0	-1.0	0.129	-1.0	1.0	0.043	-1.0	1.0	0.0	0.969	1.0	-1.0	0.714	1.0	0.366	0.0	0.0	-1.0	0.265	0.0	0.0	1.0	-1.0	1.0	-1.0	0.333	0.0	0.417	1.0	-1.0	0.688	1.0	0.682	0.061	0.0	1.0	0.219	0.368	0.0	0.0	0.0	0.0	0.118	0.0	0.212	0.0	0.636	1.0	1.0	0.256	0.0	0.0	0.441	0.0	0.0	1.0	0.872	0.0	0.0	0.0	0.374	0.375	0.9	0.084	0.429	1.0	1.0	0.0	0.0	0.0	0.0	0.0	1.0	0.917	0.967	1.0	1.0	0.0	0.833	0.0	0.962	0.0	1.0	0.0	0.0	1.0	0.799	1.0	0.052	0.459	0.958	0.25	1.0	0.107	0.074	0.0	0.642	-1.0	1.0	0.974	1.0	0.0	0.0	1.0	1.0	0.812	0.0	0.0	0.289	0.0	1.0	0.514	0.0	0.0	1.0	1.0	1.0	0.0	0.0	0.0	1.0	1.0	0.0	0.231	0.0	-1.0	0.0	0.0	0.444	0.0	0.0	-1.0	0.7	0.0	0.0	0.767	0.0	1.0	0.444	0.0	0.0	0.0	0.0	0.66	0.0	1.0	0.0	1.0	0.862	0.0	0.0	0.0	0.757	1.0	0.0	0.157	0.0	0.0	1.0	0.0	0.1	-1.0	0.055	0.0	1.0	0.0	-1.0	-1.0	-1.0	-1.0	-1.0	-1.0	-1.0	-1.0	-1.0	-1.0	-1.0	-1.0	-1.0	-1.0	-1.0	-1.0	-1.0	-1.0	-1.0	-1.0	-1.0	-1.0	-1.0	-1.0	-1.0	-1.0	-1.0
gnl|Prokka|GCF_000012825.1_1|2269544|A	1.0	-1.0	0.0	-1.0	1.0	0.066	-1.0	1.0	0.0	1.0	1.0	-1.0	0.773	-1.0	0.0	0.0	0.0	-1.0	0.0	0.0	0.0	1.0	-1.0	1.0	-1.0	0.0	0.0	-1.0	0.583	-1.0	0.558	1.0	1.0	0.0	0.0	1.0	0.429	0.0	0.417	0.0	0.0	0.0	0.235	0.0	0.125	0.0	1.0	0.0	1.0	0.245	0.0	0.0	0.172	0.0	0.0	1.0	0.88	0.0	0.0	0.0	0.366	0.647	0.844	0.094	0.449	0.769	1.0	0.0	0.796	1.0	0.0	0.0	1.0	0.91	1.0	0.992	0.462	0.0	0.821	0.742	1.0	0.0	1.0	0.0	0.0	1.0	0.802	0.308	0.027	0.55	0.949	0.274	1.0	0.286	0.057	0.0	0.627	1.0	1.0	0.949	1.0	0.0	0.0	1.0	1.0	1.0	0.0	0.535	0.292	0.0	1.0	0.495	0.0	0.0	1.0	1.0	1.0	0.0	0.59	0.0	1.0	1.0	0.05	0.0	0.0	-1.0	0.0	0.0	0.543	0.0	0.0	-1.0	1.0	0.134	0.8	0.96	0.0	1.0	0.545	0.0	0.689	0.0	0.0	0.0	0.0	1.0	0.156	1.0	0.784	0.0	0.0	0.0	0.685	1.0	1.0	0.242	0.265	0.0	0.0	0.0	0.182	0.0	0.957	0.0	1.0	0.0	-1.0	-1.0	-1.0	-1.0	-1.0	-1.0	-1.0	-1.0	-1.0	-1.0	-1.0	-1.0	-1.0	-1.0	-1.0	-1.0	-1.0	-1.0	-1.0	-1.0	-1.0	-1.0	-1.0	-1.0	-1.0	-1.0	-1.0
gnl|Prokka|GCF_000012825.1_1|2269594|T	1.0	-1.0	0.7	-1.0	1.0	0.0	-1.0	1.0	0.293	1.0	1.0	-1.0	0.773	-1.0	0.0	0.0	0.0	-1.0	0.0	0.0	0.0	1.0	-1.0	1.0	-1.0	0.0	0.0	-1.0	1.0	-1.0	0.595	1.0	1.0	0.0	0.0	1.0	0.345	0.0	1.0	0.0	0.771	0.0	0.229	0.0	0.111	0.0	0.722	0.0	1.0	0.311	0.0	0.0	0.2	0.0	0.0	1.0	0.865	0.0	0.0	0.203	0.376	0.455	0.848	0.077	0.486	1.0	1.0	0.0	1.0	1.0	0.0	0.0	1.0	0.889	1.0	0.992	0.524	0.0	0.807	0.736	0.946	0.0	1.0	0.0	0.0	1.0	0.828	0.407	0.028	0.64	0.972	0.265	1.0	0.31	0.059	0.0	0.64	1.0	1.0	0.963	1.0	0.0	0.0	1.0	1.0	0.857	0.0	0.509	0.289	0.0	1.0	-1.0	0.0	0.0	1.0	1.0	1.0	0.0	0.526	0.0	1.0	1.0	0.066	0.0	0.0	-1.0	0.0	0.0	0.578	0.0	0.0	-1.0	1.0	0.146	0.84	0.969	0.0	1.0	0.556	0.0	0.656	0.0	0.0	0.481	0.0	1.0	0.144	1.0	0.779	0.0	0.0	0.0	0.704	1.0	1.0	0.184	0.014	0.0	0.0	1.0	0.171	0.0	0.949	0.0	1.0	0.0	-1.0	-1.0	-1.0	-1.0	-1.0	-1.0	-1.0	-1.0	-1.0	-1.0	-1.0	-1.0	-1.0	-1.0	-1.0	-1.0	-1.0	-1.0	-1.0	-1.0	-1.0	-1.0	-1.0	-1.0	-1.0	-1.0	-1.0
gnl|Prokka|GCF_000012825.1_1|2300702|C	-1.0	-1.0	0.135	-1.0	0.0	0.522	-1.0	0.0	0.558	0.0	1.0	-1.0	0.0	-1.0	0.0	0.0	0.0	-1.0	0.0	0.0	1.0	1.0	-1.0	1.0	-1.0	0.19	0.0	-1.0	0.0	0.0	0.461	0.74	1.0	1.0	0.0	0.0	0.346	0.237	0.545	0.0	0.0	0.0	0.0	0.0	0.0	-1.0	0.0	0.0	0.0	0.306	0.0	-1.0	0.194	0.0	0.0	0.0	1.0	0.0	0.71	0.249	0.22	1.0	0.0	0.097	0.476	0.0	-1.0	1.0	0.786	0.0	0.0	0.0	0.62	0.899	0.0	1.0	0.0	0.0	0.781	0.0	0.057	-1.0	0.0	1.0	0.0	0.0	0.787	0.345	0.832	-1.0	0.991	0.187	0.0	0.0	0.024	0.0	0.639	0.0	0.0	0.0	-1.0	0.0	0.0	-1.0	0.0	0.864	0.0	0.436	0.229	0.0	1.0	0.0	0.0	0.0	0.0	0.0	0.0	0.0	0.0	0.0	0.844	0.985	0.074	0.0	0.0	0.0	1.0	0.0	0.0	-1.0	0.0	0.0	0.146	0.0	0.017	0.319	-1.0	-1.0	0.0	0.0	0.0	0.0	0.0	1.0	1.0	1.0	0.111	1.0	0.694	0.0	0.0	0.0	0.684	1.0	0.0	0.598	0.0	0.0	1.0	0.0	0.75	0.0	0.82	1.0	0.0	0.109	-1.0	-1.0	-1.0	-1.0	-1.0	-1.0	-1.0	-1.0	-1.0	-1.0	-1.0	-1.0	-1.0	-1.0	-1.0	-1.0	-1.0	-1.0	-1.0	-1.0	-1.0	-1.0	-1.0	-1.0	-1.0	-1.0	-1.0
gnl|Prokka|GCF_000012825.1_1|2343566|A	0.0	-1.0	0.679	1.0	0.0	0.577	-1.0	0.0	0.739	0.0	0.087	-1.0	0.75	0.0	0.0	0.0	0.0	-1.0	0.848	1.0	0.722	0.167	-1.0	1.0	-1.0	0.4	1.0	0.571	0.444	1.0	0.0	0.0	0.0	0.0	0.007	0.0	0.0	0.0	-1.0	0.0	0.785	0.0	0.083	0.0	0.0	0.0	0.0	1.0	0.0	0.0	0.0	0.0	0.0	0.0	0.0	1.0	0.0	0.0	0.778	0.0	0.0	0.0	0.0	0.949	0.0	0.0	0.0	0.0	0.0	0.0	1.0	0.29	0.632	0.0	1.0	0.011	0.0	0.0	0.0	0.293	0.047	0.0	0.0	1.0	0.0	0.0	0.165	0.471	0.051	0.11	0.977	0.0	0.0	0.0	0.104	0.243	0.355	0.429	0.0	0.0	0.0	0.513	0.0	0.375	0.0	0.0	1.0	0.467	0.0	0.0	1.0	0.817	0.0	0.051	0.0	0.0	0.0	0.188	0.0	0.0	1.0	0.0	0.0	1.0	0.0	0.0	0.985	0.054	0.491	0.0	0.0	0.0	0.286	0.0	0.018	0.0	0.0	0.0	0.688	0.0	0.0	0.372	0.0	0.0	1.0	0.0	0.833	1.0	0.0	0.0	0.0	0.125	0.292	-1.0	-1.0	0.0	0.293	-1.0	0.0	0.824	0.257	0.278	0.897	0.129	0.0	0.103	-1.0	-1.0	-1.0	-1.0	-1.0	-1.0	-1.0	-1.0	-1.0	-1.0	-1.0	-1.0	-1.0	-1.0	-1.0	-1.0	-1.0	-1.0	-1.0	-1.0	-1.0	-1.0	-1.0	-1.0	-1.0	-1.0	-1.0
gnl|Prokka|GCF_000012825.1_1|2343638|C	1.0	-1.0	0.0	0.0	0.0	0.0	-1.0	0.0	0.0	0.0	0.889	-1.0	0.233	0.667	0.0	0.143	0.0	-1.0	0.0	0.0	0.0	0.0	0.0	0.0	-1.0	0.0	0.0	0.0	0.0	-1.0	0.128	1.0	1.0	0.0	0.992	1.0	0.0	0.0	0.0	0.0	0.0	0.0	0.75	0.0	0.0	0.0	0.308	0.0	0.0	0.0	0.0	0.0	0.514	1.0	0.0	0.0	-1.0	0.0	0.0	0.946	1.0	0.375	0.889	0.06	0.494	1.0	1.0	0.0	0.704	1.0	0.0	0.0	0.0	0.937	0.0	0.989	-1.0	0.0	0.843	0.0	0.828	0.0	0.0	0.0	0.0	1.0	0.851	0.429	0.0	0.497	0.0	0.16	0.991	0.0	0.071	0.0	0.625	-1.0	1.0	1.0	-1.0	0.0	0.0	-1.0	1.0	0.857	0.0	0.55	0.349	0.0	0.0	0.195	0.0	0.873	0.0	1.0	1.0	0.0	0.667	0.0	0.0	0.0	0.0	0.0	0.0	-1.0	0.0	0.548	0.0	0.0	0.0	-1.0	0.0	0.15	0.0	1.0	0.0	-1.0	0.0	0.0	0.0	0.0	0.0	0.154	0.021	1.0	0.176	0.0	0.0	0.0	0.0	0.0	0.691	-1.0	1.0	0.206	0.0	-1.0	0.0	0.0	0.744	0.0	0.029	0.0	0.0	0.0	-1.0	-1.0	-1.0	-1.0	-1.0	-1.0	-1.0	-1.0	-1.0	-1.0	-1.0	-1.0	-1.0	-1.0	-1.0	-1.0	-1.0	-1.0	-1.0	-1.0	-1.0	-1.0	-1.0	-1.0	-1.0	-1.0	-1.0
gnl|Prokka|GCF_000012825.1_1|2366878|T	0.075	-1.0	0.222	-1.0	1.0	0.0	-1.0	1.0	0.0	0.97	0.0	-1.0	0.556	1.0	1.0	1.0	1.0	-1.0	1.0	1.0	0.19	1.0	1.0	1.0	-1.0	1.0	0.9	0.0	0.556	1.0	0.594	0.227	1.0	0.061	0.0	0.0	0.333	1.0	-1.0	0.0	0.0	0.0	0.077	1.0	1.0	0.273	0.312	1.0	1.0	0.297	0.0	0.0	0.639	0.0	0.0	0.0	0.0	0.0	0.0	0.626	0.0	0.0	0.111	0.925	0.518	1.0	0.0	0.0	0.722	1.0	1.0	0.457	1.0	0.0	0.919	0.0	1.0	1.0	0.165	0.337	0.96	0.0	1.0	0.0	1.0	0.986	0.136	0.486	0.21	0.0	0.971	0.78	0.007	1.0	0.886	0.199	0.0	0.625	0.0	0.0	0.0	0.518	1.0	0.0	0.0	0.0	0.0	0.505	0.452	1.0	0.0	0.817	0.0	0.0	-1.0	0.0	0.0	0.281	1.0	0.0	1.0	1.0	0.788	1.0	0.0	0.0	0.0	0.585	0.556	0.0	0.28	-1.0	0.773	1.0	0.189	0.028	0.979	0.0	0.462	0.115	0.0	0.376	1.0	0.0	1.0	0.0	1.0	1.0	0.827	0.492	1.0	1.0	0.293	0.0	1.0	0.578	0.805	-1.0	0.0	0.6	0.31	1.0	0.063	0.0	1.0	1.0	-1.0	-1.0	-1.0	-1.0	-1.0	-1.0	-1.0	-1.0	-1.0	-1.0	-1.0	-1.0	-1.0	-1.0	-1.0	-1.0	-1.0	-1.0	-1.0	-1.0	-1.0	-1.0	-1.0	-1.0	-1.0	-1.0	-1.0
gnl|Prokka|GCF_000012825.1_1|2373822|C	0.967	-1.0	0.87	-1.0	0.0	1.0	-1.0	0.0	0.83	0.0	1.0	-1.0	1.0	-1.0	0.681	0.0	1.0	-1.0	0.0	1.0	0.556	0.294	-1.0	0.0	-1.0	1.0	0.0	0.0	0.333	0.667	0.0	1.0	1.0	0.026	1.0	0.0	0.222	0.0	0.0	0.0	0.746	0.0	0.886	0.0	0.911	0.0	1.0	1.0	0.0	0.0	0.0	0.0	1.0	0.0	0.0	0.0	0.864	0.0	0.863	0.0	0.583	0.417	0.0	1.0	0.468	1.0	0.0	0.0	0.833	1.0	1.0	0.386	0.692	0.864	0.964	1.0	0.0	0.0	0.126	0.29	0.856	0.0	0.0	1.0	0.0	1.0	0.839	0.31	0.0	0.63	0.028	0.733	0.0	0.78	0.935	0.197	1.0	-1.0	0.0	0.04	0.0	0.43	0.0	0.0	0.0	0.911	1.0	1.0	0.848	0.0	0.0	1.0	0.935	0.049	0.0	0.0	0.0	0.0	1.0	0.0	0.0	0.0	0.0	0.0	0.0	0.0	1.0	1.0	0.0	0.0	0.38	-1.0	0.292	0.866	0.209	0.708	0.984	0.0	0.6	0.08	0.0	0.0	1.0	0.494	1.0	0.0	0.184	0.0	0.0	0.583	1.0	0.905	1.0	1.0	1.0	0.223	0.0	0.0	1.0	0.677	0.815	1.0	0.943	0.067	0.0	0.0	-1.0	-1.0	-1.0	-1.0	-1.0	-1.0	-1.0	-1.0	-1.0	-1.0	-1.0	-1.0	-1.0	-1.0	-1.0	-1.0	-1.0	-1.0	-1.0	-1.0	-1.0	-1.0	-1.0	-1.0	-1.0	-1.0	-1.0
gnl|Prokka|GCF_000012825.1_1|2375723|T	0.0	-1.0	0.217	-1.0	1.0	1.0	-1.0	1.0	0.585	1.0	0.146	-1.0	1.0	-1.0	0.55	0.0	0.722	-1.0	0.0	0.0	1.0	0.902	0.583	0.0	-1.0	1.0	0.0	0.7	0.6	-1.0	0.554	1.0	0.0	0.0	1.0	1.0	0.154	0.0	-1.0	0.0	0.0	0.0	1.0	0.0	1.0	0.0	0.333	1.0	1.0	0.429	0.0	0.0	-1.0	1.0	0.0	1.0	0.691	0.0	0.812	0.23	0.0	0.571	0.861	0.095	0.443	1.0	0.0	1.0	0.0	1.0	0.0	0.255	1.0	1.0	1.0	1.0	0.0	0.0	0.143	1.0	0.054	0.0	1.0	1.0	0.0	1.0	0.025	0.684	0.781	0.56	0.024	0.766	1.0	0.891	0.831	0.06	0.639	0.727	1.0	1.0	0.0	0.0	0.0	0.0	1.0	0.804	0.0	0.535	0.639	0.0	0.0	0.523	1.0	0.913	1.0	1.0	1.0	0.817	1.0	0.0	0.098	1.0	0.0	0.0	0.0	0.0	1.0	0.484	0.538	0.0	0.188	0.625	1.0	0.847	1.0	0.746	1.0	0.0	1.0	0.0	0.751	0.0	1.0	0.469	0.0	0.0	0.0	0.0	0.861	0.652	1.0	0.842	0.718	1.0	-1.0	0.195	0.0	-1.0	0.0	0.421	0.0	1.0	0.146	0.062	1.0	0.0	-1.0	-1.0	-1.0	-1.0	-1.0	-1.0	-1.0	-1.0	-1.0	-1.0	-1.0	-1.0	-1.0	-1.0	-1.0	-1.0	-1.0	-1.0	-1.0	-1.0	-1.0	-1.0	-1.0	-1.0	-1.0	-1.0	-1.0
gnl|Prokka|GCF_000012825.1_1|2434282|A	0.0	-1.0	0.172	0.0	1.0	0.0	-1.0	1.0	0.0	1.0	0.0	-1.0	0.773	-1.0	0.0	0.0	0.688	-1.0	0.0	0.0	0.0	0.0	0.417	0.938	-1.0	0.857	0.0	0.667	0.3	0.75	0.595	1.0	0.167	0.0	0.0	1.0	0.286	0.0	-1.0	0.0	0.0	0.0	0.171	0.0	0.0	0.0	-1.0	0.0	1.0	0.275	0.0	0.0	0.647	1.0	0.0	1.0	0.338	0.0	0.0	0.0	0.0	0.438	0.877	0.093	0.544	0.84	0.0	0.0	0.667	1.0	0.0	0.0	1.0	0.926	1.0	1.0	-1.0	-1.0	0.0	0.716	0.0	0.0	1.0	0.0	0.0	0.992	0.0	0.0	0.054	0.489	1.0	0.0	1.0	0.0	0.0	0.043	0.599	-1.0	1.0	1.0	0.0	0.0	0.0	0.0	1.0	0.756	0.0	0.0	0.19	0.0	1.0	0.548	0.0	1.0	1.0	-1.0	1.0	0.809	1.0	0.0	1.0	0.0	0.0	0.0	0.0	0.0	0.0	0.4	0.479	0.0	0.283	0.375	0.714	0.0	0.836	0.17	1.0	0.0	-1.0	0.0	0.656	0.0	0.0	0.0	0.0	0.0	0.165	1.0	0.77	0.067	1.0	0.0	0.636	-1.0	1.0	0.176	0.0	-1.0	0.0	0.0	0.0	0.438	0.105	0.095	1.0	0.0	-1.0	-1.0	-1.0	-1.0	-1.0	-1.0	-1.0	-1.0	-1.0	-1.0	-1.0	-1.0	-1.0	-1.0	-1.0	-1.0	-1.0	-1.0	-1.0	-1.0	-1.0	-1.0	-1.0	-1.0	-1.0	-1.0	-1.0
gnl|Prokka|GCF_000012825.1_1|2436315|T	0.0	-1.0	0.185	-1.0	1.0	0.0	-1.0	1.0	0.0	1.0	0.098	-1.0	1.0	-1.0	1.0	0.0	-1.0	-1.0	0.0	0.0	0.0	0.149	-1.0	0.0	-1.0	0.84	1.0	0.0	0.571	-1.0	0.626	1.0	0.0	0.0	0.0	1.0	0.364	0.0	0.0	0.0	0.0	0.0	0.224	0.0	0.0	0.0	0.0	1.0	1.0	0.261	0.0	0.0	0.692	1.0	0.0	1.0	0.66	0.0	0.0	0.0	0.0	0.714	0.848	0.08	0.56	0.25	0.0	0.0	0.796	0.0	0.0	0.2	1.0	0.953	1.0	1.0	0.0	0.0	0.0	0.307	0.0	0.0	1.0	0.0	0.0	0.0	0.124	0.49	0.0	0.583	0.049	0.0	1.0	0.815	0.836	0.032	0.665	-1.0	0.97	1.0	0.0	0.086	0.0	0.0	1.0	0.733	0.0	0.0	0.263	0.0	1.0	0.541	0.0	0.92	1.0	1.0	1.0	0.0	0.594	0.0	0.0	0.0	0.0	1.0	0.0	0.0	0.0	0.353	0.468	0.0	0.2	-1.0	0.818	0.0	0.0	0.851	0.982	0.0	0.333	0.073	0.0	0.316	0.0	0.0	0.0	0.0	1.0	0.0	0.755	0.0	1.0	0.0	0.783	1.0	0.0	0.2	0.0	1.0	0.0	0.333	0.0	0.0	0.102	0.075	1.0	0.0	-1.0	-1.0	-1.0	-1.0	-1.0	-1.0	-1.0	-1.0	-1.0	-1.0	-1.0	-1.0	-1.0	-1.0	-1.0	-1.0	-1.0	-1.0	-1.0	-1.0	-1.0	-1.0	-1.0	-1.0	-1.0	-1.0	-1.0
gnl|Prokka|GCF_000012825.1_1|2441381|A	0.0	-1.0	0.607	-1.0	0.0	0.0	-1.0	0.0	0.159	0.0	0.0	-1.0	0.739	-1.0	0.0	0.0	0.0	-1.0	0.0	0.0	0.0	0.0	-1.0	1.0	-1.0	0.2	1.0	-1.0	0.0	0.0	0.058	0.272	0.0	0.0	0.0	1.0	1.0	0.0	-1.0	0.0	1.0	0.0	0.0	0.0	0.0	-1.0	0.0	0.0	0.0	0.0	0.0	-1.0	0.0	1.0	0.0	0.0	0.0	0.0	0.205	0.03	0.646	0.529	0.867	0.0	0.0	0.143	0.0	0.0	0.812	0.0	0.0	0.226	0.68	0.059	1.0	0.0	0.0	0.0	0.14	0.29	0.0	-1.0	0.0	0.0	0.0	0.0	0.143	0.0	0.022	0.0	1.0	0.713	1.0	0.0	0.0	0.046	0.0	-1.0	1.0	0.975	0.0	0.057	0.0	0.0	1.0	0.0	0.0	0.608	0.0	0.0	0.0	0.659	0.0	0.925	0.0	1.0	1.0	1.0	0.0	0.0	0.871	0.0	0.0	1.0	0.0	0.0	0.0	0.458	0.0	-1.0	0.0	-1.0	0.25	0.795	0.156	0.572	0.0	0.0	0.583	0.0	0.303	1.0	-1.0	0.0	0.0	0.0	1.0	0.995	0.0	0.9	0.0	0.0	0.0	0.0	0.0	1.0	0.0	-1.0	1.0	0.0	0.667	-1.0	0.0	0.89	0.0	0.0	-1.0	-1.0	-1.0	-1.0	-1.0	-1.0	-1.0	-1.0	-1.0	-1.0	-1.0	-1.0	-1.0	-1.0	-1.0	-1.0	-1.0	-1.0	-1.0	-1.0	-1.0	-1.0	-1.0	-1.0	-1.0	-1.0	-1.0
gnl|Prokka|GCF_000012825.1_1|2445507|G	0.857	-1.0	0.179	-1.0	1.0	0.0	-1.0	0.903	0.0	1.0	1.0	-1.0	1.0	1.0	0.0	0.211	0.556	-1.0	0.0	0.0	0.0	0.0	-1.0	1.0	-1.0	0.524	0.0	-1.0	1.0	-1.0	0.686	1.0	1.0	0.0	1.0	1.0	0.214	0.0	1.0	0.0	0.0	0.0	1.0	0.0	0.077	0.0	1.0	0.0	1.0	0.35	0.094	0.0	1.0	1.0	0.0	1.0	0.757	0.0	0.0	0.0	0.404	0.75	0.872	0.114	1.0	1.0	1.0	0.0	1.0	1.0	0.0	0.0	1.0	0.925	1.0	1.0	-1.0	0.0	0.857	0.0	0.0	0.0	1.0	0.0	0.0	1.0	0.845	0.389	0.027	0.573	0.968	0.208	1.0	0.0	0.888	0.021	0.591	-1.0	1.0	1.0	1.0	0.0	0.0	1.0	1.0	0.829	0.0	0.0	0.152	0.0	0.0	0.502	0.0	0.935	1.0	-1.0	1.0	0.0	1.0	0.0	0.9	0.0	0.0	0.0	0.0	1.0	0.0	0.368	0.4	0.0	0.153	-1.0	0.676	0.0	0.023	0.518	1.0	1.0	0.0	0.0	0.0	0.0	0.0	0.0	1.0	1.0	0.203	1.0	0.728	0.034	1.0	0.0	0.664	-1.0	1.0	0.136	0.237	1.0	0.0	-1.0	0.217	0.0	0.938	0.08	-1.0	0.0	-1.0	-1.0	-1.0	-1.0	-1.0	-1.0	-1.0	-1.0	-1.0	-1.0	-1.0	-1.0	-1.0	-1.0	-1.0	-1.0	-1.0	-1.0	-1.0	-1.0	-1.0	-1.0	-1.0	-1.0	-1.0	-1.0	-1.0
gnl|Prokka|GCF_000012825.1_1|2445912|T	0.0	-1.0	1.0	-1.0	1.0	0.061	-1.0	1.0	0.341	1.0	0.111	-1.0	0.0	-1.0	1.0	0.0	1.0	-1.0	0.079	1.0	0.0	0.0	0.462	0.0	-1.0	1.0	0.0	-1.0	1.0	0.615	0.536	0.0	0.211	0.0	0.0	0.0	0.0	0.303	0.0	0.0	0.768	0.0	0.194	0.0	0.0	0.0	0.429	1.0	1.0	0.267	0.0	0.0	0.586	0.0	0.0	0.0	0.0	0.0	0.222	0.0	0.0	0.0	0.0	0.924	0.461	1.0	0.0	-1.0	0.605	1.0	0.0	0.0	0.36	0.0	0.0	0.0	1.0	0.0	0.0	1.0	0.917	0.0	1.0	0.0	0.0	1.0	0.0	0.621	0.776	0.0	0.0	0.0	0.0	0.76	0.918	0.248	0.016	0.0	0.0	0.0	0.0	0.413	0.0	0.0	0.0	0.0	0.0	0.528	0.068	0.0	0.0	0.293	0.0	0.0	1.0	0.0	0.0	0.0	1.0	0.0	0.0	0.0	0.0	-1.0	0.0	0.0	0.0	0.464	0.0	0.0	0.2	-1.0	0.789	0.0	0.783	0.0	1.0	0.0	-1.0	0.088	0.697	0.0	0.0	0.0	0.0	0.0	0.183	0.0	0.718	0.0	1.0	0.0	0.305	0.0	1.0	0.0	0.0	0.0	0.019	-1.0	0.222	-1.0	0.0	0.0	1.0	0.0	-1.0	-1.0	-1.0	-1.0	-1.0	-1.0	-1.0	-1.0	-1.0	-1.0	-1.0	-1.0	-1.0	-1.0	-1.0	-1.0	-1.0	-1.0	-1.0	-1.0	-1.0	-1.0	-1.0	-1.0	-1.0	-1.0	-1.0
gnl|Prokka|GCF_000012825.1_1|2446294|G	0.892	-1.0	0.0	-1.0	0.0	0.371	-1.0	0.0	0.0	0.0	1.0	-1.0	1.0	-1.0	0.0	0.0	0.0	-1.0	0.0	0.0	0.0	0.0	-1.0	1.0	-1.0	0.304	0.0	-1.0	0.0	-1.0	0.058	1.0	0.75	0.0	0.0	1.0	0.261	0.0	0.842	0.0	0.0	0.0	0.0	0.0	0.0	0.0	-1.0	0.0	0.0	0.0	0.0	0.042	0.577	1.0	0.0	1.0	0.833	0.0	0.0	0.0	0.337	0.357	0.843	0.112	0.502	0.0	1.0	0.0	0.289	0.0	0.0	0.0	0.676	0.88	1.0	0.982	0.0	1.0	0.89	0.762	0.89	0.0	0.0	0.0	0.0	0.0	0.804	0.448	0.048	0.716	1.0	0.28	-1.0	0.0	0.1	0.0	0.684	-1.0	0.979	1.0	1.0	0.0	0.0	1.0	1.0	0.654	0.0	0.0	0.488	0.0	0.0	0.555	0.927	1.0	0.0	1.0	1.0	0.0	0.0	0.0	0.927	0.0	0.0	0.0	0.0	1.0	0.0	0.0	0.446	0.0	0.0	-1.0	0.0	0.0	0.764	0.748	0.0	1.0	-1.0	0.0	0.723	0.0	0.0	0.0	1.0	1.0	0.0	1.0	0.0	0.045	0.0	0.0	0.654	1.0	0.0	0.19	0.229	-1.0	0.0	0.0	0.308	0.0	0.922	0.073	0.0	0.0	-1.0	-1.0	-1.0	-1.0	-1.0	-1.0	-1.0	-1.0	-1.0	-1.0	-1.0	-1.0	-1.0	-1.0	-1.0	-1.0	-1.0	-1.0	-1.0	-1.0	-1.0	-1.0	-1.0	-1.0	-1.0	-1.0	-1.0
gnl|Prokka|GCF_000012825.1_1|2482501|G	0.0	-1.0	0.0	-1.0	0.0	0.0	-1.0	0.0	0.0	0.0	0.0	-1.0	1.0	1.0	0.0	0.0	0.0	-1.0	0.904	0.0	0.0	0.0	1.0	0.0	-1.0	0.19	0.0	0.0	0.0	-1.0	0.676	1.0	0.0	0.0	0.0	1.0	0.407	0.0	-1.0	0.0	0.0	0.0	0.811	0.0	0.0	0.0	0.0	1.0	0.0	0.162	0.0	0.0	0.0	1.0	0.0	1.0	0.823	0.0	0.225	0.955	0.0	0.619	0.888	0.072	0.0	1.0	0.0	0.0	0.232	1.0	1.0	0.0	0.657	0.916	1.0	1.0	0.0	0.0	0.174	1.0	0.0	0.0	0.0	0.0	0.0	1.0	0.0	0.227	0.0	0.556	0.0	0.811	0.993	0.0	0.0	0.07	1.0	-1.0	1.0	1.0	0.0	0.0	0.0	0.0	1.0	0.696	1.0	0.0	0.364	0.0	0.0	0.564	0.0	0.951	0.0	1.0	1.0	1.0	0.714	0.0	0.0	0.0	0.0	0.0	0.0	0.0	0.0	0.0	0.452	0.0	0.0	-1.0	0.138	1.0	1.0	0.901	0.0	0.0	1.0	0.0	0.768	0.0	1.0	1.0	1.0	0.0	0.0	0.0	0.831	0.61	0.0	0.873	0.698	1.0	1.0	0.155	0.0	1.0	1.0	0.0	0.0	-1.0	0.948	0.083	0.0	0.0	-1.0	-1.0	-1.0	-1.0	-1.0	-1.0	-1.0	-1.0	-1.0	-1.0	-1.0	-1.0	-1.0	-1.0	-1.0	-1.0	-1.0	-1.0	-1.0	-1.0	-1.0	-1.0	-1.0	-1.0	-1.0	-1.0	-1.0
gnl|Prokka|GCF_000012825.1_1|2513134|A	0.0	-1.0	0.161	-1.0	1.0	1.0	-1.0	1.0	0.434	1.0	0.057	-1.0	0.0	-1.0	0.167	0.0	1.0	-1.0	0.0	0.0	0.688	0.224	-1.0	0.862	-1.0	1.0	1.0	-1.0	1.0	0.0	1.0	1.0	0.0	0.424	0.0	1.0	1.0	0.0	0.0	0.0	0.0	0.0	1.0	0.0	0.0	-1.0	0.273	1.0	1.0	1.0	1.0	1.0	0.488	1.0	0.0	1.0	0.037	0.0	1.0	0.0	0.61	0.385	0.784	0.0	0.429	0.0	0.0	0.0	0.0	0.0	0.0	0.596	1.0	0.079	0.0	0.0	0.0	0.0	0.0	1.0	0.0	1.0	1.0	1.0	0.0	0.0	0.083	0.4	0.044	0.372	0.95	0.0	1.0	0.0	0.86	0.721	0.0	-1.0	0.977	0.886	0.0	0.451	0.0	0.0	1.0	0.189	0.0	0.4	0.643	0.0	0.0	0.142	1.0	1.0	1.0	-1.0	1.0	0.719	0.361	1.0	1.0	-1.0	0.0	1.0	0.545	0.0	1.0	1.0	0.534	1.0	1.0	-1.0	1.0	0.71	0.758	0.262	1.0	0.0	-1.0	1.0	1.0	1.0	0.0	0.0	0.0	0.0	0.782	1.0	1.0	0.0	1.0	0.0	0.0	0.0	0.0	0.391	0.0	-1.0	0.0	1.0	-1.0	0.6	0.902	1.0	1.0	0.0	-1.0	-1.0	-1.0	-1.0	-1.0	-1.0	-1.0	-1.0	-1.0	-1.0	-1.0	-1.0	-1.0	-1.0	-1.0	-1.0	-1.0	-1.0	-1.0	-1.0	-1.0	-1.0	-1.0	-1.0	-1.0	-1.0	-1.0
gnl|Prokka|GCF_000012825.1_1|2513167|C	0.0	-1.0	0.118	-1.0	1.0	0.913	-1.0	1.0	0.316	1.0	0.083	-1.0	0.318	-1.0	0.0	0.0	1.0	-1.0	0.0	0.0	0.615	0.175	0.429	1.0	-1.0	1.0	1.0	-1.0	1.0	0.0	1.0	1.0	0.0	0.318	0.0	1.0	1.0	0.0	0.0	0.0	0.0	0.0	1.0	0.0	0.0	-1.0	0.0	1.0	-1.0	1.0	1.0	1.0	0.415	1.0	0.0	-1.0	0.015	0.0	1.0	0.65	0.569	0.25	0.73	0.0	0.37	0.0	0.0	0.0	0.0	0.0	0.0	0.541	1.0	0.058	0.0	0.009	0.0	0.0	0.0	1.0	0.0	-1.0	1.0	1.0	0.0	0.0	0.058	0.316	0.038	0.303	0.949	0.0	1.0	0.0	0.841	0.717	0.0	-1.0	0.953	0.875	0.0	0.348	0.0	0.0	1.0	0.214	0.0	0.34	0.565	0.0	0.0	0.138	1.0	1.0	1.0	-1.0	1.0	0.719	0.364	1.0	1.0	0.0	0.0	-1.0	0.0	0.0	1.0	1.0	0.389	-1.0	1.0	-1.0	1.0	0.702	0.725	0.0	1.0	0.0	-1.0	-1.0	1.0	1.0	0.0	0.0	0.0	0.0	0.733	1.0	1.0	0.0	1.0	0.0	0.023	0.0	0.0	0.78	0.223	-1.0	0.0	0.0	0.484	0.6	0.898	1.0	-1.0	0.0	-1.0	-1.0	-1.0	-1.0	-1.0	-1.0	-1.0	-1.0	-1.0	-1.0	-1.0	-1.0	-1.0	-1.0	-1.0	-1.0	-1.0	-1.0	-1.0	-1.0	-1.0	-1.0	-1.0	-1.0	-1.0	-1.0	-1.0
gnl|Prokka|GCF_000012825.1_1|2518410|C	0.0	-1.0	0.667	-1.0	1.0	0.456	-1.0	1.0	0.256	1.0	0.0	-1.0	0.2	-1.0	-1.0	0.0	0.0	-1.0	0.0	0.0	0.0	0.17	0.625	0.0	-1.0	0.417	0.0	-1.0	0.25	0.0	0.907	0.0	0.0	1.0	0.0	1.0	0.0	0.454	-1.0	0.0	0.735	0.0	0.0	0.0	0.0	0.333	0.0	1.0	1.0	1.0	1.0	1.0	0.0	1.0	0.0	0.0	0.82	0.0	0.0	0.0	0.597	1.0	0.9	0.055	0.0	0.357	0.0	0.0	0.723	0.0	0.0	0.0	0.352	1.0	1.0	1.0	0.0	0.0	0.0	0.709	0.0	1.0	1.0	0.0	0.0	0.0	0.0	0.593	0.0	1.0	0.031	0.0	1.0	0.0	0.0	0.765	0.551	0.444	1.0	1.0	0.0	0.0	0.0	0.0	1.0	1.0	0.0	0.558	0.436	0.0	0.0	0.695	1.0	1.0	-1.0	1.0	1.0	0.0	0.0	1.0	0.0	0.0	0.0	0.0	0.0	0.0	0.0	0.625	0.0	1.0	0.0	1.0	1.0	0.818	0.771	0.981	0.0	0.0	0.619	1.0	0.686	0.0	0.0	0.0	1.0	0.0	0.167	0.0	1.0	0.042	0.0	0.0	0.587	1.0	0.0	0.23	0.0	1.0	-1.0	0.0	0.452	-1.0	0.035	1.0	1.0	0.0	-1.0	-1.0	-1.0	-1.0	-1.0	-1.0	-1.0	-1.0	-1.0	-1.0	-1.0	-1.0	-1.0	-1.0	-1.0	-1.0	-1.0	-1.0	-1.0	-1.0	-1.0	-1.0	-1.0	-1.0	-1.0	-1.0	-1.0
gnl|Prokka|GCF_000012825.1_1|2563423|G	0.038	-1.0	0.394	-1.0	0.0	0.051	-1.0	0.0	0.0	0.0	0.07	-1.0	0.571	-1.0	1.0	0.0	1.0	-1.0	1.0	0.0	0.0	0.0	-1.0	0.949	-1.0	0.692	1.0	1.0	0.0	-1.0	0.322	1.0	0.25	-1.0	0.0	0.0	0.318	0.0	-1.0	0.0	0.212	0.0	0.0	0.0	1.0	-1.0	-1.0	1.0	0.0	0.744	0.857	-1.0	0.677	0.0	0.0	1.0	0.759	0.0	0.0	0.055	0.629	1.0	0.0	0.075	0.491	1.0	0.0	0.0	1.0	1.0	-1.0	0.38	0.625	1.0	1.0	1.0	1.0	0.0	0.151	0.0	0.0	-1.0	0.0	0.0	0.0	1.0	0.183	0.444	0.063	0.91	0.971	0.824	0.0	0.0	0.854	0.654	0.648	1.0	0.0	0.023	0.0	0.031	0.0	0.0	0.0	1.0	0.0	1.0	0.804	0.0	1.0	0.174	0.083	0.057	0.0	0.0	0.0	0.259	1.0	1.0	0.833	0.0	0.0	1.0	0.0	0.0	0.0	1.0	0.435	-1.0	0.167	0.0	0.278	0.841	1.0	0.509	1.0	0.0	0.0	1.0	0.0	0.314	1.0	0.0	1.0	0.0	1.0	1.0	0.207	0.688	1.0	0.882	0.764	1.0	-1.0	0.755	0.242	0.0	0.0	0.0	0.469	0.692	0.444	1.0	0.0	0.0	-1.0	-1.0	-1.0	-1.0	-1.0	-1.0	-1.0	-1.0	-1.0	-1.0	-1.0	-1.0	-1.0	-1.0	-1.0	-1.0	-1.0	-1.0	-1.0	-1.0	-1.0	-1.0	-1.0	-1.0	-1.0	-1.0	-1.0
gnl|Prokka|GCF_000012825.1_1|2563492|G	0.049	-1.0	0.25	-1.0	1.0	0.0	-1.0	1.0	0.0	1.0	0.0	-1.0	0.364	-1.0	0.897	0.0	1.0	-1.0	1.0	0.0	0.0	0.0	-1.0	1.0	-1.0	1.0	1.0	-1.0	-1.0	-1.0	0.816	1.0	0.154	0.0	0.0	0.0	0.324	0.0	-1.0	0.0	0.15	0.0	0.088	0.0	1.0	-1.0	0.0	1.0	1.0	1.0	0.81	-1.0	0.462	0.0	0.0	1.0	0.657	0.0	0.0	0.031	0.546	1.0	0.0	0.04	0.324	1.0	0.0	0.0	1.0	1.0	-1.0	0.25	1.0	1.0	1.0	1.0	1.0	0.0	0.089	0.0	0.0	-1.0	1.0	0.0	0.0	1.0	0.111	0.412	0.05	0.853	0.961	0.712	0.0	0.0	0.735	0.6	0.587	-1.0	0.0	0.029	0.0	0.012	0.0	0.0	0.0	1.0	0.0	1.0	0.806	0.0	1.0	0.604	0.0	0.0	1.0	0.0	0.0	0.182	1.0	1.0	0.739	0.0	0.0	1.0	0.0	0.0	0.0	1.0	0.4	-1.0	0.093	0.0	1.0	0.761	1.0	0.429	1.0	0.0	0.0	1.0	0.0	0.222	1.0	0.0	1.0	0.0	1.0	1.0	1.0	0.542	1.0	1.0	0.667	1.0	-1.0	0.708	0.242	0.0	0.0	0.0	0.35	1.0	0.571	1.0	1.0	0.0	-1.0	-1.0	-1.0	-1.0	-1.0	-1.0	-1.0	-1.0	-1.0	-1.0	-1.0	-1.0	-1.0	-1.0	-1.0	-1.0	-1.0	-1.0	-1.0	-1.0	-1.0	-1.0	-1.0	-1.0	-1.0	-1.0	-1.0
gnl|Prokka|GCF_000012825.1_1|2633342|C	0.0	-1.0	1.0	0.0	0.0	0.0	-1.0	0.103	0.342	0.0	0.128	-1.0	0.774	-1.0	1.0	0.0	1.0	-1.0	1.0	0.0	0.0	0.139	-1.0	1.0	-1.0	0.692	1.0	-1.0	-1.0	0.429	0.387	1.0	0.136	0.044	0.0	1.0	1.0	0.298	0.545	0.0	1.0	0.0	0.0	0.0	1.0	0.0	0.0	1.0	0.0	0.744	1.0	0.0	0.0	1.0	0.0	1.0	0.661	0.0	0.221	0.045	0.0	-1.0	0.855	0.1	0.485	1.0	0.0	0.0	0.865	1.0	0.0	0.419	0.65	0.926	1.0	1.0	1.0	0.0	0.151	0.0	0.864	0.0	0.0	0.0	0.0	1.0	0.173	0.385	0.051	1.0	1.0	0.778	1.0	0.857	0.854	0.715	0.669	-1.0	1.0	1.0	0.0	0.065	0.0	0.0	1.0	1.0	0.0	0.542	0.778	0.0	1.0	0.525	0.0	1.0	-1.0	1.0	1.0	0.186	1.0	1.0	1.0	-1.0	0.0	1.0	0.048	0.0	0.0	0.675	0.417	0.0	0.273	-1.0	0.233	0.798	0.224	0.771	1.0	0.0	0.25	1.0	0.279	1.0	1.0	0.0	1.0	0.0	1.0	1.0	0.239	0.667	1.0	0.8	0.713	1.0	1.0	1.0	0.0	-1.0	0.0	0.0	0.0	1.0	0.056	0.094	0.0	0.0	-1.0	-1.0	-1.0	-1.0	-1.0	-1.0	-1.0	-1.0	-1.0	-1.0	-1.0	-1.0	-1.0	-1.0	-1.0	-1.0	-1.0	-1.0	-1.0	-1.0	-1.0	-1.0	-1.0	-1.0	-1.0	-1.0	-1.0
gnl|Prokka|GCF_000012825.1_1|2642694|G	0.0	-1.0	0.765	0.0	0.0	0.0	-1.0	0.0	0.31	0.0	0.0	-1.0	0.36	-1.0	1.0	0.0	-1.0	-1.0	0.59	0.0	0.0	0.0	0.0	1.0	-1.0	0.65	1.0	0.333	0.0	-1.0	0.455	1.0	0.0	0.071	1.0	1.0	0.522	0.295	0.0	0.0	0.841	0.0	0.0	0.0	1.0	0.0	0.0	1.0	0.0	0.773	1.0	0.0	0.719	1.0	0.0	1.0	0.78	0.0	0.244	0.0	0.0	0.455	0.858	0.093	0.538	1.0	0.0	0.0	0.0	1.0	0.0	0.405	0.0	1.0	1.0	0.99	0.0	0.0	0.154	0.0	0.0	0.0	0.0	0.0	0.0	0.0	0.135	0.333	0.032	1.0	1.0	0.714	1.0	0.625	0.79	0.674	0.599	1.0	1.0	1.0	0.0	0.056	0.0	0.0	1.0	1.0	0.0	0.0	0.0	0.0	1.0	0.511	0.0	1.0	0.0	1.0	1.0	0.218	1.0	1.0	0.897	0.0	0.0	0.824	0.0	0.0	0.0	0.52	0.462	0.0	0.302	-1.0	0.0	0.839	0.214	0.717	1.0	0.0	0.0	0.842	0.318	1.0	1.0	0.0	0.964	0.0	0.809	1.0	0.228	0.662	1.0	0.75	0.764	1.0	1.0	0.738	0.0	-1.0	0.0	0.0	0.588	-1.0	0.13	0.092	0.0	0.0	-1.0	-1.0	-1.0	-1.0	-1.0	-1.0	-1.0	-1.0	-1.0	-1.0	-1.0	-1.0	-1.0	-1.0	-1.0	-1.0	-1.0	-1.0	-1.0	-1.0	-1.0	-1.0	-1.0	-1.0	-1.0	-1.0	-1.0
gnl|Prokka|GCF_000012825.1_1|2649304|G	0.0	-1.0	0.0	-1.0	0.0	0.07	-1.0	0.0	0.0	0.0	0.079	-1.0	0.636	1.0	0.739	0.0	0.842	-1.0	0.0	0.0	0.0	0.0	0.0	0.0	-1.0	0.625	0.0	0.0	0.0	-1.0	0.096	0.254	0.0	0.96	0.0	1.0	0.741	0.0	0.0	0.0	0.0	0.0	0.851	0.0	1.0	1.0	0.0	1.0	0.0	0.0	0.0	1.0	0.654	1.0	0.0	0.0	0.749	0.0	0.0	0.0	0.0	1.0	0.874	0.063	0.505	1.0	0.0	0.0	0.0	1.0	0.0	0.37	0.0	1.0	0.961	1.0	0.0	0.0	0.164	0.0	0.0	1.0	0.0	0.0	0.0	1.0	0.0	0.483	0.0	0.623	0.0	0.769	0.99	0.667	0.835	0.0	0.653	0.0	1.0	1.0	0.0	0.0	0.0	0.0	1.0	0.884	0.0	0.607	0.256	0.0	0.0	0.577	0.0	0.934	-1.0	1.0	1.0	0.0	1.0	0.0	0.0	0.0	0.0	0.0	0.0	0.0	0.0	0.216	0.0	1.0	0.282	-1.0	0.233	0.812	0.244	0.854	1.0	0.0	0.231	0.083	0.296	0.67	1.0	0.0	0.0	0.0	0.0	0.0	0.0	0.732	1.0	1.0	0.721	1.0	1.0	0.133	0.0	-1.0	0.0	0.0	0.0	-1.0	0.081	1.0	0.0	0.0	-1.0	-1.0	-1.0	-1.0	-1.0	-1.0	-1.0	-1.0	-1.0	-1.0	-1.0	-1.0	-1.0	-1.0	-1.0	-1.0	-1.0	-1.0	-1.0	-1.0	-1.0	-1.0	-1.0	-1.0	-1.0	-1.0	-1.0
gnl|Prokka|GCF_000012825.1_1|2661926|C	0.0	-1.0	0.174	-1.0	0.0	0.0	-1.0	-1.0	0.0	0.0	0.042	-1.0	0.105	-1.0	0.0	0.0	0.0	-1.0	0.196	0.0	0.0	0.0	0.0	0.615	-1.0	0.0	0.0	-1.0	0.0	0.0	0.377	0.727	0.0	0.854	1.0	1.0	0.0	0.0	0.0	0.0	0.0	0.0	0.0	0.0	0.0	1.0	0.0	0.731	0.0	0.318	0.0	1.0	0.0	0.438	0.0	0.0	0.837	0.0	0.0	0.0	0.579	0.789	0.868	0.076	0.0	0.0	0.0	1.0	0.0	0.0	0.0	0.0	0.0	1.0	0.0	0.67	1.0	-1.0	0.125	-1.0	0.778	0.547	0.0	0.0	0.0	0.684	0.0	0.444	0.714	0.342	0.976	0.769	0.993	0.064	0.0	0.0	0.523	-1.0	1.0	1.0	0.0	0.0	0.0	0.0	1.0	0.558	0.0	0.388	0.25	0.0	0.0	0.183	0.059	1.0	0.0	1.0	1.0	0.0	0.0	0.0	0.857	0.0	0.0	0.0	0.0	0.0	0.0	0.667	0.0	0.367	0.0	-1.0	0.121	0.799	1.0	0.694	0.0	0.0	0.308	0.0	0.76	0.0	0.453	0.0	0.0	0.0	0.0	1.0	0.792	0.694	0.0	-1.0	0.63	-1.0	0.0	0.164	0.183	-1.0	-1.0	0.643	0.679	-1.0	0.906	0.942	0.0	0.0	-1.0	-1.0	-1.0	-1.0	-1.0	-1.0	-1.0	-1.0	-1.0	-1.0	-1.0	-1.0	-1.0	-1.0	-1.0	-1.0	-1.0	-1.0	-1.0	-1.0	-1.0	-1.0	-1.0	-1.0	-1.0	-1.0	-1.0
gnl|Prokka|GCF_000012825.1_1|2664077|T	0.0	-1.0	0.406	-1.0	0.0	0.0	-1.0	-1.0	0.0	0.0	0.1	-1.0	0.244	0.0	0.0	0.0	1.0	-1.0	-1.0	0.0	0.0	0.0	0.0	0.605	-1.0	0.432	0.0	0.3	0.357	-1.0	0.289	0.923	0.0	0.0	1.0	1.0	1.0	0.0	-1.0	0.0	0.186	0.0	0.0	0.0	0.481	-1.0	0.0	0.591	0.0	0.0	0.0	-1.0	-1.0	0.526	0.0	1.0	0.4	0.0	0.192	0.076	0.0	0.625	0.81	0.047	0.525	0.0	0.0	0.0	1.0	0.0	0.0	0.254	0.714	1.0	0.0	0.582	-1.0	-1.0	0.162	0.299	0.0	0.0	0.0	0.0	0.0	0.544	0.0	0.375	0.034	0.279	0.979	0.734	1.0	-1.0	0.897	0.018	0.437	1.0	1.0	1.0	0.0	0.0	0.0	0.0	1.0	0.459	0.0	0.463	0.107	0.0	0.0	0.0	0.0	1.0	0.0	-1.0	1.0	0.54	0.312	0.0	1.0	0.0	0.0	0.0	0.0	0.0	0.0	0.581	0.267	0.0	0.164	0.0	0.067	0.823	0.966	0.06	1.0	0.0	-1.0	0.0	1.0	0.631	0.0	0.0	0.0	0.0	0.0	1.0	0.699	0.7	1.0	0.0	0.479	0.0	0.0	0.71	0.0	-1.0	0.0	-1.0	0.382	-1.0	1.0	1.0	0.0	0.0	-1.0	-1.0	-1.0	-1.0	-1.0	-1.0	-1.0	-1.0	-1.0	-1.0	-1.0	-1.0	-1.0	-1.0	-1.0	-1.0	-1.0	-1.0	-1.0	-1.0	-1.0	-1.0	-1.0	-1.0	-1.0	-1.0	-1.0
gnl|Prokka|GCF_000012825.1_1|2664122|T	0.0	-1.0	0.242	-1.0	0.0	0.0	-1.0	-1.0	0.0	0.0	0.161	-1.0	0.265	-1.0	0.0	0.0	0.0	-1.0	0.0	0.0	0.0	0.0	0.0	0.667	-1.0	0.0	0.0	1.0	0.583	-1.0	0.331	0.685	0.0	0.136	1.0	1.0	0.2	0.0	-1.0	0.0	0.181	0.0	0.0	0.0	0.512	-1.0	0.0	0.622	0.0	0.0	0.0	1.0	0.0	0.545	0.0	1.0	-1.0	0.0	0.37	0.09	0.0	0.75	0.795	0.047	0.0	0.0	0.0	0.0	0.231	0.0	0.0	0.0	0.656	1.0	0.0	0.596	-1.0	0.0	0.179	0.33	0.0	0.0	0.0	0.0	0.0	0.566	0.0	0.4	0.042	0.609	0.963	0.763	1.0	0.0	0.0	0.021	0.415	-1.0	1.0	1.0	0.0	0.0	0.0	0.0	1.0	0.485	0.0	0.512	0.276	0.0	0.0	0.0	0.0	0.932	0.0	-1.0	1.0	0.399	0.0	0.0	1.0	0.0	0.0	0.0	0.0	0.0	0.0	0.0	0.19	0.0	0.0	0.0	0.049	0.794	0.966	0.0	0.022	-1.0	-1.0	0.0	0.764	0.0	0.0	0.0	0.0	0.0	0.0	1.0	0.671	0.745	0.0	0.0	0.509	0.0	0.0	0.31	0.276	-1.0	1.0	-1.0	0.516	-1.0	1.0	1.0	0.0	0.0	-1.0	-1.0	-1.0	-1.0	-1.0	-1.0	-1.0	-1.0	-1.0	-1.0	-1.0	-1.0	-1.0	-1.0	-1.0	-1.0	-1.0	-1.0	-1.0	-1.0	-1.0	-1.0	-1.0	-1.0	-1.0	-1.0	-1.0
gnl|Prokka|GCF_000012825.1_1|2664731|T	0.0	-1.0	0.87	-1.0	0.0	0.698	-1.0	-1.0	0.81	0.0	0.133	-1.0	0.45	-1.0	0.0	0.0	0.0	-1.0	1.0	1.0	0.0	0.143	0.375	0.649	-1.0	0.0	0.0	0.0	-1.0	-1.0	0.297	0.79	0.158	0.077	1.0	1.0	0.0	0.427	-1.0	0.0	0.858	0.0	0.0	0.0	0.0	0.143	-1.0	0.786	0.0	0.114	0.0	0.0	0.0	0.471	0.0	1.0	0.9	0.0	0.672	0.0	0.0	0.375	0.901	1.0	0.0	1.0	0.0	0.0	0.625	-1.0	0.0	0.254	0.0	1.0	0.0	0.691	1.0	0.0	0.225	0.326	0.469	0.0	0.0	1.0	0.0	0.635	0.0	1.0	0.095	0.433	1.0	0.855	1.0	0.0	0.015	0.138	0.53	1.0	1.0	1.0	0.0	0.152	0.0	0.0	1.0	0.652	0.0	0.0	0.265	0.0	0.0	0.101	0.0	0.906	0.0	1.0	1.0	0.197	0.643	0.0	0.914	0.0	0.0	0.0	0.0	0.0	0.992	0.0	0.521	0.0	0.0	-1.0	0.185	0.843	1.0	0.748	0.0	0.0	0.333	0.0	0.566	0.0	0.557	0.292	0.0	0.0	0.055	-1.0	0.707	0.627	0.0	0.442	0.745	1.0	1.0	0.793	0.068	-1.0	1.0	-1.0	0.833	-1.0	0.205	0.103	0.0	0.0	-1.0	-1.0	-1.0	-1.0	-1.0	-1.0	-1.0	-1.0	-1.0	-1.0	-1.0	-1.0	-1.0	-1.0	-1.0	-1.0	-1.0	-1.0	-1.0	-1.0	-1.0	-1.0	-1.0	-1.0	-1.0	-1.0	-1.0
gnl|Prokka|GCF_000012825.1_1|2668651|C	0.0	-1.0	0.0	0.0	0.0	0.0	-1.0	-1.0	0.0	0.0	0.079	-1.0	0.432	0.0	0.0	0.0	0.0	-1.0	0.0	0.0	0.0	0.213	0.0	0.747	-1.0	0.0	0.118	-1.0	0.0	0.0	0.045	0.659	0.0	0.0	1.0	1.0	0.0	0.0	0.0	0.0	0.0	0.0	0.0	0.0	0.0	0.263	0.0	0.711	0.0	0.0	0.0	0.0	0.0	0.385	0.0	1.0	0.638	0.0	0.0	0.0	0.0	0.567	0.823	0.094	0.0	0.0	0.0	0.0	0.0	0.0	0.0	0.0	0.0	1.0	0.0	0.741	0.0	0.0	0.152	0.449	0.0	0.0	0.0	0.0	0.0	0.697	0.0	0.452	0.055	0.384	0.94	0.737	0.992	0.0	0.0	0.019	0.473	1.0	1.0	1.0	0.0	0.0	0.0	0.0	1.0	0.515	0.0	0.0	0.271	0.0	1.0	0.0	0.061	1.0	0.0	1.0	1.0	0.0	0.0	0.0	1.0	0.0	0.0	0.0	0.0	0.0	0.0	0.0	0.459	0.0	0.0	0.0	0.08	0.803	1.0	0.792	0.024	0.0	0.444	0.0	0.698	0.0	1.0	0.0	0.0	0.0	0.0	1.0	0.0	0.634	0.0	0.808	0.611	1.0	-1.0	0.147	0.0	0.0	0.0	0.0	0.0	0.571	0.069	0.0	0.0	0.0	-1.0	-1.0	-1.0	-1.0	-1.0	-1.0	-1.0	-1.0	-1.0	-1.0	-1.0	-1.0	-1.0	-1.0	-1.0	-1.0	-1.0	-1.0	-1.0	-1.0	-1.0	-1.0	-1.0	-1.0	-1.0	-1.0	-1.0
gnl|Prokka|GCF_000012825.1_1|2671686|C	0.0	-1.0	0.222	-1.0	0.0	0.0	-1.0	-1.0	0.0	0.0	0.0	-1.0	0.388	0.0	0.0	0.0	0.0	-1.0	1.0	0.0	0.0	0.129	0.0	0.618	-1.0	0.0	0.0	0.389	0.462	0.375	0.078	0.759	0.0	0.0	1.0	1.0	0.0	0.0	0.0	0.0	0.0	0.0	0.0	0.0	0.0	0.385	-1.0	0.789	0.0	0.04	0.0	0.0	0.0	0.375	0.0	1.0	0.793	0.0	0.0	0.0	0.0	0.429	0.893	0.079	0.0	0.0	0.0	1.0	0.0	0.0	0.0	0.348	0.0	1.0	0.0	0.658	1.0	-1.0	0.169	0.343	0.0	0.0	0.0	0.0	0.0	0.629	0.0	0.483	0.714	0.363	0.956	0.72	1.0	0.068	0.0	0.019	0.467	-1.0	1.0	1.0	0.0	0.0	0.0	0.0	1.0	0.636	0.0	0.0	0.167	0.0	1.0	0.0	0.0	0.942	0.0	1.0	1.0	0.08	0.0	0.0	1.0	0.0	0.0	0.0	0.0	0.0	0.0	0.0	0.359	0.0	0.0	-1.0	0.155	0.819	1.0	0.595	0.0	0.0	0.714	0.0	0.775	0.0	0.552	0.537	0.0	0.0	0.0	1.0	0.0	0.523	0.0	0.412	0.495	0.571	-1.0	0.594	0.219	-1.0	1.0	0.385	0.39	0.545	0.9	0.0	0.0	0.0	-1.0	-1.0	-1.0	-1.0	-1.0	-1.0	-1.0	-1.0	-1.0	-1.0	-1.0	-1.0	-1.0	-1.0	-1.0	-1.0	-1.0	-1.0	-1.0	-1.0	-1.0	-1.0	-1.0	-1.0	-1.0	-1.0	-1.0
gnl|Prokka|GCF_000012825.1_1|2672109|A	0.0	-1.0	0.812	-1.0	0.0	0.351	-1.0	-1.0	0.815	0.0	0.05	-1.0	0.625	-1.0	0.875	0.0	1.0	-1.0	0.0	1.0	0.815	1.0	0.0	0.686	-1.0	0.364	1.0	0.556	0.333	-1.0	0.246	1.0	0.0	0.197	1.0	0.0	0.76	0.333	0.0	0.0	1.0	0.0	0.897	0.0	0.494	0.0	0.0	0.751	0.0	0.574	1.0	0.0	0.571	0.0	0.0	1.0	0.73	0.0	0.656	0.285	0.58	0.45	0.0	1.0	0.512	0.25	0.0	0.0	0.0	0.0	0.0	0.161	0.0	1.0	1.0	0.635	0.0	-1.0	0.162	0.0	0.927	0.0	0.0	1.0	0.0	0.625	0.113	0.478	0.038	0.749	1.0	0.806	0.01	0.921	0.944	0.889	0.808	-1.0	0.0	0.05	0.0	0.539	0.0	0.0	0.0	0.829	1.0	1.0	0.862	0.0	1.0	1.0	0.045	0.0	0.0	0.188	0.0	0.0	0.371	1.0	1.0	1.0	0.0	1.0	0.085	0.0	1.0	1.0	0.595	0.0	0.182	-1.0	0.231	1.0	0.27	0.544	1.0	0.0	0.667	0.919	0.349	1.0	0.714	0.825	0.0	0.0	0.814	1.0	0.256	0.965	0.583	0.596	0.892	0.778	0.0	0.094	0.0	-1.0	1.0	0.0	0.273	0.571	0.04	0.092	0.0	0.0	-1.0	-1.0	-1.0	-1.0	-1.0	-1.0	-1.0	-1.0	-1.0	-1.0	-1.0	-1.0	-1.0	-1.0	-1.0	-1.0	-1.0	-1.0	-1.0	-1.0	-1.0	-1.0	-1.0	-1.0	-1.0	-1.0	-1.0
gnl|Prokka|GCF_000012825.1_1|2677107|G	1.0	-1.0	0.0	-1.0	0.0	0.0	-1.0	0.0	0.212	0.0	0.84	-1.0	0.0	-1.0	1.0	0.273	0.615	-1.0	0.841	0.0	0.0	0.682	0.0	0.0	-1.0	0.733	0.0	-1.0	0.0	-1.0	0.435	0.0	0.765	0.921	0.0	0.0	0.895	0.0	0.0	1.0	0.0	1.0	0.844	0.107	0.0	0.579	1.0	0.0	0.0	0.72	1.0	1.0	1.0	0.0	1.0	0.0	0.266	1.0	0.0	0.948	1.0	0.571	0.0	0.0	1.0	0.0	1.0	1.0	0.0	0.286	0.0	0.579	0.0	0.0	1.0	0.011	0.0	0.0	0.842	0.291	0.092	1.0	0.0	0.0	0.0	0.0	0.982	0.448	0.794	0.363	0.009	0.195	0.0	0.892	0.901	0.716	0.275	-1.0	0.0	0.0	1.0	0.491	0.0	1.0	0.0	0.257	1.0	0.443	0.525	0.0	0.981	0.722	0.0	0.0	0.0	0.0	0.0	0.277	0.289	1.0	0.0	1.0	0.191	0.0	0.938	1.0	0.0	1.0	0.0	1.0	1.0	-1.0	0.0	0.0	0.0	0.209	1.0	1.0	0.636	1.0	0.262	0.639	0.0	0.482	0.0	1.0	0.823	0.0	0.202	0.279	1.0	0.0	0.0	0.0	0.0	0.0	0.0	-1.0	0.0	0.0	0.643	0.0	0.0	0.909	0.0	0.0	-1.0	-1.0	-1.0	-1.0	-1.0	-1.0	-1.0	-1.0	-1.0	-1.0	-1.0	-1.0	-1.0	-1.0	-1.0	-1.0	-1.0	-1.0	-1.0	-1.0	-1.0	-1.0	-1.0	-1.0	-1.0	-1.0	-1.0
gnl|Prokka|GCF_000012825.1_1|2677425|G	0.0	-1.0	0.0	-1.0	0.0	0.432	-1.0	0.0	0.472	0.0	0.0	-1.0	0.586	-1.0	0.0	0.0	0.0	-1.0	0.0	0.0	0.667	0.125	-1.0	0.0	-1.0	0.0	1.0	0.0	0.0	0.571	0.08	0.285	0.0	0.0	0.0	1.0	0.0	0.0	0.3	0.0	0.0	0.0	0.771	0.0	0.0	0.292	0.0	1.0	0.0	0.0	0.0	0.0	0.0	1.0	0.0	0.0	0.652	0.0	1.0	0.0	0.0	0.4	0.839	0.108	0.0	0.615	0.0	0.0	0.739	1.0	0.0	0.234	0.0	1.0	1.0	1.0	0.0	0.0	0.114	0.0	0.731	0.0	0.0	1.0	0.0	1.0	0.0	0.481	0.0	0.521	0.0	0.774	1.0	0.0	0.0	0.029	0.677	1.0	1.0	1.0	0.0	0.0	0.0	0.0	1.0	0.809	0.0	0.0	0.424	0.0	0.0	0.529	0.0	1.0	0.0	1.0	1.0	0.0	0.562	0.0	0.0	0.0	0.0	1.0	0.0	0.0	1.0	0.0	0.0	0.0	0.0	-1.0	0.179	0.798	0.195	0.889	0.0	0.0	0.0	0.0	0.0	0.346	1.0	0.0	1.0	0.0	0.156	0.0	0.0	0.629	0.0	0.786	0.626	1.0	1.0	0.057	0.0	-1.0	0.0	0.0	0.0	1.0	0.079	0.127	0.0	0.0	-1.0	-1.0	-1.0	-1.0	-1.0	-1.0	-1.0	-1.0	-1.0	-1.0	-1.0	-1.0	-1.0	-1.0	-1.0	-1.0	-1.0	-1.0	-1.0	-1.0	-1.0	-1.0	-1.0	-1.0	-1.0	-1.0	-1.0
gnl|Prokka|GCF_000012825.1_1|2678120|A	0.0	-1.0	0.111	-1.0	0.0	0.492	-1.0	0.0	0.519	0.0	0.0	-1.0	0.65	-1.0	0.636	0.0	1.0	-1.0	0.735	1.0	0.0	0.128	-1.0	0.0	-1.0	0.667	0.929	0.0	0.0	-1.0	0.035	0.229	0.0	0.0	0.0	1.0	1.0	0.0	0.0	0.0	0.274	0.0	0.0	0.0	0.848	0.421	-1.0	1.0	0.0	0.0	0.0	0.0	0.379	1.0	0.0	0.0	0.602	0.0	1.0	0.06	0.0	0.364	0.864	1.0	0.542	1.0	0.0	1.0	1.0	1.0	0.0	0.397	0.681	1.0	0.0	1.0	0.0	0.0	0.144	0.329	0.824	0.0	0.0	1.0	0.0	1.0	0.0	0.522	0.751	0.548	0.0	0.781	1.0	0.606	0.905	0.267	0.713	1.0	1.0	1.0	0.0	0.428	0.0	0.0	1.0	0.8	0.0	0.56	0.277	0.0	0.0	0.243	0.0	0.926	-1.0	1.0	1.0	1.0	1.0	0.0	0.0	0.0	0.0	1.0	0.045	0.0	1.0	0.667	0.0	0.0	0.316	0.0	0.408	0.802	0.25	0.667	1.0	0.0	0.6	0.075	0.298	1.0	1.0	0.538	1.0	0.0	0.182	0.0	0.0	0.483	1.0	0.898	1.0	1.0	1.0	1.0	0.0	-1.0	1.0	0.353	0.097	1.0	0.076	0.119	0.0	0.0	-1.0	-1.0	-1.0	-1.0	-1.0	-1.0	-1.0	-1.0	-1.0	-1.0	-1.0	-1.0	-1.0	-1.0	-1.0	-1.0	-1.0	-1.0	-1.0	-1.0	-1.0	-1.0	-1.0	-1.0	-1.0	-1.0	-1.0
gnl|Prokka|GCF_000012825.1_1|2683999|C	1.0	-1.0	0.391	1.0	0.0	0.493	-1.0	0.0	0.54	0.0	0.9	-1.0	0.417	-1.0	0.6	0.0	0.647	-1.0	0.304	1.0	1.0	0.162	-1.0	0.0	-1.0	0.727	1.0	0.0	1.0	1.0	0.0	0.0	1.0	0.0	0.0	0.0	1.0	0.0	0.0	0.0	0.0	0.0	0.0	0.0	0.0	0.0	1.0	0.0	0.0	0.0	0.0	0.0	1.0	0.0	0.0	0.0	0.158	0.0	1.0	0.0	0.359	0.0	0.0	0.904	1.0	1.0	1.0	0.0	0.0	1.0	1.0	0.163	0.657	0.0	0.0	0.0	1.0	0.0	0.839	0.0	0.808	0.0	0.0	1.0	0.0	0.0	0.831	0.375	0.0	0.0	0.0	0.194	0.0	0.784	1.0	0.252	0.0	0.0	0.0	0.0	1.0	0.404	0.0	1.0	0.0	0.0	0.0	0.526	0.0	0.0	0.0	0.285	0.0	0.0	0.0	0.0	0.0	0.0	1.0	0.0	0.091	0.0	0.0	1.0	0.0	1.0	1.0	0.289	0.0	0.0	0.288	-1.0	0.271	0.0	0.0	0.0	1.0	1.0	0.0	0.094	0.274	1.0	0.0	0.0	1.0	1.0	0.0	0.0	0.013	0.0	1.0	0.068	0.172	0.0	-1.0	0.653	0.0	0.0	0.0	0.769	0.424	0.6	0.923	0.124	0.0	0.0	-1.0	-1.0	-1.0	-1.0	-1.0	-1.0	-1.0	-1.0	-1.0	-1.0	-1.0	-1.0	-1.0	-1.0	-1.0	-1.0	-1.0	-1.0	-1.0	-1.0	-1.0	-1.0	-1.0	-1.0	-1.0	-1.0	-1.0
gnl|Prokka|GCF_000012825.1_1|2698064|A	1.0	-1.0	1.0	-1.0	0.0	0.0	-1.0	0.0	0.0	0.0	1.0	-1.0	1.0	-1.0	1.0	0.217	0.667	-1.0	0.106	0.0	0.0	1.0	-1.0	1.0	-1.0	1.0	-1.0	0.444	0.0	1.0	0.0	1.0	1.0	0.0	1.0	-1.0	0.316	0.0	1.0	0.0	0.0	0.0	0.809	0.0	-1.0	0.0	-1.0	1.0	0.0	0.0	0.0	0.0	1.0	-1.0	0.0	0.942	0.888	0.0	0.0	0.0	0.384	0.273	0.0	0.082	1.0	1.0	0.759	0.0	1.0	1.0	1.0	0.0	0.713	1.0	-1.0	1.0	1.0	0.0	0.842	0.0	1.0	0.0	0.0	-1.0	0.0	1.0	0.853	1.0	0.087	0.556	1.0	0.235	-1.0	0.833	0.921	0.0	1.0	-1.0	1.0	1.0	1.0	0.0	0.0	1.0	-1.0	0.787	-1.0	0.0	0.857	0.0	1.0	0.0	0.0	0.0	0.0	-1.0	-1.0	0.0	1.0	0.0	1.0	-1.0	0.0	-1.0	0.0	1.0	-1.0	0.385	0.565	0.0	0.268	-1.0	0.277	-1.0	0.023	0.612	1.0	1.0	0.0	0.0	0.0	0.0	0.0	-1.0	1.0	1.0	0.174	1.0	0.0	0.0	1.0	0.0	0.545	1.0	-1.0	0.0	0.145	-1.0	-1.0	0.52	0.156	0.0	1.0	0.061	0.0	0.0	-1.0	-1.0	-1.0	-1.0	-1.0	-1.0	-1.0	-1.0	-1.0	-1.0	-1.0	-1.0	-1.0	-1.0	-1.0	-1.0	-1.0	-1.0	-1.0	-1.0	-1.0	-1.0	-1.0	-1.0	-1.0	-1.0	-1.0
gnl|Prokka|GCF_000012825.1_1|2836010|G	0.044	-1.0	0.133	-1.0	0.0	0.0	-1.0	0.188	0.0	0.0	0.0	-1.0	1.0	0.625	-1.0	0.0	1.0	-1.0	1.0	1.0	1.0	0.095	0.0	1.0	-1.0	0.7	1.0	-1.0	-1.0	1.0	0.33	1.0	0.158	0.0	1.0	0.0	0.231	0.0	0.333	0.0	0.218	0.0	0.867	0.0	0.0	0.0	0.0	1.0	0.0	0.774	1.0	0.0	0.757	0.0	0.0	0.0	0.799	0.0	0.0	0.329	0.632	-1.0	0.0	1.0	0.508	1.0	0.0	0.0	0.872	1.0	0.0	0.282	0.691	0.909	0.0	1.0	1.0	0.0	0.147	0.0	0.0	0.0	0.0	0.0	0.0	1.0	0.184	0.552	0.049	0.908	0.965	0.787	0.007	0.629	0.919	0.982	1.0	-1.0	0.0	0.0	0.0	0.512	0.0	0.0	0.0	1.0	0.0	0.557	0.769	0.0	1.0	0.444	0.0	0.0	0.0	0.0	0.0	0.202	1.0	1.0	1.0	0.0	0.0	1.0	0.027	0.0	0.0	1.0	0.0	0.0	0.208	-1.0	0.205	0.24	0.207	0.688	1.0	0.0	0.0	1.0	0.0	0.291	1.0	0.405	1.0	0.0	1.0	1.0	0.266	1.0	0.769	1.0	1.0	1.0	1.0	0.222	0.0	-1.0	0.0	-1.0	0.8	-1.0	0.873	0.101	0.0	0.0	-1.0	-1.0	-1.0	-1.0	-1.0	-1.0	-1.0	-1.0	-1.0	-1.0	-1.0	-1.0	-1.0	-1.0	-1.0	-1.0	-1.0	-1.0	-1.0	-1.0	-1.0	-1.0	-1.0	-1.0	-1.0	-1.0	-1.0
gnl|Prokka|GCF_000012825.1_1|2851854|A	1.0	-1.0	0.129	0.0	0.0	0.509	-1.0	0.0	0.556	0.0	1.0	-1.0	0.8	-1.0	0.451	0.0	-1.0	-1.0	0.776	1.0	1.0	0.163	0.0	0.0	-1.0	1.0	1.0	-1.0	0.0	-1.0	0.0	0.185	1.0	0.0	0.0	0.0	0.321	0.0	0.0	0.0	0.172	0.0	0.0	0.0	0.0	0.0	1.0	1.0	0.0	0.0	0.0	0.0	1.0	0.0	0.0	1.0	0.167	0.0	1.0	0.277	1.0	0.0	0.0	0.923	1.0	0.824	1.0	0.0	0.0	0.8	0.0	0.22	0.711	0.0	0.0	0.0	0.0	0.0	1.0	0.245	0.0	0.0	0.0	1.0	0.0	1.0	1.0	1.0	0.0	0.0	0.01	1.0	0.0	0.625	1.0	0.294	0.302	0.375	0.026	0.0	1.0	0.483	0.0	1.0	0.0	0.0	0.0	0.573	0.578	0.0	0.0	0.503	0.0	0.0	0.0	0.0	0.0	1.0	1.0	0.0	0.0	0.0	-1.0	1.0	0.026	1.0	1.0	1.0	0.462	0.0	0.25	-1.0	0.161	0.827	0.248	0.021	1.0	1.0	0.0	0.0	0.0	0.301	1.0	0.405	1.0	1.0	0.833	0.0	0.0	0.526	1.0	0.902	0.307	0.0	1.0	0.814	0.0	0.0	0.0	0.438	0.545	1.0	0.0	0.095	0.0	0.0	-1.0	-1.0	-1.0	-1.0	-1.0	-1.0	-1.0	-1.0	-1.0	-1.0	-1.0	-1.0	-1.0	-1.0	-1.0	-1.0	-1.0	-1.0	-1.0	-1.0	-1.0	-1.0	-1.0	-1.0	-1.0	-1.0	-1.0
gnl|Prokka|GCF_000012825.1_1|2852546|T	1.0	-1.0	0.143	0.0	0.0	0.526	-1.0	0.0	0.571	0.0	1.0	-1.0	0.0	1.0	0.617	0.0	1.0	-1.0	0.871	1.0	1.0	0.0	0.3	0.0	-1.0	1.0	1.0	0.625	0.0	0.0	0.0	0.2	1.0	0.0	0.0	0.0	0.0	0.0	-1.0	0.0	0.144	0.0	0.0	0.0	0.0	0.0	1.0	1.0	0.0	0.0	0.0	0.0	1.0	0.0	0.0	1.0	0.14	0.0	1.0	0.267	1.0	0.0	-1.0	0.874	1.0	0.786	1.0	0.0	0.0	1.0	0.0	0.2	0.0	0.0	0.0	0.0	0.0	0.0	1.0	0.232	0.0	0.0	0.0	1.0	0.0	1.0	1.0	1.0	0.0	0.0	0.015	1.0	0.0	0.75	0.985	0.15	0.452	-1.0	0.0	0.0	1.0	0.53	0.0	1.0	0.0	0.0	0.0	0.535	0.462	0.0	0.0	-1.0	0.0	0.0	0.0	0.0	0.0	1.0	1.0	0.0	0.0	0.0	0.0	1.0	0.05	0.918	1.0	1.0	0.429	0.0	0.311	0.0	0.0	0.833	0.239	0.015	1.0	1.0	0.438	0.089	0.0	0.359	1.0	0.475	1.0	1.0	0.853	0.0	0.0	0.688	0.75	1.0	0.324	0.0	-1.0	0.786	0.0	-1.0	0.0	0.0	0.244	1.0	0.0	0.064	0.0	0.0	-1.0	-1.0	-1.0	-1.0	-1.0	-1.0	-1.0	-1.0	-1.0	-1.0	-1.0	-1.0	-1.0	-1.0	-1.0	-1.0	-1.0	-1.0	-1.0	-1.0	-1.0	-1.0	-1.0	-1.0	-1.0	-1.0	-1.0
gnl|Prokka|GCF_000012825.1_1|2859924|T	1.0	-1.0	0.0	-1.0	0.0	0.527	-1.0	0.0	0.292	0.0	1.0	-1.0	0.0	-1.0	1.0	0.0	0.0	-1.0	0.361	0.0	0.692	0.0	-1.0	0.949	-1.0	-1.0	0.0	0.0	0.583	-1.0	0.0	1.0	1.0	0.0	0.989	0.0	0.2	0.0	-1.0	0.0	0.0	0.0	0.667	0.0	0.923	0.0	1.0	1.0	0.0	0.0	0.0	0.0	1.0	0.0	0.0	1.0	0.296	0.0	0.817	0.0	0.473	0.0	0.0	0.0	0.469	1.0	1.0	0.0	0.66	1.0	0.0	0.0	0.645	0.0	1.0	0.0	1.0	-1.0	1.0	0.0	0.0	0.0	0.0	1.0	0.0	0.987	0.858	1.0	0.03	0.0	0.963	1.0	0.0	1.0	0.926	0.0	0.0	0.444	0.0	0.0	1.0	0.0	0.0	1.0	0.0	0.0	0.0	0.0	0.0	0.0	0.0	0.476	0.0	0.0	-1.0	-1.0	0.0	0.0	1.0	0.0	1.0	0.0	0.0	0.0	0.0	1.0	0.992	0.0	0.485	0.0	0.227	0.0	0.0	0.833	0.215	0.08	0.0	1.0	0.0	0.0	0.0	0.0	1.0	0.809	0.0	1.0	0.208	1.0	0.0	0.389	0.0	1.0	0.0	-1.0	-1.0	0.0	0.0	-1.0	1.0	1.0	0.0	1.0	0.967	0.129	0.0	0.0	-1.0	-1.0	-1.0	-1.0	-1.0	-1.0	-1.0	-1.0	-1.0	-1.0	-1.0	-1.0	-1.0	-1.0	-1.0	-1.0	-1.0	-1.0	-1.0	-1.0	-1.0	-1.0	-1.0	-1.0	-1.0	-1.0	-1.0
gnl|Prokka|GCF_000012825.1_1|2895407|A	1.0	-1.0	0.742	1.0	0.0	0.0	-1.0	0.148	0.391	0.0	1.0	-1.0	0.444	-1.0	0.692	0.0	1.0	-1.0	0.0	1.0	0.0	0.865	-1.0	0.926	-1.0	1.0	1.0	0.0	0.4	-1.0	0.413	0.0	1.0	0.0	0.0	0.0	0.0	0.0	1.0	0.0	1.0	0.0	0.0	0.0	0.0	0.0	1.0	0.0	0.0	0.622	1.0	0.0	1.0	0.0	0.0	0.0	1.0	0.0	0.0	1.0	1.0	0.562	0.0	1.0	1.0	1.0	1.0	0.0	0.254	0.0	0.0	0.796	0.0	1.0	0.0	1.0	0.0	0.0	1.0	0.237	0.161	0.0	0.0	0.0	0.0	1.0	1.0	0.429	0.066	1.0	0.983	1.0	0.009	0.842	1.0	0.946	0.706	0.556	-1.0	0.045	1.0	1.0	0.0	1.0	0.0	1.0	0.0	1.0	0.239	0.0	0.0	0.477	0.0	0.066	-1.0	0.0	0.025	0.0	1.0	1.0	1.0	1.0	0.0	1.0	1.0	1.0	0.0	1.0	0.0	0.0	0.2	-1.0	0.0	0.831	0.219	0.508	1.0	1.0	0.429	1.0	0.0	0.29	1.0	1.0	1.0	1.0	0.838	0.0	0.241	0.893	1.0	1.0	1.0	1.0	-1.0	0.207	0.384	-1.0	1.0	0.455	1.0	1.0	0.0	0.0	0.0	0.0	-1.0	-1.0	-1.0	-1.0	-1.0	-1.0	-1.0	-1.0	-1.0	-1.0	-1.0	-1.0	-1.0	-1.0	-1.0	-1.0	-1.0	-1.0	-1.0	-1.0	-1.0	-1.0	-1.0	-1.0	-1.0	-1.0	-1.0
gnl|Prokka|GCF_000012825.1_1|2896001|A	0.0	-1.0	0.773	-1.0	0.0	0.05	-1.0	0.0	0.282	0.0	0.0	-1.0	1.0	1.0	0.574	0.0	1.0	-1.0	0.0	0.0	0.0	0.865	-1.0	0.911	-1.0	1.0	1.0	-1.0	0.25	1.0	0.353	1.0	0.296	0.0	1.0	0.0	0.0	0.0	1.0	0.0	1.0	0.0	0.727	0.0	0.0	0.0	0.308	1.0	0.0	0.711	1.0	0.0	0.545	0.0	0.0	0.0	0.835	0.0	0.282	1.0	0.648	0.643	0.0	0.078	0.527	1.0	0.0	0.0	1.0	1.0	0.0	0.676	0.0	1.0	1.0	1.0	0.0	0.0	0.115	0.0	1.0	0.0	0.0	0.0	0.0	0.981	0.189	0.545	0.038	1.0	0.985	0.75	0.0	1.0	0.802	0.731	0.607	-1.0	0.0	0.03	0.0	0.555	0.0	0.0	0.0	1.0	0.0	0.433	0.22	0.0	0.0	0.726	0.115	0.044	0.0	0.0	0.0	0.0	1.0	1.0	1.0	1.0	0.0	-1.0	1.0	0.038	0.0	1.0	0.0	0.0	0.23	0.429	0.0	0.788	0.24	0.581	1.0	0.0	0.0	1.0	0.0	0.272	1.0	1.0	1.0	0.0	1.0	0.0	0.187	0.656	1.0	0.889	0.725	1.0	1.0	0.206	0.234	0.0	1.0	0.0	0.69	1.0	0.0	0.072	0.0	0.0	-1.0	-1.0	-1.0	-1.0	-1.0	-1.0	-1.0	-1.0	-1.0	-1.0	-1.0	-1.0	-1.0	-1.0	-1.0	-1.0	-1.0	-1.0	-1.0	-1.0	-1.0	-1.0	-1.0	-1.0	-1.0	-1.0	-1.0
gnl|Prokka|GCF_000012825.1_1|3047606|C	1.0	-1.0	0.64	-1.0	1.0	1.0	-1.0	1.0	0.744	1.0	1.0	-1.0	0.25	-1.0	0.0	0.0	0.176	-1.0	0.791	0.0	0.75	0.0	-1.0	0.0	-1.0	0.211	0.0	0.0	-1.0	1.0	0.457	0.741	1.0	0.0	0.0	0.0	0.235	0.348	0.0	0.0	1.0	0.0	0.136	0.0	0.0	0.0	0.2	0.0	1.0	0.364	0.0	0.0	0.314	0.0	0.0	1.0	0.856	0.0	0.777	0.0	0.321	0.45	0.0	0.072	0.479	0.812	1.0	0.0	0.0	0.75	1.0	0.0	0.398	0.907	0.0	1.0	0.0	1.0	1.0	1.0	0.0	0.0	1.0	1.0	0.0	0.986	0.89	0.667	0.0	0.618	0.027	1.0	0.0	0.0	0.085	0.0	0.615	1.0	0.013	0.0	1.0	0.0	0.0	1.0	0.0	0.833	0.0	0.0	0.467	0.0	1.0	0.0	1.0	0.0	1.0	-1.0	0.0	0.201	0.771	0.0	0.0	0.0	0.0	0.0	0.0	1.0	1.0	0.07	0.418	0.0	0.0	1.0	0.0	1.0	1.0	0.4	0.0	1.0	1.0	0.0	0.714	0.0	1.0	0.0	1.0	1.0	0.0	1.0	0.78	0.597	0.0	0.789	0.661	1.0	1.0	0.817	0.0	-1.0	0.0	1.0	0.149	0.571	0.882	0.101	1.0	0.0	-1.0	-1.0	-1.0	-1.0	-1.0	-1.0	-1.0	-1.0	-1.0	-1.0	-1.0	-1.0	-1.0	-1.0	-1.0	-1.0	-1.0	-1.0	-1.0	-1.0	-1.0	-1.0	-1.0	-1.0	-1.0	-1.0	-1.0
gnl|Prokka|GCF_000012825.1_1|3048603|T	0.047	-1.0	0.0	-1.0	1.0	1.0	-1.0	1.0	0.409	1.0	0.0	-1.0	0.176	0.0	0.0	0.0	1.0	-1.0	0.807	0.0	1.0	0.0	1.0	0.083	-1.0	1.0	1.0	0.0	1.0	1.0	0.802	0.759	0.167	0.0	0.0	0.0	0.771	0.0	-1.0	0.0	0.0	0.0	0.148	0.0	0.1	0.0	-1.0	0.0	1.0	1.0	1.0	0.0	0.0	0.0	0.0	0.0	0.0	0.0	0.8	0.0	0.0	0.0	0.0	0.0	0.481	1.0	0.0	0.0	0.16	1.0	1.0	0.261	0.375	0.103	0.0	0.0	0.0	1.0	0.179	1.0	0.0	0.0	1.0	1.0	0.0	1.0	0.19	0.0	0.0	0.368	0.01	0.75	0.0	0.0	0.0	0.69	0.241	0.0	0.013	0.0	0.0	0.053	0.0	0.0	0.0	0.231	1.0	0.0	0.636	0.0	0.0	0.0	1.0	0.042	1.0	0.0	0.0	1.0	1.0	1.0	0.0	0.0	0.0	1.0	0.0	0.0	1.0	0.556	0.0	0.0	0.193	1.0	0.0	1.0	1.0	0.038	1.0	0.0	1.0	1.0	1.0	1.0	1.0	0.0	1.0	0.0	0.841	0.0	1.0	0.732	1.0	1.0	0.0	0.0	-1.0	0.619	0.315	-1.0	0.0	1.0	0.0	1.0	0.93	0.077	1.0	0.0	-1.0	-1.0	-1.0	-1.0	-1.0	-1.0	-1.0	-1.0	-1.0	-1.0	-1.0	-1.0	-1.0	-1.0	-1.0	-1.0	-1.0	-1.0	-1.0	-1.0	-1.0	-1.0	-1.0	-1.0	-1.0	-1.0	-1.0
gnl|Prokka|GCF_000012825.1_1|3099408|T	0.0	-1.0	0.321	-1.0	1.0	0.086	-1.0	1.0	0.0	1.0	0.862	-1.0	0.0	1.0	1.0	0.0	1.0	-1.0	0.241	0.0	0.84	0.0	-1.0	0.0	-1.0	0.0	1.0	0.625	1.0	0.0	0.789	0.0	0.0	0.902	0.0	0.0	1.0	0.0	0.0	0.0	0.0	0.0	0.205	0.0	0.0	1.0	-1.0	1.0	1.0	1.0	1.0	1.0	0.56	0.0	0.0	0.0	0.634	0.0	0.225	0.0	0.0	1.0	0.0	0.112	0.454	1.0	0.0	1.0	1.0	0.0	1.0	0.506	0.351	0.906	0.049	1.0	1.0	0.0	0.176	1.0	0.0	1.0	1.0	0.0	0.0	0.0	0.195	-1.0	0.765	0.873	0.0	0.811	0.008	0.724	0.803	0.754	0.628	-1.0	0.0	0.0	0.0	0.0	0.0	0.0	0.0	1.0	0.0	0.0	0.882	0.0	0.0	0.527	0.0	0.048	1.0	0.0	0.0	0.0	0.211	1.0	0.0	0.0	0.0	1.0	0.0	0.0	0.0	0.455	0.0	1.0	0.102	-1.0	0.768	1.0	1.0	0.322	1.0	0.0	1.0	1.0	1.0	1.0	0.0	0.558	0.0	0.0	0.0	1.0	1.0	0.326	1.0	0.895	0.741	1.0	0.0	0.803	0.025	-1.0	1.0	0.273	0.0	-1.0	0.876	1.0	1.0	0.0	-1.0	-1.0	-1.0	-1.0	-1.0	-1.0	-1.0	-1.0	-1.0	-1.0	-1.0	-1.0	-1.0	-1.0	-1.0	-1.0	-1.0	-1.0	-1.0	-1.0	-1.0	-1.0	-1.0	-1.0	-1.0	-1.0	-1.0
gnl|Prokka|GCF_000012825.1_1|3101460|A	-1.0	-1.0	0.0	-1.0	1.0	0.0	-1.0	1.0	0.302	1.0	0.073	-1.0	0.0	-1.0	0.0	0.0	0.0	-1.0	0.0	0.0	0.0	0.135	-1.0	0.88	-1.0	0.0	1.0	-1.0	1.0	0.0	0.647	0.0	0.0	0.953	1.0	1.0	0.0	0.0	1.0	1.0	0.0	1.0	0.0	0.0	0.1	1.0	0.625	1.0	1.0	0.283	0.0	1.0	0.35	1.0	1.0	0.0	0.0	1.0	0.176	0.0	0.41	0.588	0.855	0.0	0.437	1.0	-1.0	0.0	0.125	0.0	1.0	0.216	1.0	0.0	0.045	0.0	0.0	0.0	1.0	0.249	0.066	1.0	1.0	0.0	0.0	0.01	1.0	1.0	0.036	0.0	0.974	1.0	1.0	0.0	0.098	0.062	0.0	-1.0	1.0	0.94	-1.0	0.07	0.0	-1.0	1.0	0.0	0.0	0.0	0.0	0.0	0.0	0.557	0.0	0.899	-1.0	1.0	1.0	0.806	0.0	0.0	0.829	0.0	0.425	1.0	0.0	-1.0	0.0	0.0	0.0	1.0	0.0	-1.0	0.848	1.0	0.336	0.376	0.0	-1.0	0.538	0.0	0.0	0.343	0.925	0.484	0.0	1.0	0.804	-1.0	0.75	0.948	0.0	1.0	0.0	0.0	0.0	1.0	0.0	-1.0	1.0	1.0	0.231	0.583	0.032	1.0	1.0	0.0	-1.0	-1.0	-1.0	-1.0	-1.0	-1.0	-1.0	-1.0	-1.0	-1.0	-1.0	-1.0	-1.0	-1.0	-1.0	-1.0	-1.0	-1.0	-1.0	-1.0	-1.0	-1.0	-1.0	-1.0	-1.0	-1.0	-1.0
gnl|Prokka|GCF_000012825.1_1|3102350|A	-1.0	-1.0	0.0	-1.0	1.0	0.097	-1.0	1.0	0.0	1.0	1.0	-1.0	0.158	-1.0	0.0	0.0	-1.0	-1.0	0.0	1.0	-1.0	0.171	1.0	1.0	-1.0	0.0	1.0	-1.0	1.0	-1.0	0.624	0.0	0.0	0.0	1.0	1.0	0.0	0.0	0.467	0.0	0.206	0.0	1.0	0.0	0.0	0.353	0.583	1.0	1.0	0.267	0.0	0.0	0.294	1.0	0.0	0.0	0.0	0.0	0.312	0.11	0.44	0.0	0.861	0.918	0.402	1.0	-1.0	1.0	0.316	0.0	1.0	0.25	1.0	0.0	0.0	0.0	-1.0	0.0	1.0	0.712	0.0	0.0	1.0	0.0	0.0	0.0	1.0	1.0	0.81	0.0	0.972	1.0	1.0	0.0	0.151	0.278	0.0	-1.0	1.0	0.943	-1.0	0.511	0.0	-1.0	1.0	0.0	0.0	0.563	0.0	0.0	0.0	0.862	0.0	0.919	1.0	1.0	1.0	0.794	0.0	0.0	1.0	0.0	0.0	1.0	0.0	-1.0	0.0	0.0	0.0	0.0	0.242	-1.0	0.706	1.0	1.0	0.443	0.0	-1.0	0.429	0.0	0.646	0.372	1.0	0.622	0.0	1.0	0.827	0.0	0.77	1.0	0.0	0.875	0.28	0.0	0.0	1.0	0.0	1.0	1.0	1.0	0.3	1.0	0.947	0.093	1.0	0.0	-1.0	-1.0	-1.0	-1.0	-1.0	-1.0	-1.0	-1.0	-1.0	-1.0	-1.0	-1.0	-1.0	-1.0	-1.0	-1.0	-1.0	-1.0	-1.0	-1.0	-1.0	-1.0	-1.0	-1.0	-1.0	-1.0	-1.0
gnl|Prokka|GCF_000012825.1_1|3220879|A	0.0	-1.0	0.0	-1.0	0.0	0.0	-1.0	0.0	0.0	0.0	0.0	-1.0	0.0	-1.0	-1.0	0.0	-1.0	-1.0	1.0	1.0	0.0	0.0	-1.0	0.0	-1.0	0.429	1.0	-1.0	0.556	-1.0	0.025	0.0	0.242	0.0	0.0	1.0	0.0	0.0	-1.0	0.0	0.0	0.0	0.0	0.0	0.7	0.212	0.0	1.0	0.0	0.0	0.0	0.0	0.0	1.0	0.0	0.0	0.0	0.0	0.0	0.0	0.0	0.0	0.84	0.912	0.152	1.0	0.0	0.0	0.0	0.0	1.0	0.13	0.0	0.0	0.0	0.0	1.0	0.0	0.02	0.0	0.862	0.0	0.0	0.0	0.0	1.0	0.0	0.471	0.0	0.0	0.0	0.351	0.99	0.273	0.741	0.416	0.019	-1.0	1.0	0.927	0.0	0.474	0.0	0.0	1.0	0.0	0.0	0.0	0.25	0.0	0.0	0.289	0.0	0.955	0.0	1.0	1.0	1.0	1.0	0.0	0.0	0.0	0.0	-1.0	0.0	0.461	0.0	0.0	0.0	0.0	0.302	-1.0	0.233	1.0	0.047	0.461	0.906	0.0	0.0	0.0	0.0	0.095	-1.0	0.0	1.0	0.0	0.503	0.0	0.0	0.0	-1.0	0.375	0.429	0.0	-1.0	0.6	0.271	-1.0	0.0	0.8	0.296	1.0	1.0	0.067	0.0	0.0	-1.0	-1.0	-1.0	-1.0	-1.0	-1.0	-1.0	-1.0	-1.0	-1.0	-1.0	-1.0	-1.0	-1.0	-1.0	-1.0	-1.0	-1.0	-1.0	-1.0	-1.0	-1.0	-1.0	-1.0	-1.0	-1.0	-1.0
gnl|Prokka|GCF_000012825.1_1|3237964|G	1.0	-1.0	0.259	-1.0	1.0	0.509	-1.0	0.895	0.4	1.0	0.93	-1.0	0.474	-1.0	0.37	0.0	0.0	-1.0	1.0	1.0	0.7	0.0	1.0	0.0	-1.0	-1.0	1.0	-1.0	0.692	-1.0	0.568	0.0	1.0	0.0	1.0	0.0	0.0	0.0	1.0	0.0	0.0	0.0	1.0	0.0	1.0	0.0	-1.0	0.0	1.0	0.3	0.0	0.0	0.333	0.0	0.0	0.0	0.421	0.0	1.0	0.0	0.374	0.0	0.0	0.982	0.464	1.0	1.0	1.0	0.706	-1.0	1.0	0.702	0.394	0.0	0.0	0.0	1.0	0.0	1.0	0.258	0.63	0.0	1.0	1.0	0.0	1.0	1.0	0.579	0.773	0.0	0.0	1.0	0.0	0.0	0.19	0.195	0.0	-1.0	0.021	0.0	1.0	0.503	0.0	1.0	0.0	0.0	0.0	0.548	0.057	0.0	0.0	0.366	0.0	0.0	-1.0	0.0	0.0	0.083	0.756	0.0	-1.0	0.0	0.0	1.0	0.0	1.0	1.0	0.0	0.0	0.0	0.0	0.0	0.8	1.0	0.218	0.0	0.0	1.0	0.444	0.057	0.0	0.284	1.0	0.58	1.0	1.0	1.0	0.0	0.819	0.566	0.0	1.0	0.215	0.0	-1.0	0.661	0.235	-1.0	1.0	0.0	1.0	1.0	0.108	0.132	1.0	0.0	-1.0	-1.0	-1.0	-1.0	-1.0	-1.0	-1.0	-1.0	-1.0	-1.0	-1.0	-1.0	-1.0	-1.0	-1.0	-1.0	-1.0	-1.0	-1.0	-1.0	-1.0	-1.0	-1.0	-1.0	-1.0	-1.0	-1.0
gnl|Prokka|GCF_000012825.1_1|3243207|G	1.0	-1.0	0.0	-1.0	1.0	0.517	-1.0	0.909	0.553	1.0	0.912	-1.0	0.2	-1.0	0.0	0.0	0.0	-1.0	0.0	0.0	1.0	0.0	0.625	1.0	-1.0	0.0	0.059	-1.0	0.692	-1.0	0.0	0.0	0.864	0.0	1.0	0.0	0.0	0.0	0.0	0.0	0.21	0.0	1.0	0.0	0.0	0.0	0.0	0.0	1.0	0.0	0.111	0.0	0.333	0.0	0.0	0.0	0.28	0.0	0.769	0.038	0.338	0.0	0.0	0.0	0.475	0.19	1.0	1.0	0.829	1.0	0.0	0.0	0.294	0.0	0.0	0.009	-1.0	0.0	1.0	0.675	0.899	0.0	1.0	1.0	0.0	0.0	0.852	0.458	0.823	0.0	0.979	1.0	0.0	0.0	0.113	0.0	0.0	-1.0	0.0	0.0	1.0	0.0	0.0	1.0	0.0	0.0	0.0	0.0	0.0	0.0	0.0	-1.0	0.0	0.0	1.0	0.0	0.0	0.0	0.0	0.0	0.853	0.0	0.0	0.0	0.021	1.0	1.0	0.0	0.0	0.0	0.0	-1.0	0.709	0.848	0.969	0.021	0.0	1.0	0.4	0.0	0.775	0.0	1.0	0.0	1.0	1.0	0.193	0.0	0.0	0.456	0.0	0.833	0.0	0.0	-1.0	0.855	0.0	0.0	0.0	0.0	0.75	0.444	0.0	0.0	1.0	0.0	-1.0	-1.0	-1.0	-1.0	-1.0	-1.0	-1.0	-1.0	-1.0	-1.0	-1.0	-1.0	-1.0	-1.0	-1.0	-1.0	-1.0	-1.0	-1.0	-1.0	-1.0	-1.0	-1.0	-1.0	-1.0	-1.0	-1.0
gnl|Prokka|GCF_000012825.1_1|3243458|T	0.0	-1.0	0.667	-1.0	0.0	0.0	-1.0	0.0	0.279	0.0	0.0	-1.0	0.824	0.333	0.083	0.0	0.0	-1.0	0.0	0.0	0.0	0.0	-1.0	1.0	-1.0	0.0	0.125	-1.0	-1.0	-1.0	0.624	1.0	0.0	0.043	0.0	1.0	0.16	0.278	0.0	0.0	0.779	0.0	0.0	0.0	0.0	0.0	0.0	1.0	0.0	0.333	0.0	0.0	0.0	1.0	0.0	1.0	0.674	0.0	0.0	0.0	0.0	0.462	0.875	0.079	0.0	1.0	0.0	0.0	0.0	0.0	0.0	0.0	0.687	0.845	0.0	1.0	0.0	0.0	0.0	0.742	0.0	0.0	0.0	0.0	0.0	1.0	0.0	-1.0	0.091	0.671	1.0	0.0	0.989	0.0	0.014	0.028	0.672	-1.0	1.0	1.0	0.0	0.0	0.0	0.0	1.0	0.875	0.0	0.0	0.3	0.0	1.0	0.0	0.0	0.943	0.0	1.0	1.0	0.0	0.593	0.0	0.867	0.0	0.0	0.0	0.0	0.0	0.0	0.0	0.467	0.0	0.0	-1.0	0.298	0.0	0.813	0.755	0.0	0.0	1.0	0.0	0.649	0.0	0.0	0.0	0.0	0.0	0.0	1.0	0.736	0.0	0.0	0.0	0.711	1.0	1.0	0.284	0.0	-1.0	0.0	0.389	0.0	0.0	0.085	0.118	0.0	0.0	-1.0	-1.0	-1.0	-1.0	-1.0	-1.0	-1.0	-1.0	-1.0	-1.0	-1.0	-1.0	-1.0	-1.0	-1.0	-1.0	-1.0	-1.0	-1.0	-1.0	-1.0	-1.0	-1.0	-1.0	-1.0	-1.0	-1.0
gnl|Prokka|GCF_000012825.1_1|3257240|T	1.0	-1.0	0.36	-1.0	1.0	0.0	-1.0	1.0	0.263	1.0	0.927	-1.0	0.316	-1.0	0.0	0.333	0.0	-1.0	0.0	0.0	0.0	0.0	0.375	0.0	-1.0	-1.0	1.0	-1.0	1.0	-1.0	0.551	0.757	1.0	0.058	0.0	0.0	0.385	0.371	0.0	0.0	0.75	0.0	0.093	0.0	0.0	0.0	0.3	0.0	1.0	0.294	0.0	0.0	0.211	0.0	0.0	1.0	0.889	0.0	0.0	0.72	0.45	0.438	0.0	0.079	0.473	1.0	1.0	0.0	0.8	0.0	1.0	0.274	1.0	0.9	0.0	1.0	0.0	0.0	0.865	0.712	0.0	0.0	1.0	0.0	0.0	1.0	1.0	0.643	0.0	0.539	0.047	0.231	0.0	0.0	0.067	0.0	0.636	0.375	0.0	0.037	1.0	0.059	0.0	1.0	0.0	0.707	0.0	0.0	0.261	0.0	1.0	0.0	0.0	0.0	-1.0	0.0	0.0	0.82	0.667	0.0	0.0	0.0	0.0	1.0	0.0	1.0	0.0	0.0	0.485	0.0	0.0	-1.0	0.605	0.178	0.738	0.394	0.0	1.0	0.467	0.0	0.732	0.359	0.0	0.484	0.0	1.0	1.0	0.0	0.802	0.0	0.0	0.0	0.693	1.0	-1.0	0.0	0.0	-1.0	1.0	1.0	0.237	0.0	0.851	0.056	1.0	0.0	-1.0	-1.0	-1.0	-1.0	-1.0	-1.0	-1.0	-1.0	-1.0	-1.0	-1.0	-1.0	-1.0	-1.0	-1.0	-1.0	-1.0	-1.0	-1.0	-1.0	-1.0	-1.0	-1.0	-1.0	-1.0	-1.0	-1.0
gnl|Prokka|GCF_000012825.1_1|3257367|T	1.0	-1.0	0.577	-1.0	1.0	0.0	-1.0	1.0	0.44	1.0	1.0	-1.0	0.136	-1.0	0.0	0.312	0.0	-1.0	0.0	0.0	0.0	0.0	0.0	0.0	-1.0	0.0	0.0	1.0	-1.0	0.0	0.523	0.732	1.0	0.049	0.0	0.0	0.125	0.312	0.0	0.0	0.812	0.0	0.171	0.0	0.0	0.0	0.0	0.0	1.0	0.27	0.0	0.0	0.308	0.0	0.0	1.0	0.907	0.0	0.0	0.0	0.468	0.609	0.0	0.07	0.44	0.824	1.0	0.0	0.744	0.0	0.0	0.0	1.0	0.886	0.0	1.0	0.0	0.0	0.87	0.0	0.0	0.0	1.0	0.0	0.0	1.0	0.836	0.472	0.0	0.534	0.026	0.242	0.0	0.0	0.072	0.0	0.639	0.4	0.0	0.028	1.0	0.0	0.0	1.0	0.0	0.766	0.0	0.0	0.275	0.0	1.0	0.0	0.0	0.0	1.0	0.0	0.0	0.846	0.719	0.0	0.0	0.0	0.0	0.0	0.0	1.0	0.0	0.0	0.467	0.0	0.0	-1.0	0.633	0.186	0.0	0.427	0.0	1.0	0.0	0.0	0.0	0.0	0.0	0.574	0.0	1.0	0.19	0.0	0.825	0.0	0.0	0.0	0.75	1.0	1.0	0.0	0.0	-1.0	1.0	1.0	0.286	0.25	0.862	0.081	1.0	0.0	-1.0	-1.0	-1.0	-1.0	-1.0	-1.0	-1.0	-1.0	-1.0	-1.0	-1.0	-1.0	-1.0	-1.0	-1.0	-1.0	-1.0	-1.0	-1.0	-1.0	-1.0	-1.0	-1.0	-1.0	-1.0	-1.0	-1.0
gnl|Prokka|GCF_000012825.1_1|3266805|G	0.0	-1.0	0.52	-1.0	0.0	0.0	-1.0	0.0	0.0	0.0	0.0	-1.0	0.0	-1.0	1.0	0.0	1.0	-1.0	0.296	1.0	0.0	0.711	1.0	0.892	-1.0	-1.0	1.0	0.0	-1.0	-1.0	0.253	0.0	0.0	0.928	0.0	0.0	0.0	0.0	0.571	0.0	0.174	0.0	0.0	0.0	1.0	0.808	0.0	1.0	0.0	0.35	-1.0	1.0	0.435	0.0	0.0	0.0	0.074	0.0	0.218	1.0	0.18	1.0	0.0	0.976	0.514	0.786	0.0	0.0	0.256	-1.0	1.0	-1.0	0.0	0.155	0.0	0.0	1.0	0.0	0.097	0.732	0.127	1.0	0.0	0.0	0.0	1.0	0.146	0.571	0.046	0.327	0.98	0.734	0.0	0.75	0.912	0.923	0.721	-1.0	0.0	0.0	0.0	-1.0	0.0	0.0	0.0	0.0	1.0	1.0	0.719	0.0	0.0	0.399	0.0	0.0	0.0	0.0	0.0	0.742	1.0	1.0	1.0	1.0	0.0	1.0	0.047	0.0	0.012	1.0	0.0	1.0	0.157	-1.0	0.229	1.0	1.0	0.124	1.0	0.0	1.0	1.0	0.752	0.278	1.0	1.0	1.0	0.0	0.821	0.0	0.068	1.0	1.0	1.0	0.643	-1.0	1.0	0.897	0.307	-1.0	1.0	1.0	1.0	1.0	0.965	1.0	0.0	0.0	-1.0	-1.0	-1.0	-1.0	-1.0	-1.0	-1.0	-1.0	-1.0	-1.0	-1.0	-1.0	-1.0	-1.0	-1.0	-1.0	-1.0	-1.0	-1.0	-1.0	-1.0	-1.0	-1.0	-1.0	-1.0	-1.0	-1.0
gnl|Prokka|GCF_000012825.1_1|3269883|T	0.042	-1.0	0.458	-1.0	1.0	0.585	-1.0	1.0	0.471	1.0	0.115	-1.0	0.0	-1.0	1.0	0.0	1.0	-1.0	0.188	1.0	0.8	0.0	1.0	0.0	-1.0	1.0	1.0	-1.0	1.0	-1.0	0.415	0.0	0.0	0.0	0.0	0.0	0.0	0.0	-1.0	0.0	0.226	0.0	0.233	0.0	1.0	0.0	0.364	0.0	1.0	0.763	1.0	0.0	0.625	0.0	0.0	0.0	0.15	0.0	1.0	1.0	0.577	0.0	0.0	0.896	0.516	1.0	0.0	0.0	0.255	0.0	1.0	0.692	0.353	0.078	0.0	0.0	1.0	0.0	0.141	0.682	0.0	0.0	1.0	1.0	0.0	1.0	0.117	0.0	0.0	0.383	0.033	0.715	0.0	0.75	0.922	0.932	0.362	-1.0	0.026	0.0	0.0	0.521	0.0	0.0	0.0	0.0	1.0	1.0	-1.0	0.0	0.0	0.524	0.0	0.036	1.0	0.0	0.0	0.0	1.0	1.0	0.0	0.0	0.0	1.0	0.03	0.0	0.992	1.0	0.0	0.0	0.209	-1.0	0.761	0.745	1.0	0.243	1.0	0.0	0.812	1.0	0.709	0.303	1.0	1.0	1.0	0.0	0.834	0.0	0.232	0.927	1.0	1.0	0.25	0.0	1.0	0.736	0.234	-1.0	1.0	0.571	0.667	1.0	0.931	0.113	1.0	0.0	-1.0	-1.0	-1.0	-1.0	-1.0	-1.0	-1.0	-1.0	-1.0	-1.0	-1.0	-1.0	-1.0	-1.0	-1.0	-1.0	-1.0	-1.0	-1.0	-1.0	-1.0	-1.0	-1.0	-1.0	-1.0	-1.0	-1.0
gnl|Prokka|GCF_000012825.1_1|3307616|A	1.0	-1.0	0.875	-1.0	0.0	0.0	-1.0	0.0	0.324	0.0	1.0	-1.0	0.24	-1.0	0.722	0.0	1.0	-1.0	0.0	0.0	0.0	0.0	-1.0	0.0	-1.0	1.0	1.0	-1.0	0.0	-1.0	0.0	0.696	1.0	0.081	0.0	0.0	0.0	0.33	1.0	0.0	0.759	0.0	0.0	0.0	0.0	0.0	1.0	0.0	0.0	0.0	0.0	0.0	1.0	0.0	0.0	1.0	0.903	0.0	0.198	0.0	0.391	0.222	0.0	1.0	1.0	1.0	1.0	0.0	0.0	1.0	1.0	0.169	0.0	0.867	0.0	1.0	0.0	0.0	0.855	0.0	0.0	0.0	0.0	0.0	0.0	1.0	1.0	0.4	0.0	0.738	0.038	0.233	-1.0	0.707	0.885	0.0	0.545	-1.0	0.0	0.0	1.0	0.459	0.0	1.0	0.0	0.905	0.0	0.0	0.135	0.0	1.0	0.0	0.081	0.0	0.0	0.0	0.0	0.0	1.0	0.0	0.0	0.0	0.0	0.8	0.0	0.957	0.0	0.447	0.522	0.0	0.231	-1.0	0.259	0.0	0.07	0.34	1.0	1.0	0.0	0.086	0.0	0.335	0.0	0.0	1.0	1.0	0.782	1.0	0.0	0.4	1.0	0.0	0.721	1.0	-1.0	0.635	0.26	-1.0	0.0	0.0	0.385	0.0	0.0	0.036	0.0	0.0	-1.0	-1.0	-1.0	-1.0	-1.0	-1.0	-1.0	-1.0	-1.0	-1.0	-1.0	-1.0	-1.0	-1.0	-1.0	-1.0	-1.0	-1.0	-1.0	-1.0	-1.0	-1.0	-1.0	-1.0	-1.0	-1.0	-1.0
gnl|Prokka|GCF_000012825.1_1|3361381|G	0.0	-1.0	0.545	-1.0	0.0	0.537	-1.0	0.0	0.733	0.0	0.0	-1.0	0.0	-1.0	0.296	0.0	-1.0	-1.0	0.152	1.0	0.0	1.0	0.0	0.833	-1.0	0.312	0.0	-1.0	0.0	-1.0	0.524	0.0	1.0	0.0	0.0	0.0	0.269	0.0	0.556	0.0	0.0	0.0	0.0	1.0	0.0	0.0	-1.0	0.0	0.0	0.167	0.0	0.0	0.633	0.0	0.0	1.0	0.0	0.0	0.8	0.0	0.626	0.0	0.0	0.921	0.593	0.375	0.0	1.0	1.0	0.0	0.0	0.406	0.0	0.0	0.0	0.0	1.0	0.0	0.162	1.0	1.0	0.0	0.0	1.0	0.0	0.0	0.0	0.0	0.824	0.0	0.977	0.78	0.0	0.333	0.182	0.3	0.0	-1.0	0.0	0.0	0.0	0.421	0.0	0.0	0.0	0.0	1.0	1.0	0.0	0.0	0.0	0.446	0.0	0.0	0.0	0.0	0.0	0.0	0.346	0.0	1.0	1.0	0.0	0.0	0.0	0.0	0.99	1.0	0.0	0.0	0.0	-1.0	0.0	0.855	1.0	0.243	1.0	0.0	1.0	0.0	0.693	0.0	1.0	0.451	0.0	0.0	0.0	1.0	0.801	0.902	1.0	0.93	0.412	0.0	0.0	0.6	0.0	0.0	1.0	0.75	0.091	0.625	0.927	0.0	0.0	0.0	-1.0	-1.0	-1.0	-1.0	-1.0	-1.0	-1.0	-1.0	-1.0	-1.0	-1.0	-1.0	-1.0	-1.0	-1.0	-1.0	-1.0	-1.0	-1.0	-1.0	-1.0	-1.0	-1.0	-1.0	-1.0	-1.0	-1.0
gnl|Prokka|GCF_000012825.1_1|3413965|A	0.0	-1.0	0.55	-1.0	1.0	0.0	-1.0	1.0	0.357	1.0	0.0	-1.0	0.6	-1.0	0.0	0.0	0.0	-1.0	0.0	1.0	0.0	0.0	-1.0	0.0	-1.0	0.632	0.0	0.0	0.333	-1.0	0.0	0.0	0.0	1.0	0.0	1.0	0.0	0.305	-1.0	0.0	1.0	0.0	0.192	0.824	0.0	0.286	0.0	1.0	1.0	0.0	0.0	1.0	0.0	-1.0	0.0	0.0	0.0	0.0	0.211	0.0	0.636	0.571	0.867	0.916	0.0	0.0	0.0	1.0	0.179	0.0	0.0	0.774	0.0	0.097	0.0	0.0	-1.0	0.0	0.104	0.204	0.0	1.0	1.0	0.0	0.0	1.0	-1.0	0.333	0.787	0.075	0.031	0.794	1.0	0.0	0.152	0.234	0.026	-1.0	1.0	1.0	0.0	0.923	0.0	0.0	1.0	0.0	0.0	-1.0	0.161	0.0	0.0	0.374	0.0	0.932	1.0	-1.0	1.0	0.73	0.556	0.0	0.0	0.0	0.0	0.0	0.861	0.0	0.0	0.478	0.383	1.0	0.698	-1.0	1.0	1.0	0.252	0.507	0.0	0.0	-1.0	0.0	0.0	0.0	1.0	0.417	1.0	0.0	0.0	0.0	0.0	0.465	0.0	0.789	0.277	0.0	1.0	0.378	0.0	1.0	1.0	-1.0	0.0	1.0	0.042	0.909	1.0	0.0	-1.0	-1.0	-1.0	-1.0	-1.0	-1.0	-1.0	-1.0	-1.0	-1.0	-1.0	-1.0	-1.0	-1.0	-1.0	-1.0	-1.0	-1.0	-1.0	-1.0	-1.0	-1.0	-1.0	-1.0	-1.0	-1.0	-1.0
gnl|Prokka|GCF_000012825.1_1|3422810|C	0.0	-1.0	0.0	0.0	0.0	0.952	-1.0	0.0	-1.0	0.0	0.0	-1.0	0.0	-1.0	0.364	0.773	0.267	-1.0	0.0	0.0	1.0	0.697	-1.0	0.1	-1.0	-1.0	0.0	-1.0	0.0	-1.0	0.078	0.0	0.0	-1.0	0.0	0.0	0.852	0.701	0.0	1.0	0.214	1.0	0.132	1.0	0.0	1.0	0.0	0.0	0.0	0.0	0.0	1.0	0.0	0.0	1.0	-1.0	0.507	1.0	1.0	0.672	0.0	1.0	0.132	0.111	0.0	0.0	0.0	1.0	0.226	0.0	0.0	0.535	0.0	0.936	0.0	1.0	0.0	-1.0	0.0	0.0	0.278	1.0	0.0	1.0	1.0	0.0	0.0	0.0	0.977	0.613	0.045	0.0	0.0	1.0	0.859	0.024	1.0	-1.0	0.0	0.0	0.0	0.504	1.0	0.0	0.0	0.854	1.0	0.0	0.937	1.0	0.0	0.0	1.0	0.0	0.0	0.0	0.0	0.806	0.0	-1.0	0.0	1.0	1.0	-1.0	0.907	0.0	1.0	0.0	0.854	1.0	0.667	-1.0	0.0	0.151	0.0	0.171	0.0	0.0	0.0	0.0	0.194	0.649	0.0	0.0	0.0	0.0	0.0	0.0	0.0	0.438	0.0	0.0	0.455	-1.0	-1.0	1.0	1.0	-1.0	0.0	0.0	0.0	0.0	0.0	1.0	0.0	1.0	-1.0	-1.0	-1.0	-1.0	-1.0	-1.0	-1.0	-1.0	-1.0	-1.0	-1.0	-1.0	-1.0	-1.0	-1.0	-1.0	-1.0	-1.0	-1.0	-1.0	-1.0	-1.0	-1.0	-1.0	-1.0	-1.0	-1.0
gnl|Prokka|GCF_000012825.1_1|3422819|T	0.0	-1.0	0.0	0.0	0.0	0.938	-1.0	0.0	-1.0	0.0	0.0	-1.0	0.0	-1.0	0.371	0.75	0.211	-1.0	0.0	0.0	1.0	0.724	-1.0	0.111	-1.0	-1.0	0.0	-1.0	0.0	-1.0	0.084	0.0	0.0	-1.0	0.0	0.0	0.846	0.714	0.0	1.0	0.206	1.0	0.128	1.0	0.0	1.0	0.0	0.0	0.0	0.0	0.0	1.0	0.0	0.0	1.0	-1.0	0.531	1.0	1.0	0.669	0.0	0.737	0.132	0.121	0.0	0.0	0.0	1.0	0.25	0.0	0.0	0.485	0.0	0.93	0.0	1.0	0.0	-1.0	0.0	0.0	0.231	1.0	0.0	1.0	1.0	0.0	0.0	0.0	0.976	0.624	0.052	0.0	0.0	1.0	0.836	0.0	1.0	0.0	0.0	0.0	0.0	0.497	1.0	0.0	0.0	0.854	1.0	0.0	0.912	1.0	0.0	0.0	1.0	0.0	0.0	0.0	0.0	0.816	0.0	-1.0	0.0	1.0	1.0	-1.0	0.889	0.0	1.0	0.0	0.894	1.0	0.667	-1.0	0.0	0.135	0.0	0.184	0.0	0.0	0.0	0.0	0.22	0.646	0.0	0.0	0.0	0.0	0.0	0.0	0.0	0.467	0.0	0.0	0.444	-1.0	-1.0	1.0	1.0	-1.0	0.0	0.0	0.0	0.0	0.0	1.0	0.0	1.0	-1.0	-1.0	-1.0	-1.0	-1.0	-1.0	-1.0	-1.0	-1.0	-1.0	-1.0	-1.0	-1.0	-1.0	-1.0	-1.0	-1.0	-1.0	-1.0	-1.0	-1.0	-1.0	-1.0	-1.0	-1.0	-1.0	-1.0
gnl|Prokka|GCF_000012825.1_1|3425777|T	-1.0	-1.0	0.286	-1.0	0.0	0.0	-1.0	0.0	0.0	0.0	1.0	-1.0	0.15	-1.0	0.0	0.0	0.722	-1.0	0.0	0.0	0.0	0.0	0.0	0.0	-1.0	0.762	1.0	-1.0	0.0	1.0	0.432	0.17	0.333	0.0	1.0	1.0	0.0	0.0	0.0	0.0	0.0	0.0	0.0	0.0	0.0	0.0	0.545	1.0	0.0	0.594	1.0	0.0	1.0	1.0	0.0	0.0	0.07	0.0	0.25	0.0	0.44	0.0	0.891	0.895	1.0	1.0	-1.0	0.0	0.721	1.0	0.0	0.188	1.0	0.115	0.0	0.0	0.0	0.0	1.0	0.0	0.0	0.0	0.0	0.0	0.0	1.0	1.0	1.0	0.0	0.305	0.0	1.0	1.0	0.0	0.114	0.662	0.289	-1.0	1.0	0.955	-1.0	0.507	0.0	-1.0	1.0	0.114	1.0	1.0	0.0	0.0	0.0	0.0	0.0	1.0	-1.0	-1.0	1.0	0.248	1.0	1.0	0.0	0.0	0.0	1.0	0.0	-1.0	0.0	0.605	0.0	0.0	0.207	-1.0	0.267	1.0	0.2	0.298	1.0	-1.0	0.0	-1.0	0.0	0.317	-1.0	0.0	0.0	1.0	1.0	0.0	0.208	0.612	1.0	0.375	0.0	0.0	1.0	0.218	0.23	1.0	1.0	0.0	0.875	0.533	0.056	0.109	0.0	0.0	-1.0	-1.0	-1.0	-1.0	-1.0	-1.0	-1.0	-1.0	-1.0	-1.0	-1.0	-1.0	-1.0	-1.0	-1.0	-1.0	-1.0	-1.0	-1.0	-1.0	-1.0	-1.0	-1.0	-1.0	-1.0	-1.0	-1.0
gnl|Prokka|GCF_000012825.1_1|3435261|C	0.0	-1.0	0.086	0.0	1.0	0.051	-1.0	1.0	0.0	1.0	0.0	-1.0	0.818	-1.0	-1.0	0.0	0.0	-1.0	0.176	0.0	0.0	0.179	-1.0	0.0	-1.0	0.0	0.0	-1.0	1.0	0.0	0.66	0.27	0.0	0.0	0.008	1.0	0.222	0.0	-1.0	0.0	0.0	0.0	0.0	0.0	0.0	0.0	0.0	1.0	1.0	0.216	0.0	0.0	0.0	1.0	0.0	1.0	0.864	0.0	0.0	0.0	0.404	0.438	0.84	1.0	0.519	1.0	1.0	0.0	0.75	0.0	0.0	0.0	1.0	0.932	1.0	1.0	1.0	0.0	1.0	0.0	0.797	0.0	1.0	0.0	0.0	1.0	0.0	1.0	0.0	0.635	0.018	1.0	0.986	0.15	0.105	0.026	0.63	0.429	1.0	1.0	1.0	0.433	0.0	1.0	1.0	0.898	0.0	0.0	0.225	0.0	1.0	0.48	0.0	0.923	1.0	1.0	1.0	0.0	0.545	0.0	0.0	0.0	0.0	0.0	0.0	1.0	0.0	0.0	0.352	0.0	0.0	-1.0	1.0	0.801	0.181	0.769	0.0	1.0	-1.0	0.0	0.0	0.0	1.0	0.0	0.0	1.0	0.166	1.0	0.782	0.531	0.0	0.879	0.709	1.0	1.0	0.137	0.322	-1.0	0.0	1.0	0.2	1.0	0.0	0.07	1.0	0.0	-1.0	-1.0	-1.0	-1.0	-1.0	-1.0	-1.0	-1.0	-1.0	-1.0	-1.0	-1.0	-1.0	-1.0	-1.0	-1.0	-1.0	-1.0	-1.0	-1.0	-1.0	-1.0	-1.0	-1.0	-1.0	-1.0	-1.0
gnl|Prokka|GCF_000012825.1_1|3473359|C	0.0	-1.0	0.0	-1.0	1.0	0.0	-1.0	1.0	0.0	1.0	0.0	-1.0	0.0	-1.0	0.216	1.0	0.0	-1.0	0.787	1.0	1.0	0.912	1.0	1.0	-1.0	0.25	1.0	-1.0	0.0	0.625	0.76	0.0	0.0	0.944	0.0	0.0	0.409	0.628	1.0	0.0	0.0	0.0	0.0	0.0	0.0	1.0	0.0	0.0	1.0	1.0	1.0	1.0	0.0	0.0	0.0	1.0	0.127	0.0	0.0	0.0	0.561	-1.0	0.129	0.916	0.0	0.176	0.0	1.0	0.719	0.0	1.0	0.186	0.306	0.063	0.0	0.0	1.0	1.0	0.123	0.785	0.057	1.0	1.0	0.0	1.0	0.0	0.157	0.0	1.0	0.405	0.981	0.805	0.0	0.162	0.073	0.971	0.0	0.444	0.0	0.0	0.0	0.492	1.0	0.0	0.0	0.219	0.0	0.413	0.0	1.0	0.0	0.441	0.0	0.045	-1.0	0.0	0.0	1.0	0.0	1.0	1.0	0.965	0.676	1.0	0.0	0.0	0.0	0.273	1.0	1.0	0.0	-1.0	0.696	0.832	0.977	0.207	0.0	0.0	0.462	1.0	0.806	0.545	1.0	0.0	1.0	0.0	1.0	0.0	1.0	0.766	0.0	1.0	0.258	0.0	-1.0	0.0	1.0	-1.0	0.0	0.333	0.852	0.667	0.918	0.921	1.0	1.0	-1.0	-1.0	-1.0	-1.0	-1.0	-1.0	-1.0	-1.0	-1.0	-1.0	-1.0	-1.0	-1.0	-1.0	-1.0	-1.0	-1.0	-1.0	-1.0	-1.0	-1.0	-1.0	-1.0	-1.0	-1.0	-1.0	-1.0
gnl|Prokka|GCF_000012825.1_1|3483588|T	0.0	-1.0	0.609	-1.0	1.0	0.333	-1.0	1.0	0.429	1.0	0.0	-1.0	0.158	-1.0	0.0	0.0	0.0	-1.0	0.0	1.0	0.0	0.0	1.0	1.0	-1.0	0.368	0.0	-1.0	0.308	-1.0	0.32	0.0	0.0	0.127	0.0	0.0	0.0	0.345	-1.0	0.0	0.765	0.0	0.0	0.0	0.0	0.0	-1.0	0.0	1.0	0.8	1.0	0.0	0.0	0.0	0.0	0.0	0.182	0.0	0.0	0.289	0.642	0.0	0.0	0.934	0.0	0.0	0.0	0.0	0.143	0.0	0.0	0.0	0.402	0.145	0.0	0.015	0.0	0.0	0.054	0.745	0.861	0.0	1.0	0.0	0.0	0.0	0.0	0.0	0.074	0.488	1.0	0.607	0.0	0.0	0.113	0.953	0.0	-1.0	0.0	0.0	0.0	0.452	0.0	0.0	0.0	0.103	0.0	0.597	0.188	0.0	0.0	0.495	1.0	0.0	-1.0	-1.0	0.0	0.704	0.0	1.0	0.914	0.0	0.0	1.0	0.0	0.0	0.0	0.564	0.0	0.0	0.0	-1.0	0.611	1.0	0.963	0.351	0.0	0.0	0.0	1.0	0.729	0.0	1.0	0.56	0.0	0.0	0.0	0.0	0.19	0.41	0.0	1.0	0.246	0.0	0.0	0.0	0.238	-1.0	0.0	0.0	0.762	1.0	0.0	0.0	1.0	0.0	-1.0	-1.0	-1.0	-1.0	-1.0	-1.0	-1.0	-1.0	-1.0	-1.0	-1.0	-1.0	-1.0	-1.0	-1.0	-1.0	-1.0	-1.0	-1.0	-1.0	-1.0	-1.0	-1.0	-1.0	-1.0	-1.0	-1.0
gnl|Prokka|GCF_000012825.1_1|3487301|A	0.923	-1.0	0.704	-1.0	1.0	0.0	-1.0	1.0	0.154	1.0	1.0	-1.0	0.296	0.0	0.0	0.158	0.0	-1.0	0.0	1.0	0.0	0.0	-1.0	0.0	-1.0	0.333	0.0	-1.0	1.0	-1.0	0.239	0.0	1.0	0.065	0.0	0.0	0.0	0.422	0.455	0.0	0.787	0.0	0.0	0.0	0.0	0.0	-1.0	0.0	1.0	0.64	1.0	0.0	0.407	0.0	0.0	0.0	0.278	0.0	0.0	0.208	1.0	0.0	0.0	0.926	0.532	0.176	1.0	1.0	0.0	0.0	1.0	0.0	0.284	0.061	0.0	0.0	0.0	0.0	0.841	0.719	0.87	0.0	1.0	0.0	0.0	0.0	0.843	0.321	0.761	0.398	0.024	0.205	0.0	0.0	0.12	0.972	0.0	0.0	0.0	0.0	1.0	0.494	0.0	1.0	0.0	0.0	0.0	1.0	0.488	0.0	0.0	0.54	0.0	0.074	1.0	0.0	0.0	0.753	0.0	1.0	0.0	0.0	0.0	1.0	0.0	1.0	0.0	0.464	0.0	0.0	0.0	0.0	0.727	0.0	0.768	0.329	0.0	1.0	0.364	1.0	0.696	0.0	0.0	1.0	0.0	1.0	0.0	0.0	0.175	0.048	0.2	0.054	0.337	0.0	0.0	0.0	0.236	-1.0	1.0	1.0	1.0	0.0	0.908	0.0	1.0	0.0	-1.0	-1.0	-1.0	-1.0	-1.0	-1.0	-1.0	-1.0	-1.0	-1.0	-1.0	-1.0	-1.0	-1.0	-1.0	-1.0	-1.0	-1.0	-1.0	-1.0	-1.0	-1.0	-1.0	-1.0	-1.0	-1.0	-1.0
gnl|Prokka|GCF_000012825.1_1|3490767|G	1.0	-1.0	0.438	-1.0	1.0	0.0	-1.0	1.0	0.35	1.0	1.0	-1.0	0.368	-1.0	0.0	0.227	0.0	-1.0	0.0	1.0	0.0	0.0	0.556	1.0	-1.0	0.0	0.0	-1.0	-1.0	-1.0	0.0	0.0	0.714	0.031	0.99	0.0	0.0	0.45	-1.0	0.0	0.775	0.0	0.276	0.0	0.0	0.0	0.0	0.0	1.0	0.0	0.0	0.0	0.458	0.0	0.0	0.0	0.148	0.0	0.0	0.0	0.463	0.0	0.0	0.884	0.576	0.0	1.0	1.0	0.0	0.0	1.0	0.0	0.0	0.0	0.0	0.0	0.0	0.0	0.923	0.696	0.917	0.0	1.0	0.0	0.0	0.0	0.824	-1.0	0.84	0.13	1.0	0.248	0.0	0.0	0.118	0.181	0.0	0.6	0.0	0.0	1.0	-1.0	0.0	1.0	0.0	0.0	0.0	0.0	-1.0	0.0	0.0	0.292	0.0	0.0	-1.0	0.0	0.0	0.8	0.0	0.0	1.0	0.0	0.0	0.0	0.0	1.0	0.0	0.0	0.0	0.0	0.102	-1.0	0.806	0.0	0.87	0.043	0.0	1.0	0.556	0.0	0.729	0.0	0.0	0.581	0.0	1.0	0.0	0.0	0.0	0.0	0.0	0.079	0.274	0.0	0.0	0.0	0.285	-1.0	1.0	1.0	0.424	0.0	0.948	0.0	1.0	0.0	-1.0	-1.0	-1.0	-1.0	-1.0	-1.0	-1.0	-1.0	-1.0	-1.0	-1.0	-1.0	-1.0	-1.0	-1.0	-1.0	-1.0	-1.0	-1.0	-1.0	-1.0	-1.0	-1.0	-1.0	-1.0	-1.0	-1.0
gnl|Prokka|GCF_000012825.1_1|3490782|G	1.0	-1.0	0.533	-1.0	1.0	0.0	-1.0	1.0	0.359	1.0	1.0	-1.0	0.263	-1.0	0.0	0.182	0.0	-1.0	0.0	1.0	0.0	0.0	0.556	1.0	-1.0	-1.0	0.0	-1.0	-1.0	0.0	0.0	0.0	0.692	0.033	0.0	0.0	0.0	0.507	0.0	0.0	0.786	0.0	0.267	0.0	0.0	0.0	0.375	0.0	1.0	0.0	0.0	0.0	0.333	0.0	0.0	0.0	0.143	0.0	0.0	0.0	0.473	0.0	0.0	0.892	0.563	0.0	1.0	1.0	0.0	0.0	1.0	0.0	0.0	0.0	0.0	0.0	0.0	0.0	0.911	0.72	0.9	0.0	1.0	0.0	0.0	0.0	0.847	0.579	0.843	0.136	1.0	0.282	0.0	0.0	0.108	0.226	0.0	0.333	0.0	0.0	1.0	-1.0	0.0	1.0	0.0	0.0	0.0	0.0	0.464	0.0	0.0	0.289	0.0	0.0	-1.0	0.0	0.0	0.803	0.0	0.0	1.0	0.0	0.0	0.0	0.0	1.0	0.0	0.0	0.0	0.0	0.115	-1.0	0.784	0.0	0.874	0.037	0.0	1.0	-1.0	0.0	0.742	0.0	0.0	0.579	0.0	1.0	0.0	0.0	0.0	0.0	0.0	0.0	0.318	0.0	-1.0	0.0	0.0	-1.0	1.0	0.625	0.424	0.0	0.947	0.0	1.0	0.0	-1.0	-1.0	-1.0	-1.0	-1.0	-1.0	-1.0	-1.0	-1.0	-1.0	-1.0	-1.0	-1.0	-1.0	-1.0	-1.0	-1.0	-1.0	-1.0	-1.0	-1.0	-1.0	-1.0	-1.0	-1.0	-1.0	-1.0
gnl|Prokka|GCF_000012825.1_1|3490856|C	1.0	-1.0	0.619	-1.0	1.0	0.0	-1.0	1.0	0.379	1.0	1.0	-1.0	0.25	-1.0	0.0	0.143	0.0	-1.0	0.0	1.0	0.0	0.0	1.0	1.0	-1.0	0.0	0.0	-1.0	-1.0	-1.0	0.0	0.0	0.81	0.0	0.0	0.0	0.0	0.539	-1.0	0.0	0.794	0.0	0.133	0.0	0.0	0.0	0.0	0.0	1.0	0.0	0.0	0.0	0.4	0.0	0.0	0.0	0.189	0.0	0.0	0.0	0.453	0.0	0.0	0.91	0.556	0.0	1.0	1.0	0.0	0.0	1.0	0.0	0.0	0.0	0.0	0.0	0.0	0.0	0.891	0.756	0.887	0.0	1.0	0.0	0.0	0.0	0.839	0.571	0.835	0.142	1.0	0.299	0.0	0.0	0.155	0.173	0.0	0.429	0.0	0.0	1.0	0.539	0.0	1.0	0.0	0.0	0.0	0.0	0.438	0.0	0.0	0.324	0.0	0.0	1.0	0.0	0.0	0.779	0.0	0.0	1.0	0.0	0.0	0.0	0.0	1.0	0.0	0.0	0.0	0.0	0.07	-1.0	0.85	0.0	0.858	0.019	0.0	1.0	0.0	0.0	0.819	0.0	0.0	0.634	0.0	1.0	0.0	0.0	0.0	0.0	0.0	0.0	0.468	0.0	-1.0	0.0	0.317	-1.0	1.0	1.0	0.556	-1.0	0.934	0.0	1.0	0.0	-1.0	-1.0	-1.0	-1.0	-1.0	-1.0	-1.0	-1.0	-1.0	-1.0	-1.0	-1.0	-1.0	-1.0	-1.0	-1.0	-1.0	-1.0	-1.0	-1.0	-1.0	-1.0	-1.0	-1.0	-1.0	-1.0	-1.0
gnl|Prokka|GCF_000012825.1_1|3518505|C	1.0	-1.0	0.0	-1.0	0.0	0.0	-1.0	0.0	0.0	0.0	0.889	-1.0	0.136	-1.0	0.0	0.0	0.0	-1.0	0.0	0.0	0.0	0.0	0.0	0.0	-1.0	0.273	0.0	1.0	-1.0	-1.0	0.0	0.703	0.833	0.0	0.977	0.0	0.0	0.0	0.429	0.0	0.181	0.0	0.647	1.0	0.0	0.0	-1.0	0.0	0.0	0.0	0.0	-1.0	0.522	0.0	0.0	1.0	0.86	0.0	0.0	0.0	0.358	0.267	0.0	0.077	0.386	0.0	0.958	0.0	0.583	0.0	1.0	0.0	0.0	0.862	0.0	0.984	0.0	0.0	0.961	0.29	0.0	0.0	0.0	0.0	0.0	0.0	0.8	0.387	0.0	0.488	0.0	0.986	0.0	0.0	0.069	0.0	0.548	-1.0	0.0	0.0	0.956	0.0	0.0	1.0	0.0	0.759	0.0	0.0	0.241	0.0	0.95	0.0	0.0	0.0	0.0	0.0	0.0	0.0	0.0	0.0	0.0	0.0	0.0	0.0	0.0	1.0	0.0	0.0	0.344	0.0	0.0	-1.0	0.222	0.733	0.225	0.203	0.0	1.0	-1.0	0.0	0.0	0.0	1.0	0.0	0.933	-1.0	0.149	0.972	0.0	0.581	0.0	0.773	0.605	1.0	0.0	0.224	0.189	0.0	0.0	0.619	0.321	0.3	0.811	0.0	0.0	0.0	-1.0	-1.0	-1.0	-1.0	-1.0	-1.0	-1.0	-1.0	-1.0	-1.0	-1.0	-1.0	-1.0	-1.0	-1.0	-1.0	-1.0	-1.0	-1.0	-1.0	-1.0	-1.0	-1.0	-1.0	-1.0	-1.0	-1.0
gnl|Prokka|GCF_000012825.1_1|3532760|T	0.0	-1.0	0.357	-1.0	0.0	0.0	-1.0	0.0	0.0	0.0	0.115	-1.0	0.0	-1.0	1.0	0.0	0.667	-1.0	0.282	0.0	0.0	0.073	-1.0	0.0	-1.0	0.545	1.0	-1.0	0.0	0.0	0.474	0.0	0.0	0.0	0.0	0.0	0.0	0.0	0.0	0.0	0.0	0.0	0.0	0.0	1.0	0.0	0.0	0.0	0.0	0.444	0.0	0.0	-1.0	0.0	0.0	1.0	0.682	0.0	0.246	0.031	0.0	0.308	0.0	0.087	0.508	0.0	0.0	0.0	0.0	0.0	0.0	0.545	0.0	1.0	0.0	1.0	1.0	0.0	0.147	0.0	0.0	0.0	0.0	0.0	0.0	0.0	0.188	0.0	0.0	0.508	0.011	0.768	0.0	0.719	0.874	0.0	0.647	0.556	0.0	0.063	0.0	0.025	0.0	0.0	0.0	0.633	0.0	0.0	0.774	0.0	1.0	0.0	0.079	0.0	-1.0	0.0	0.0	0.0	0.276	0.0	0.0	0.0	0.0	0.625	0.03	0.0	0.0	0.615	0.688	0.0	0.125	-1.0	0.355	0.912	0.202	0.382	1.0	0.0	0.0	0.0	0.0	0.327	1.0	0.0	1.0	0.0	1.0	0.0	0.789	0.62	1.0	0.929	0.657	1.0	0.0	0.808	0.0	0.0	0.0	0.0	0.0	1.0	0.11	0.101	0.0	0.0	-1.0	-1.0	-1.0	-1.0	-1.0	-1.0	-1.0	-1.0	-1.0	-1.0	-1.0	-1.0	-1.0	-1.0	-1.0	-1.0	-1.0	-1.0	-1.0	-1.0	-1.0	-1.0	-1.0	-1.0	-1.0	-1.0	-1.0
gnl|Prokka|GCF_000012825.1_1|3644455|A	1.0	-1.0	0.162	-1.0	0.0	0.0	-1.0	0.0	0.0	0.0	1.0	-1.0	0.0	-1.0	0.7	0.0	1.0	-1.0	0.0	0.0	0.824	0.0	-1.0	0.0	-1.0	0.786	0.0	1.0	-1.0	0.444	0.0	0.274	1.0	0.0	1.0	0.0	0.0	0.0	-1.0	0.0	0.0	0.0	0.821	0.0	0.0	0.0	1.0	1.0	0.0	0.0	0.0	0.0	1.0	0.0	0.0	1.0	0.311	0.0	0.0	0.0	0.405	0.0	0.0	0.0	0.497	1.0	1.0	0.0	0.0	1.0	0.0	0.0	0.625	0.0	1.0	0.02	0.0	0.0	1.0	0.713	0.895	0.0	0.0	0.0	0.0	1.0	0.878	1.0	0.0	0.0	0.0	1.0	0.0	0.769	0.896	0.0	0.37	-1.0	0.0	0.0	1.0	0.0	0.0	1.0	0.0	0.0	1.0	0.0	0.0	0.0	0.0	0.505	0.0	0.0	0.0	0.0	0.0	0.785	1.0	0.0	0.0	0.0	0.0	0.0	0.0	0.95	0.0	0.414	0.375	0.0	0.0	-1.0	0.367	1.0	1.0	0.039	1.0	1.0	0.25	0.0	0.77	0.0	1.0	0.537	0.0	1.0	0.188	1.0	0.0	0.723	1.0	0.8	0.0	0.0	1.0	0.0	0.187	-1.0	1.0	0.0	0.765	1.0	0.0	0.091	0.0	0.0	-1.0	-1.0	-1.0	-1.0	-1.0	-1.0	-1.0	-1.0	-1.0	-1.0	-1.0	-1.0	-1.0	-1.0	-1.0	-1.0	-1.0	-1.0	-1.0	-1.0	-1.0	-1.0	-1.0	-1.0	-1.0	-1.0	-1.0
gnl|Prokka|GCF_000012825.1_1|3718733|G	-1.0	-1.0	0.0	0.0	1.0	0.0	-1.0	1.0	0.0	1.0	1.0	-1.0	0.545	-1.0	0.0	0.0	1.0	-1.0	0.0	1.0	0.0	0.225	-1.0	0.911	-1.0	0.8	1.0	-1.0	0.0	1.0	0.089	0.283	0.0	0.0	0.0	1.0	0.0	0.0	0.0	0.0	0.0	0.0	0.0	0.0	0.872	0.0	1.0	1.0	-1.0	0.0	0.0	0.0	1.0	1.0	0.0	0.0	0.0	0.0	0.0	0.0	0.434	0.25	0.841	1.0	1.0	0.0	-1.0	0.0	1.0	0.0	0.0	0.515	0.0	0.907	1.0	1.0	0.0	0.0	0.863	0.0	0.0	0.0	1.0	0.0	0.0	0.0	1.0	1.0	0.016	0.523	0.974	0.218	1.0	0.0	1.0	0.278	0.0	-1.0	0.979	1.0	-1.0	0.442	0.0	-1.0	1.0	0.781	0.0	0.61	0.786	0.0	0.0	0.801	0.0	1.0	1.0	-1.0	1.0	0.827	0.212	0.0	0.0	0.018	0.0	1.0	0.0	-1.0	0.0	0.488	0.0	0.0	0.25	0.0	0.39	0.0	0.0	0.0	1.0	-1.0	0.0	0.0	0.0	1.0	0.0	0.0	0.0	1.0	0.809	0.0	0.0	0.0	1.0	0.0	1.0	-1.0	0.0	0.164	0.27	1.0	0.0	0.0	0.345	0.357	0.05	0.0	-1.0	0.0	-1.0	-1.0	-1.0	-1.0	-1.0	-1.0	-1.0	-1.0	-1.0	-1.0	-1.0	-1.0	-1.0	-1.0	-1.0	-1.0	-1.0	-1.0	-1.0	-1.0	-1.0	-1.0	-1.0	-1.0	-1.0	-1.0	-1.0
gnl|Prokka|GCF_000012825.1_1|3732065|A	0.046	-1.0	0.773	-1.0	0.0	0.463	-1.0	0.121	1.0	0.0	0.0	-1.0	0.19	-1.0	0.157	0.0	0.375	-1.0	0.143	0.0	-1.0	1.0	-1.0	0.077	-1.0	0.0	0.0	-1.0	0.375	-1.0	0.843	0.772	0.0	0.107	0.0	0.0	0.722	0.449	1.0	1.0	1.0	1.0	0.0	0.0	0.0	0.136	0.0	0.015	0.096	1.0	1.0	0.139	0.0	0.0	1.0	0.04	0.0	1.0	0.825	0.349	0.0	0.0	0.0	0.0	0.0	1.0	0.27	0.356	0.326	0.0	0.643	0.464	0.0	0.103	0.0	0.0	0.2	1.0	0.163	0.709	0.165	0.236	0.0	1.0	0.286	0.0	0.0	0.0	0.0	0.507	0.0	0.791	0.01	0.69	0.0	0.744	0.306	0.0	0.0	0.0	0.196	0.484	0.0	0.0	0.0	0.171	1.0	0.0	0.185	0.0	0.0	0.0	0.0	0.077	-1.0	-1.0	0.0	0.0	0.0	1.0	1.0	1.0	0.296	0.0	1.0	0.713	1.0	0.0	0.0	0.24	0.854	-1.0	0.0	0.0	1.0	0.209	0.0	0.0	-1.0	1.0	0.72	0.0	1.0	1.0	0.0	0.0	0.0	0.0	-1.0	1.0	0.0	0.883	0.0	0.294	0.0	0.868	0.0	-1.0	1.0	-1.0	0.0	0.0	0.0	0.0	0.462	0.0	-1.0	-1.0	-1.0	-1.0	-1.0	-1.0	-1.0	-1.0	-1.0	-1.0	-1.0	-1.0	-1.0	-1.0	-1.0	-1.0	-1.0	-1.0	-1.0	-1.0	-1.0	-1.0	-1.0	-1.0	-1.0	-1.0	-1.0
gnl|Prokka|GCF_000012825.1_1|3732559|C	0.115	-1.0	0.52	-1.0	0.0	0.484	-1.0	0.115	1.0	0.0	0.0	-1.0	0.15	-1.0	0.128	0.0	0.0	-1.0	0.125	0.0	0.615	0.784	0.0	0.0	-1.0	0.0	0.0	1.0	0.0	-1.0	0.738	0.753	0.0	0.165	0.0	0.0	0.0	0.275	0.375	1.0	1.0	1.0	0.0	0.0	0.0	0.103	0.0	0.0	0.065	1.0	0.875	0.104	0.0	0.0	1.0	0.022	0.011	1.0	0.853	0.25	0.0	0.167	0.0	0.0	0.0	0.0	0.323	0.35	0.206	0.0	0.591	0.475	0.0	0.0	0.0	0.014	0.385	1.0	0.109	0.694	0.068	0.346	0.0	1.0	0.267	0.0	0.0	0.0	0.0	0.467	0.0	0.761	0.0	0.718	0.0	0.777	0.383	0.0	0.0	0.0	0.209	0.491	0.0	0.0	0.0	0.0	1.0	0.0	0.118	0.0	0.0	0.0	0.0	0.0	0.0	-1.0	0.0	0.0	0.0	1.0	1.0	1.0	0.415	0.0	1.0	0.621	1.0	0.0	0.0	0.271	0.7	-1.0	0.0	0.237	1.0	0.178	0.0	0.0	0.758	1.0	0.688	0.0	1.0	1.0	0.0	0.0	0.0	0.0	1.0	1.0	0.0	0.859	0.0	0.364	0.0	0.188	0.0	-1.0	1.0	-1.0	0.0	0.0	0.0	0.0	0.536	0.0	-1.0	-1.0	-1.0	-1.0	-1.0	-1.0	-1.0	-1.0	-1.0	-1.0	-1.0	-1.0	-1.0	-1.0	-1.0	-1.0	-1.0	-1.0	-1.0	-1.0	-1.0	-1.0	-1.0	-1.0	-1.0	-1.0	-1.0
gnl|Prokka|GCF_000012825.1_1|3772933|C	0.0	-1.0	1.0	-1.0	1.0	0.0	-1.0	1.0	0.108	1.0	0.0	-1.0	0.611	0.0	0.912	0.0	1.0	-1.0	1.0	1.0	0.0	0.0	-1.0	0.882	-1.0	1.0	1.0	-1.0	0.0	-1.0	0.0	1.0	0.0	0.051	0.0	0.0	1.0	0.253	0.0	0.0	1.0	0.0	0.0	0.0	0.0	0.0	0.429	0.0	1.0	0.0	0.0	0.0	0.517	0.0	0.0	1.0	0.105	1.0	0.0	0.031	0.551	0.0	0.0	0.882	0.434	0.0	0.0	0.0	0.0	0.0	0.0	0.288	0.0	0.053	1.0	0.0	1.0	0.0	0.081	0.616	0.0	0.0	1.0	0.0	0.0	0.0	0.138	0.0	0.083	0.078	1.0	0.661	0.0	0.75	0.905	0.343	0.331	0.0	0.0	0.0	0.0	0.442	0.0	0.0	0.0	0.0	1.0	0.48	-1.0	0.0	1.0	1.0	0.0	0.0	-1.0	0.0	0.0	0.237	0.458	0.0	0.0	0.0	0.0	1.0	0.026	0.0	0.0	1.0	0.356	0.0	0.114	-1.0	0.0	1.0	1.0	0.167	1.0	0.0	0.444	0.0	1.0	1.0	1.0	0.43	0.0	0.0	0.824	0.0	0.0	1.0	0.75	0.885	0.116	0.0	0.0	0.182	0.0	0.0	1.0	0.0	1.0	0.6	0.0	0.0	1.0	0.0	-1.0	-1.0	-1.0	-1.0	-1.0	-1.0	-1.0	-1.0	-1.0	-1.0	-1.0	-1.0	-1.0	-1.0	-1.0	-1.0	-1.0	-1.0	-1.0	-1.0	-1.0	-1.0	-1.0	-1.0	-1.0	-1.0	-1.0
gnl|Prokka|GCF_000012825.1_1|3779633|G	0.0	-1.0	0.724	-1.0	0.0	0.39	-1.0	0.0	0.27	0.0	0.0	-1.0	0.211	-1.0	0.463	0.769	0.556	-1.0	0.677	0.0	0.25	0.0	-1.0	0.0	-1.0	0.4	1.0	0.0	0.0	0.0	0.324	0.0	0.0	0.078	0.0	0.0	0.562	1.0	-1.0	0.0	0.84	0.0	0.0	1.0	1.0	-1.0	0.462	0.0	0.0	0.774	1.0	0.0	0.407	0.0	0.0	0.0	0.0	0.0	0.0	0.0	0.0	0.0	0.155	0.0	0.484	0.0	0.0	1.0	0.219	0.0	0.0	0.417	0.276	0.067	0.0	0.0	0.0	1.0	0.181	1.0	0.0	0.0	0.0	0.0	1.0	0.0	0.117	0.0	0.95	0.377	0.02	0.747	0.008	1.0	0.869	0.742	0.0	-1.0	0.0	0.0	0.0	0.061	1.0	0.0	0.0	0.133	0.0	0.0	0.676	1.0	0.0	0.0	1.0	0.058	0.0	0.333	0.0	1.0	0.318	1.0	0.0	0.0	0.559	1.0	0.0	0.0	0.0	0.567	0.571	0.0	0.135	-1.0	0.559	1.0	1.0	0.043	1.0	0.0	1.0	1.0	1.0	1.0	1.0	0.0	1.0	0.0	0.813	0.0	0.197	0.667	1.0	1.0	0.033	0.0	0.0	0.727	0.775	-1.0	0.0	0.0	0.0	0.444	0.046	0.0	0.0	1.0	-1.0	-1.0	-1.0	-1.0	-1.0	-1.0	-1.0	-1.0	-1.0	-1.0	-1.0	-1.0	-1.0	-1.0	-1.0	-1.0	-1.0	-1.0	-1.0	-1.0	-1.0	-1.0	-1.0	-1.0	-1.0	-1.0	-1.0
gnl|Prokka|GCF_000012825.1_1|3803819|T	0.0	-1.0	0.0	0.0	1.0	0.0	-1.0	0.818	0.0	1.0	0.061	-1.0	-1.0	-1.0	0.0	0.0	0.0	-1.0	0.0	0.0	0.0	0.0	-1.0	0.0	-1.0	0.0	0.0	-1.0	-1.0	-1.0	0.548	1.0	0.308	0.0	0.0	1.0	0.35	0.0	-1.0	0.0	0.236	0.0	0.75	0.0	0.0	0.0	0.0	1.0	1.0	0.244	0.0	0.0	0.0	1.0	0.0	1.0	0.861	0.0	0.313	0.073	0.534	0.556	0.858	0.082	0.0	0.0	0.0	0.0	0.0	1.0	0.0	0.0	0.0	0.924	1.0	1.0	0.0	0.0	0.163	0.0	0.897	0.0	1.0	0.0	0.0	1.0	0.0	0.562	0.0	0.602	0.0	0.714	1.0	0.0	0.0	0.028	0.637	-1.0	1.0	1.0	0.0	0.0	0.0	0.0	1.0	1.0	0.0	0.474	0.0	0.0	0.0	0.668	0.0	1.0	-1.0	1.0	1.0	0.0	0.545	0.0	0.0	0.0	0.0	0.0	0.0	0.0	0.0	0.643	0.468	0.0	0.0	-1.0	0.316	1.0	0.149	1.0	0.0	0.0	0.0	0.0	0.0	0.0	1.0	0.531	0.0	0.0	0.0	1.0	0.799	0.72	0.0	0.941	0.713	1.0	1.0	0.392	0.0	-1.0	1.0	0.0	0.37	-1.0	0.058	0.087	1.0	0.0	-1.0	-1.0	-1.0	-1.0	-1.0	-1.0	-1.0	-1.0	-1.0	-1.0	-1.0	-1.0	-1.0	-1.0	-1.0	-1.0	-1.0	-1.0	-1.0	-1.0	-1.0	-1.0	-1.0	-1.0	-1.0	-1.0	-1.0
gnl|Prokka|GCF_000012825.1_1|3805417|G	0.0	-1.0	0.0	-1.0	1.0	0.474	-1.0	1.0	0.647	1.0	0.0	-1.0	0.667	1.0	1.0	0.0	1.0	-1.0	1.0	0.0	1.0	1.0	-1.0	0.0	-1.0	1.0	0.0	0.0	0.429	-1.0	0.688	0.0	0.2	0.0	0.0	1.0	0.0	0.0	1.0	0.0	0.227	0.0	0.821	0.0	0.0	0.0	0.583	0.0	1.0	0.4	0.0	0.0	0.739	1.0	0.0	1.0	0.736	0.0	0.772	0.681	0.0	0.263	0.831	0.059	0.505	0.0	0.0	0.0	0.0	1.0	1.0	0.0	0.0	0.924	0.0	1.0	-1.0	0.0	0.203	0.0	1.0	0.0	1.0	1.0	0.0	1.0	0.026	0.0	0.0	0.503	0.012	0.704	1.0	0.692	0.85	0.0	0.667	1.0	1.0	1.0	0.0	0.0	0.0	0.0	1.0	0.8	0.0	0.0	0.727	0.0	0.0	0.0	0.0	0.916	1.0	1.0	1.0	0.252	1.0	0.0	0.0	1.0	0.0	0.0	0.0	0.0	1.0	0.487	0.327	0.0	0.1	-1.0	1.0	1.0	0.22	0.735	0.979	0.0	-1.0	0.0	0.0	0.0	1.0	0.0	0.0	0.0	0.0	1.0	0.777	1.0	1.0	0.925	0.588	1.0	1.0	0.407	0.172	-1.0	0.0	0.0	0.0	1.0	0.912	0.076	1.0	0.0	-1.0	-1.0	-1.0	-1.0	-1.0	-1.0	-1.0	-1.0	-1.0	-1.0	-1.0	-1.0	-1.0	-1.0	-1.0	-1.0	-1.0	-1.0	-1.0	-1.0	-1.0	-1.0	-1.0	-1.0	-1.0	-1.0	-1.0
gnl|Prokka|GCF_000012825.1_1|3806851|T	0.0	-1.0	0.391	-1.0	1.0	0.073	-1.0	1.0	0.0	1.0	1.0	-1.0	0.591	-1.0	1.0	0.2	1.0	-1.0	0.0	0.0	-1.0	0.0	-1.0	0.0	-1.0	1.0	1.0	-1.0	1.0	-1.0	0.902	0.242	0.0	0.0	1.0	1.0	0.0	0.0	-1.0	0.0	0.197	0.0	0.912	0.0	0.0	0.0	0.429	1.0	1.0	1.0	1.0	0.0	0.524	1.0	0.0	0.0	0.421	0.0	0.0	0.174	0.0	-1.0	0.89	0.062	0.508	1.0	0.0	0.0	0.0	1.0	1.0	0.23	0.667	1.0	1.0	1.0	-1.0	0.0	0.13	0.0	0.917	0.0	1.0	0.045	0.0	1.0	0.155	0.647	0.0	0.906	0.014	0.752	1.0	0.556	0.914	0.77	1.0	-1.0	1.0	1.0	0.0	0.051	0.0	0.0	1.0	1.0	1.0	0.0	0.781	0.0	0.0	0.553	0.0	1.0	-1.0	1.0	1.0	0.794	1.0	1.0	0.0	0.0	0.0	1.0	0.0	0.0	0.0	0.562	0.0	0.0	0.138	-1.0	1.0	1.0	0.184	0.591	1.0	0.0	0.0	1.0	0.0	0.337	1.0	0.087	0.0	0.0	0.81	1.0	1.0	0.579	1.0	0.75	0.677	-1.0	-1.0	0.29	0.254	-1.0	0.0	0.429	0.0	0.636	0.968	0.078	1.0	0.081	-1.0	-1.0	-1.0	-1.0	-1.0	-1.0	-1.0	-1.0	-1.0	-1.0	-1.0	-1.0	-1.0	-1.0	-1.0	-1.0	-1.0	-1.0	-1.0	-1.0	-1.0	-1.0	-1.0	-1.0	-1.0	-1.0	-1.0
gnl|Prokka|GCF_000012825.1_1|3867360|G	1.0	-1.0	0.462	-1.0	1.0	0.564	-1.0	1.0	0.0	1.0	1.0	-1.0	0.158	-1.0	0.375	0.0	-1.0	-1.0	0.083	1.0	0.0	0.0	0.429	1.0	-1.0	0.0	0.091	0.0	1.0	-1.0	0.553	0.0	1.0	0.0	0.0	0.0	0.0	0.0	-1.0	0.0	0.219	0.0	0.22	0.0	1.0	0.0	1.0	0.0	1.0	0.366	0.0	0.0	1.0	0.0	0.0	0.0	0.85	0.0	0.183	0.075	0.326	0.0	0.0	1.0	1.0	0.0	1.0	0.0	0.231	0.833	0.0	0.277	1.0	1.0	0.0	1.0	1.0	0.0	0.862	0.75	0.901	0.0	1.0	0.0	0.0	1.0	0.837	0.462	0.087	0.544	0.97	0.219	0.0	0.0	0.09	0.252	0.713	0.429	0.0	0.028	1.0	0.436	0.0	1.0	0.0	0.81	0.0	0.37	0.423	0.0	0.0	0.243	1.0	0.0	1.0	0.0	0.0	0.752	1.0	0.0	1.0	0.0	0.0	0.0	0.036	1.0	0.0	0.529	0.0	0.0	0.132	-1.0	0.812	0.159	0.803	0.558	1.0	1.0	0.0	0.0	0.781	0.0	0.0	0.69	0.0	1.0	0.17	0.0	0.76	0.233	1.0	0.058	1.0	1.0	-1.0	0.284	0.0	-1.0	1.0	0.333	0.4	-1.0	0.056	0.121	1.0	0.091	-1.0	-1.0	-1.0	-1.0	-1.0	-1.0	-1.0	-1.0	-1.0	-1.0	-1.0	-1.0	-1.0	-1.0	-1.0	-1.0	-1.0	-1.0	-1.0	-1.0	-1.0	-1.0	-1.0	-1.0	-1.0	-1.0	-1.0
gnl|Prokka|GCF_000012825.1_1|3871298|A	0.0	-1.0	0.65	-1.0	0.0	0.0	-1.0	0.0	0.192	0.0	-1.0	-1.0	1.0	-1.0	0.0	0.0	0.0	-1.0	0.789	1.0	0.0	1.0	-1.0	1.0	-1.0	1.0	1.0	0.0	-1.0	1.0	0.0	1.0	0.0	0.103	1.0	0.0	0.308	0.39	0.0	0.0	0.777	0.0	1.0	0.0	0.0	0.0	0.0	1.0	0.0	0.0	0.0	0.0	0.0	0.0	0.0	1.0	0.805	0.0	0.205	0.224	0.605	0.611	0.0	1.0	0.0	1.0	0.0	0.0	0.833	0.0	0.0	0.185	0.0	0.929	1.0	1.0	0.0	0.0	0.145	1.0	0.085	0.0	0.0	0.0	0.0	0.0	0.1	0.48	0.044	0.58	0.95	0.761	0.0	0.207	0.063	0.204	1.0	-1.0	0.0	0.0	0.0	0.481	0.0	0.0	0.0	0.821	1.0	1.0	0.333	0.0	0.0	1.0	0.0	0.0	0.0	0.0	0.0	0.196	0.0	0.0	1.0	0.977	0.0	1.0	0.0	0.0	0.0	0.667	0.0	0.0	0.077	-1.0	0.171	1.0	1.0	0.638	0.0	0.0	1.0	0.0	0.745	0.347	1.0	-1.0	1.0	0.0	1.0	0.0	0.0	0.567	0.0	1.0	1.0	1.0	0.0	0.492	0.257	-1.0	0.0	0.231	1.0	1.0	0.0	0.0	0.0	0.0	-1.0	-1.0	-1.0	-1.0	-1.0	-1.0	-1.0	-1.0	-1.0	-1.0	-1.0	-1.0	-1.0	-1.0	-1.0	-1.0	-1.0	-1.0	-1.0	-1.0	-1.0	-1.0	-1.0	-1.0	-1.0	-1.0	-1.0
gnl|Prokka|GCF_000012825.1_1|3875185|A	0.0	-1.0	0.385	-1.0	0.0	0.0	-1.0	0.0	0.179	0.0	0.0	-1.0	0.125	-1.0	1.0	0.0	1.0	-1.0	1.0	1.0	0.0	0.0	-1.0	0.9	-1.0	1.0	1.0	-1.0	0.375	1.0	0.414	0.0	0.0	0.0	0.0	1.0	0.727	0.0	0.0	1.0	0.221	1.0	0.0	0.0	1.0	0.0	0.571	0.0	0.0	0.825	1.0	0.0	-1.0	1.0	0.0	0.0	0.097	1.0	0.0	0.712	0.0	0.0	0.864	0.932	0.512	0.0	0.0	0.0	0.211	0.0	0.0	0.44	0.704	0.049	0.0	0.0	1.0	0.0	0.184	0.333	0.0	0.0	0.0	0.0	0.0	0.0	0.097	0.0	0.07	0.374	0.95	0.754	1.0	0.864	0.918	1.0	0.0	-1.0	0.977	0.963	0.0	0.48	0.0	0.0	1.0	0.196	0.0	0.0	0.0	0.0	1.0	0.269	0.094	1.0	0.0	1.0	1.0	1.0	0.486	1.0	1.0	0.0	0.417	1.0	0.0	0.0	0.0	0.48	0.471	0.0	1.0	0.0	0.0	1.0	0.258	0.415	1.0	0.0	-1.0	1.0	0.262	1.0	1.0	0.662	1.0	0.0	0.79	1.0	0.182	1.0	1.0	0.941	0.346	0.0	0.0	1.0	0.0	-1.0	1.0	1.0	1.0	1.0	0.101	0.0	0.0	0.0	-1.0	-1.0	-1.0	-1.0	-1.0	-1.0	-1.0	-1.0	-1.0	-1.0	-1.0	-1.0	-1.0	-1.0	-1.0	-1.0	-1.0	-1.0	-1.0	-1.0	-1.0	-1.0	-1.0	-1.0	-1.0	-1.0	-1.0
gnl|Prokka|GCF_000012825.1_1|3879877|G	0.0	-1.0	0.0	-1.0	0.0	0.521	-1.0	0.0	0.391	0.0	0.0	-1.0	0.586	-1.0	0.0	0.0	0.0	-1.0	0.836	1.0	0.611	0.0	0.0	1.0	-1.0	-1.0	0.0	-1.0	-1.0	-1.0	0.037	0.246	0.0	0.0	0.0	1.0	0.0	0.0	0.0	0.0	0.0	0.0	0.0	0.0	0.0	0.0	0.0	1.0	0.0	0.0	0.0	0.0	0.0	1.0	0.0	0.0	0.148	0.0	0.84	0.0	0.58	0.0	0.865	0.939	0.0	0.75	0.0	1.0	0.0	0.0	1.0	0.0	0.0	0.066	0.0	0.0	0.0	0.0	0.161	0.734	0.0	0.0	0.0	1.0	0.0	0.0	0.0	0.536	0.823	0.0	0.96	0.775	0.99	0.0	0.112	0.257	0.0	0.375	0.976	0.948	0.0	0.388	0.0	0.0	1.0	0.0	0.0	0.43	0.0	0.0	1.0	0.414	0.0	0.927	0.0	1.0	1.0	0.201	0.0	0.0	0.886	0.0	0.0	0.0	0.0	0.0	1.0	0.526	0.509	0.0	0.0	-1.0	0.0	0.786	1.0	0.657	0.0	0.0	0.308	0.0	0.696	0.0	1.0	0.0	1.0	0.0	0.187	1.0	0.0	1.0	0.0	0.921	0.359	-1.0	-1.0	0.19	0.0	-1.0	0.0	0.714	0.714	1.0	0.864	0.0	0.0	0.0	-1.0	-1.0	-1.0	-1.0	-1.0	-1.0	-1.0	-1.0	-1.0	-1.0	-1.0	-1.0	-1.0	-1.0	-1.0	-1.0	-1.0	-1.0	-1.0	-1.0	-1.0	-1.0	-1.0	-1.0	-1.0	-1.0	-1.0
gnl|Prokka|GCF_000012825.1_1|3992192|A	0.0	-1.0	0.808	-1.0	0.0	0.0	-1.0	0.0	0.367	0.0	0.0	-1.0	0.214	-1.0	0.429	0.0	1.0	-1.0	0.0	0.0	0.0	0.108	-1.0	0.0	-1.0	1.0	1.0	-1.0	0.235	-1.0	0.34	0.0	1.0	0.05	0.0	0.0	0.783	0.348	0.0	0.0	0.733	0.0	0.0	0.0	1.0	0.0	0.429	0.0	0.0	0.781	0.893	0.0	0.514	0.0	0.0	0.0	0.061	0.0	0.313	0.0	0.665	0.0	0.0	0.908	0.488	0.786	0.0	0.0	0.0	1.0	0.0	0.554	0.0	0.065	0.0	0.023	0.0	0.0	0.102	0.0	0.055	0.0	0.0	0.0	0.0	1.0	0.088	0.0	0.0	0.471	0.027	0.778	0.0	0.55	0.871	0.76	0.0	-1.0	0.0	0.0	0.0	0.539	0.0	0.0	0.0	0.0	0.0	0.6	0.088	0.0	0.0	0.186	0.087	0.0	0.0	0.0	0.0	0.0	1.0	1.0	0.0	0.0	0.0	1.0	0.0	0.0	0.0	1.0	0.0	0.0	0.257	-1.0	0.16	0.793	0.28	0.131	1.0	0.0	0.0	1.0	0.0	0.281	1.0	0.0	1.0	0.0	0.811	0.0	0.203	0.593	1.0	0.476	0.0	0.0	-1.0	0.0	0.0	-1.0	0.0	0.0	0.559	1.0	0.025	0.051	0.0	0.0	-1.0	-1.0	-1.0	-1.0	-1.0	-1.0	-1.0	-1.0	-1.0	-1.0	-1.0	-1.0	-1.0	-1.0	-1.0	-1.0	-1.0	-1.0	-1.0	-1.0	-1.0	-1.0	-1.0	-1.0	-1.0	-1.0	-1.0
gnl|Prokka|GCF_000012825.1_1|3993838|G	0.077	-1.0	0.806	-1.0	0.0	0.683	-1.0	0.0	0.69	0.0	0.0	-1.0	0.412	-1.0	0.615	0.0	1.0	-1.0	0.0	0.0	1.0	0.129	-1.0	0.0	-1.0	1.0	1.0	-1.0	-1.0	0.429	0.309	0.0	1.0	0.06	1.0	0.0	0.611	0.267	0.714	0.0	0.776	0.0	0.0	0.0	0.833	0.0	0.636	0.0	0.0	0.741	1.0	0.0	0.368	0.0	0.0	0.0	0.094	0.0	1.0	0.0	0.661	0.211	-1.0	0.951	0.521	0.0	0.0	0.0	0.0	0.0	0.0	0.593	0.0	0.091	0.0	0.017	0.0	0.0	0.156	0.0	0.0	0.0	0.0	1.0	0.0	0.0	0.195	0.174	0.0	0.407	0.026	0.739	0.01	0.871	0.878	0.667	0.0	0.0	0.0	0.0	0.0	0.526	0.0	0.0	0.0	0.167	0.0	0.425	0.0	0.0	0.0	0.182	0.0	0.046	0.0	0.0	0.0	0.0	0.351	1.0	0.0	0.0	0.0	1.0	0.0	0.0	0.991	1.0	0.0	0.0	0.114	-1.0	0.325	0.857	0.322	0.183	1.0	0.0	0.0	1.0	0.0	0.361	1.0	0.0	1.0	0.0	0.833	0.0	0.187	0.634	1.0	0.641	0.0	0.0	-1.0	0.0	0.307	-1.0	0.0	0.75	0.537	0.556	0.956	0.0	0.0	0.12	-1.0	-1.0	-1.0	-1.0	-1.0	-1.0	-1.0	-1.0	-1.0	-1.0	-1.0	-1.0	-1.0	-1.0	-1.0	-1.0	-1.0	-1.0	-1.0	-1.0	-1.0	-1.0	-1.0	-1.0	-1.0	-1.0	-1.0
gnl|Prokka|GCF_000012825.1_1|4090055|G	0.0	-1.0	0.548	-1.0	0.0	0.313	-1.0	-1.0	0.269	0.0	0.262	-1.0	0.316	0.0	0.0	0.333	0.0	-1.0	0.0	1.0	0.0	0.129	0.0	0.0	-1.0	0.208	0.118	0.0	0.231	0.0	0.405	1.0	0.0	0.0	0.0	1.0	0.0	0.26	0.188	0.0	0.843	0.0	0.0	0.0	0.463	0.0	-1.0	0.0	0.0	0.432	0.0	0.0	0.0	-1.0	0.0	0.0	0.106	0.0	0.0	0.0	0.0	0.4	0.87	0.04	0.0	0.0	0.0	0.0	0.0	-1.0	0.0	0.0	0.0	0.906	1.0	0.615	-1.0	0.0	0.0	0.535	0.847	0.0	0.0	0.0	-1.0	0.007	0.385	0.0	0.082	0.409	0.024	0.0	1.0	0.0	0.097	0.275	0.577	-1.0	0.978	1.0	0.0	0.054	0.0	0.0	1.0	0.849	0.0	0.0	0.257	0.0	0.0	0.817	0.0	0.945	0.0	-1.0	1.0	0.399	0.0	0.0	0.0	0.0	0.0	0.0	0.0	0.0	0.0	0.0	0.0	0.0	0.0	-1.0	0.105	0.0	0.772	0.14	0.0	0.0	-1.0	0.0	0.645	0.0	0.0	0.0	0.0	0.0	1.0	1.0	0.833	0.096	0.0	0.0	0.86	0.0	0.0	0.09	0.0	-1.0	1.0	-1.0	0.158	0.3	0.892	0.0	0.0	0.167	-1.0	-1.0	-1.0	-1.0	-1.0	-1.0	-1.0	-1.0	-1.0	-1.0	-1.0	-1.0	-1.0	-1.0	-1.0	-1.0	-1.0	-1.0	-1.0	-1.0	-1.0	-1.0	-1.0	-1.0	-1.0	-1.0	-1.0
gnl|Prokka|GCF_000012825.1_1|4111730|C	0.0	-1.0	0.88	-1.0	0.0	0.321	-1.0	0.0	0.815	0.0	0.108	-1.0	0.826	1.0	0.593	0.0	1.0	-1.0	0.878	1.0	0.688	0.194	-1.0	0.865	-1.0	-1.0	1.0	-1.0	0.611	0.0	0.097	1.0	0.167	0.0	1.0	1.0	0.158	0.357	0.0	0.0	1.0	0.0	0.833	0.0	0.0	0.0	0.667	0.853	0.0	0.0	0.0	0.0	0.567	0.647	0.0	1.0	0.892	0.0	0.667	1.0	0.723	0.417	0.906	1.0	0.452	1.0	0.0	0.0	0.0	1.0	1.0	0.804	0.633	0.9	1.0	0.795	0.0	0.0	0.153	0.208	0.846	0.0	0.0	1.0	0.0	0.763	0.154	0.286	0.066	0.579	1.0	0.793	0.991	0.842	0.867	0.216	0.918	1.0	1.0	1.0	0.0	1.0	0.0	0.0	1.0	0.714	1.0	1.0	0.614	0.0	1.0	1.0	0.114	0.949	0.0	1.0	1.0	0.201	1.0	0.0	0.923	0.0	0.0	1.0	1.0	0.0	1.0	1.0	0.47	0.0	0.871	0.0	0.224	0.818	0.198	1.0	1.0	0.0	1.0	0.172	0.0	0.368	1.0	0.537	0.911	0.0	0.84	1.0	0.0	0.889	0.333	1.0	0.947	1.0	-1.0	0.882	0.0	-1.0	0.0	0.792	0.692	1.0	0.932	0.12	0.0	0.0	-1.0	-1.0	-1.0	-1.0	-1.0	-1.0	-1.0	-1.0	-1.0	-1.0	-1.0	-1.0	-1.0	-1.0	-1.0	-1.0	-1.0	-1.0	-1.0	-1.0	-1.0	-1.0	-1.0	-1.0	-1.0	-1.0	-1.0
gnl|Prokka|GCF_000012825.1_1|4441355|A	0.0	-1.0	-1.0	0.0	1.0	0.0	-1.0	1.0	0.0	1.0	0.0	-1.0	0.0	-1.0	0.0	-1.0	1.0	-1.0	0.0	0.0	0.176	0.0	0.0	0.0	-1.0	1.0	1.0	-1.0	0.222	-1.0	0.566	0.0	0.0	0.0	0.0	0.0	0.0	0.676	0.0	0.0	0.21	0.0	0.351	0.88	1.0	0.0	-1.0	0.0	1.0	0.394	0.0	0.0	0.485	0.0	0.0	0.0	0.0	0.0	0.337	0.096	0.0	0.0	0.152	0.0	0.515	0.0	0.0	0.0	0.0	0.0	0.0	0.6	0.382	0.041	0.0	0.0	-1.0	-1.0	0.165	0.704	0.0	0.0	1.0	0.0	-1.0	0.0	0.11	0.0	0.198	0.0	0.012	0.73	0.0	0.0	0.84	0.0	0.0	-1.0	0.0	0.0	0.0	0.045	1.0	0.0	0.0	0.0	0.0	0.0	-1.0	1.0	0.0	0.0	0.0	0.0	1.0	0.0	0.0	0.0	0.0	0.0	0.0	0.0	0.723	1.0	0.0	0.0	0.0	0.536	0.608	0.0	0.349	-1.0	0.824	0.847	1.0	0.0	1.0	0.0	-1.0	0.0	0.682	0.277	1.0	0.15	0.0	0.0	0.832	0.0	0.853	0.597	1.0	1.0	0.0	0.0	0.0	0.277	0.82	0.0	1.0	0.0	0.0	0.0	0.072	0.0	1.0	1.0	-1.0	-1.0	-1.0	-1.0	-1.0	-1.0	-1.0	-1.0	-1.0	-1.0	-1.0	-1.0	-1.0	-1.0	-1.0	-1.0	-1.0	-1.0	-1.0	-1.0	-1.0	-1.0	-1.0	-1.0	-1.0	-1.0	-1.0
gnl|Prokka|GCF_000012825.1_1|4448260|A	0.0	-1.0	0.25	-1.0	0.0	0.238	-1.0	0.736	0.0	0.0	0.188	-1.0	0.37	-1.0	0.0	0.0	1.0	-1.0	0.0	1.0	0.0	0.0	-1.0	0.098	-1.0	0.833	1.0	0.3	0.333	-1.0	0.203	0.019	0.0	0.0	0.0	0.0	0.75	0.0	0.0	0.0	0.236	0.0	0.0	0.0	1.0	0.0	0.0	0.158	0.0	0.19	0.0	0.0	0.684	0.536	0.0	0.0	0.126	0.0	0.352	0.08	0.648	0.222	0.0	0.915	0.503	0.0	0.0	0.0	0.0	0.0	0.0	0.565	0.0	0.088	0.0	0.253	0.0	0.0	0.183	0.412	0.099	0.0	0.0	0.0	0.0	0.245	0.48	0.0	0.061	0.289	0.0	0.795	0.0	0.0	0.08	0.424	0.213	0.0	0.0	0.0	0.0	0.519	0.173	0.0	0.0	0.276	0.0	1.0	0.487	0.354	0.0	0.536	0.081	0.0	0.0	0.0	0.0	0.26	-1.0	0.0	0.0	0.0	0.0	0.824	0.0	0.0	0.0	1.0	0.0	0.0	0.442	-1.0	0.3	0.808	0.271	0.129	1.0	0.0	-1.0	0.0	0.327	1.0	1.0	0.0	0.218	0.0	0.855	0.0	0.0	0.676	0.382	1.0	0.429	0.0	0.0	0.814	0.0	-1.0	0.0	-1.0	0.806	1.0	0.025	0.0	0.0	0.547	-1.0	-1.0	-1.0	-1.0	-1.0	-1.0	-1.0	-1.0	-1.0	-1.0	-1.0	-1.0	-1.0	-1.0	-1.0	-1.0	-1.0	-1.0	-1.0	-1.0	-1.0	-1.0	-1.0	-1.0	-1.0	-1.0	-1.0
gnl|Prokka|GCF_000012825.1_1|4483588|G	0.0	-1.0	0.0	-1.0	1.0	0.0	-1.0	1.0	0.0	1.0	0.081	-1.0	0.148	-1.0	0.0	0.0	0.0	-1.0	1.0	1.0	0.0	0.0	-1.0	0.0	-1.0	-1.0	0.0	0.0	0.0	-1.0	0.0	0.69	0.0	0.0	0.0	0.0	0.0	0.0	0.0	0.0	0.197	0.0	1.0	0.0	1.0	0.0	0.0	0.0	1.0	0.0	0.121	0.0	0.0	0.0	0.0	1.0	0.0	0.0	0.209	0.289	0.0	0.0	0.0	0.895	0.0	1.0	0.0	0.0	1.0	-1.0	1.0	0.315	0.289	0.0	0.0	0.0	1.0	1.0	0.101	0.743	0.933	0.0	1.0	0.0	0.0	1.0	0.0	0.0	0.0	0.0	0.0	0.694	0.0	0.0	0.101	0.22	0.0	-1.0	0.0	0.0	0.0	0.495	0.0	0.0	0.0	0.0	0.0	0.519	0.0	0.0	0.0	0.313	-1.0	0.0	1.0	0.0	0.0	0.22	0.552	0.0	0.0	0.0	0.0	0.0	0.029	0.0	0.0	0.091	0.469	0.0	0.0	-1.0	0.8	0.815	0.966	0.019	0.0	0.0	0.333	0.0	0.768	0.0	1.0	1.0	1.0	0.0	0.188	0.0	0.0	1.0	0.0	0.911	0.329	0.0	-1.0	0.204	0.0	-1.0	1.0	0.0	0.162	1.0	0.046	0.067	1.0	0.0	-1.0	-1.0	-1.0	-1.0	-1.0	-1.0	-1.0	-1.0	-1.0	-1.0	-1.0	-1.0	-1.0	-1.0	-1.0	-1.0	-1.0	-1.0	-1.0	-1.0	-1.0	-1.0	-1.0	-1.0	-1.0	-1.0	-1.0
gnl|Prokka|GCF_000012825.1_1|4736018|G	0.0	-1.0	0.261	-1.0	0.0	0.0	-1.0	0.0	0.0	0.0	0.0	-1.0	0.6	-1.0	0.545	0.0	0.556	-1.0	0.0	0.0	0.0	1.0	0.0	0.0	-1.0	1.0	0.0	0.0	0.375	-1.0	0.089	0.293	0.0	0.0	0.0	1.0	0.273	0.0	1.0	0.0	0.0	0.0	0.0	0.0	0.842	0.0	-1.0	1.0	0.0	0.0	0.0	0.0	0.0	1.0	0.0	0.0	0.0	0.0	0.197	0.0	0.0	0.0	0.853	0.0	0.53	0.8	0.0	1.0	0.0	0.0	1.0	0.273	0.602	0.047	1.0	0.0	0.0	0.0	0.0	0.703	0.162	0.0	0.0	0.0	0.0	0.983	0.0	0.478	0.761	0.0	0.038	0.0	1.0	0.829	0.829	0.0	0.0	0.273	1.0	0.935	0.0	0.0	0.0	0.0	1.0	0.0	0.0	0.0	0.0	0.0	0.0	0.0	0.0	0.939	0.0	1.0	1.0	0.85	1.0	0.0	0.0	1.0	0.083	0.0	0.0	0.0	0.0	0.333	0.0	0.0	0.154	0.0	0.0	0.147	0.736	0.422	1.0	0.0	-1.0	0.111	0.735	0.0	0.0	0.0	0.0	0.0	0.0	0.005	0.0	0.0	1.0	0.0	0.0	0.0	0.0	0.542	0.167	-1.0	0.0	1.0	0.0	0.0	0.972	0.123	0.0	0.0	-1.0	-1.0	-1.0	-1.0	-1.0	-1.0	-1.0	-1.0	-1.0	-1.0	-1.0	-1.0	-1.0	-1.0	-1.0	-1.0	-1.0	-1.0	-1.0	-1.0	-1.0	-1.0	-1.0	-1.0	-1.0	-1.0	-1.0
gnl|Prokka|GCF_000012825.1_1|4748132|G	0.0	-1.0	0.75	-1.0	0.0	0.0	-1.0	0.0	0.31	0.0	0.0	-1.0	0.2	-1.0	0.0	0.0	1.0	-1.0	0.0	0.0	0.0	0.842	-1.0	0.0	-1.0	0.0	1.0	-1.0	0.333	0.0	0.061	0.0	0.0	0.029	0.0	1.0	0.222	0.355	1.0	0.0	0.787	0.0	0.0	0.0	0.0	0.0	0.0	0.0	0.0	0.0	0.0	0.0	0.0	1.0	0.0	0.0	0.0	0.0	0.0	0.262	0.0	0.0	0.905	0.0	0.51	1.0	0.0	1.0	0.0	0.0	0.0	0.267	0.672	0.0	0.0	0.0	0.0	0.0	0.175	0.0	0.094	0.0	0.0	0.0	0.0	1.0	0.154	0.0	0.794	0.12	0.028	0.75	1.0	0.0	0.0	0.035	0.373	-1.0	1.0	0.977	0.0	0.047	0.0	0.0	1.0	0.0	1.0	0.463	0.0	0.0	0.0	0.0	0.0	1.0	0.0	1.0	1.0	0.0	0.696	0.0	0.0	1.0	0.0	1.0	0.0	0.0	0.0	0.556	0.0	0.0	0.0	-1.0	0.0	1.0	0.215	0.644	1.0	0.0	0.0	0.0	0.0	0.372	1.0	0.403	1.0	0.0	0.81	0.0	0.0	0.628	1.0	0.809	0.0	0.0	-1.0	1.0	0.0	-1.0	0.0	-1.0	0.0	0.667	0.943	0.087	0.0	0.0	-1.0	-1.0	-1.0	-1.0	-1.0	-1.0	-1.0	-1.0	-1.0	-1.0	-1.0	-1.0	-1.0	-1.0	-1.0	-1.0	-1.0	-1.0	-1.0	-1.0	-1.0	-1.0	-1.0	-1.0	-1.0	-1.0	-1.0
gnl|Prokka|GCF_000012825.1_1|4770289|C	1.0	-1.0	0.357	-1.0	0.0	0.0	-1.0	0.0	0.327	0.0	1.0	-1.0	0.696	1.0	0.0	0.0	0.0	-1.0	0.0	0.0	0.0	0.0	0.429	0.0	-1.0	0.0	0.0	-1.0	0.3	0.364	0.908	1.0	1.0	0.045	0.0	1.0	0.407	0.319	0.0	0.0	0.791	0.0	0.889	0.0	0.0	0.0	0.6	1.0	0.0	1.0	1.0	0.024	0.28	1.0	0.0	1.0	1.0	0.0	0.0	0.0	1.0	0.533	0.806	0.071	0.536	0.812	1.0	0.0	0.771	1.0	0.0	0.0	0.661	1.0	1.0	1.0	0.0	0.0	0.863	0.3	0.831	0.0	0.0	0.0	0.0	1.0	0.832	1.0	0.0	1.0	0.021	0.269	1.0	0.0	0.039	0.81	0.676	-1.0	1.0	1.0	1.0	0.0	0.0	1.0	1.0	1.0	0.0	1.0	-1.0	0.0	1.0	0.715	0.0	1.0	0.0	1.0	1.0	0.786	0.353	1.0	0.0	0.0	0.0	0.0	0.0	1.0	0.0	0.7	0.6	0.0	0.0	-1.0	0.148	0.0	0.049	0.954	0.0	1.0	-1.0	1.0	0.0	0.0	0.0	0.629	1.0	1.0	0.181	1.0	1.0	0.26	0.0	0.0	0.675	1.0	1.0	0.207	0.0	0.0	1.0	0.0	0.72	0.0	0.071	0.147	0.0	0.174	-1.0	-1.0	-1.0	-1.0	-1.0	-1.0	-1.0	-1.0	-1.0	-1.0	-1.0	-1.0	-1.0	-1.0	-1.0	-1.0	-1.0	-1.0	-1.0	-1.0	-1.0	-1.0	-1.0	-1.0	-1.0	-1.0	-1.0
gnl|Prokka|GCF_000012825.1_1|4794216|G	0.913	-1.0	0.0	0.0	0.0	0.905	-1.0	0.102	0.714	0.0	0.938	-1.0	1.0	-1.0	0.116	0.176	0.0	-1.0	0.0	0.0	1.0	0.0	-1.0	0.089	-1.0	0.0	0.0	-1.0	0.0	-1.0	0.146	1.0	0.826	0.0	0.0	1.0	0.1	0.0	0.0	0.0	0.0	0.0	1.0	0.0	0.085	0.0	-1.0	1.0	0.0	0.204	0.0	0.0	0.333	1.0	0.0	1.0	0.896	0.0	0.584	0.0	0.418	1.0	0.835	0.151	0.527	0.0	1.0	0.0	0.784	0.0	0.0	0.0	0.681	0.939	1.0	1.0	0.0	0.321	1.0	0.328	0.87	0.064	0.0	1.0	0.0	0.061	0.891	1.0	0.079	0.428	0.032	1.0	0.991	0.0	0.08	0.036	0.681	-1.0	0.971	1.0	1.0	0.0	0.143	0.698	1.0	0.906	0.0	0.0	0.115	0.158	1.0	0.0	0.9	0.905	0.0	1.0	1.0	0.09	0.56	0.0	0.0	0.0	0.0	0.0	0.0	1.0	1.0	0.0	0.345	0.133	0.064	1.0	0.119	0.894	0.252	0.799	0.0	1.0	-1.0	0.0	0.0	0.0	1.0	0.0	1.0	1.0	0.184	1.0	0.0	0.632	0.458	0.9	0.736	1.0	0.0	0.806	0.0	1.0	0.0	0.571	0.263	1.0	0.972	0.0	0.0	0.0	-1.0	-1.0	-1.0	-1.0	-1.0	-1.0	-1.0	-1.0	-1.0	-1.0	-1.0	-1.0	-1.0	-1.0	-1.0	-1.0	-1.0	-1.0	-1.0	-1.0	-1.0	-1.0	-1.0	-1.0	-1.0	-1.0	-1.0
gnl|Prokka|GCF_000012825.1_1|4806583|A	0.0	-1.0	0.0	-1.0	0.0	1.0	-1.0	0.0	0.435	0.0	0.0	-1.0	0.632	-1.0	0.0	0.0	0.0	-1.0	0.793	1.0	0.0	0.0	-1.0	1.0	-1.0	-1.0	0.0	0.0	0.583	-1.0	0.888	0.19	0.0	0.0	0.0	0.0	0.238	0.0	1.0	0.0	0.184	0.0	0.0	0.0	0.0	-1.0	0.0	1.0	0.0	1.0	1.0	0.0	0.0	0.0	0.0	0.0	0.152	0.0	0.833	0.084	0.621	0.0	0.0	0.0	0.0	1.0	0.0	0.0	0.0	0.0	0.0	0.0	0.627	0.0	0.0	0.0	0.0	0.0	0.124	0.0	0.853	0.0	0.0	0.942	0.0	0.0	0.0	0.545	0.035	0.282	0.973	0.751	0.0	0.0	0.107	0.964	0.282	0.0	0.0	0.0	0.0	0.0	0.0	0.0	0.0	0.227	0.986	1.0	0.667	0.0	1.0	0.407	1.0	0.0	0.0	0.0	0.0	0.773	1.0	1.0	0.739	0.0	0.0	0.0	0.0	0.0	1.0	1.0	0.367	0.0	0.0	-1.0	0.147	0.854	0.24	0.171	0.0	0.091	0.0	0.9	0.0	0.0	1.0	0.592	1.0	0.0	0.0	1.0	1.0	0.854	0.0	1.0	0.363	0.0	0.0	0.189	0.337	-1.0	1.0	1.0	0.773	-1.0	0.0	0.0	0.0	0.0	-1.0	-1.0	-1.0	-1.0	-1.0	-1.0	-1.0	-1.0	-1.0	-1.0	-1.0	-1.0	-1.0	-1.0	-1.0	-1.0	-1.0	-1.0	-1.0	-1.0	-1.0	-1.0	-1.0	-1.0	-1.0	-1.0	-1.0
gnl|Prokka|GCF_000012825.1_1|4807972|A	1.0	-1.0	0.304	-1.0	1.0	0.0	-1.0	1.0	0.0	1.0	1.0	-1.0	0.143	-1.0	0.59	1.0	0.0	-1.0	1.0	1.0	0.0	0.0	0.0	0.0	-1.0	0.0	0.0	-1.0	1.0	-1.0	0.0	0.0	0.0	0.0	0.0	0.0	0.0	0.667	0.0	0.0	0.0	0.0	0.0	1.0	0.0	0.478	0.4	0.0	1.0	0.0	0.0	0.0	0.577	0.0	1.0	0.0	0.19	0.0	0.241	0.0	0.339	0.176	0.146	0.0	0.559	0.0	0.851	0.0	0.314	1.0	0.0	0.0	0.413	0.0	0.0	0.008	1.0	1.0	0.852	0.755	0.0	0.0	1.0	0.0	1.0	1.0	0.866	0.552	0.194	0.0	0.0	0.179	0.0	0.13	0.159	0.252	0.0	0.429	0.0	0.0	1.0	0.0	1.0	1.0	0.0	0.0	0.0	0.0	0.0	1.0	0.0	0.264	0.0	0.0	1.0	0.0	0.0	0.78	0.0	0.0	0.0	0.0	0.723	0.0	0.0	1.0	0.0	0.0	0.462	0.0	0.25	0.0	0.766	0.166	0.756	0.0	0.0	1.0	0.75	0.0	0.636	0.0	0.0	0.625	0.0	1.0	0.197	0.0	0.0	0.0	0.0	0.128	0.263	0.0	1.0	0.0	0.769	0.0	1.0	0.692	0.304	-1.0	0.0	0.083	1.0	1.0	-1.0	-1.0	-1.0	-1.0	-1.0	-1.0	-1.0	-1.0	-1.0	-1.0	-1.0	-1.0	-1.0	-1.0	-1.0	-1.0	-1.0	-1.0	-1.0	-1.0	-1.0	-1.0	-1.0	-1.0	-1.0	-1.0	-1.0
gnl|Prokka|GCF_000012825.1_1|4809061|A	0.923	-1.0	0.0	0.0	0.0	0.0	-1.0	0.0	0.0	0.0	1.0	-1.0	0.353	-1.0	0.324	0.0	0.0	-1.0	1.0	1.0	-1.0	0.0	-1.0	1.0	-1.0	0.0	0.0	-1.0	-1.0	-1.0	0.406	0.758	1.0	0.0	0.0	1.0	0.115	0.0	-1.0	0.0	0.0	0.0	0.0	0.0	0.0	0.0	-1.0	0.0	0.0	0.758	1.0	0.0	0.56	1.0	0.0	0.031	0.209	0.0	0.236	0.0	1.0	0.0	0.87	0.915	0.449	1.0	0.782	0.0	0.225	0.0	0.0	0.0	0.651	0.0	0.958	0.0	1.0	0.0	1.0	0.294	0.797	0.0	0.0	0.0	0.0	0.0	1.0	0.565	0.048	0.434	1.0	1.0	1.0	0.0	0.179	1.0	0.315	-1.0	1.0	0.955	1.0	0.43	0.0	1.0	1.0	0.086	1.0	1.0	0.208	0.0	0.0	0.475	0.0	1.0	0.0	1.0	1.0	0.0	0.488	1.0	0.897	0.0	0.0	0.0	0.0	1.0	0.0	0.235	0.382	-1.0	0.286	-1.0	0.0	0.818	0.266	0.729	0.0	1.0	0.429	1.0	0.0	0.0	1.0	0.652	1.0	1.0	0.825	0.0	0.208	0.696	0.0	1.0	0.275	0.0	0.0	0.725	0.115	-1.0	1.0	0.7	0.357	-1.0	0.028	0.0	0.0	0.0	-1.0	-1.0	-1.0	-1.0	-1.0	-1.0	-1.0	-1.0	-1.0	-1.0	-1.0	-1.0	-1.0	-1.0	-1.0	-1.0	-1.0	-1.0	-1.0	-1.0	-1.0	-1.0	-1.0	-1.0	-1.0	-1.0	-1.0
gnl|Prokka|GCF_000012825.1_1|4810267|T	0.0	-1.0	0.0	-1.0	0.0	0.0	-1.0	0.0	0.0	0.0	0.0	-1.0	0.565	1.0	0.571	0.0	0.0	-1.0	0.0	1.0	0.0	0.0	-1.0	1.0	-1.0	0.176	0.0	0.0	-1.0	-1.0	0.37	0.736	1.0	0.0	0.0	1.0	0.407	0.0	-1.0	0.0	0.0	0.0	0.0	0.0	0.0	0.0	0.3	1.0	0.0	0.705	1.0	0.0	0.455	1.0	0.0	0.0	0.0	0.0	0.182	0.0	0.636	0.0	0.845	0.0	0.0	1.0	0.242	0.0	0.517	0.0	1.0	0.0	0.702	0.0	1.0	0.0	0.0	0.0	0.125	1.0	0.861	0.0	0.0	0.0	0.0	0.0	0.223	0.727	0.036	0.362	0.951	0.737	0.987	0.517	0.963	0.976	0.31	-1.0	1.0	0.953	0.0	0.07	0.0	0.0	1.0	0.15	1.0	0.507	0.684	0.0	0.0	0.444	0.0	1.0	0.0	1.0	1.0	0.0	0.594	1.0	0.892	0.0	0.0	0.0	0.0	0.0	0.0	-1.0	0.54	0.0	0.0	-1.0	0.0	0.756	0.956	0.562	0.0	0.0	0.727	0.875	0.698	0.0	1.0	0.588	1.0	0.0	0.776	0.0	0.265	1.0	0.0	0.901	0.347	0.0	0.0	0.121	0.258	-1.0	1.0	0.571	0.4	-1.0	0.943	0.0	0.0	0.0	-1.0	-1.0	-1.0	-1.0	-1.0	-1.0	-1.0	-1.0	-1.0	-1.0	-1.0	-1.0	-1.0	-1.0	-1.0	-1.0	-1.0	-1.0	-1.0	-1.0	-1.0	-1.0	-1.0	-1.0	-1.0	-1.0	-1.0
gnl|Prokka|GCF_000012825.1_1|4810351|A	0.0	-1.0	0.0	-1.0	0.0	0.0	-1.0	0.0	0.0	0.0	0.0	-1.0	0.579	1.0	0.556	0.0	0.0	-1.0	0.0	1.0	0.0	0.0	-1.0	1.0	-1.0	0.154	0.0	-1.0	0.0	0.0	0.333	0.683	0.0	0.0	0.0	1.0	0.458	0.0	-1.0	0.0	0.0	0.0	1.0	0.0	0.0	0.0	0.0	1.0	0.0	0.75	1.0	0.0	0.514	1.0	0.0	0.0	0.0	0.0	0.224	0.0	0.0	0.0	0.87	0.0	0.0	1.0	0.303	0.0	0.444	0.0	0.0	0.0	0.651	0.0	1.0	0.0	0.0	0.0	0.0	0.263	0.893	0.0	0.0	0.0	0.0	0.0	0.156	0.533	0.042	0.327	1.0	0.0	0.989	0.588	0.92	1.0	0.0	-1.0	1.0	0.966	0.0	0.041	0.0	0.0	1.0	0.324	0.0	0.438	0.0	0.0	0.0	0.26	0.0	1.0	0.0	1.0	1.0	0.0	0.556	1.0	0.879	-1.0	0.0	0.0	0.0	0.0	0.0	0.0	-1.0	0.0	0.0	-1.0	0.0	0.0	0.0	0.629	0.0	0.0	0.714	0.786	0.0	0.0	0.0	0.535	1.0	0.0	0.793	0.0	0.245	0.0	0.0	0.097	0.313	0.0	0.0	0.167	0.0	-1.0	1.0	0.0	0.15	-1.0	0.957	0.0	0.0	0.0	-1.0	-1.0	-1.0	-1.0	-1.0	-1.0	-1.0	-1.0	-1.0	-1.0	-1.0	-1.0	-1.0	-1.0	-1.0	-1.0	-1.0	-1.0	-1.0	-1.0	-1.0	-1.0	-1.0	-1.0	-1.0	-1.0	-1.0
gnl|Prokka|GCF_000012825.1_1|4810402|T	0.0	-1.0	0.0	-1.0	0.0	0.0	-1.0	0.0	0.0	0.0	0.111	-1.0	0.353	-1.0	0.0	0.0	0.0	-1.0	0.0	1.0	0.0	0.0	-1.0	1.0	-1.0	0.217	0.0	-1.0	0.444	0.0	0.376	0.697	0.0	0.0	0.0	1.0	0.294	0.0	0.0	0.0	0.0	0.0	1.0	0.0	0.0	0.0	0.0	1.0	0.0	0.861	1.0	0.0	0.558	1.0	0.0	0.0	0.0	0.0	0.29	0.0	0.0	0.0	0.871	0.0	0.0	1.0	0.315	0.0	1.0	0.0	0.0	0.0	0.742	0.0	1.0	0.0	0.0	0.0	0.0	0.282	0.931	0.0	0.0	0.0	0.0	0.0	0.18	-1.0	0.061	0.362	1.0	0.0	0.991	0.0	0.094	1.0	0.0	-1.0	0.977	0.951	0.0	0.036	0.0	0.0	1.0	0.394	0.0	1.0	0.0	0.0	0.0	0.212	0.0	1.0	0.0	1.0	1.0	0.0	0.591	1.0	0.905	0.0	0.0	0.0	0.0	0.0	0.0	0.0	0.475	0.0	0.0	-1.0	0.0	0.0	0.0	0.595	0.0	0.0	0.727	0.852	0.0	0.0	0.0	0.554	1.0	0.0	0.826	0.0	0.269	0.0	0.0	0.093	0.314	0.0	0.0	0.145	0.0	1.0	1.0	0.0	0.208	-1.0	0.958	0.0	0.0	0.0	-1.0	-1.0	-1.0	-1.0	-1.0	-1.0	-1.0	-1.0	-1.0	-1.0	-1.0	-1.0	-1.0	-1.0	-1.0	-1.0	-1.0	-1.0	-1.0	-1.0	-1.0	-1.0	-1.0	-1.0	-1.0	-1.0	-1.0
gnl|Prokka|GCF_000012825.1_1|4810978|T	0.0	-1.0	0.438	-1.0	0.0	0.0	-1.0	0.0	0.0	0.0	0.0	-1.0	-1.0	1.0	0.655	0.0	1.0	-1.0	0.389	1.0	0.0	0.0	0.0	0.862	-1.0	0.0	0.0	0.0	0.0	-1.0	0.521	0.729	0.727	0.0	0.0	1.0	0.0	0.0	-1.0	0.0	0.0	0.0	0.0	0.0	0.0	0.0	1.0	0.0	0.0	0.821	1.0	0.0	0.767	1.0	0.0	0.0	0.0	0.0	0.0	0.0	0.596	0.0	0.884	0.0	0.443	0.812	0.0	0.0	0.167	-1.0	0.0	0.0	0.677	0.0	1.0	0.022	1.0	0.0	0.165	0.277	0.03	0.0	0.0	0.0	0.0	0.0	0.103	0.0	0.053	0.482	0.966	0.793	1.0	0.0	0.088	0.948	0.366	0.0	1.0	1.0	0.0	0.042	0.0	0.0	1.0	0.0	1.0	1.0	0.0	0.0	0.0	0.424	0.0	1.0	0.0	1.0	1.0	0.856	0.538	1.0	0.881	0.0	0.0	0.0	0.0	0.0	0.0	-1.0	0.316	0.0	0.0	-1.0	0.0	0.824	0.168	0.85	1.0	0.0	0.0	1.0	0.0	0.0	1.0	0.711	0.0	0.0	0.821	0.0	0.155	0.633	1.0	0.946	0.244	0.0	0.0	0.188	0.253	0.0	1.0	1.0	0.083	1.0	0.082	0.0	0.0	0.0	-1.0	-1.0	-1.0	-1.0	-1.0	-1.0	-1.0	-1.0	-1.0	-1.0	-1.0	-1.0	-1.0	-1.0	-1.0	-1.0	-1.0	-1.0	-1.0	-1.0	-1.0	-1.0	-1.0	-1.0	-1.0	-1.0	-1.0
gnl|Prokka|GCF_000012825.1_1|4815922|A	0.0	-1.0	1.0	0.0	1.0	1.0	-1.0	1.0	0.884	1.0	0.0	-1.0	1.0	-1.0	1.0	0.762	1.0	-1.0	1.0	1.0	0.2	0.846	1.0	0.0	-1.0	0.0	1.0	0.0	0.444	1.0	0.0	0.724	0.0	0.112	0.0	0.0	0.0	1.0	0.0	0.0	0.739	0.0	0.0	1.0	1.0	0.0	0.0	1.0	1.0	0.0	0.0	0.0	0.0	0.0	0.0	0.0	0.0	0.0	1.0	0.08	0.0	0.0	0.134	0.0	0.482	0.0	0.0	1.0	0.724	1.0	0.0	0.531	0.345	0.056	0.0	0.018	1.0	1.0	0.141	0.698	1.0	0.0	1.0	1.0	1.0	1.0	0.124	0.52	0.95	0.085	0.0	0.819	0.0	1.0	0.969	0.222	0.0	0.0	0.0	0.0	0.0	0.076	1.0	0.0	0.12	0.0	0.0	0.0	0.458	1.0	0.0	0.218	1.0	0.0	1.0	0.0	0.0	0.732	0.0	0.0	0.0	1.0	0.553	1.0	0.0	0.0	1.0	0.0	0.723	0.0	0.0	-1.0	1.0	0.8	1.0	0.0	1.0	0.0	-1.0	0.0	0.706	0.341	1.0	0.487	1.0	0.0	0.825	0.0	0.0	0.716	1.0	1.0	0.273	0.0	1.0	0.213	1.0	-1.0	1.0	1.0	0.267	1.0	0.037	0.106	1.0	1.0	-1.0	-1.0	-1.0	-1.0	-1.0	-1.0	-1.0	-1.0	-1.0	-1.0	-1.0	-1.0	-1.0	-1.0	-1.0	-1.0	-1.0	-1.0	-1.0	-1.0	-1.0	-1.0	-1.0	-1.0	-1.0	-1.0	-1.0
gnl|Prokka|GCF_000012825.1_1|4819148|T	1.0	-1.0	0.0	-1.0	0.0	0.062	-1.0	0.0	0.0	0.0	1.0	-1.0	0.267	-1.0	0.469	0.0	0.615	-1.0	0.0	0.0	0.0	0.243	0.0	0.0	-1.0	-1.0	1.0	-1.0	1.0	0.0	0.444	0.0	0.625	0.875	0.0	0.0	0.083	0.0	0.7	0.0	0.0	0.0	0.0	0.0	0.0	0.6	-1.0	0.0	0.0	0.381	0.0	0.707	0.429	0.0	1.0	1.0	0.147	0.0	0.0	0.0	0.377	0.625	0.0	0.936	1.0	1.0	0.792	0.0	0.19	0.0	0.0	0.264	0.708	0.083	0.0	0.0	0.0	0.0	1.0	0.293	0.852	1.0	0.0	0.0	0.0	1.0	1.0	0.375	0.0	0.0	0.016	1.0	0.01	-1.0	0.95	0.0	0.0	0.0	0.0	0.0	1.0	0.564	0.0	1.0	0.0	0.0	0.0	0.598	0.0	0.0	1.0	0.0	0.0	0.0	-1.0	0.0	0.0	1.0	1.0	0.0	0.0	0.0	0.0	1.0	0.0	1.0	0.0	0.0	0.551	1.0	0.0	-1.0	0.222	0.862	0.229	0.0	1.0	1.0	0.0	0.0	0.0	0.324	1.0	0.0	1.0	1.0	1.0	1.0	0.806	0.612	1.0	0.758	0.0	0.0	0.0	0.421	0.218	-1.0	0.0	0.0	0.078	0.444	0.868	0.87	0.0	0.0	-1.0	-1.0	-1.0	-1.0	-1.0	-1.0	-1.0	-1.0	-1.0	-1.0	-1.0	-1.0	-1.0	-1.0	-1.0	-1.0	-1.0	-1.0	-1.0	-1.0	-1.0	-1.0	-1.0	-1.0	-1.0	-1.0	-1.0
gnl|Prokka|GCF_000012825.1_1|4826669|C	0.0	-1.0	0.625	-1.0	0.958	0.476	-1.0	1.0	1.0	1.0	0.0	-1.0	0.421	-1.0	0.0	0.0	0.0	-1.0	0.0	0.0	1.0	0.857	0.0	0.0	-1.0	0.0	1.0	-1.0	-1.0	-1.0	0.455	0.0	0.111	1.0	0.987	0.0	1.0	0.338	-1.0	1.0	0.743	1.0	0.0	0.0	0.0	-1.0	0.0	0.0	1.0	0.719	1.0	0.778	0.0	0.0	0.0	0.0	0.028	1.0	0.743	0.94	0.0	0.667	0.0	0.0	0.0	1.0	0.0	1.0	0.341	0.417	1.0	0.68	0.606	0.0	0.949	0.009	0.0	0.0	0.0	0.0	0.102	1.0	1.0	1.0	0.0	1.0	0.157	0.0	0.74	0.41	0.019	0.0	-1.0	0.0	0.0	0.723	0.286	-1.0	0.0	0.071	0.0	0.571	0.0	0.0	0.0	0.15	1.0	0.435	0.37	0.0	1.0	0.508	0.0	0.078	1.0	-1.0	0.0	0.786	0.593	1.0	0.0	1.0	0.333	1.0	0.88	0.0	1.0	0.462	0.0	1.0	0.829	-1.0	0.0	0.17	0.0	0.0	0.0	0.0	-1.0	-1.0	0.333	1.0	0.0	1.0	0.0	0.0	1.0	0.0	0.21	0.413	0.0	0.0	0.0	0.0	1.0	0.547	0.252	0.0	1.0	0.0	0.607	0.375	0.0	0.908	1.0	0.13	-1.0	-1.0	-1.0	-1.0	-1.0	-1.0	-1.0	-1.0	-1.0	-1.0	-1.0	-1.0	-1.0	-1.0	-1.0	-1.0	-1.0	-1.0	-1.0	-1.0	-1.0	-1.0	-1.0	-1.0	-1.0	-1.0	-1.0
gnl|Prokka|GCF_000012825.1_1|4828341|T	0.0	-1.0	0.0	-1.0	0.0	0.373	-1.0	0.0	0.0	0.0	0.077	-1.0	0.667	-1.0	0.0	1.0	0.0	-1.0	-1.0	-1.0	0.0	0.081	-1.0	0.0	-1.0	0.0	-1.0	0.0	-1.0	0.0	0.528	0.0	0.0	0.0	0.0	0.0	-1.0	0.779	-1.0	0.0	0.0	0.0	0.161	1.0	0.0	0.0	0.0	1.0	0.0	0.4	0.0	0.0	0.0	0.0	0.0	0.0	0.754	0.0	0.0	0.0	0.0	0.333	0.155	0.111	0.0	0.0	0.0	1.0	1.0	1.0	1.0	0.0	0.347	0.927	1.0	1.0	-1.0	1.0	0.152	0.227	0.884	0.0	0.0	0.0	1.0	1.0	0.0	0.545	0.96	0.608	0.018	0.783	0.0	0.0	0.0	0.0	0.697	0.4	0.0	0.033	0.0	0.0	1.0	0.0	0.0	0.656	0.0	0.0	1.0	1.0	0.0	0.0	0.921	0.0	0.0	0.0	0.0	1.0	0.0	0.0	0.0	0.0	0.773	0.0	0.0	0.0	0.0	0.0	1.0	0.0	0.31	-1.0	1.0	0.821	0.193	0.3	0.0	0.0	0.429	0.0	0.0	0.0	1.0	0.0	0.0	0.0	0.0	0.0	0.849	0.688	0.0	1.0	1.0	1.0	0.0	0.2	1.0	-1.0	-1.0	-1.0	0.0	1.0	0.897	0.095	0.0	1.0	-1.0	-1.0	-1.0	-1.0	-1.0	-1.0	-1.0	-1.0	-1.0	-1.0	-1.0	-1.0	-1.0	-1.0	-1.0	-1.0	-1.0	-1.0	-1.0	-1.0	-1.0	-1.0	-1.0	-1.0	-1.0	-1.0	-1.0
gnl|Prokka|GCF_000012825.1_1|4861181|G	0.0	-1.0	0.296	-1.0	0.0	0.512	-1.0	0.0	0.647	0.0	0.077	-1.0	0.167	-1.0	1.0	0.0	0.733	-1.0	0.171	1.0	1.0	0.0	0.333	0.0	-1.0	1.0	0.0	-1.0	1.0	0.0	0.0	0.0	0.0	0.0	0.0	0.0	0.696	0.0	1.0	0.986	0.0	1.0	0.0	0.0	0.0	0.0	-1.0	0.0	0.0	0.0	0.0	0.0	0.0	0.0	1.0	0.022	0.103	1.0	1.0	0.0	0.0	0.0	0.0	0.908	0.543	1.0	0.0	0.0	0.0	1.0	0.0	0.392	0.0	0.0	0.0	0.0	1.0	0.0	0.146	0.0	0.0	0.0	0.0	1.0	0.0	1.0	0.0	0.0	0.0	0.0	0.024	0.77	0.0	0.724	0.927	0.208	0.0	0.75	0.0	0.0	0.0	0.921	0.0	0.0	0.0	0.0	0.0	0.648	0.121	0.0	0.0	0.264	0.0	0.0	0.0	0.0	0.0	0.232	1.0	0.0	0.111	0.0	0.323	0.0	1.0	0.0	-1.0	0.333	0.0	0.0	0.235	-1.0	0.245	0.835	0.174	0.014	1.0	0.0	0.0	0.0	0.312	0.646	1.0	0.564	0.0	0.0	0.187	0.0	0.0	0.568	1.0	0.909	0.161	0.0	0.0	0.773	0.0	0.0	1.0	0.667	1.0	1.0	0.0	0.096	0.0	0.0	-1.0	-1.0	-1.0	-1.0	-1.0	-1.0	-1.0	-1.0	-1.0	-1.0	-1.0	-1.0	-1.0	-1.0	-1.0	-1.0	-1.0	-1.0	-1.0	-1.0	-1.0	-1.0	-1.0	-1.0	-1.0	-1.0	-1.0
gnl|Prokka|GCF_000012825.1_1|4863277|C	0.0	-1.0	1.0	-1.0	1.0	0.558	-1.0	1.0	0.795	1.0	0.0	-1.0	0.45	0.0	1.0	0.0	1.0	-1.0	-1.0	0.0	0.533	0.736	-1.0	1.0	-1.0	1.0	0.067	-1.0	-1.0	0.545	0.349	0.238	0.273	0.068	1.0	0.0	0.0	0.295	-1.0	0.0	1.0	0.0	0.188	0.0	1.0	0.0	-1.0	0.0	1.0	0.769	1.0	0.0	0.368	0.0	0.0	0.0	0.0	0.0	1.0	1.0	0.561	0.158	0.0	0.0	0.461	0.824	0.0	-1.0	0.262	0.0	-1.0	0.288	0.317	0.0	0.0	0.022	1.0	0.0	0.0	0.796	1.0	0.0	1.0	1.0	0.0	1.0	0.0	0.0	0.493	0.471	1.0	0.0	0.0	0.87	0.842	0.759	0.0	0.7	0.0	0.0	0.0	0.0	0.0	0.0	0.0	0.282	0.0	0.521	0.618	0.0	0.0	0.731	0.0	0.06	-1.0	0.0	0.0	0.19	1.0	1.0	1.0	1.0	0.0	0.0	0.0	0.0	1.0	1.0	0.0	0.0	0.261	-1.0	0.583	0.227	0.792	0.225	1.0	0.0	-1.0	1.0	0.708	0.0	0.0	1.0	1.0	0.0	0.0	0.0	0.189	0.0	1.0	0.0	0.0	0.0	1.0	0.863	0.336	-1.0	1.0	0.4	0.0	0.273	0.048	0.098	1.0	0.105	-1.0	-1.0	-1.0	-1.0	-1.0	-1.0	-1.0	-1.0	-1.0	-1.0	-1.0	-1.0	-1.0	-1.0	-1.0	-1.0	-1.0	-1.0	-1.0	-1.0	-1.0	-1.0	-1.0	-1.0	-1.0	-1.0	-1.0
gnl|Prokka|GCF_000012825.1_1|4866509|G	1.0	-1.0	0.36	-1.0	0.0	0.475	-1.0	0.0	0.0	0.0	0.0	-1.0	0.375	0.0	1.0	0.0	1.0	-1.0	1.0	0.0	0.0	0.25	-1.0	0.0	-1.0	1.0	0.0	-1.0	-1.0	-1.0	0.0	0.209	1.0	0.0	0.0	0.0	0.267	0.0	-1.0	0.0	0.0	0.0	0.871	0.0	1.0	0.0	1.0	0.0	0.0	0.0	0.0	0.0	0.391	0.0	0.0	1.0	0.926	0.0	0.242	0.049	0.0	0.3	0.0	0.117	0.511	0.0	0.0	1.0	0.0	0.0	1.0	0.323	0.594	1.0	0.0	1.0	1.0	0.0	0.102	0.0	0.79	0.0	0.0	0.0	0.0	0.0	0.832	0.129	0.723	0.521	0.012	0.763	0.0	0.786	0.855	0.0	0.554	-1.0	0.0	0.0	0.0	0.0	0.0	0.0	0.0	0.808	0.0	-1.0	1.0	0.0	1.0	0.0	1.0	0.0	-1.0	-1.0	0.0	0.786	0.304	0.0	0.0	0.0	0.0	0.0	0.028	0.0	0.0	0.481	0.404	0.0	0.167	-1.0	0.2	1.0	0.271	0.4	0.982	0.0	0.0	0.114	0.336	0.624	1.0	0.0	1.0	0.0	0.187	1.0	0.0	0.929	1.0	0.882	0.596	1.0	0.0	0.802	0.253	0.0	0.0	0.0	0.579	-1.0	0.933	0.0	0.0	0.0	-1.0	-1.0	-1.0	-1.0	-1.0	-1.0	-1.0	-1.0	-1.0	-1.0	-1.0	-1.0	-1.0	-1.0	-1.0	-1.0	-1.0	-1.0	-1.0	-1.0	-1.0	-1.0	-1.0	-1.0	-1.0	-1.0	-1.0
gnl|Prokka|GCF_000012825.1_1|4908242|T	0.0	-1.0	0.474	-1.0	0.0	0.0	-1.0	0.0	0.0	0.0	0.0	-1.0	0.0	-1.0	1.0	0.0	1.0	-1.0	1.0	0.0	0.0	0.0	0.375	0.918	-1.0	0.727	0.923	0.0	0.556	0.0	0.311	0.0	0.0	0.0	0.0	0.0	0.611	0.0	-1.0	0.0	0.229	0.0	0.0	0.0	0.0	0.0	0.333	0.0	0.0	0.595	0.87	0.0	0.0	0.0	0.0	0.0	0.0	0.0	0.0	0.077	0.0	0.0	0.0	0.0	0.491	0.0	0.0	1.0	0.0	0.0	1.0	0.238	0.0	0.0	0.0	0.0	1.0	0.0	0.141	0.738	0.0	0.0	0.0	0.0	0.0	0.0	0.0	0.0	0.771	0.363	0.974	0.77	0.0	0.826	0.788	0.685	0.0	0.0	0.0	0.0	0.0	0.0	0.0	0.0	0.0	0.107	0.0	0.0	0.0	0.0	0.0	0.0	0.0	0.047	0.0	0.0	0.0	0.155	0.588	1.0	1.0	0.0	0.0	1.0	0.052	0.0	0.0	0.532	0.0	0.0	0.205	-1.0	0.238	0.811	1.0	0.0	1.0	0.0	-1.0	0.875	0.742	0.353	1.0	0.694	0.0	0.0	0.0	0.0	0.162	0.658	0.667	1.0	0.0	0.0	-1.0	0.182	0.228	0.0	1.0	1.0	0.0	0.545	0.929	0.128	0.0	0.0	-1.0	-1.0	-1.0	-1.0	-1.0	-1.0	-1.0	-1.0	-1.0	-1.0	-1.0	-1.0	-1.0	-1.0	-1.0	-1.0	-1.0	-1.0	-1.0	-1.0	-1.0	-1.0	-1.0	-1.0	-1.0	-1.0	-1.0
gnl|Prokka|GCF_000012825.1_1|4909618|G	0.0	-1.0	0.667	-1.0	0.0	0.562	-1.0	0.0	0.655	0.0	0.0	-1.0	-1.0	-1.0	0.0	0.0	1.0	-1.0	0.0	0.0	1.0	0.837	-1.0	1.0	-1.0	0.727	1.0	-1.0	1.0	-1.0	0.274	0.0	0.0	0.046	0.0	0.0	0.0	0.268	0.0	0.0	0.816	0.0	0.0	0.0	0.0	0.0	-1.0	0.0	0.0	0.875	0.927	0.0	0.593	0.0	0.0	0.0	0.09	0.0	0.829	0.21	0.584	0.0	0.0	0.0	0.428	0.0	0.0	0.0	0.293	0.0	1.0	0.227	0.0	0.064	0.0	0.012	0.0	0.0	0.177	0.0	0.134	0.0	0.0	1.0	0.0	0.012	0.189	0.0	0.022	0.383	1.0	0.765	0.0	0.115	0.0	0.721	0.0	-1.0	0.0	0.0	0.0	0.041	0.0	0.0	0.0	0.25	0.0	0.467	0.057	0.0	0.0	0.714	0.0	0.0	0.0	0.0	0.0	0.0	0.4	1.0	1.0	1.0	0.0	-1.0	0.0	0.0	1.0	1.0	0.0	0.0	0.357	0.0	0.25	1.0	0.224	0.151	1.0	0.0	0.0	1.0	0.0	0.352	1.0	0.313	0.0	0.0	0.808	0.0	0.17	0.735	1.0	0.778	0.0	0.0	-1.0	0.0	0.0	-1.0	0.0	1.0	0.333	0.769	0.867	0.079	0.0	0.0	-1.0	-1.0	-1.0	-1.0	-1.0	-1.0	-1.0	-1.0	-1.0	-1.0	-1.0	-1.0	-1.0	-1.0	-1.0	-1.0	-1.0	-1.0	-1.0	-1.0	-1.0	-1.0	-1.0	-1.0	-1.0	-1.0	-1.0
gnl|Prokka|GCF_000012825.1_1|4947328|A	-1.0	-1.0	0.476	0.0	0.537	-1.0	-1.0	0.314	0.26	0.393	1.0	-1.0	0.158	-1.0	0.0	0.471	0.625	-1.0	0.0	0.0	0.467	0.464	0.0	0.333	-1.0	0.097	1.0	-1.0	-1.0	0.0	0.374	0.0	0.429	0.0	0.0	0.385	0.0	0.518	0.0	0.0	0.62	0.0	0.0	-1.0	0.29	0.0	0.7	0.0	0.0	0.407	0.435	0.0	0.576	0.583	0.0	0.0	0.0	0.0	0.363	0.276	0.473	0.455	0.404	0.0	0.54	0.0	0.0	-1.0	0.286	0.0	0.0	0.486	0.295	0.06	0.0	0.0	0.0	0.0	1.0	0.538	0.133	0.0	0.316	0.365	0.0	0.0	1.0	0.294	0.673	0.261	0.419	1.0	0.364	0.0	0.357	0.22	0.0	0.0	0.413	0.426	-1.0	0.146	0.397	-1.0	0.552	0.091	0.0	0.293	0.0	0.382	0.0	0.154	0.407	0.38	0.312	-1.0	0.347	0.366	0.167	0.324	0.469	0.559	0.273	1.0	0.0	0.0	0.403	0.308	0.262	0.0	0.194	-1.0	0.407	0.805	1.0	0.028	0.398	-1.0	-1.0	0.107	0.768	0.692	0.0	0.0	0.0	1.0	0.883	0.0	0.376	0.175	0.25	0.717	0.0	0.0	0.0	0.33	0.487	-1.0	0.0	0.0	0.194	-1.0	0.41	0.272	0.0	0.321	-1.0	-1.0	-1.0	-1.0	-1.0	-1.0	-1.0	-1.0	-1.0	-1.0	-1.0	-1.0	-1.0	-1.0	-1.0	-1.0	-1.0	-1.0	-1.0	-1.0	-1.0	-1.0	-1.0	-1.0	-1.0	-1.0	-1.0
gnl|Prokka|GCF_000012825.1_1|4984679|C	-1.0	-1.0	0.0	-1.0	1.0	0.0	-1.0	1.0	0.0	1.0	0.143	-1.0	0.75	-1.0	0.0	0.0	0.0	-1.0	-1.0	0.0	0.0	0.0	1.0	0.0	-1.0	0.0	1.0	0.0	0.0	-1.0	0.042	1.0	1.0	0.0	0.0	1.0	0.0	0.0	0.0	0.0	0.143	0.0	0.684	0.0	0.0	0.0	-1.0	1.0	1.0	0.0	0.0	0.0	0.0	1.0	0.0	0.0	0.468	0.0	0.277	0.019	0.0	0.353	0.819	0.077	0.0	1.0	-1.0	0.904	0.0	0.0	1.0	0.246	0.0	0.911	0.0	1.0	0.0	0.0	0.143	1.0	0.859	0.0	0.0	0.0	0.0	1.0	0.124	0.583	0.751	0.634	0.0	0.719	1.0	0.0	0.0	0.057	1.0	0.0	1.0	1.0	-1.0	0.067	0.0	0.0	1.0	0.733	1.0	0.543	0.227	0.0	1.0	0.0	0.0	1.0	1.0	-1.0	1.0	0.283	0.704	0.0	0.0	0.0	0.0	1.0	0.0	0.0	0.0	0.0	0.0	0.0	0.132	0.0	0.289	0.781	1.0	0.393	0.0	0.0	-1.0	0.0	0.712	0.349	0.0	0.0	1.0	0.0	0.794	1.0	0.0	0.0	0.0	-1.0	0.549	-1.0	-1.0	0.517	0.255	-1.0	0.0	0.0	0.0	1.0	0.026	0.076	0.364	0.0	-1.0	-1.0	-1.0	-1.0	-1.0	-1.0	-1.0	-1.0	-1.0	-1.0	-1.0	-1.0	-1.0	-1.0	-1.0	-1.0	-1.0	-1.0	-1.0	-1.0	-1.0	-1.0	-1.0	-1.0	-1.0	-1.0	-1.0
gnl|Prokka|GCF_000012825.1_1|4998256|T	0.0	-1.0	0.828	-1.0	0.0	0.055	-1.0	0.0	0.36	0.0	0.111	-1.0	1.0	-1.0	0.389	0.0	0.0	-1.0	1.0	0.0	1.0	1.0	0.0	1.0	-1.0	0.0	0.0	0.0	-1.0	0.0	0.412	0.0	1.0	0.0	0.0	1.0	0.0	0.364	0.0	0.0	1.0	0.0	0.0	0.0	0.925	0.0	0.0	1.0	0.0	0.844	1.0	0.0	0.0	1.0	0.0	1.0	1.0	0.0	0.267	0.0	1.0	0.333	0.0	0.079	0.482	0.0	1.0	0.0	0.0	-1.0	0.0	0.288	0.0	1.0	0.0	1.0	1.0	0.0	0.871	0.0	0.231	0.0	0.0	0.0	0.0	0.0	0.0	1.0	0.034	1.0	1.0	0.255	1.0	0.192	0.104	0.612	0.604	1.0	0.0	1.0	1.0	0.0	0.0	1.0	1.0	1.0	0.0	0.536	0.25	0.0	0.0	0.691	0.0	1.0	0.0	0.0	0.889	0.181	0.0	1.0	1.0	1.0	0.0	0.0	0.0	1.0	0.0	0.606	0.359	0.0	0.152	0.0	0.219	0.179	0.0	0.659	0.0	1.0	0.231	1.0	0.0	0.0	0.0	0.676	0.0	1.0	0.152	1.0	0.218	0.111	0.0	0.0	0.667	1.0	1.0	0.167	0.0	-1.0	1.0	0.0	0.731	-1.0	0.099	0.0	0.0	0.107	-1.0	-1.0	-1.0	-1.0	-1.0	-1.0	-1.0	-1.0	-1.0	-1.0	-1.0	-1.0	-1.0	-1.0	-1.0	-1.0	-1.0	-1.0	-1.0	-1.0	-1.0	-1.0	-1.0	-1.0	-1.0	-1.0	-1.0
gnl|Prokka|GCF_000012825.1_1|4998263|T	0.0	-1.0	0.815	-1.0	0.0	0.051	-1.0	0.0	0.308	0.0	0.111	-1.0	1.0	-1.0	0.4	0.0	0.0	-1.0	1.0	0.0	1.0	1.0	0.0	1.0	-1.0	0.0	0.0	0.0	-1.0	0.0	0.412	0.0	1.0	0.0	0.0	1.0	0.0	0.374	0.0	0.0	1.0	0.0	0.0	0.0	0.925	0.0	0.0	1.0	0.0	0.844	1.0	0.0	0.0	1.0	0.0	1.0	1.0	0.0	0.254	0.0	1.0	0.364	0.0	0.066	0.459	0.0	1.0	0.0	0.0	0.0	0.0	0.288	0.0	1.0	0.0	1.0	1.0	0.0	0.872	0.0	0.209	0.0	0.0	0.0	0.0	0.0	0.0	1.0	0.03	1.0	1.0	0.254	1.0	0.192	0.098	0.635	0.605	1.0	0.0	1.0	1.0	0.0	0.0	1.0	1.0	1.0	0.0	0.523	0.262	0.0	0.0	0.673	0.0	1.0	0.0	0.0	0.886	0.175	0.0	1.0	1.0	1.0	0.0	0.0	0.0	1.0	0.0	0.595	0.341	0.0	0.132	-1.0	0.219	0.188	0.0	0.643	0.0	1.0	0.0	1.0	0.0	0.0	0.0	0.618	0.0	1.0	0.149	1.0	0.193	0.118	0.0	0.0	0.627	1.0	1.0	0.207	0.0	-1.0	1.0	0.0	0.741	-1.0	0.096	0.0	0.0	0.1	-1.0	-1.0	-1.0	-1.0	-1.0	-1.0	-1.0	-1.0	-1.0	-1.0	-1.0	-1.0	-1.0	-1.0	-1.0	-1.0	-1.0	-1.0	-1.0	-1.0	-1.0	-1.0	-1.0	-1.0	-1.0	-1.0	-1.0
gnl|Prokka|GCF_000012825.1_1|5009157|T	0.082	-1.0	0.143	0.0	1.0	1.0	-1.0	1.0	0.548	1.0	0.0	-1.0	0.579	-1.0	0.588	0.826	0.667	-1.0	0.0	0.0	0.3	0.0	1.0	0.0	-1.0	-1.0	1.0	-1.0	0.333	0.429	0.0	0.303	0.0	0.0	0.0	0.0	0.0	0.713	0.0	0.0	0.0	0.0	0.259	1.0	0.0	0.545	0.0	1.0	1.0	0.0	0.0	0.0	0.529	0.0	0.0	0.0	0.0	0.0	0.757	0.0	0.0	0.0	0.121	0.0	0.611	0.0	0.0	0.0	0.0	1.0	0.0	0.349	0.349	0.0	0.0	0.0	0.0	1.0	0.18	1.0	0.0	0.0	1.0	0.0	1.0	0.0	0.167	0.515	0.202	0.0	0.012	0.784	0.0	0.812	0.831	0.0	0.279	0.0	0.0	0.0	0.0	0.045	1.0	0.0	0.0	0.0	1.0	0.464	0.784	1.0	0.0	0.0	1.0	0.0	1.0	0.0	0.0	0.0	0.524	0.0	0.0	0.0	0.75	1.0	0.0	0.0	0.991	0.512	0.689	0.0	0.194	-1.0	0.682	0.849	1.0	0.016	1.0	0.0	1.0	0.0	0.76	0.329	1.0	0.0	0.0	0.0	0.841	0.0	0.0	0.56	1.0	0.94	0.0	0.0	-1.0	0.725	0.772	-1.0	0.0	0.0	0.0	0.467	0.891	0.0	1.0	1.0	-1.0	-1.0	-1.0	-1.0	-1.0	-1.0	-1.0	-1.0	-1.0	-1.0	-1.0	-1.0	-1.0	-1.0	-1.0	-1.0	-1.0	-1.0	-1.0	-1.0	-1.0	-1.0	-1.0	-1.0	-1.0	-1.0	-1.0
gnl|Prokka|GCF_000012825.1_1|5035092|G	0.077	-1.0	0.423	-1.0	0.0	0.0	-1.0	0.0	0.0	0.0	0.093	-1.0	0.706	-1.0	0.932	0.0	1.0	-1.0	1.0	1.0	-1.0	0.13	1.0	0.0	-1.0	0.786	1.0	-1.0	0.3	-1.0	0.551	1.0	0.286	0.0	1.0	0.0	0.0	0.0	1.0	0.0	0.0	0.0	0.714	0.0	0.0	0.0	1.0	1.0	0.0	0.206	0.0	0.0	0.471	0.0	0.0	1.0	0.7	1.0	0.625	0.047	0.0	0.267	0.0	1.0	0.576	1.0	0.0	0.0	0.897	1.0	1.0	0.194	0.626	0.915	0.0	1.0	1.0	0.0	0.18	0.0	0.904	0.0	0.0	0.0	0.0	1.0	0.125	0.522	0.0	0.504	0.012	0.734	0.0	0.708	0.903	0.24	1.0	1.0	0.0	0.0	0.0	0.447	0.0	0.0	0.0	0.837	1.0	0.0	0.429	0.0	1.0	0.303	0.0	0.0	0.0	0.0	0.0	0.0	1.0	0.0	0.0	0.0	0.0	1.0	0.022	0.0	0.0	0.4	0.481	0.0	0.122	-1.0	0.234	0.858	0.241	0.423	1.0	0.0	0.0	0.094	0.0	0.365	1.0	0.0	1.0	0.0	1.0	1.0	0.802	0.875	1.0	1.0	1.0	1.0	1.0	0.643	0.204	0.0	0.0	1.0	0.167	1.0	0.917	0.163	0.0	0.0	-1.0	-1.0	-1.0	-1.0	-1.0	-1.0	-1.0	-1.0	-1.0	-1.0	-1.0	-1.0	-1.0	-1.0	-1.0	-1.0	-1.0	-1.0	-1.0	-1.0	-1.0	-1.0	-1.0	-1.0	-1.0	-1.0	-1.0
gnl|Prokka|GCF_000012825.1_1|5035161|T	0.098	-1.0	0.276	-1.0	0.0	0.381	-1.0	0.0	0.357	0.0	0.14	-1.0	0.714	-1.0	1.0	0.0	1.0	-1.0	1.0	1.0	-1.0	0.171	-1.0	0.0	-1.0	1.0	1.0	-1.0	0.538	-1.0	0.573	1.0	0.214	0.0	1.0	0.0	0.0	0.0	1.0	0.0	0.0	0.0	0.673	0.0	0.0	0.0	0.429	1.0	0.0	0.231	0.0	0.0	0.71	0.0	0.0	1.0	0.745	1.0	1.0	0.059	0.0	0.278	0.0	1.0	0.596	1.0	0.0	0.0	0.857	1.0	1.0	0.169	0.702	0.926	0.0	1.0	1.0	0.0	0.213	0.724	0.961	0.0	0.0	1.0	0.0	1.0	0.122	0.462	0.0	0.514	0.017	0.739	0.0	0.73	0.902	0.271	1.0	-1.0	0.0	0.054	0.0	0.506	0.0	0.0	0.0	0.829	1.0	0.0	0.571	0.0	1.0	0.341	0.129	0.059	-1.0	0.0	0.0	0.125	1.0	0.0	0.0	0.0	0.0	1.0	0.0	0.0	1.0	0.433	0.49	0.0	0.321	-1.0	0.355	0.85	1.0	0.405	1.0	0.0	-1.0	0.1	0.669	0.314	1.0	0.0	1.0	0.0	1.0	1.0	0.801	1.0	1.0	0.925	1.0	1.0	1.0	0.652	0.187	0.0	0.0	1.0	0.154	1.0	0.972	0.176	0.0	0.0	-1.0	-1.0	-1.0	-1.0	-1.0	-1.0	-1.0	-1.0	-1.0	-1.0	-1.0	-1.0	-1.0	-1.0	-1.0	-1.0	-1.0	-1.0	-1.0	-1.0	-1.0	-1.0	-1.0	-1.0	-1.0	-1.0	-1.0
gnl|Prokka|GCF_000012825.1_1|5041302|G	0.0	-1.0	0.278	-1.0	0.0	0.083	-1.0	0.0	0.0	0.0	0.0	-1.0	0.783	-1.0	1.0	0.0	0.0	-1.0	1.0	1.0	0.0	0.116	-1.0	0.0	-1.0	1.0	0.0	0.429	-1.0	-1.0	0.638	1.0	0.0	0.0	1.0	0.0	0.333	0.0	0.636	0.0	0.0	0.0	0.852	0.0	1.0	0.0	-1.0	1.0	0.0	0.385	0.0	0.0	0.667	0.0	0.0	1.0	0.716	1.0	0.213	0.0	0.0	-1.0	0.0	1.0	0.0	1.0	0.0	1.0	0.787	1.0	1.0	0.369	0.664	0.896	0.0	0.987	1.0	0.0	0.14	0.242	0.936	0.0	0.0	0.0	0.0	1.0	0.031	0.321	0.777	0.523	0.014	0.809	0.0	0.55	0.949	0.252	0.542	1.0	0.0	0.026	0.0	0.392	0.0	0.0	0.0	0.735	0.0	0.433	0.595	0.0	1.0	0.275	0.0	0.039	-1.0	0.0	0.0	0.21	1.0	0.0	0.0	0.0	0.0	0.0	0.0	0.0	0.0	0.0	0.4	0.0	0.371	-1.0	0.333	0.888	0.173	0.466	0.0	0.0	0.533	0.0	0.0	0.0	1.0	0.557	1.0	0.0	0.0	1.0	0.777	0.6	0.0	0.927	1.0	1.0	-1.0	0.643	0.216	-1.0	1.0	1.0	0.296	1.0	0.964	0.071	0.0	0.0	-1.0	-1.0	-1.0	-1.0	-1.0	-1.0	-1.0	-1.0	-1.0	-1.0	-1.0	-1.0	-1.0	-1.0	-1.0	-1.0	-1.0	-1.0	-1.0	-1.0	-1.0	-1.0	-1.0	-1.0	-1.0	-1.0	-1.0
gnl|Prokka|GCF_000012825.1_1|5052339|C	1.0	-1.0	0.0	1.0	0.0	0.0	-1.0	0.0	0.0	0.0	1.0	-1.0	0.75	0.571	0.0	0.0	0.0	-1.0	0.0	0.0	0.0	0.0	0.667	0.0	-1.0	0.0	0.0	-1.0	0.625	1.0	0.0	1.0	0.2	0.0	1.0	0.0	0.296	0.0	1.0	0.0	0.0	0.0	0.765	0.0	0.0	0.0	-1.0	1.0	0.0	0.0	0.0	0.0	0.348	0.0	0.0	1.0	0.857	1.0	0.0	0.0	0.49	0.706	0.0	0.066	-1.0	1.0	1.0	0.0	0.0	1.0	1.0	0.0	0.62	0.923	0.0	1.0	0.0	0.0	0.823	0.648	0.886	0.0	0.0	0.0	0.0	0.979	0.759	1.0	0.0	0.539	0.0	0.242	0.0	0.0	0.045	0.0	0.688	-1.0	0.0	0.036	1.0	0.0	0.0	1.0	0.0	0.75	0.0	0.465	0.263	0.0	1.0	0.0	0.0	0.0	0.0	0.0	0.0	0.0	0.6	0.0	0.0	0.0	0.0	0.0	0.0	0.942	0.0	0.0	0.571	0.0	0.0	-1.0	0.318	0.0	0.884	0.369	0.0	1.0	0.455	0.0	0.726	0.0	0.0	0.0	1.0	1.0	0.133	1.0	0.0	0.0	0.0	0.0	0.748	1.0	1.0	0.0	0.168	-1.0	0.0	0.636	0.333	0.0	0.928	0.097	0.0	0.0	-1.0	-1.0	-1.0	-1.0	-1.0	-1.0	-1.0	-1.0	-1.0	-1.0	-1.0	-1.0	-1.0	-1.0	-1.0	-1.0	-1.0	-1.0	-1.0	-1.0	-1.0	-1.0	-1.0	-1.0	-1.0	-1.0	-1.0
gnl|Prokka|GCF_000012825.1_1|5053451|A	1.0	-1.0	0.0	-1.0	0.0	0.0	-1.0	0.0	0.0	0.0	1.0	-1.0	0.8	1.0	0.0	0.0	0.0	-1.0	0.0	0.0	0.0	0.229	0.333	0.0	-1.0	0.0	0.0	0.667	0.619	-1.0	0.0	1.0	0.0	0.0	1.0	0.0	0.28	0.0	-1.0	0.0	0.0	0.0	0.744	0.0	0.0	0.0	0.583	1.0	0.0	0.0	0.0	0.0	0.409	0.0	0.0	1.0	0.845	1.0	0.0	0.0	0.377	0.25	0.0	0.103	0.502	1.0	1.0	0.0	0.0	1.0	1.0	0.0	0.699	0.878	0.0	1.0	0.0	0.0	0.832	0.0	0.963	0.0	0.0	0.0	0.0	1.0	0.843	1.0	0.0	0.573	0.0	0.259	0.0	0.0	0.087	0.0	0.656	1.0	0.0	0.0	1.0	0.0	0.0	1.0	0.0	0.806	0.0	0.48	0.158	0.0	1.0	0.0	0.0	0.0	0.0	0.0	0.0	0.0	0.656	0.0	0.0	0.0	0.0	0.0	0.0	1.0	0.0	0.0	0.408	0.0	0.0	-1.0	0.235	0.0	0.0	0.408	0.0	0.935	0.235	0.0	0.0	0.0	0.0	0.0	1.0	1.0	0.158	1.0	0.0	0.0	0.0	0.0	0.639	1.0	1.0	0.0	0.24	-1.0	0.0	0.688	0.152	-1.0	0.863	0.113	0.0	0.0	-1.0	-1.0	-1.0	-1.0	-1.0	-1.0	-1.0	-1.0	-1.0	-1.0	-1.0	-1.0	-1.0	-1.0	-1.0	-1.0	-1.0	-1.0	-1.0	-1.0	-1.0	-1.0	-1.0	-1.0	-1.0	-1.0	-1.0
gnl|Prokka|GCF_000012825.1_1|5084833|T	0.939	-1.0	0.24	0.0	1.0	0.45	-1.0	1.0	0.0	1.0	1.0	-1.0	0.667	-1.0	0.342	1.0	1.0	-1.0	0.24	0.0	0.0	0.0	-1.0	0.0	-1.0	1.0	0.0	0.0	1.0	-1.0	0.471	1.0	0.0	0.947	0.0	0.0	0.0	0.67	1.0	0.0	0.17	0.0	0.125	1.0	1.0	1.0	1.0	1.0	1.0	0.216	0.0	1.0	1.0	0.0	0.0	0.0	0.0	0.0	0.0	0.054	0.0	0.6	1.0	0.0	0.524	0.158	0.0	1.0	0.0	0.0	0.0	0.296	1.0	0.048	0.0	0.0	1.0	1.0	0.176	0.749	0.922	1.0	1.0	0.0	1.0	1.0	0.789	0.545	0.958	0.0	0.01	0.731	0.0	0.0	0.0	0.0	0.291	-1.0	1.0	0.0	0.0	0.0	1.0	0.0	0.0	0.0	1.0	0.0	0.846	1.0	0.0	0.0	1.0	0.0	-1.0	1.0	0.087	0.727	1.0	0.0	0.0	0.0	0.738	0.3	0.032	0.0	0.0	0.394	0.562	1.0	0.0	-1.0	0.28	0.821	1.0	0.404	0.983	0.0	0.0	0.0	0.71	0.0	1.0	0.605	1.0	0.0	0.149	1.0	0.814	0.554	1.0	0.894	0.0	0.0	1.0	0.813	1.0	0.0	1.0	1.0	0.0	0.667	0.156	1.0	1.0	1.0	-1.0	-1.0	-1.0	-1.0	-1.0	-1.0	-1.0	-1.0	-1.0	-1.0	-1.0	-1.0	-1.0	-1.0	-1.0	-1.0	-1.0	-1.0	-1.0	-1.0	-1.0	-1.0	-1.0	-1.0	-1.0	-1.0	-1.0
gnl|Prokka|GCF_000012825.1_1|5101733|A	0.0	-1.0	-1.0	-1.0	0.0	0.0	-1.0	0.0	0.0	0.0	0.0	-1.0	0.789	0.333	0.521	0.0	1.0	-1.0	1.0	0.0	0.0	0.152	-1.0	1.0	-1.0	1.0	0.115	0.7	0.727	1.0	0.879	0.247	1.0	0.0	1.0	1.0	0.0	0.0	0.333	0.0	0.0	0.0	1.0	0.0	0.932	0.0	0.417	1.0	0.0	1.0	1.0	0.0	0.708	1.0	0.0	0.0	0.844	0.0	0.228	0.0	0.64	0.538	0.869	0.077	0.524	1.0	0.0	0.0	1.0	1.0	0.0	0.317	0.297	0.906	1.0	1.0	1.0	0.0	0.201	0.32	0.855	0.0	1.0	0.0	0.0	1.0	0.0	0.474	0.837	0.903	1.0	0.784	1.0	0.0	0.0	0.748	1.0	-1.0	1.0	1.0	0.0	0.0	0.0	0.0	1.0	1.0	1.0	1.0	0.767	0.0	1.0	0.197	0.0	1.0	0.0	1.0	1.0	1.0	1.0	1.0	1.0	0.0	0.0	0.0	0.0	0.0	0.0	1.0	0.0	0.0	0.194	-1.0	1.0	1.0	0.255	1.0	1.0	0.0	0.714	1.0	0.0	0.0	1.0	0.0	0.0	0.0	0.0	1.0	1.0	0.94	1.0	1.0	0.746	1.0	1.0	0.667	0.278	-1.0	0.0	1.0	0.657	-1.0	1.0	0.099	0.0	0.0	-1.0	-1.0	-1.0	-1.0	-1.0	-1.0	-1.0	-1.0	-1.0	-1.0	-1.0	-1.0	-1.0	-1.0	-1.0	-1.0	-1.0	-1.0	-1.0	-1.0	-1.0	-1.0	-1.0	-1.0	-1.0	-1.0	-1.0
gnl|Prokka|GCF_000012825.1_1|5102132|G	0.952	-1.0	0.208	-1.0	0.0	0.0	-1.0	0.0	0.0	0.0	1.0	-1.0	0.714	-1.0	0.0	0.13	0.647	-1.0	0.0	0.0	0.0	0.0	-1.0	0.0	-1.0	0.571	0.0	0.0	0.25	0.375	0.06	0.0	0.0	0.0	1.0	1.0	0.0	0.0	0.333	0.0	0.0	0.0	0.828	0.0	0.0	0.0	1.0	1.0	0.0	0.0	0.0	0.0	1.0	1.0	0.0	0.0	0.202	0.0	0.0	0.0	0.359	0.0	0.862	0.0	1.0	0.0	1.0	0.0	0.0	1.0	0.0	0.0	0.0	0.0	1.0	0.0	0.0	0.0	1.0	0.0	0.0	0.0	0.0	0.0	0.0	1.0	0.821	1.0	0.713	0.0	0.035	1.0	0.992	0.0	0.088	0.026	0.0	0.0	1.0	0.961	1.0	0.0	0.0	1.0	1.0	0.0	0.0	0.0	-1.0	0.0	1.0	0.0	0.0	0.943	0.0	1.0	1.0	0.0	1.0	0.0	0.0	0.0	0.0	0.0	0.0	1.0	0.0	0.621	0.0	0.0	0.222	-1.0	1.0	0.859	0.239	0.471	1.0	1.0	0.0	0.0	0.0	0.0	1.0	0.0	0.0	1.0	0.0	1.0	0.0	0.662	1.0	0.774	0.0	0.0	-1.0	0.067	0.231	1.0	0.0	0.55	0.16	-1.0	0.061	0.15	0.0	0.0	-1.0	-1.0	-1.0	-1.0	-1.0	-1.0	-1.0	-1.0	-1.0	-1.0	-1.0	-1.0	-1.0	-1.0	-1.0	-1.0	-1.0	-1.0	-1.0	-1.0	-1.0	-1.0	-1.0	-1.0	-1.0	-1.0	-1.0
gnl|Prokka|GCF_000012825.1_1|5103614|C	0.0	-1.0	0.391	0.0	0.0	0.0	-1.0	0.0	0.0	0.0	0.0	-1.0	1.0	-1.0	0.229	0.0	1.0	-1.0	0.214	0.0	0.0	0.0	0.0	0.0	-1.0	0.786	0.929	0.0	0.312	0.0	0.558	0.0	0.0	0.0	0.0	0.0	0.0	0.0	0.0	0.0	0.0	0.0	0.0	0.0	0.933	0.0	0.4	1.0	0.0	0.207	0.0	0.0	0.478	0.0	0.0	0.0	0.697	0.0	0.244	0.0	0.0	0.417	0.828	0.063	0.493	0.0	0.0	0.0	0.0	1.0	1.0	0.554	0.0	0.913	1.0	1.0	1.0	0.0	0.0	0.659	0.0	0.0	0.0	0.0	0.0	0.0	0.202	0.517	0.729	0.484	0.0	0.0	-1.0	0.0	0.0	0.0	0.649	-1.0	1.0	0.0	0.0	0.066	0.0	0.0	0.0	0.822	0.0	0.0	0.186	0.0	0.0	0.0	0.0	0.0	0.0	1.0	0.179	0.0	-1.0	0.0	0.0	0.0	0.0	1.0	0.0	0.0	0.0	0.568	0.0	0.0	0.208	-1.0	0.78	0.0	0.806	0.761	1.0	0.0	0.421	0.0	0.751	0.315	0.0	0.0	0.0	0.0	0.992	0.0	0.817	0.386	1.0	0.0	0.735	1.0	0.0	0.711	0.253	-1.0	0.0	0.0	0.0	0.0	0.054	0.068	0.0	0.0	-1.0	-1.0	-1.0	-1.0	-1.0	-1.0	-1.0	-1.0	-1.0	-1.0	-1.0	-1.0	-1.0	-1.0	-1.0	-1.0	-1.0	-1.0	-1.0	-1.0	-1.0	-1.0	-1.0	-1.0	-1.0	-1.0	-1.0
gnl|Prokka|GCF_000012825.1_1|5104072|G	0.0	-1.0	0.0	0.0	0.0	0.0	-1.0	0.0	0.0	0.0	0.0	-1.0	0.75	-1.0	0.0	0.0	0.769	-1.0	0.0	0.0	0.0	0.0	-1.0	0.0	-1.0	-1.0	0.0	1.0	0.0	0.0	0.57	0.0	0.75	0.0	0.0	1.0	0.0	0.0	0.0	0.0	0.0	0.0	0.0	0.0	0.0	0.0	0.0	1.0	0.0	0.324	0.0	0.0	0.735	1.0	0.0	1.0	0.75	0.0	0.0	0.0	0.0	0.3	0.832	0.084	0.542	0.0	0.0	0.0	0.0	1.0	0.0	0.0	0.0	0.924	1.0	1.0	0.0	0.0	0.174	0.232	0.0	0.0	0.0	0.0	0.0	1.0	0.0	0.667	0.766	0.539	0.022	0.806	0.993	0.0	0.0	0.0	0.687	1.0	1.0	1.0	0.0	0.0	0.0	0.0	1.0	0.833	0.0	0.0	0.302	0.0	1.0	0.0	0.0	0.927	0.0	1.0	1.0	0.822	1.0	0.0	0.0	0.0	0.0	-1.0	0.0	0.0	0.0	0.486	0.431	0.0	0.219	-1.0	0.093	0.851	0.214	0.793	1.0	0.0	0.375	0.0	0.0	0.0	1.0	0.0	0.0	0.0	0.0	1.0	0.762	0.696	1.0	0.871	0.722	1.0	-1.0	0.133	0.361	-1.0	0.0	0.667	0.0	0.562	0.064	0.096	0.0	0.0	-1.0	-1.0	-1.0	-1.0	-1.0	-1.0	-1.0	-1.0	-1.0	-1.0	-1.0	-1.0	-1.0	-1.0	-1.0	-1.0	-1.0	-1.0	-1.0	-1.0	-1.0	-1.0	-1.0	-1.0	-1.0	-1.0	-1.0
gnl|Prokka|GCF_000012825.1_1|5104370|C	0.0	-1.0	0.143	-1.0	0.0	0.0	-1.0	0.0	0.0	0.0	0.0	-1.0	0.643	-1.0	0.077	0.0	1.0	-1.0	0.0	0.0	0.0	0.0	-1.0	0.0	-1.0	1.0	1.0	0.0	0.0	-1.0	0.554	0.0	0.75	0.0	0.0	1.0	0.0	0.0	-1.0	0.0	0.0	0.0	0.0	0.0	0.857	0.0	0.455	1.0	0.0	0.373	0.0	0.0	0.833	1.0	0.0	1.0	0.732	0.0	0.208	0.0	0.0	0.375	0.814	0.08	0.543	0.0	0.0	0.0	0.0	1.0	1.0	0.615	0.0	0.915	1.0	1.0	0.0	0.0	0.144	0.291	0.0	0.0	0.0	0.0	0.0	1.0	0.158	0.474	0.791	0.506	0.025	0.7	0.971	0.0	0.0	0.0	0.548	-1.0	1.0	1.0	0.0	0.062	0.0	0.0	1.0	0.78	0.0	0.0	0.324	0.0	1.0	0.0	0.071	0.83	0.0	1.0	1.0	0.754	1.0	0.0	0.0	0.0	0.0	1.0	0.0	0.0	0.0	0.465	0.379	0.0	0.15	-1.0	0.326	0.816	0.243	0.778	1.0	0.0	0.417	0.132	0.0	0.312	1.0	0.0	0.0	0.0	0.791	1.0	0.805	0.914	1.0	0.836	0.731	1.0	1.0	0.757	0.252	1.0	0.0	0.0	0.0	0.625	0.113	0.093	0.0	0.0	-1.0	-1.0	-1.0	-1.0	-1.0	-1.0	-1.0	-1.0	-1.0	-1.0	-1.0	-1.0	-1.0	-1.0	-1.0	-1.0	-1.0	-1.0	-1.0	-1.0	-1.0	-1.0	-1.0	-1.0	-1.0	-1.0	-1.0
gnl|Prokka|GCF_000012825.1_1|5105667|A	0.0	-1.0	0.3	-1.0	0.0	0.0	-1.0	0.0	0.0	0.0	0.0	-1.0	0.0	-1.0	1.0	0.0	1.0	-1.0	0.263	1.0	0.0	0.286	0.6	0.904	-1.0	1.0	0.179	1.0	1.0	0.0	0.478	1.0	0.154	0.0	0.0	1.0	0.292	0.0	0.0	0.0	0.0	0.0	0.175	0.0	0.0	0.0	0.571	0.0	0.0	0.788	1.0	0.0	0.448	1.0	0.0	1.0	0.112	0.0	0.0	0.0	0.603	0.0	0.87	0.943	0.521	1.0	0.0	0.0	0.744	0.0	0.0	0.268	1.0	0.0	0.0	0.016	1.0	0.0	0.151	0.0	0.869	0.0	1.0	0.0	0.0	1.0	0.0	0.0	0.773	0.345	0.987	0.774	0.992	0.71	0.891	1.0	0.0	1.0	1.0	1.0	0.0	0.446	0.0	0.0	1.0	0.268	0.0	1.0	0.0	0.0	1.0	0.425	0.054	1.0	0.0	1.0	1.0	0.857	0.419	1.0	1.0	0.0	0.0	0.0	0.0	0.0	0.0	1.0	0.429	0.0	0.208	0.0	1.0	1.0	0.173	0.649	1.0	0.0	0.0	1.0	0.0	0.0	1.0	0.0	0.0	0.0	0.0	1.0	0.226	0.727	1.0	0.945	0.376	0.0	0.0	0.154	0.237	-1.0	0.0	0.423	1.0	-1.0	0.919	0.0	0.0	0.125	-1.0	-1.0	-1.0	-1.0	-1.0	-1.0	-1.0	-1.0	-1.0	-1.0	-1.0	-1.0	-1.0	-1.0	-1.0	-1.0	-1.0	-1.0	-1.0	-1.0	-1.0	-1.0	-1.0	-1.0	-1.0	-1.0	-1.0
gnl|Prokka|GCF_000012825.1_1|5117314|G	0.0	-1.0	0.154	1.0	1.0	0.0	-1.0	1.0	0.0	1.0	0.0	-1.0	0.0	-1.0	0.0	0.0	0.571	-1.0	0.0	0.0	0.0	0.0	-1.0	0.941	-1.0	0.0	0.0	0.0	0.385	0.6	0.376	0.746	1.0	-1.0	0.0	0.0	0.265	0.0	0.0	0.0	0.0	0.0	0.1	0.0	0.0	-1.0	0.0	0.0	1.0	0.206	0.0	-1.0	0.0	0.0	0.0	1.0	0.937	0.0	0.0	0.168	0.594	0.25	0.847	0.093	0.534	0.778	0.0	1.0	0.793	0.786	-1.0	0.269	0.709	0.911	0.0	1.0	-1.0	1.0	0.136	0.697	0.892	-1.0	0.0	0.0	0.0	0.99	0.0	0.0	0.046	0.566	0.97	0.795	0.0	0.0	0.0	0.0	0.62	-1.0	1.0	0.0	0.0	0.0	0.0	0.0	0.0	0.85	0.0	0.471	0.109	0.0	1.0	0.182	0.0	0.0	1.0	1.0	0.144	0.799	0.0	0.0	0.875	0.0	0.0	-1.0	-1.0	0.0	0.0	0.607	0.431	-1.0	0.0	-1.0	0.204	0.82	1.0	1.0	1.0	0.0	-1.0	0.0	0.731	0.0	1.0	0.586	0.0	0.0	0.158	1.0	0.736	0.733	1.0	1.0	0.698	1.0	0.0	0.0	0.0	-1.0	0.0	0.789	0.636	-1.0	0.826	0.101	1.0	0.0	-1.0	-1.0	-1.0	-1.0	-1.0	-1.0	-1.0	-1.0	-1.0	-1.0	-1.0	-1.0	-1.0	-1.0	-1.0	-1.0	-1.0	-1.0	-1.0	-1.0	-1.0	-1.0	-1.0	-1.0	-1.0	-1.0	-1.0
gnl|Prokka|GCF_000012825.1_1|5117400|A	0.0	-1.0	0.143	-1.0	1.0	0.0	-1.0	1.0	0.18	1.0	1.0	-1.0	0.136	-1.0	0.0	0.0	1.0	-1.0	0.0	0.0	0.0	0.0	0.0	0.886	-1.0	0.0	0.0	0.0	0.556	0.0	0.352	0.751	1.0	0.0	0.009	0.0	0.355	0.0	0.0	1.0	0.147	1.0	0.0	0.0	0.0	-1.0	0.0	0.0	1.0	0.233	0.0	0.0	0.0	0.0	1.0	1.0	1.0	1.0	0.0	0.266	1.0	-1.0	0.822	0.079	1.0	0.722	1.0	1.0	0.766	1.0	0.0	0.276	0.659	1.0	0.041	0.99	-1.0	1.0	1.0	0.31	0.909	0.0	0.0	0.0	0.0	1.0	0.0	0.29	0.046	0.543	0.952	1.0	0.0	-1.0	0.05	0.0	0.671	-1.0	1.0	0.036	1.0	0.0	0.0	1.0	0.0	0.878	0.0	0.466	0.133	0.0	1.0	0.247	0.0	0.0	1.0	1.0	0.112	0.78	0.0	0.0	0.842	0.0	0.22	-1.0	0.188	1.0	0.0	0.519	0.481	0.0	0.0	-1.0	0.212	1.0	0.211	0.983	0.978	1.0	1.0	0.625	0.0	0.0	1.0	1.0	1.0	1.0	0.164	1.0	0.726	-1.0	1.0	1.0	0.747	1.0	0.0	0.221	0.0	0.0	1.0	1.0	0.862	-1.0	0.811	0.144	1.0	0.0	-1.0	-1.0	-1.0	-1.0	-1.0	-1.0	-1.0	-1.0	-1.0	-1.0	-1.0	-1.0	-1.0	-1.0	-1.0	-1.0	-1.0	-1.0	-1.0	-1.0	-1.0	-1.0	-1.0	-1.0	-1.0	-1.0	-1.0
gnl|Prokka|GCF_000012825.1_1|5117773|C	0.0	-1.0	0.227	-1.0	1.0	0.0	-1.0	0.9	0.212	0.963	1.0	-1.0	0.0	-1.0	0.0	0.353	1.0	-1.0	0.0	0.0	0.0	0.0	-1.0	1.0	-1.0	0.0	0.0	0.7	-1.0	0.0	0.0	1.0	0.556	0.0	0.0	0.0	0.25	0.0	0.0	1.0	0.2	1.0	0.125	0.0	0.0	0.0	0.0	0.0	1.0	0.0	0.0	0.0	0.0	0.0	1.0	1.0	1.0	1.0	0.0	0.309	1.0	0.231	0.854	0.075	1.0	0.85	1.0	1.0	0.889	1.0	0.0	0.287	0.664	1.0	0.0	1.0	0.0	1.0	1.0	0.73	0.865	0.0	0.0	0.0	0.0	1.0	0.0	0.676	0.064	0.519	0.954	1.0	0.007	0.0	0.07	0.0	0.685	-1.0	1.0	0.033	1.0	0.0	0.0	1.0	0.0	1.0	0.0	-1.0	0.718	0.0	1.0	0.2	0.0	0.0	1.0	1.0	0.085	0.854	0.0	0.0	0.906	0.0	0.391	0.0	0.035	1.0	0.0	0.59	0.364	0.0	0.0	0.0	0.25	1.0	1.0	1.0	0.978	1.0	0.625	0.138	0.823	0.0	1.0	1.0	1.0	1.0	0.182	1.0	0.0	0.681	1.0	0.9	0.596	1.0	0.0	0.29	0.0	-1.0	1.0	0.722	0.769	0.455	0.926	0.051	1.0	0.0	-1.0	-1.0	-1.0	-1.0	-1.0	-1.0	-1.0	-1.0	-1.0	-1.0	-1.0	-1.0	-1.0	-1.0	-1.0	-1.0	-1.0	-1.0	-1.0	-1.0	-1.0	-1.0	-1.0	-1.0	-1.0	-1.0	-1.0
gnl|Prokka|GCF_044361425.1_1|2907|A	0.727	1.0	1.0	-1.0	0.0	-1.0	-1.0	1.0	0.0	0.0	-1.0	-1.0	0.0	-1.0	-1.0	-1.0	-1.0	1.0	0.778	0.0	-1.0	0.0	0.0	-1.0	-1.0	0.688	0.0	-1.0	1.0	-1.0	0.131	1.0	1.0	0.0	0.102	1.0	0.0	1.0	1.0	0.0	0.914	0.0	1.0	-1.0	0.0	-1.0	-1.0	0.0	0.0	-1.0	-1.0	0.389	0.0	0.0	1.0	0.0	1.0	1.0	1.0	0.0	0.0	0.556	0.0	0.0	-1.0	1.0	0.0	0.935	1.0	1.0	1.0	1.0	1.0	1.0	1.0	0.0	-1.0	0.826	-1.0	1.0	0.0	0.0	1.0	1.0	0.097	0.0	0.0	0.0	0.879	1.0	0.0	1.0	-1.0	0.0	1.0	0.0	0.533	-1.0	1.0	1.0	1.0	-1.0	1.0	-1.0	1.0	0.0	0.0	1.0	0.0	1.0	-1.0	0.0	0.0	0.528	-1.0	-1.0	-1.0	0.0	0.0	0.0	0.688	0.167	0.0	0.694	1.0	1.0	0.111	0.0	-1.0	0.0	-1.0	-1.0	0.75	0.0	1.0	0.0	0.0	0.0	0.7	0.0	1.0	1.0	1.0	1.0	1.0	1.0	-1.0	0.0	0.0	0.0	1.0	1.0	0.0	1.0	0.417	0.0	1.0	0.0	0.0	0.0	0.391	-1.0	0.0	0.0	0.0	0.0	-1.0	0.0	0.0	0.0	0.0	1.0	0.33	1.0	0.349	1.0	0.0	1.0	1.0	0.0	0.0	-1.0	-1.0	-1.0	-1.0	-1.0	-1.0	-1.0	-1.0	-1.0	-1.0	-1.0	-1.0
gnl|Prokka|GCF_044361425.1_1|8157|T	0.0	0.0	0.444	-1.0	-1.0	-1.0	-1.0	0.0	0.0	0.0	-1.0	-1.0	0.0	-1.0	-1.0	0.0	0.0	1.0	0.333	0.0	-1.0	1.0	-1.0	-1.0	-1.0	-1.0	0.0	-1.0	0.273	-1.0	0.485	0.0	0.231	1.0	0.135	0.029	0.0	0.0	1.0	0.0	0.121	0.0	1.0	-1.0	0.0	-1.0	-1.0	1.0	0.0	-1.0	-1.0	0.0	0.0	1.0	0.0	-1.0	1.0	0.0	0.0	0.0	0.0	0.0	0.0	0.0	-1.0	0.8	0.0	0.935	1.0	0.0	1.0	-1.0	0.806	0.0	1.0	0.0	-1.0	0.0	-1.0	1.0	-1.0	1.0	0.0	1.0	1.0	0.0	0.0	0.0	1.0	1.0	0.0	0.0	-1.0	0.0	1.0	0.0	0.578	-1.0	0.0	0.194	0.971	-1.0	0.0	-1.0	1.0	0.615	0.0	0.0	0.262	0.0	-1.0	0.0	0.0	0.667	-1.0	-1.0	-1.0	1.0	0.0	1.0	0.596	0.214	0.0	0.0	0.0	1.0	1.0	0.0	-1.0	0.0	-1.0	-1.0	0.0	0.0	0.0	1.0	1.0	0.0	0.636	1.0	0.0	1.0	1.0	0.0	0.0	0.0	-1.0	1.0	0.0	0.0	1.0	1.0	0.0	0.447	-1.0	1.0	1.0	1.0	0.0	0.0	1.0	-1.0	-1.0	0.391	1.0	1.0	-1.0	0.0	0.792	0.0	0.0	0.0	0.63	1.0	0.0	1.0	0.0	1.0	1.0	0.0	0.0	-1.0	-1.0	-1.0	-1.0	-1.0	-1.0	-1.0	-1.0	-1.0	-1.0	-1.0	-1.0
gnl|Prokka|GCF_044361425.1_1|130882|T	0.0	1.0	0.455	-1.0	-1.0	-1.0	-1.0	1.0	0.0	1.0	-1.0	-1.0	0.0	-1.0	-1.0	1.0	1.0	1.0	0.333	0.0	0.0	1.0	0.429	-1.0	-1.0	0.214	0.0	-1.0	0.444	-1.0	0.0	0.077	-1.0	0.0	0.0	1.0	0.0	0.0	0.0	1.0	0.927	0.0	1.0	-1.0	1.0	0.0	-1.0	1.0	0.0	-1.0	-1.0	1.0	1.0	0.0	0.044	-1.0	0.0	0.0	1.0	0.0	1.0	0.556	0.0	0.0	-1.0	0.3	1.0	0.982	1.0	1.0	0.0	1.0	0.152	1.0	1.0	0.0	-1.0	1.0	-1.0	1.0	0.0	1.0	0.0	1.0	0.833	1.0	-1.0	0.0	0.0	1.0	0.0	1.0	-1.0	0.912	0.0	0.0	0.098	-1.0	0.0	0.771	0.0	-1.0	1.0	-1.0	-1.0	1.0	0.0	0.0	0.0	1.0	-1.0	1.0	0.0	0.625	-1.0	-1.0	-1.0	0.0	0.882	1.0	0.0	0.828	1.0	0.128	1.0	1.0	0.0	1.0	-1.0	0.0	-1.0	-1.0	0.0	1.0	0.0	1.0	0.0	0.0	0.308	1.0	1.0	0.0	1.0	0.0	0.893	1.0	-1.0	1.0	0.0	1.0	0.0	0.52	1.0	0.0	0.0	0.294	1.0	0.741	0.0	0.0	1.0	-1.0	0.0	0.778	0.0	1.0	-1.0	1.0	0.0	0.0	1.0	0.0	0.279	1.0	0.843	1.0	1.0	1.0	1.0	0.0	0.941	-1.0	-1.0	-1.0	-1.0	-1.0	-1.0	-1.0	-1.0	-1.0	-1.0	-1.0	-1.0
gnl|Prokka|GCF_044361425.1_1|150102|C	1.0	0.0	1.0	-1.0	-1.0	-1.0	-1.0	1.0	-1.0	1.0	-1.0	-1.0	0.0	-1.0	-1.0	1.0	-1.0	0.0	0.0	1.0	-1.0	0.0	-1.0	-1.0	-1.0	-1.0	0.0	-1.0	0.636	-1.0	0.0	1.0	0.0	1.0	0.892	1.0	0.0	0.0	1.0	1.0	0.0	0.0	1.0	-1.0	0.0	0.0	-1.0	1.0	0.0	-1.0	-1.0	0.818	0.0	0.0	1.0	0.0	1.0	1.0	0.0	0.0	0.0	-1.0	1.0	0.0	-1.0	1.0	1.0	1.0	0.0	1.0	1.0	-1.0	1.0	0.0	0.0	0.0	-1.0	0.4	-1.0	1.0	0.612	1.0	1.0	0.0	1.0	0.0	0.0	0.0	1.0	1.0	0.0	0.0	-1.0	0.116	1.0	0.0	0.322	-1.0	0.0	0.185	1.0	-1.0	1.0	-1.0	1.0	1.0	0.0	1.0	0.772	1.0	-1.0	0.0	1.0	0.3	-1.0	-1.0	-1.0	0.0	0.0	0.0	0.804	0.19	1.0	0.61	0.0	1.0	1.0	1.0	-1.0	0.0	-1.0	-1.0	-1.0	1.0	1.0	1.0	1.0	0.0	-1.0	0.0	0.0	1.0	0.0	0.0	0.0	0.0	-1.0	1.0	0.0	1.0	1.0	0.25	-1.0	1.0	0.0	0.125	1.0	0.0	0.0	0.0	0.0	-1.0	0.0	1.0	0.0	0.0	-1.0	0.0	0.0	0.0	1.0	0.0	0.0	1.0	1.0	0.0	0.0	0.0	0.892	1.0	-1.0	-1.0	-1.0	-1.0	-1.0	-1.0	-1.0	-1.0	-1.0	-1.0	-1.0	-1.0	-1.0
gnl|Prokka|GCF_044361425.1_1|150602|G	1.0	0.0	0.6	-1.0	-1.0	-1.0	-1.0	0.0	0.0	-1.0	-1.0	-1.0	0.065	-1.0	-1.0	1.0	-1.0	0.429	-1.0	1.0	-1.0	0.0	0.583	-1.0	-1.0	1.0	0.0	-1.0	0.429	-1.0	0.0	0.9	0.0	0.0	1.0	1.0	0.0	1.0	0.294	1.0	0.0	0.0	0.0	-1.0	0.0	-1.0	-1.0	0.0	0.0	-1.0	-1.0	0.706	0.07	0.0	1.0	0.0	0.0	1.0	0.0	0.0	0.0	-1.0	1.0	0.0	-1.0	0.0	1.0	1.0	1.0	0.4	1.0	0.0	0.764	-1.0	1.0	0.0	-1.0	1.0	-1.0	0.0	0.0	1.0	1.0	-1.0	1.0	0.0	1.0	0.0	1.0	0.0	0.0	0.0	-1.0	0.0	0.0	0.0	0.494	-1.0	1.0	1.0	1.0	-1.0	1.0	-1.0	0.0	0.0	0.0	1.0	0.679	1.0	-1.0	1.0	1.0	0.581	-1.0	-1.0	-1.0	0.182	0.0	0.011	0.697	0.304	1.0	0.7	0.0	1.0	1.0	1.0	-1.0	0.0	0.0	-1.0	-1.0	1.0	1.0	1.0	0.0	0.0	0.467	0.0	0.0	1.0	0.0	-1.0	0.0	0.0	-1.0	1.0	0.0	1.0	1.0	0.2	-1.0	0.464	0.0	1.0	1.0	0.68	0.0	0.0	0.429	-1.0	0.0	1.0	0.0	0.0	-1.0	0.0	0.0	0.0	1.0	0.0	0.085	0.0	0.932	1.0	0.0	0.0	1.0	1.0	0.123	-1.0	-1.0	-1.0	-1.0	-1.0	-1.0	-1.0	-1.0	-1.0	-1.0	-1.0	-1.0
gnl|Prokka|GCF_044361425.1_1|165186|C	0.714	0.0	0.556	-1.0	-1.0	-1.0	-1.0	0.0	0.0	0.0	-1.0	-1.0	0.0	-1.0	-1.0	0.0	1.0	1.0	1.0	1.0	0.0	0.0	0.0	-1.0	-1.0	1.0	1.0	-1.0	0.0	-1.0	0.58	0.0	0.0	1.0	1.0	0.048	1.0	1.0	0.333	0.0	0.0	1.0	1.0	-1.0	0.096	-1.0	-1.0	0.0	1.0	-1.0	-1.0	0.0	0.0	1.0	1.0	1.0	0.0	0.0	-1.0	0.0	0.0	0.0	0.0	0.0	-1.0	0.0	0.0	1.0	0.0	0.533	1.0	-1.0	0.842	-1.0	1.0	1.0	-1.0	0.0	-1.0	0.0	0.0	0.0	0.0	-1.0	0.151	0.0	1.0	0.0	0.907	1.0	0.0	0.0	-1.0	0.0	0.0	1.0	0.86	-1.0	0.0	0.224	0.965	-1.0	0.0	-1.0	0.0	0.0	1.0	1.0	0.755	1.0	-1.0	0.0	1.0	0.0	-1.0	-1.0	-1.0	-1.0	0.119	1.0	0.723	0.13	0.0	0.672	0.0	0.0	0.0	0.0	-1.0	0.0	-1.0	-1.0	0.429	0.0	0.0	0.0	1.0	0.0	0.625	0.0	0.0	1.0	0.0	-1.0	0.0	0.0	-1.0	0.0	0.0	0.0	0.0	1.0	-1.0	0.07	1.0	0.0	1.0	0.632	0.0	0.0	0.562	-1.0	0.0	0.217	1.0	0.0	-1.0	0.0	0.255	1.0	0.0	1.0	0.0	0.0	0.239	0.0	0.0	0.0	0.0	0.0	1.0	-1.0	-1.0	-1.0	-1.0	-1.0	-1.0	-1.0	-1.0	-1.0	-1.0	-1.0	-1.0
gnl|Prokka|GCF_044361425.1_1|167376|A	1.0	1.0	0.0	-1.0	-1.0	-1.0	-1.0	0.0	0.0	0.0	-1.0	-1.0	0.0	-1.0	-1.0	0.0	0.0	0.0	1.0	0.0	-1.0	1.0	1.0	-1.0	-1.0	0.0	0.0	-1.0	0.0	-1.0	0.376	0.0	1.0	0.0	0.0	0.0	0.0	1.0	-1.0	0.0	0.119	0.0	0.0	-1.0	0.0	-1.0	-1.0	1.0	0.0	-1.0	-1.0	0.312	0.0	0.0	1.0	1.0	1.0	0.0	-1.0	0.0	0.0	1.0	0.0	0.0	-1.0	0.0	0.0	0.0	0.954	0.667	0.0	-1.0	0.146	-1.0	0.333	0.0	0.0	0.0	-1.0	1.0	0.0	1.0	0.0	1.0	0.944	1.0	0.0	0.0	0.0	0.0	0.0	1.0	-1.0	1.0	1.0	0.0	1.0	-1.0	0.0	0.649	0.0	-1.0	0.0	-1.0	1.0	1.0	0.0	1.0	0.28	0.0	-1.0	0.0	0.0	0.06	-1.0	-1.0	-1.0	-1.0	0.909	0.0	0.662	1.0	0.0	0.636	0.0	0.0	0.0	1.0	-1.0	0.0	-1.0	-1.0	0.0	0.0	0.0	1.0	0.0	0.0	1.0	1.0	1.0	0.0	1.0	0.0	1.0	0.0	-1.0	1.0	0.039	0.0	0.0	0.0	0.0	0.397	-1.0	0.826	0.0	1.0	0.0	0.0	0.667	-1.0	0.0	0.0	1.0	1.0	-1.0	0.0	0.716	0.0	0.0	0.0	1.0	1.0	0.323	1.0	1.0	1.0	0.0	0.0	0.0	-1.0	-1.0	-1.0	-1.0	-1.0	-1.0	-1.0	-1.0	-1.0	-1.0	-1.0	-1.0
gnl|Prokka|GCF_044361425.1_1|167417|T	1.0	1.0	0.0	-1.0	0.0	-1.0	-1.0	0.0	0.0	0.0	-1.0	-1.0	0.0	-1.0	-1.0	-1.0	-1.0	0.0	1.0	0.0	-1.0	1.0	1.0	-1.0	-1.0	0.0	0.0	-1.0	0.0	-1.0	0.376	0.0	1.0	0.0	0.0	0.0	0.0	1.0	0.48	0.0	0.065	0.0	0.0	-1.0	0.0	0.0	-1.0	1.0	0.0	-1.0	-1.0	0.194	0.0	0.0	1.0	1.0	1.0	0.0	-1.0	0.0	0.0	1.0	0.0	0.0	-1.0	0.0	0.0	0.0	1.0	0.625	0.0	0.0	0.158	-1.0	0.273	0.0	0.0	0.0	-1.0	1.0	0.0	1.0	0.0	1.0	0.929	1.0	0.0	0.0	0.0	0.0	0.0	1.0	-1.0	1.0	1.0	0.0	1.0	-1.0	0.0	0.694	0.0	-1.0	0.0	-1.0	1.0	1.0	0.0	1.0	0.238	0.0	-1.0	0.0	0.0	0.089	-1.0	-1.0	-1.0	-1.0	0.924	0.0	0.676	0.864	0.0	0.673	0.0	0.0	0.0	1.0	-1.0	0.0	-1.0	-1.0	0.0	0.0	0.0	1.0	0.0	0.0	1.0	1.0	1.0	0.0	1.0	0.0	1.0	0.0	-1.0	1.0	0.033	0.0	0.0	0.0	0.0	0.436	-1.0	0.7	0.0	1.0	0.0	0.0	0.643	-1.0	0.0	0.0	1.0	1.0	-1.0	0.0	0.678	0.0	0.0	0.0	1.0	1.0	0.317	1.0	1.0	1.0	0.0	0.0	-1.0	-1.0	-1.0	-1.0	-1.0	-1.0	-1.0	-1.0	-1.0	-1.0	-1.0	-1.0	-1.0
gnl|Prokka|GCF_044361425.1_1|176151|G	1.0	0.0	0.75	-1.0	-1.0	-1.0	-1.0	0.0	1.0	1.0	-1.0	-1.0	0.0	-1.0	-1.0	1.0	-1.0	0.0	1.0	1.0	0.0	0.0	0.0	-1.0	-1.0	-1.0	1.0	-1.0	0.529	-1.0	0.383	0.091	0.0	0.0	1.0	0.023	1.0	1.0	0.312	0.0	0.0	1.0	1.0	-1.0	0.051	1.0	-1.0	0.0	1.0	-1.0	-1.0	0.531	0.0	1.0	1.0	-1.0	0.0	0.0	-1.0	1.0	0.0	-1.0	1.0	1.0	-1.0	0.0	1.0	1.0	0.0	1.0	1.0	1.0	0.759	-1.0	0.0	0.0	-1.0	0.0	-1.0	0.0	0.486	0.0	0.0	0.0	0.058	0.0	0.0	1.0	0.902	1.0	0.0	0.0	-1.0	0.0	0.0	1.0	0.353	-1.0	0.0	0.435	0.952	-1.0	0.0	-1.0	0.0	0.0	1.0	1.0	0.651	1.0	-1.0	0.0	0.0	0.358	-1.0	-1.0	-1.0	0.0	0.04	0.0	0.776	0.194	1.0	0.929	0.0	0.0	0.0	0.0	-1.0	0.195	-1.0	-1.0	-1.0	0.0	0.0	0.0	0.0	1.0	0.714	0.0	0.0	1.0	0.0	0.0	0.0	0.0	-1.0	0.0	0.0	1.0	0.0	0.0	-1.0	0.0	0.0	0.182	1.0	0.0	1.0	1.0	0.294	-1.0	-1.0	0.25	0.0	0.0	-1.0	0.0	0.402	1.0	1.0	1.0	0.0	0.0	1.0	0.0	0.0	0.0	0.0	0.0	1.0	-1.0	-1.0	-1.0	-1.0	-1.0	-1.0	-1.0	-1.0	-1.0	-1.0	-1.0	-1.0
gnl|Prokka|GCF_044361425.1_1|179908|A	1.0	0.0	1.0	-1.0	-1.0	-1.0	-1.0	1.0	0.0	1.0	-1.0	-1.0	0.0	-1.0	-1.0	1.0	-1.0	0.333	1.0	1.0	-1.0	1.0	-1.0	-1.0	-1.0	0.0	0.0	-1.0	0.8	-1.0	0.518	1.0	0.0	0.0	0.946	0.975	0.0	1.0	0.0	1.0	0.0	0.0	1.0	-1.0	0.0	-1.0	-1.0	1.0	0.0	-1.0	-1.0	0.742	0.06	1.0	1.0	0.0	0.0	0.0	0.0	0.0	0.0	1.0	1.0	0.0	-1.0	1.0	1.0	1.0	0.0	-1.0	0.0	1.0	0.165	0.0	0.0	1.0	-1.0	1.0	-1.0	0.0	0.0	1.0	1.0	0.0	0.059	0.0	0.0	-1.0	0.0	1.0	0.0	0.0	-1.0	0.0	0.0	0.0	0.511	-1.0	0.0	0.0	0.025	-1.0	1.0	-1.0	0.0	-1.0	0.0	1.0	1.0	1.0	-1.0	0.0	1.0	0.618	-1.0	-1.0	-1.0	0.0	0.0	0.0	0.642	0.0	1.0	0.748	0.0	0.0	1.0	0.0	-1.0	1.0	-1.0	-1.0	0.0	1.0	1.0	0.0	0.0	0.0	1.0	0.129	0.0	0.0	0.0	-1.0	0.0	1.0	-1.0	-1.0	0.0	1.0	0.0	0.0	1.0	0.664	1.0	0.219	1.0	0.655	1.0	0.0	0.353	-1.0	0.0	0.667	0.0	1.0	-1.0	0.0	0.677	0.0	1.0	0.0	0.559	0.0	0.94	0.0	0.0	0.0	0.0	0.0	0.0	-1.0	-1.0	-1.0	-1.0	-1.0	-1.0	-1.0	-1.0	-1.0	-1.0	-1.0	-1.0
gnl|Prokka|GCF_044361425.1_1|180434|C	1.0	0.0	0.625	-1.0	1.0	-1.0	-1.0	1.0	0.0	-1.0	-1.0	-1.0	0.0	-1.0	-1.0	1.0	-1.0	0.0	0.769	1.0	-1.0	0.0	-1.0	-1.0	-1.0	0.571	0.0	-1.0	0.0	-1.0	0.37	0.918	0.0	0.0	0.87	0.971	0.0	1.0	0.0	0.0	0.143	0.0	0.0	-1.0	0.0	0.0	-1.0	1.0	0.0	-1.0	-1.0	0.793	0.0	1.0	1.0	0.0	0.0	0.0	0.064	0.0	0.0	0.273	1.0	0.0	-1.0	0.0	1.0	0.041	0.0	0.4	0.064	1.0	0.151	0.0	0.0	1.0	-1.0	1.0	-1.0	0.0	0.0	0.0	1.0	-1.0	0.046	0.0	0.0	0.688	0.0	0.0	0.0	0.0	-1.0	0.0	0.0	0.0	0.934	-1.0	0.0	0.0	0.018	-1.0	1.0	-1.0	0.0	1.0	0.0	1.0	1.0	1.0	-1.0	0.0	1.0	0.548	-1.0	-1.0	-1.0	1.0	0.0	0.0	0.879	0.0	1.0	0.741	0.0	0.0	0.0	0.0	-1.0	0.32	0.0	-1.0	0.0	1.0	1.0	0.0	0.0	0.0	0.538	0.111	0.0	0.0	0.0	-1.0	0.0	1.0	-1.0	0.0	0.0	1.0	0.0	0.0	1.0	0.552	1.0	0.0	0.0	0.2	1.0	0.0	0.0	-1.0	0.375	0.0	0.0	0.0	-1.0	0.0	0.775	0.0	1.0	0.0	0.587	0.0	0.917	0.0	0.0	0.0	0.0	0.0	0.083	-1.0	-1.0	-1.0	-1.0	-1.0	-1.0	-1.0	-1.0	-1.0	-1.0	-1.0	-1.0
gnl|Prokka|GCF_044361425.1_1|180937|G	0.0	0.0	0.0	-1.0	-1.0	-1.0	-1.0	0.0	1.0	0.0	-1.0	-1.0	1.0	-1.0	-1.0	0.0	1.0	-1.0	0.333	0.0	-1.0	1.0	-1.0	-1.0	-1.0	0.0	-1.0	-1.0	0.583	-1.0	0.176	1.0	0.0	1.0	0.0	0.0	0.0	0.0	0.0	0.0	1.0	-1.0	1.0	-1.0	0.0	-1.0	-1.0	0.0	-1.0	-1.0	-1.0	0.0	0.0	1.0	0.0	-1.0	0.0	1.0	1.0	1.0	0.0	0.429	0.0	1.0	-1.0	0.778	0.0	0.902	0.0	0.0	0.0	-1.0	0.0	1.0	0.0	1.0	0.0	0.0	-1.0	0.0	1.0	1.0	1.0	0.0	0.863	0.0	1.0	1.0	0.0	1.0	0.0	0.0	-1.0	0.061	0.0	-1.0	0.0	-1.0	1.0	0.0	0.0	-1.0	0.0	-1.0	0.0	0.0	-1.0	0.0	0.0	-1.0	-1.0	0.0	1.0	0.0	-1.0	-1.0	-1.0	-1.0	0.0	1.0	0.0	0.0	0.0	0.309	1.0	1.0	1.0	1.0	-1.0	1.0	-1.0	-1.0	1.0	0.0	1.0	1.0	1.0	1.0	0.0	0.0	0.0	0.0	0.0	1.0	0.0	0.0	-1.0	1.0	1.0	0.0	1.0	0.429	0.0	0.592	-1.0	0.0	1.0	0.789	1.0	1.0	0.739	-1.0	1.0	0.0	1.0	1.0	-1.0	0.0	0.0	-1.0	0.0	-1.0	0.0	0.0	0.0	0.0	0.0	0.0	1.0	1.0	0.0	-1.0	-1.0	-1.0	-1.0	-1.0	-1.0	-1.0	-1.0	-1.0	-1.0	-1.0	-1.0
gnl|Prokka|GCF_044361425.1_1|274453|T	0.625	0.0	0.0	-1.0	-1.0	-1.0	-1.0	0.0	0.0	0.0	-1.0	-1.0	0.0	-1.0	-1.0	0.0	-1.0	0.0	0.65	0.0	0.0	0.0	0.0	-1.0	-1.0	-1.0	1.0	-1.0	0.0	-1.0	0.459	1.0	-1.0	0.0	0.0	0.0	1.0	1.0	0.0	0.0	0.0	1.0	0.0	-1.0	1.0	-1.0	-1.0	1.0	1.0	-1.0	-1.0	0.647	0.948	1.0	1.0	-1.0	0.0	1.0	1.0	0.0	1.0	-1.0	0.0	0.0	-1.0	0.545	1.0	0.0	0.0	0.444	0.0	1.0	0.146	1.0	1.0	1.0	-1.0	0.0	-1.0	0.0	0.0	1.0	1.0	-1.0	0.0	0.0	1.0	0.0	0.0	0.0	1.0	0.0	-1.0	0.0	0.0	1.0	0.961	-1.0	1.0	0.0	0.0	-1.0	0.0	-1.0	0.0	0.0	1.0	1.0	0.0	0.0	-1.0	0.786	1.0	0.444	-1.0	-1.0	-1.0	1.0	0.098	1.0	0.379	0.0	1.0	0.624	0.0	1.0	0.0	0.0	-1.0	0.0	0.0	-1.0	-1.0	0.0	1.0	0.0	0.0	0.0	1.0	0.903	0.0	0.0	0.25	-1.0	0.0	0.0	-1.0	0.0	0.0	0.0	1.0	0.333	-1.0	0.626	0.0	0.8	0.0	0.0	0.0	0.0	0.0	-1.0	-1.0	0.0	0.0	0.0	-1.0	1.0	0.2	1.0	0.0	0.0	0.0	0.0	0.854	0.0	0.0	0.0	1.0	0.696	-1.0	-1.0	-1.0	-1.0	-1.0	-1.0	-1.0	-1.0	-1.0	-1.0	-1.0	-1.0	-1.0
gnl|Prokka|GCF_044361425.1_1|288698|T	0.0	0.0	0.55	-1.0	-1.0	-1.0	-1.0	0.0	0.0	0.0	-1.0	-1.0	1.0	-1.0	-1.0	0.0	1.0	1.0	0.278	0.0	1.0	1.0	0.571	-1.0	-1.0	1.0	0.0	-1.0	0.0	-1.0	0.0	0.0	0.0	1.0	0.0	0.024	0.0	0.0	0.25	0.0	1.0	1.0	1.0	-1.0	1.0	0.0	-1.0	0.0	1.0	-1.0	-1.0	0.0	0.921	1.0	0.053	-1.0	0.0	1.0	1.0	0.0	1.0	-1.0	0.0	0.0	-1.0	0.0	0.0	0.924	0.0	0.333	1.0	1.0	0.818	1.0	0.0	1.0	-1.0	0.0	-1.0	0.0	0.0	1.0	0.0	-1.0	0.088	0.0	0.0	0.0	0.887	1.0	0.0	0.0	-1.0	0.0	0.0	0.0	0.402	-1.0	1.0	0.283	1.0	-1.0	0.0	-1.0	0.0	0.0	1.0	0.0	0.0	0.0	-1.0	0.0	1.0	0.403	-1.0	-1.0	-1.0	0.861	0.0	0.0	0.136	0.2	0.0	0.054	1.0	1.0	0.0	0.0	-1.0	0.0	0.3	-1.0	-1.0	0.0	0.0	0.0	1.0	0.0	0.421	0.0	0.0	1.0	0.0	0.0	0.0	0.0	-1.0	0.0	0.0	0.0	1.0	-1.0	0.0	0.0	1.0	0.0	1.0	1.0	0.0	0.0	1.0	-1.0	0.0	0.409	0.0	1.0	-1.0	1.0	0.327	0.0	0.0	0.0	0.0	0.0	0.0	0.0	0.0	0.0	1.0	0.689	0.0	-1.0	-1.0	-1.0	-1.0	-1.0	-1.0	-1.0	-1.0	-1.0	-1.0	-1.0	-1.0
gnl|Prokka|GCF_044361425.1_1|316406|T	0.0	1.0	0.636	-1.0	-1.0	-1.0	-1.0	1.0	0.0	0.0	-1.0	-1.0	0.0	-1.0	-1.0	-1.0	-1.0	0.0	0.0	0.0	-1.0	0.0	-1.0	-1.0	-1.0	1.0	1.0	-1.0	-1.0	-1.0	0.554	0.0	1.0	0.0	0.0	1.0	1.0	1.0	1.0	1.0	0.0	1.0	0.0	-1.0	0.0	-1.0	-1.0	0.0	1.0	-1.0	-1.0	0.273	0.0	1.0	0.0	0.0	1.0	1.0	0.058	0.0	0.0	-1.0	0.0	0.0	-1.0	0.2	1.0	0.0	1.0	1.0	1.0	-1.0	1.0	0.0	-1.0	0.0	-1.0	1.0	-1.0	1.0	0.0	0.0	0.0	1.0	0.0	1.0	0.0	0.0	1.0	0.0	0.0	1.0	-1.0	1.0	1.0	1.0	0.111	-1.0	0.0	1.0	1.0	-1.0	1.0	-1.0	1.0	0.0	1.0	0.0	0.0	0.0	-1.0	0.0	0.0	0.87	-1.0	-1.0	-1.0	0.6	1.0	0.0	0.309	1.0	1.0	0.059	1.0	0.0	0.0	0.0	-1.0	0.0	-1.0	-1.0	0.0	0.0	0.0	0.0	0.0	0.0	0.0	1.0	1.0	1.0	1.0	-1.0	1.0	1.0	-1.0	0.0	0.0	0.0	0.0	0.467	-1.0	0.396	0.0	0.0	0.0	0.0	0.0	0.0	0.545	-1.0	0.0	1.0	0.0	0.0	-1.0	0.0	0.458	1.0	0.0	1.0	0.441	1.0	0.75	1.0	1.0	1.0	0.0	0.0	0.0	-1.0	-1.0	-1.0	-1.0	-1.0	-1.0	-1.0	-1.0	-1.0	-1.0	-1.0	-1.0
gnl|Prokka|GCF_044361425.1_1|477702|C	0.0	0.0	0.526	-1.0	-1.0	-1.0	-1.0	0.0	-1.0	0.0	-1.0	-1.0	0.0	-1.0	-1.0	0.0	1.0	0.0	-1.0	0.0	-1.0	1.0	-1.0	-1.0	-1.0	-1.0	0.0	-1.0	0.0	-1.0	0.0	0.0	0.0	0.0	0.14	0.0	0.0	1.0	-1.0	0.0	0.932	0.0	1.0	-1.0	0.0	1.0	-1.0	1.0	0.0	-1.0	-1.0	0.619	0.0	0.0	0.0	1.0	0.0	1.0	1.0	1.0	0.0	-1.0	0.0	1.0	-1.0	0.774	1.0	0.951	0.0	1.0	0.875	1.0	1.0	1.0	0.4	1.0	0.0	0.182	-1.0	0.0	1.0	0.0	0.0	0.0	0.056	0.0	0.0	1.0	1.0	1.0	0.0	0.0	-1.0	0.0	0.0	0.0	0.0	-1.0	0.0	0.277	0.976	-1.0	0.0	-1.0	0.0	1.0	0.0	0.0	0.0	1.0	-1.0	0.0	1.0	0.426	-1.0	-1.0	-1.0	0.0	0.0	1.0	0.184	0.143	1.0	0.175	0.0	0.0	0.0	0.0	-1.0	0.12	0.375	-1.0	0.0	0.0	0.0	0.0	0.0	1.0	0.0	0.0	0.0	1.0	0.0	0.0	0.0	0.0	-1.0	1.0	0.0	0.0	0.0	0.4	0.0	0.0	1.0	0.417	1.0	0.163	1.0	1.0	0.786	-1.0	-1.0	0.136	-1.0	0.0	-1.0	0.012	0.0	0.0	0.0	0.0	0.0	0.0	0.688	0.0	0.0	0.0	0.0	0.0	0.0	-1.0	-1.0	-1.0	-1.0	-1.0	-1.0	-1.0	-1.0	-1.0	-1.0	-1.0	-1.0
gnl|Prokka|GCF_044361425.1_1|478768|T	0.0	1.0	0.0	-1.0	0.0	-1.0	-1.0	1.0	0.0	0.0	-1.0	-1.0	1.0	-1.0	-1.0	0.0	-1.0	1.0	1.0	1.0	-1.0	1.0	1.0	-1.0	-1.0	0.0	0.0	-1.0	0.455	-1.0	0.0	0.0	1.0	1.0	1.0	1.0	0.0	0.0	0.455	0.0	0.0	0.0	0.0	-1.0	0.0	-1.0	-1.0	0.0	0.0	-1.0	-1.0	1.0	0.0	1.0	0.0	-1.0	0.0	0.0	0.0	0.0	0.0	-1.0	0.0	0.0	-1.0	0.0	1.0	0.074	1.0	0.0	0.0	0.0	0.0	0.0	1.0	0.0	-1.0	1.0	-1.0	1.0	0.0	0.0	0.0	-1.0	0.897	1.0	1.0	0.0	0.0	0.0	1.0	1.0	-1.0	0.9	0.0	0.0	0.061	-1.0	0.0	0.0	0.027	-1.0	1.0	-1.0	0.0	0.0	0.0	0.0	0.77	1.0	-1.0	1.0	0.0	0.645	-1.0	-1.0	-1.0	0.0	0.903	0.0	0.0	0.69	1.0	0.045	1.0	1.0	1.0	1.0	-1.0	0.0	-1.0	-1.0	-1.0	0.0	0.0	1.0	1.0	0.0	-1.0	1.0	1.0	0.0	1.0	-1.0	1.0	1.0	-1.0	0.0	1.0	0.0	0.0	0.81	0.0	0.0	0.0	0.762	0.0	0.571	0.0	0.0	0.2	-1.0	0.0	0.0	1.0	0.0	-1.0	1.0	0.0	0.0	0.0	1.0	0.28	1.0	0.733	1.0	1.0	1.0	1.0	0.222	1.0	-1.0	-1.0	-1.0	-1.0	-1.0	-1.0	-1.0	-1.0	-1.0	-1.0	-1.0	-1.0
gnl|Prokka|GCF_044361425.1_1|478797|G	0.0	1.0	0.0	-1.0	0.0	-1.0	-1.0	1.0	0.0	0.0	-1.0	-1.0	1.0	-1.0	-1.0	0.0	-1.0	1.0	1.0	1.0	-1.0	1.0	1.0	-1.0	-1.0	0.0	0.0	-1.0	0.4	-1.0	0.0	0.0	1.0	1.0	1.0	0.983	0.0	0.0	0.556	0.0	0.0	0.0	0.0	-1.0	0.0	-1.0	-1.0	0.0	0.0	-1.0	-1.0	1.0	0.0	1.0	0.0	-1.0	0.0	0.0	0.0	0.0	0.0	-1.0	0.0	0.0	-1.0	0.0	1.0	0.07	1.0	0.0	0.0	0.0	0.0	0.0	0.769	0.0	-1.0	1.0	-1.0	0.0	0.0	0.0	0.0	-1.0	0.884	1.0	1.0	0.0	0.0	0.0	1.0	1.0	-1.0	0.0	0.0	0.0	0.099	-1.0	0.0	0.0	0.032	-1.0	1.0	-1.0	0.0	0.0	0.0	0.0	0.778	1.0	-1.0	1.0	0.0	0.656	-1.0	-1.0	-1.0	0.0	0.0	0.0	0.0	0.741	1.0	0.069	1.0	1.0	1.0	1.0	-1.0	0.0	-1.0	-1.0	-1.0	0.0	0.0	1.0	1.0	0.0	-1.0	1.0	1.0	0.0	0.0	-1.0	1.0	1.0	-1.0	0.0	1.0	0.0	0.0	0.824	0.0	0.0	0.0	0.744	0.0	0.681	0.0	0.0	0.25	-1.0	0.0	0.0	1.0	0.0	-1.0	1.0	0.0	0.0	0.0	1.0	0.244	0.0	0.725	1.0	0.0	0.0	1.0	0.237	-1.0	-1.0	-1.0	-1.0	-1.0	-1.0	-1.0	-1.0	-1.0	-1.0	-1.0	-1.0	-1.0
gnl|Prokka|GCF_044361425.1_1|482778|C	-1.0	1.0	0.385	-1.0	1.0	-1.0	-1.0	0.0	-1.0	1.0	-1.0	-1.0	0.0	-1.0	-1.0	-1.0	-1.0	-1.0	1.0	0.0	-1.0	0.921	-1.0	-1.0	-1.0	0.0	1.0	-1.0	0.0	-1.0	0.771	0.089	0.0	1.0	0.092	0.0	1.0	0.0	0.68	1.0	1.0	1.0	1.0	-1.0	1.0	0.0	-1.0	0.0	1.0	-1.0	-1.0	0.0	1.0	0.0	1.0	0.0	1.0	0.0	0.0	0.0	1.0	0.0	0.0	0.0	-1.0	1.0	0.0	0.0	1.0	0.0	0.0	0.0	0.0	0.0	0.667	1.0	-1.0	0.0	-1.0	1.0	0.564	0.0	0.0	1.0	0.041	0.0	0.0	0.0	0.0	1.0	0.0	0.0	-1.0	1.0	1.0	1.0	0.871	-1.0	1.0	0.0	0.0	-1.0	0.0	-1.0	1.0	0.0	1.0	1.0	0.237	1.0	-1.0	0.0	1.0	0.574	-1.0	-1.0	-1.0	1.0	1.0	1.0	0.769	0.0	0.0	0.711	0.0	1.0	1.0	0.0	-1.0	0.0	-1.0	-1.0	-1.0	1.0	0.0	0.0	1.0	0.0	1.0	1.0	0.0	0.0	1.0	0.0	0.0	0.0	-1.0	0.0	0.0	1.0	1.0	0.0	0.667	0.414	0.625	1.0	0.0	1.0	0.0	0.0	0.176	-1.0	0.0	0.524	0.0	1.0	-1.0	1.0	1.0	1.0	1.0	0.0	0.708	1.0	0.269	1.0	1.0	1.0	1.0	0.792	0.0	-1.0	-1.0	-1.0	-1.0	-1.0	-1.0	-1.0	-1.0	-1.0	-1.0	-1.0	-1.0
gnl|Prokka|GCF_044361425.1_1|505370|C	0.0	0.0	0.524	-1.0	-1.0	-1.0	-1.0	0.0	0.0	-1.0	-1.0	-1.0	0.0	-1.0	-1.0	1.0	1.0	-1.0	0.308	1.0	-1.0	1.0	1.0	-1.0	-1.0	0.0	1.0	-1.0	0.0	-1.0	0.465	0.07	0.0	1.0	0.877	0.0	1.0	0.0	0.188	0.0	0.85	1.0	0.0	-1.0	0.0	0.0	-1.0	0.0	1.0	-1.0	-1.0	0.0	0.0	1.0	0.0	-1.0	1.0	0.0	0.0	0.0	0.0	-1.0	0.0	0.0	-1.0	0.793	0.0	0.063	0.0	0.0	0.0	-1.0	0.0	0.0	1.0	1.0	-1.0	0.0	-1.0	1.0	0.0	1.0	0.0	-1.0	0.0	0.0	1.0	0.0	0.0	0.0	1.0	0.0	-1.0	0.846	1.0	1.0	0.033	-1.0	1.0	0.0	0.0	-1.0	0.0	-1.0	1.0	0.0	1.0	0.0	0.724	1.0	-1.0	1.0	1.0	0.0	-1.0	-1.0	-1.0	0.0	1.0	0.0	0.0	0.0	0.0	0.0	1.0	0.0	0.0	0.0	-1.0	0.0	-1.0	-1.0	-1.0	1.0	0.0	0.0	1.0	0.0	0.0	0.0	0.0	0.0	1.0	0.0	0.0	0.0	-1.0	-1.0	1.0	1.0	0.0	1.0	-1.0	0.486	-1.0	1.0	0.0	-1.0	0.0	0.0	1.0	-1.0	0.0	0.0	0.0	1.0	-1.0	0.0	0.338	1.0	1.0	1.0	0.343	1.0	0.0	0.0	1.0	1.0	0.0	0.0	1.0	-1.0	-1.0	-1.0	-1.0	-1.0	-1.0	-1.0	-1.0	-1.0	-1.0	-1.0	-1.0
gnl|Prokka|GCF_044361425.1_1|532887|G	1.0	0.0	-1.0	-1.0	-1.0	-1.0	-1.0	1.0	-1.0	0.0	-1.0	-1.0	0.097	-1.0	-1.0	0.0	0.0	-1.0	0.0	-1.0	-1.0	1.0	-1.0	-1.0	-1.0	1.0	1.0	-1.0	0.0	-1.0	0.723	0.087	0.0	1.0	0.0	1.0	1.0	0.0	0.222	0.0	1.0	1.0	0.0	-1.0	0.053	-1.0	-1.0	0.0	1.0	-1.0	-1.0	0.655	0.0	0.0	1.0	-1.0	0.0	0.0	1.0	0.0	0.0	-1.0	0.0	0.0	-1.0	0.0	1.0	0.0	0.0	1.0	1.0	0.0	1.0	1.0	0.0	0.0	-1.0	1.0	-1.0	0.0	0.61	0.0	0.0	-1.0	0.123	1.0	0.0	-1.0	1.0	0.0	0.0	0.0	-1.0	1.0	0.0	1.0	1.0	-1.0	0.0	0.278	1.0	-1.0	1.0	-1.0	0.0	0.0	1.0	0.0	0.342	1.0	-1.0	0.0	0.0	0.917	-1.0	-1.0	-1.0	0.826	1.0	1.0	1.0	1.0	1.0	0.686	1.0	0.0	1.0	0.0	-1.0	0.19	0.0	-1.0	0.0	0.0	0.0	0.0	1.0	0.0	0.444	0.111	0.0	1.0	0.0	0.0	0.0	1.0	-1.0	0.0	0.0	0.125	0.0	0.643	0.0	0.032	0.0	0.0	0.0	0.278	1.0	0.0	0.0	-1.0	0.0	0.0	-1.0	0.0	-1.0	0.0	1.0	1.0	0.0	0.0	0.535	0.0	1.0	0.0	1.0	0.0	0.0	0.292	-1.0	-1.0	-1.0	-1.0	-1.0	-1.0	-1.0	-1.0	-1.0	-1.0	-1.0	-1.0	-1.0
gnl|Prokka|GCF_044361425.1_1|532944|A	1.0	0.0	-1.0	-1.0	-1.0	-1.0	-1.0	1.0	0.0	0.0	-1.0	-1.0	0.0	-1.0	-1.0	0.0	0.0	-1.0	0.0	-1.0	-1.0	1.0	-1.0	-1.0	-1.0	1.0	1.0	-1.0	0.0	-1.0	0.685	0.089	0.0	1.0	0.083	1.0	1.0	0.0	0.286	0.0	0.2	1.0	0.0	-1.0	0.0	-1.0	-1.0	0.0	1.0	-1.0	-1.0	0.52	0.0	0.0	1.0	-1.0	0.0	0.0	1.0	0.0	0.0	0.556	0.0	0.0	-1.0	0.0	1.0	0.0	0.0	1.0	1.0	0.0	1.0	1.0	0.0	0.0	-1.0	1.0	-1.0	0.0	0.547	0.0	0.0	0.0	0.148	0.0	0.0	0.692	1.0	0.0	0.0	0.0	-1.0	1.0	0.0	1.0	1.0	-1.0	0.0	0.188	1.0	-1.0	1.0	-1.0	0.0	0.0	1.0	0.0	0.382	1.0	-1.0	0.0	0.0	0.894	-1.0	-1.0	-1.0	0.667	1.0	1.0	1.0	0.217	1.0	0.68	1.0	0.0	1.0	0.0	-1.0	0.0	-1.0	-1.0	-1.0	0.0	0.0	0.0	1.0	0.0	-1.0	0.088	0.0	1.0	0.0	0.0	0.0	1.0	-1.0	0.0	0.0	0.167	0.0	0.667	0.0	0.079	0.0	0.0	0.0	0.286	1.0	0.0	0.0	-1.0	-1.0	0.357	-1.0	0.0	-1.0	0.0	1.0	-1.0	0.0	0.0	0.586	0.0	1.0	0.0	1.0	0.0	0.0	0.233	0.0	-1.0	-1.0	-1.0	-1.0	-1.0	-1.0	-1.0	-1.0	-1.0	-1.0	-1.0	-1.0
gnl|Prokka|GCF_044361425.1_1|558709|A	1.0	1.0	0.0	-1.0	-1.0	-1.0	-1.0	1.0	0.0	0.0	-1.0	-1.0	0.0	-1.0	-1.0	0.0	0.0	0.0	0.75	0.273	1.0	0.0	0.375	-1.0	-1.0	0.0	1.0	-1.0	0.625	-1.0	0.608	0.071	1.0	1.0	0.073	0.985	1.0	1.0	0.0	0.0	0.833	1.0	1.0	-1.0	0.939	-1.0	-1.0	1.0	1.0	-1.0	-1.0	0.0	1.0	0.0	1.0	0.0	0.0	1.0	0.0	0.0	1.0	0.556	0.0	0.0	-1.0	0.815	0.0	0.0	0.0	0.429	0.0	-1.0	0.224	0.0	0.0	1.0	-1.0	0.8	-1.0	0.0	0.717	0.0	0.0	0.0	0.066	0.0	0.0	0.0	0.0	1.0	0.0	0.0	-1.0	0.0	0.0	1.0	0.925	-1.0	0.0	0.0	0.015	-1.0	1.0	-1.0	0.0	1.0	1.0	1.0	0.0	0.0	-1.0	1.0	1.0	0.481	-1.0	-1.0	-1.0	0.781	0.09	0.0	0.563	0.0	0.0	0.77	1.0	0.0	0.0	0.0	-1.0	0.75	0.0	-1.0	0.0	0.0	0.0	0.0	1.0	0.0	1.0	0.0	0.0	0.0	0.0	1.0	0.0	1.0	-1.0	1.0	0.0	0.0	0.0	0.0	1.0	0.078	0.214	0.682	0.0	0.0	0.0	0.0	0.0	-1.0	0.0	0.0	0.0	0.0	-1.0	1.0	0.247	1.0	0.0	1.0	0.049	0.0	0.283	0.0	0.0	0.0	0.0	0.0	0.375	-1.0	-1.0	-1.0	-1.0	-1.0	-1.0	-1.0	-1.0	-1.0	-1.0	-1.0	-1.0
gnl|Prokka|GCF_044361425.1_1|579907|T	1.0	0.0	0.667	-1.0	-1.0	-1.0	-1.0	1.0	0.0	1.0	-1.0	-1.0	0.057	-1.0	-1.0	1.0	-1.0	0.0	1.0	0.0	1.0	1.0	0.727	-1.0	-1.0	1.0	1.0	-1.0	0.692	-1.0	1.0	0.071	1.0	0.0	0.0	1.0	1.0	1.0	0.471	0.0	1.0	1.0	0.0	-1.0	1.0	-1.0	-1.0	0.0	1.0	-1.0	-1.0	0.0	0.929	0.0	1.0	0.0	0.0	1.0	1.0	0.0	1.0	-1.0	0.0	0.0	-1.0	1.0	0.0	0.904	0.0	1.0	1.0	1.0	1.0	1.0	0.0	0.0	-1.0	0.75	-1.0	0.0	0.0	1.0	0.0	0.0	0.161	0.0	0.0	0.0	1.0	0.0	0.0	0.0	-1.0	0.0	0.0	1.0	0.932	-1.0	0.0	0.264	1.0	-1.0	1.0	-1.0	0.0	0.0	1.0	1.0	0.274	0.0	-1.0	0.0	0.0	0.0	-1.0	-1.0	-1.0	0.88	0.07	0.0	1.0	0.167	0.0	0.724	1.0	0.0	1.0	0.0	-1.0	0.0	-1.0	-1.0	0.0	0.0	0.0	0.0	0.0	0.0	1.0	1.0	0.0	1.0	0.0	1.0	0.0	1.0	-1.0	0.0	0.0	1.0	0.0	0.25	-1.0	0.085	0.0	1.0	1.0	1.0	0.0	0.0	0.188	-1.0	0.0	0.6	0.0	1.0	-1.0	1.0	1.0	1.0	1.0	0.0	0.619	0.0	0.385	0.0	0.0	0.0	0.0	0.0	0.0	-1.0	-1.0	-1.0	-1.0	-1.0	-1.0	-1.0	-1.0	-1.0	-1.0	-1.0	-1.0
gnl|Prokka|GCF_044361425.1_1|580036|T	1.0	0.0	0.0	-1.0	-1.0	-1.0	-1.0	1.0	0.0	1.0	-1.0	-1.0	0.0	-1.0	-1.0	1.0	-1.0	0.0	1.0	0.0	1.0	1.0	0.812	-1.0	-1.0	0.0	1.0	-1.0	0.19	-1.0	0.788	0.059	-1.0	0.0	0.0	1.0	1.0	1.0	0.0	0.0	1.0	1.0	0.0	-1.0	1.0	0.0	-1.0	0.0	1.0	-1.0	-1.0	0.0	1.0	0.0	1.0	0.0	0.0	1.0	1.0	0.0	1.0	0.0	0.0	0.0	-1.0	0.8	0.0	0.0	0.0	0.6	0.0	1.0	0.153	1.0	0.0	0.0	-1.0	0.818	-1.0	0.0	0.0	0.0	0.0	0.0	0.037	0.0	0.0	0.0	0.0	0.0	0.0	0.0	-1.0	0.0	0.0	1.0	0.907	-1.0	0.0	0.0	0.034	-1.0	1.0	-1.0	0.0	0.0	1.0	1.0	0.357	0.0	-1.0	0.0	0.0	0.0	-1.0	-1.0	-1.0	0.75	0.117	0.0	0.737	0.0	0.0	0.626	1.0	0.0	1.0	0.0	-1.0	0.0	-1.0	-1.0	0.375	0.0	0.0	0.0	0.0	0.0	1.0	0.0	0.0	0.0	0.0	-1.0	0.0	1.0	-1.0	0.0	0.0	1.0	0.0	0.0	-1.0	0.038	0.0	1.0	0.0	0.542	0.0	0.0	0.429	-1.0	-1.0	0.0	0.0	1.0	-1.0	1.0	1.0	1.0	1.0	0.0	0.667	0.0	0.39	0.0	0.0	0.0	0.0	0.0	0.0	-1.0	-1.0	-1.0	-1.0	-1.0	-1.0	-1.0	-1.0	-1.0	-1.0	-1.0	-1.0
gnl|Prokka|GCF_044361425.1_1|589794|T	0.0	0.0	0.0	-1.0	-1.0	-1.0	-1.0	1.0	-1.0	1.0	-1.0	-1.0	0.0	-1.0	-1.0	1.0	-1.0	-1.0	0.0	1.0	-1.0	1.0	-1.0	-1.0	-1.0	0.0	1.0	-1.0	0.0	-1.0	0.409	0.089	0.0	0.0	1.0	0.0	0.0	0.0	0.0	0.0	0.9	1.0	0.0	-1.0	0.0	-1.0	-1.0	1.0	1.0	-1.0	-1.0	0.667	0.0	0.0	0.0	-1.0	0.0	1.0	1.0	1.0	0.0	1.0	1.0	1.0	-1.0	0.0	1.0	0.073	0.0	0.667	0.0	1.0	0.192	1.0	0.417	0.0	1.0	1.0	-1.0	0.0	0.354	1.0	0.0	0.0	0.0	0.0	1.0	0.364	0.0	0.0	1.0	0.0	-1.0	0.0	0.0	1.0	0.0	-1.0	1.0	0.0	0.015	-1.0	1.0	-1.0	0.0	1.0	1.0	0.0	0.734	1.0	-1.0	1.0	0.0	0.786	-1.0	-1.0	-1.0	0.0	0.058	1.0	0.0	0.0	1.0	0.306	1.0	1.0	1.0	0.0	-1.0	0.114	-1.0	-1.0	1.0	0.0	0.0	0.0	0.0	1.0	-1.0	0.814	0.0	0.0	0.0	0.0	0.0	1.0	-1.0	-1.0	0.964	1.0	0.0	0.474	1.0	0.0	0.273	0.121	0.0	0.696	0.0	1.0	1.0	-1.0	0.75	0.0	0.0	1.0	-1.0	0.0	0.31	1.0	1.0	1.0	0.056	0.0	0.667	0.0	0.0	0.0	1.0	0.0	1.0	-1.0	-1.0	-1.0	-1.0	-1.0	-1.0	-1.0	-1.0	-1.0	-1.0	-1.0	-1.0
gnl|Prokka|GCF_044361425.1_1|589815|T	-1.0	0.0	0.308	-1.0	-1.0	-1.0	-1.0	1.0	-1.0	1.0	-1.0	-1.0	0.0	-1.0	-1.0	1.0	-1.0	-1.0	-1.0	1.0	-1.0	1.0	0.545	-1.0	-1.0	0.333	1.0	-1.0	0.0	-1.0	0.422	0.083	-1.0	0.0	1.0	0.0	0.0	0.0	0.0	0.0	0.911	1.0	0.0	-1.0	0.0	-1.0	-1.0	1.0	1.0	-1.0	-1.0	0.718	0.0	0.0	0.0	-1.0	0.0	1.0	1.0	1.0	0.0	-1.0	1.0	1.0	-1.0	0.0	1.0	0.075	0.0	0.727	0.0	1.0	0.203	1.0	0.308	0.0	1.0	1.0	-1.0	0.0	0.383	1.0	0.0	0.0	0.0	0.0	1.0	0.455	0.0	0.0	1.0	0.0	-1.0	0.0	0.0	1.0	0.0	-1.0	1.0	0.0	0.015	-1.0	1.0	-1.0	0.0	1.0	1.0	0.0	0.689	1.0	-1.0	1.0	0.0	0.857	-1.0	-1.0	-1.0	0.0	0.071	1.0	0.0	0.0	1.0	0.315	1.0	1.0	1.0	0.0	-1.0	0.114	-1.0	-1.0	1.0	0.0	0.0	0.0	0.0	1.0	0.545	0.814	0.0	0.0	0.0	0.0	0.0	1.0	-1.0	1.0	0.952	1.0	0.0	0.611	1.0	0.0	0.0	0.129	0.0	0.636	0.0	1.0	1.0	-1.0	1.0	0.0	0.0	1.0	-1.0	0.0	0.345	1.0	1.0	1.0	0.0	0.0	0.7	0.0	0.0	0.0	1.0	0.0	0.048	-1.0	-1.0	-1.0	-1.0	-1.0	-1.0	-1.0	-1.0	-1.0	-1.0	-1.0	-1.0
gnl|Prokka|GCF_044361425.1_1|589833|A	-1.0	0.0	0.0	-1.0	-1.0	-1.0	-1.0	1.0	-1.0	1.0	-1.0	-1.0	0.0	-1.0	-1.0	1.0	-1.0	-1.0	-1.0	1.0	-1.0	1.0	0.455	-1.0	-1.0	0.0	1.0	-1.0	0.0	-1.0	0.348	0.094	-1.0	0.0	1.0	0.0	0.0	0.0	0.0	0.0	0.913	1.0	0.0	-1.0	0.0	-1.0	-1.0	1.0	1.0	-1.0	-1.0	0.697	0.0	0.0	0.0	-1.0	0.0	1.0	1.0	1.0	0.0	-1.0	1.0	1.0	-1.0	0.0	1.0	0.101	0.0	1.0	0.0	1.0	0.205	1.0	0.364	0.0	1.0	1.0	-1.0	0.0	0.417	1.0	0.0	0.0	0.0	0.0	1.0	0.385	0.0	0.0	1.0	0.0	-1.0	0.0	0.0	1.0	0.0	-1.0	1.0	0.0	0.015	-1.0	1.0	-1.0	0.0	1.0	1.0	0.0	0.725	1.0	-1.0	1.0	0.0	0.808	-1.0	-1.0	-1.0	0.0	0.078	1.0	0.0	0.0	1.0	0.309	1.0	1.0	1.0	0.0	-1.0	0.083	-1.0	-1.0	1.0	0.0	0.0	0.0	0.0	1.0	0.467	0.791	0.0	0.0	0.0	0.0	0.0	1.0	-1.0	1.0	0.962	1.0	0.0	0.55	-1.0	0.0	0.0	0.0	0.0	0.609	0.0	1.0	1.0	-1.0	0.75	0.0	0.0	1.0	-1.0	0.0	0.323	1.0	1.0	1.0	0.0	0.0	0.623	0.0	0.0	0.0	1.0	0.0	0.047	-1.0	-1.0	-1.0	-1.0	-1.0	-1.0	-1.0	-1.0	-1.0	-1.0	-1.0	-1.0
gnl|Prokka|GCF_044361425.1_1|596391|A	-1.0	1.0	1.0	-1.0	0.0	-1.0	-1.0	1.0	-1.0	0.0	-1.0	-1.0	1.0	-1.0	-1.0	0.0	-1.0	1.0	1.0	0.0	-1.0	1.0	1.0	-1.0	-1.0	-1.0	1.0	-1.0	0.769	-1.0	1.0	0.0	1.0	0.0	0.065	0.0	1.0	0.0	0.0	1.0	0.086	1.0	0.0	-1.0	1.0	-1.0	-1.0	1.0	1.0	-1.0	-1.0	0.355	1.0	0.0	0.0	0.0	1.0	1.0	0.0	0.0	1.0	0.0	0.0	0.0	-1.0	0.192	0.0	0.923	1.0	0.333	0.0	-1.0	0.197	0.0	1.0	0.0	-1.0	1.0	-1.0	0.0	0.444	0.0	0.0	1.0	0.0	1.0	1.0	0.0	0.0	0.0	0.0	1.0	-1.0	0.115	1.0	1.0	0.494	-1.0	1.0	0.742	0.0	-1.0	1.0	-1.0	1.0	1.0	1.0	-1.0	0.241	1.0	-1.0	0.0	0.0	0.618	-1.0	-1.0	-1.0	1.0	0.108	0.0	0.333	0.778	0.0	0.093	1.0	1.0	0.353	0.0	-1.0	0.706	1.0	-1.0	-1.0	0.0	0.0	0.0	0.0	0.0	0.333	0.0	1.0	0.0	0.0	1.0	1.0	1.0	-1.0	1.0	0.0	0.0	0.0	1.0	-1.0	0.4	0.0	0.0	1.0	1.0	0.0	0.0	0.529	-1.0	0.0	0.364	0.0	1.0	-1.0	1.0	1.0	1.0	0.0	0.0	1.0	0.0	0.0	1.0	0.0	0.0	1.0	0.0	0.923	-1.0	-1.0	-1.0	-1.0	-1.0	-1.0	-1.0	-1.0	-1.0	-1.0	-1.0	-1.0
gnl|Prokka|GCF_044361425.1_1|614257|T	1.0	1.0	0.529	-1.0	-1.0	-1.0	-1.0	1.0	0.0	1.0	-1.0	-1.0	0.0	-1.0	-1.0	0.0	-1.0	1.0	0.667	0.0	-1.0	0.0	0.0	-1.0	-1.0	0.0	1.0	-1.0	0.0	-1.0	0.794	1.0	-1.0	0.0	0.0	0.0	1.0	1.0	0.667	1.0	0.087	1.0	0.0	-1.0	1.0	0.0	-1.0	0.0	1.0	-1.0	-1.0	0.417	1.0	1.0	1.0	0.0	1.0	1.0	0.069	0.0	1.0	0.0	1.0	0.0	-1.0	0.368	0.0	0.944	0.952	-1.0	0.0	1.0	0.0	0.0	1.0	0.0	-1.0	0.75	-1.0	1.0	0.6	1.0	1.0	1.0	0.036	0.0	1.0	0.0	0.0	0.0	1.0	1.0	-1.0	1.0	1.0	1.0	0.468	-1.0	0.0	0.679	0.026	-1.0	1.0	-1.0	1.0	0.0	1.0	1.0	0.314	0.0	-1.0	1.0	0.0	0.0	-1.0	-1.0	-1.0	0.0	1.0	0.0	0.707	0.0	0.0	0.641	1.0	0.0	0.0	0.0	-1.0	0.0	-1.0	-1.0	-1.0	0.0	1.0	0.0	0.0	0.0	0.643	0.0	1.0	0.0	1.0	-1.0	1.0	1.0	-1.0	1.0	0.0	0.0	0.0	1.0	0.0	1.0	0.0	0.919	1.0	0.378	0.0	0.0	1.0	-1.0	0.0	0.643	0.0	0.0	-1.0	1.0	1.0	1.0	0.0	0.0	1.0	1.0	0.268	1.0	1.0	1.0	0.0	0.0	0.0	-1.0	-1.0	-1.0	-1.0	-1.0	-1.0	-1.0	-1.0	-1.0	-1.0	-1.0	-1.0
gnl|Prokka|GCF_044361425.1_1|615099|G	1.0	1.0	0.15	-1.0	-1.0	-1.0	-1.0	1.0	0.0	1.0	-1.0	-1.0	0.0	-1.0	-1.0	0.0	0.0	0.0	1.0	0.0	-1.0	0.0	-1.0	-1.0	-1.0	0.0	1.0	-1.0	-1.0	-1.0	1.0	0.122	1.0	0.0	0.0	0.0	1.0	1.0	0.421	1.0	0.211	1.0	0.0	-1.0	0.0	0.0	-1.0	0.0	1.0	-1.0	-1.0	0.371	0.098	1.0	0.931	-1.0	1.0	1.0	0.037	0.0	0.0	0.0	0.0	0.0	-1.0	0.097	0.0	0.0	1.0	0.0	0.0	0.0	0.0	0.0	0.625	0.0	0.0	0.8	-1.0	0.0	0.0	0.0	0.0	-1.0	0.055	0.0	0.0	0.0	0.0	0.0	0.0	1.0	-1.0	0.0	1.0	1.0	1.0	-1.0	0.0	0.73	0.025	-1.0	1.0	-1.0	1.0	0.0	1.0	1.0	0.236	0.0	-1.0	0.0	0.0	0.226	-1.0	-1.0	-1.0	1.0	0.071	0.0	0.679	0.0	0.0	0.684	1.0	0.0	0.0	0.0	-1.0	0.286	-1.0	-1.0	-1.0	0.0	0.0	0.0	0.0	0.0	0.611	0.0	1.0	0.0	0.0	-1.0	1.0	1.0	-1.0	1.0	0.0	0.0	0.0	0.32	0.286	0.366	0.0	1.0	0.0	0.25	0.0	0.0	1.0	-1.0	0.0	0.55	0.0	0.0	-1.0	0.0	1.0	1.0	0.0	0.0	1.0	0.0	0.268	1.0	0.0	0.0	0.0	0.0	0.0	-1.0	-1.0	-1.0	-1.0	-1.0	-1.0	-1.0	-1.0	-1.0	-1.0	-1.0	-1.0
gnl|Prokka|GCF_044361425.1_1|623966|C	1.0	0.0	0.267	-1.0	0.0	-1.0	-1.0	1.0	0.0	0.0	-1.0	-1.0	0.0	-1.0	-1.0	1.0	1.0	0.0	1.0	-1.0	1.0	0.0	-1.0	-1.0	-1.0	-1.0	1.0	-1.0	1.0	-1.0	0.555	0.0	0.0	0.0	1.0	0.97	1.0	1.0	0.0	1.0	0.0	1.0	0.0	-1.0	1.0	0.0	-1.0	1.0	1.0	-1.0	-1.0	0.688	1.0	1.0	1.0	0.0	0.0	0.0	0.051	0.0	1.0	-1.0	0.0	0.0	-1.0	1.0	1.0	0.089	0.0	-1.0	0.0	-1.0	0.194	0.0	0.375	0.0	-1.0	1.0	-1.0	0.0	0.0	0.0	0.0	-1.0	1.0	1.0	0.0	0.0	0.0	0.0	0.0	0.0	-1.0	0.0	0.0	1.0	0.827	-1.0	1.0	0.0	0.017	-1.0	1.0	-1.0	0.0	1.0	1.0	1.0	0.69	1.0	-1.0	0.0	0.0	1.0	-1.0	-1.0	-1.0	-1.0	0.102	1.0	0.467	0.875	1.0	0.725	0.0	1.0	1.0	1.0	-1.0	-1.0	-1.0	-1.0	1.0	1.0	0.0	1.0	0.0	0.0	-1.0	0.073	0.0	0.0	0.0	-1.0	0.0	1.0	-1.0	0.0	1.0	1.0	0.0	0.24	1.0	0.0	1.0	1.0	0.0	0.571	0.0	0.0	0.0	-1.0	0.0	0.621	1.0	0.0	-1.0	0.0	0.2	1.0	1.0	1.0	0.0	0.0	1.0	0.0	0.0	0.0	1.0	0.385	1.0	-1.0	-1.0	-1.0	-1.0	-1.0	-1.0	-1.0	-1.0	-1.0	-1.0	-1.0	-1.0
gnl|Prokka|GCF_044361425.1_1|623972|T	1.0	0.0	0.286	-1.0	0.0	-1.0	-1.0	1.0	0.0	0.0	-1.0	-1.0	0.0	-1.0	-1.0	1.0	-1.0	0.0	1.0	-1.0	-1.0	0.0	-1.0	-1.0	-1.0	-1.0	1.0	-1.0	1.0	-1.0	0.578	0.0	0.0	0.0	1.0	0.966	1.0	1.0	0.0	1.0	0.0	1.0	0.0	-1.0	1.0	0.0	-1.0	1.0	1.0	-1.0	-1.0	0.697	1.0	1.0	1.0	0.0	0.0	0.0	0.049	0.0	1.0	1.0	0.0	0.0	-1.0	1.0	1.0	0.084	0.0	-1.0	0.0	-1.0	0.164	0.0	0.333	0.0	-1.0	1.0	-1.0	0.0	0.0	0.0	0.0	-1.0	1.0	1.0	0.0	0.0	0.0	0.0	0.0	0.0	-1.0	0.0	0.0	1.0	0.83	-1.0	1.0	0.0	0.017	-1.0	1.0	-1.0	0.0	1.0	1.0	1.0	0.634	1.0	-1.0	0.0	0.0	1.0	-1.0	-1.0	-1.0	-1.0	0.067	1.0	0.44	0.857	1.0	0.717	0.0	1.0	1.0	1.0	-1.0	0.0	-1.0	-1.0	1.0	1.0	0.0	1.0	0.0	0.0	0.538	0.075	0.0	0.0	0.0	-1.0	0.0	1.0	-1.0	0.0	1.0	1.0	0.0	0.208	1.0	0.0	1.0	1.0	0.0	0.556	0.0	0.0	0.0	-1.0	0.0	0.593	1.0	0.0	-1.0	0.0	0.186	1.0	1.0	1.0	0.0	0.0	1.0	0.0	0.0	0.0	1.0	0.342	1.0	-1.0	-1.0	-1.0	-1.0	-1.0	-1.0	-1.0	-1.0	-1.0	-1.0	-1.0	-1.0
gnl|Prokka|GCF_044361425.1_1|654614|A	0.0	1.0	0.273	-1.0	-1.0	-1.0	-1.0	0.0	0.0	0.0	-1.0	-1.0	0.0	-1.0	-1.0	0.0	-1.0	0.0	0.0	0.0	-1.0	0.0	0.0	-1.0	-1.0	1.0	0.0	-1.0	0.733	-1.0	0.657	0.936	0.0	1.0	0.136	0.022	0.0	1.0	1.0	0.0	1.0	0.0	1.0	-1.0	1.0	-1.0	-1.0	0.0	0.0	-1.0	-1.0	0.778	1.0	0.0	0.0	0.0	1.0	0.0	0.0	0.0	1.0	-1.0	0.0	0.0	-1.0	0.0	1.0	0.911	1.0	0.364	1.0	-1.0	0.784	0.0	1.0	1.0	-1.0	0.182	-1.0	1.0	0.517	0.0	1.0	1.0	0.108	0.0	0.0	0.0	1.0	1.0	1.0	0.0	-1.0	1.0	1.0	0.0	0.597	-1.0	1.0	0.4	0.953	-1.0	0.0	-1.0	1.0	0.0	0.0	-1.0	0.193	1.0	-1.0	0.0	0.0	0.76	-1.0	-1.0	-1.0	1.0	0.932	0.0	0.407	0.263	1.0	0.029	0.0	1.0	0.0	0.0	-1.0	0.812	0.0	-1.0	-1.0	0.0	1.0	0.0	1.0	0.0	0.0	0.936	0.0	1.0	1.0	-1.0	0.0	0.0	-1.0	1.0	0.0	0.0	1.0	-1.0	0.0	0.933	0.75	0.154	1.0	0.2	0.0	0.0	0.0	-1.0	0.357	-1.0	0.0	0.0	-1.0	1.0	0.745	0.0	0.0	0.0	0.667	1.0	0.721	1.0	1.0	1.0	1.0	1.0	-1.0	-1.0	-1.0	-1.0	-1.0	-1.0	-1.0	-1.0	-1.0	-1.0	-1.0	-1.0	-1.0
gnl|Prokka|GCF_044361425.1_1|654621|C	0.0	1.0	0.273	-1.0	-1.0	-1.0	-1.0	0.0	0.0	0.0	-1.0	-1.0	0.0	-1.0	-1.0	0.0	-1.0	0.0	0.0	0.0	1.0	0.0	0.0	-1.0	-1.0	1.0	0.0	-1.0	0.733	-1.0	0.63	0.936	0.0	1.0	0.152	0.02	0.0	1.0	1.0	0.0	1.0	0.0	1.0	-1.0	1.0	-1.0	-1.0	0.0	0.0	-1.0	-1.0	0.8	1.0	0.0	0.0	0.0	1.0	0.0	0.0	0.0	1.0	-1.0	0.0	0.0	-1.0	0.0	1.0	0.906	1.0	0.462	1.0	-1.0	0.778	0.0	1.0	1.0	-1.0	0.186	-1.0	1.0	-1.0	0.0	1.0	-1.0	0.113	0.0	0.0	0.0	1.0	1.0	1.0	0.0	-1.0	1.0	1.0	0.0	0.554	-1.0	1.0	0.364	0.953	-1.0	0.0	-1.0	1.0	0.0	0.0	0.0	0.174	1.0	-1.0	0.0	0.0	0.778	-1.0	-1.0	-1.0	1.0	0.908	0.0	0.379	0.27	1.0	0.033	0.0	1.0	0.0	0.0	-1.0	0.786	0.0	-1.0	-1.0	0.0	1.0	0.0	1.0	0.0	0.0	0.936	0.0	1.0	1.0	-1.0	0.0	0.0	-1.0	1.0	0.0	0.0	1.0	0.462	0.0	0.939	0.667	0.185	1.0	0.208	0.0	0.0	0.0	-1.0	0.357	-1.0	0.0	0.0	-1.0	1.0	0.75	0.0	0.0	0.0	0.652	1.0	0.683	1.0	1.0	1.0	1.0	1.0	0.0	-1.0	-1.0	-1.0	-1.0	-1.0	-1.0	-1.0	-1.0	-1.0	-1.0	-1.0	-1.0
gnl|Prokka|GCF_044361425.1_1|655766|C	0.0	1.0	0.556	-1.0	-1.0	-1.0	-1.0	0.0	0.0	0.0	-1.0	-1.0	1.0	-1.0	-1.0	0.25	0.0	1.0	0.2	0.0	-1.0	1.0	0.25	-1.0	-1.0	1.0	0.0	-1.0	-1.0	-1.0	0.519	0.892	0.0	1.0	0.066	0.0	0.0	1.0	0.4	0.0	1.0	0.0	1.0	-1.0	1.0	-1.0	-1.0	0.0	0.0	-1.0	-1.0	0.759	0.933	0.0	0.0	-1.0	0.0	1.0	0.0	0.0	1.0	1.0	0.0	0.0	-1.0	0.0	1.0	1.0	0.0	-1.0	1.0	1.0	0.821	0.0	0.0	0.0	-1.0	0.349	-1.0	0.0	0.0	1.0	1.0	0.0	0.08	0.0	0.0	0.0	1.0	1.0	1.0	0.0	-1.0	0.0	0.0	0.0	0.522	-1.0	1.0	0.161	0.972	-1.0	0.0	-1.0	0.0	0.0	0.0	0.0	0.295	1.0	-1.0	0.0	1.0	0.837	-1.0	-1.0	-1.0	0.889	0.0	0.007	0.559	0.16	1.0	0.0	1.0	1.0	0.0	0.0	-1.0	0.0	-1.0	-1.0	0.6	0.0	1.0	0.0	1.0	0.0	-1.0	0.0	0.0	1.0	0.0	0.0	0.0	0.0	-1.0	1.0	0.0	0.0	1.0	0.387	0.0	0.645	0.769	0.0	1.0	1.0	0.0	0.0	0.65	-1.0	0.0	0.444	0.0	1.0	-1.0	0.988	0.703	0.0	0.0	0.0	0.581	0.0	0.638	0.0	0.0	0.0	1.0	1.0	0.944	-1.0	-1.0	-1.0	-1.0	-1.0	-1.0	-1.0	-1.0	-1.0	-1.0	-1.0	-1.0
gnl|Prokka|GCF_044361425.1_1|656293|C	0.667	1.0	1.0	-1.0	-1.0	-1.0	-1.0	0.0	0.0	0.0	-1.0	-1.0	1.0	-1.0	-1.0	0.0	-1.0	-1.0	1.0	-1.0	1.0	1.0	1.0	-1.0	-1.0	1.0	0.0	-1.0	0.571	-1.0	0.654	0.0	0.273	1.0	0.106	0.0	0.0	1.0	0.346	0.0	1.0	0.0	1.0	-1.0	1.0	0.0	-1.0	0.0	0.0	-1.0	-1.0	0.73	1.0	0.0	1.0	-1.0	0.0	1.0	0.0	0.0	1.0	-1.0	0.0	0.0	-1.0	0.0	1.0	1.0	0.0	-1.0	1.0	1.0	0.809	-1.0	0.0	0.0	-1.0	0.318	-1.0	0.0	0.0	1.0	0.0	0.0	0.2	0.0	0.0	0.0	1.0	1.0	1.0	0.0	-1.0	0.0	0.0	0.0	0.908	-1.0	1.0	0.158	1.0	-1.0	0.0	-1.0	0.0	0.0	0.0	1.0	0.342	1.0	-1.0	0.0	1.0	0.95	-1.0	-1.0	-1.0	0.886	0.0	0.0	1.0	0.353	1.0	0.726	1.0	1.0	0.0	0.0	-1.0	0.864	1.0	-1.0	-1.0	0.0	0.0	0.0	1.0	0.0	0.583	1.0	0.0	1.0	0.0	1.0	0.0	0.0	-1.0	1.0	0.0	0.0	1.0	0.692	0.0	0.053	1.0	0.943	1.0	1.0	0.0	0.0	0.739	-1.0	0.0	0.421	0.0	1.0	-1.0	1.0	0.765	-1.0	0.0	0.0	0.671	0.0	1.0	0.0	0.0	0.0	1.0	1.0	0.0	-1.0	-1.0	-1.0	-1.0	-1.0	-1.0	-1.0	-1.0	-1.0	-1.0	-1.0	-1.0
gnl|Prokka|GCF_044361425.1_1|656305|G	0.636	1.0	1.0	-1.0	-1.0	-1.0	-1.0	0.0	-1.0	0.0	-1.0	-1.0	1.0	-1.0	-1.0	0.0	-1.0	-1.0	1.0	-1.0	1.0	1.0	1.0	-1.0	-1.0	1.0	0.0	-1.0	0.667	-1.0	0.651	0.0	0.273	1.0	0.116	0.0	0.0	1.0	0.417	0.0	1.0	0.0	1.0	-1.0	1.0	0.0	-1.0	0.0	0.0	-1.0	-1.0	0.743	1.0	0.0	1.0	-1.0	0.0	1.0	0.0	0.0	1.0	-1.0	0.0	0.0	-1.0	0.0	1.0	1.0	0.0	-1.0	1.0	1.0	0.838	-1.0	0.0	1.0	-1.0	0.385	-1.0	0.0	0.0	1.0	0.0	0.0	0.208	0.0	0.0	0.0	1.0	1.0	1.0	0.0	-1.0	0.0	0.0	0.0	0.898	-1.0	1.0	0.171	1.0	-1.0	0.0	-1.0	0.0	0.0	0.0	1.0	0.294	1.0	-1.0	0.0	1.0	1.0	-1.0	-1.0	-1.0	0.906	0.0	0.0	1.0	0.357	1.0	0.727	1.0	1.0	0.0	0.0	-1.0	1.0	1.0	-1.0	-1.0	0.0	0.0	0.0	1.0	0.0	0.583	1.0	0.0	1.0	0.0	1.0	0.0	0.0	-1.0	1.0	0.0	0.0	1.0	0.667	0.0	0.049	1.0	0.94	1.0	1.0	0.0	0.0	0.652	-1.0	0.0	0.444	0.0	1.0	-1.0	1.0	0.734	-1.0	0.0	0.0	0.64	0.0	1.0	0.0	0.0	0.0	1.0	1.0	0.0	-1.0	-1.0	-1.0	-1.0	-1.0	-1.0	-1.0	-1.0	-1.0	-1.0	-1.0	-1.0
gnl|Prokka|GCF_044361425.1_1|656380|A	1.0	1.0	0.8	-1.0	-1.0	-1.0	-1.0	0.0	0.0	0.0	-1.0	-1.0	1.0	-1.0	-1.0	0.0	-1.0	-1.0	1.0	0.0	-1.0	0.891	0.636	-1.0	-1.0	1.0	0.0	-1.0	1.0	-1.0	0.244	0.0	0.0	1.0	0.118	0.0	0.0	1.0	0.321	0.114	0.844	0.0	1.0	-1.0	1.0	0.0	-1.0	0.0	0.0	-1.0	-1.0	0.815	1.0	0.0	1.0	-1.0	0.0	1.0	0.0	0.0	1.0	-1.0	0.0	0.0	-1.0	0.0	1.0	1.0	0.079	1.0	1.0	1.0	0.867	0.0	0.0	1.0	-1.0	0.375	-1.0	0.0	0.0	1.0	0.0	-1.0	0.203	0.0	0.0	0.0	1.0	1.0	1.0	0.0	-1.0	0.147	0.0	0.0	0.929	-1.0	1.0	0.147	1.0	-1.0	0.0	-1.0	0.0	0.0	0.0	1.0	0.0	1.0	-1.0	0.0	1.0	1.0	-1.0	-1.0	-1.0	0.84	0.0	0.0	0.836	0.3	1.0	0.665	1.0	1.0	0.0	0.0	-1.0	0.783	1.0	-1.0	-1.0	0.0	0.0	0.0	1.0	0.0	0.667	0.87	0.0	1.0	0.0	1.0	0.0	0.0	-1.0	1.0	0.0	0.0	1.0	0.688	0.0	0.0	1.0	0.919	1.0	0.775	0.0	0.0	0.625	-1.0	-1.0	0.333	-1.0	1.0	-1.0	1.0	0.0	0.0	0.0	0.0	0.0	0.0	0.938	0.0	0.0	0.0	1.0	1.0	0.0	-1.0	-1.0	-1.0	-1.0	-1.0	-1.0	-1.0	-1.0	-1.0	-1.0	-1.0	-1.0
gnl|Prokka|GCF_044361425.1_1|656382|T	1.0	1.0	1.0	-1.0	-1.0	-1.0	-1.0	0.0	0.0	0.0	-1.0	-1.0	1.0	-1.0	-1.0	0.0	-1.0	-1.0	1.0	0.0	-1.0	0.891	0.636	-1.0	-1.0	1.0	0.0	-1.0	1.0	-1.0	0.253	0.0	0.0	1.0	0.128	0.0	0.0	1.0	0.321	0.114	0.809	0.0	1.0	-1.0	1.0	0.0	-1.0	0.0	0.0	-1.0	-1.0	0.815	1.0	0.0	1.0	-1.0	0.0	1.0	0.0	0.0	1.0	-1.0	0.0	0.0	-1.0	0.0	1.0	1.0	0.079	1.0	1.0	1.0	0.861	0.0	0.0	1.0	-1.0	0.375	-1.0	0.0	0.0	1.0	0.0	-1.0	0.197	0.0	0.0	0.0	1.0	1.0	1.0	0.0	-1.0	0.147	0.0	0.0	0.926	-1.0	1.0	0.147	1.0	-1.0	0.0	-1.0	0.0	0.0	0.0	1.0	0.0	1.0	-1.0	0.0	1.0	1.0	-1.0	-1.0	-1.0	0.826	0.0	0.0	0.85	0.3	1.0	0.627	1.0	1.0	0.0	0.0	-1.0	0.783	1.0	-1.0	-1.0	0.0	0.0	0.0	1.0	0.0	0.667	0.87	0.0	1.0	0.0	1.0	0.0	0.0	-1.0	1.0	0.0	0.0	1.0	0.688	0.0	0.0	1.0	0.919	1.0	0.744	0.0	0.0	0.611	-1.0	0.0	0.3	-1.0	1.0	-1.0	1.0	0.0	0.0	0.0	0.0	0.0	0.0	1.0	0.0	0.0	0.0	1.0	1.0	0.0	-1.0	-1.0	-1.0	-1.0	-1.0	-1.0	-1.0	-1.0	-1.0	-1.0	-1.0	-1.0
gnl|Prokka|GCF_044361425.1_1|656421|G	1.0	1.0	0.727	-1.0	-1.0	-1.0	-1.0	0.0	0.0	0.0	-1.0	-1.0	1.0	-1.0	-1.0	0.0	-1.0	1.0	1.0	0.0	-1.0	0.881	0.636	-1.0	-1.0	1.0	0.0	-1.0	0.636	-1.0	0.23	0.0	0.0	1.0	0.114	0.0	0.0	1.0	0.261	0.128	0.844	0.0	1.0	-1.0	1.0	-1.0	-1.0	0.0	0.0	-1.0	-1.0	0.893	1.0	0.0	1.0	-1.0	0.0	1.0	0.0	0.0	1.0	-1.0	0.0	0.0	-1.0	0.0	1.0	1.0	0.0	1.0	1.0	-1.0	0.833	0.0	0.0	1.0	-1.0	0.29	-1.0	0.0	0.0	1.0	0.0	-1.0	0.154	0.0	0.0	0.0	1.0	1.0	1.0	0.0	-1.0	0.091	0.0	0.0	0.937	-1.0	1.0	0.219	1.0	-1.0	0.0	-1.0	0.0	0.0	0.0	1.0	0.0	1.0	-1.0	0.0	1.0	1.0	-1.0	-1.0	-1.0	0.867	0.0	0.0	0.824	0.3	1.0	0.611	1.0	1.0	0.0	0.0	-1.0	0.826	1.0	-1.0	-1.0	0.0	0.0	0.0	1.0	0.0	1.0	0.0	0.0	1.0	0.0	1.0	0.0	0.0	-1.0	1.0	0.0	0.0	1.0	0.824	0.0	0.037	1.0	0.927	1.0	0.756	0.0	0.0	0.562	-1.0	-1.0	0.4	-1.0	1.0	-1.0	1.0	0.0	0.0	-1.0	0.0	0.0	0.0	0.927	0.0	0.0	0.0	1.0	1.0	0.0	-1.0	-1.0	-1.0	-1.0	-1.0	-1.0	-1.0	-1.0	-1.0	-1.0	-1.0	-1.0
gnl|Prokka|GCF_044361425.1_1|727211|T	0.0	1.0	0.0	-1.0	-1.0	-1.0	-1.0	1.0	0.0	0.0	-1.0	-1.0	0.0	-1.0	-1.0	0.0	-1.0	0.0	0.0	1.0	-1.0	1.0	-1.0	-1.0	-1.0	0.0	1.0	-1.0	0.0	-1.0	0.438	0.111	1.0	0.0	1.0	0.0	1.0	1.0	0.462	0.788	0.907	1.0	0.0	-1.0	0.0	-1.0	-1.0	0.0	1.0	-1.0	-1.0	0.314	0.046	-1.0	0.0	0.0	1.0	1.0	0.0	0.0	0.0	-1.0	0.0	0.0	-1.0	0.154	0.0	0.0	1.0	0.0	0.0	0.0	0.0	0.0	0.75	-1.0	1.0	0.636	-1.0	0.0	0.0	1.0	0.0	1.0	0.0	1.0	1.0	0.0	0.0	0.0	0.0	1.0	-1.0	0.0	1.0	1.0	0.18	-1.0	1.0	0.692	0.033	-1.0	1.0	-1.0	1.0	0.0	1.0	0.0	0.679	0.0	-1.0	0.0	1.0	0.585	-1.0	-1.0	-1.0	-1.0	0.08	1.0	0.0	1.0	0.0	0.02	0.0	1.0	0.158	0.0	-1.0	-1.0	-1.0	-1.0	1.0	0.0	0.0	0.0	0.0	0.0	0.0	0.097	1.0	0.0	0.0	-1.0	1.0	1.0	-1.0	1.0	1.0	0.0	0.0	0.188	0.0	0.363	-1.0	0.0	0.0	0.513	0.0	0.0	1.0	-1.0	0.0	0.524	-1.0	1.0	-1.0	0.03	0.375	1.0	0.0	0.0	0.333	0.0	0.058	1.0	0.0	0.0	1.0	0.25	1.0	-1.0	-1.0	-1.0	-1.0	-1.0	-1.0	-1.0	-1.0	-1.0	-1.0	-1.0	-1.0
gnl|Prokka|GCF_044361425.1_1|760445|T	0.0	1.0	0.0	-1.0	-1.0	-1.0	-1.0	1.0	0.0	0.0	-1.0	-1.0	1.0	-1.0	-1.0	-1.0	-1.0	0.0	0.0	0.0	0.0	0.0	-1.0	-1.0	-1.0	-1.0	1.0	-1.0	0.176	-1.0	0.889	0.125	1.0	0.0	0.104	0.956	1.0	1.0	0.4	1.0	0.167	1.0	0.0	-1.0	0.0	0.0	-1.0	1.0	1.0	-1.0	-1.0	1.0	0.1	1.0	0.0	0.0	1.0	0.0	0.0	0.0	0.0	-1.0	0.0	0.0	-1.0	0.0	1.0	0.0	1.0	0.429	0.0	0.0	0.0	0.0	1.0	1.0	-1.0	0.351	-1.0	0.0	0.509	0.0	0.0	1.0	0.922	1.0	0.0	0.0	0.125	0.0	0.0	1.0	-1.0	0.0	1.0	1.0	0.047	-1.0	0.0	0.667	0.018	-1.0	1.0	-1.0	1.0	1.0	1.0	0.0	0.218	0.0	-1.0	0.0	0.0	0.478	-1.0	-1.0	-1.0	0.188	0.086	0.0	0.304	0.833	1.0	0.034	0.0	0.0	1.0	1.0	-1.0	0.0	0.0	-1.0	-1.0	0.0	0.0	1.0	0.0	0.0	0.25	0.0	1.0	0.0	0.0	-1.0	1.0	1.0	-1.0	1.0	0.0	1.0	0.0	0.238	0.0	0.288	1.0	0.0	0.0	0.286	0.0	0.0	0.0	-1.0	0.0	0.75	0.0	0.0	-1.0	0.0	1.0	1.0	0.0	1.0	1.0	0.0	0.696	1.0	0.0	0.0	0.0	0.0	0.0	-1.0	-1.0	-1.0	-1.0	-1.0	-1.0	-1.0	-1.0	-1.0	-1.0	-1.0	-1.0
gnl|Prokka|GCF_044361425.1_1|789949|C	0.231	1.0	0.636	-1.0	-1.0	-1.0	-1.0	1.0	1.0	1.0	-1.0	-1.0	0.0	-1.0	-1.0	0.0	1.0	0.0	0.0	0.0	0.0	0.064	0.0	-1.0	-1.0	0.429	0.0	-1.0	0.4	-1.0	1.0	0.069	0.588	0.0	0.074	0.969	1.0	0.0	0.696	1.0	0.2	1.0	0.0	-1.0	0.0	-1.0	-1.0	1.0	1.0	-1.0	-1.0	0.154	0.0	1.0	0.0	1.0	1.0	1.0	0.0	1.0	0.0	0.0	1.0	0.0	-1.0	0.0	0.0	0.0	1.0	-1.0	0.0	0.0	0.216	0.0	0.273	1.0	-1.0	0.593	-1.0	0.0	1.0	0.0	0.0	1.0	0.0	1.0	0.0	-1.0	0.089	0.0	0.0	1.0	-1.0	0.0	1.0	1.0	0.224	-1.0	0.0	0.729	0.021	-1.0	1.0	-1.0	1.0	0.75	1.0	0.0	0.221	0.0	-1.0	0.0	1.0	0.0	-1.0	-1.0	-1.0	-1.0	0.0	0.0	0.255	0.75	0.0	0.277	1.0	0.0	1.0	0.0	-1.0	1.0	-1.0	-1.0	0.0	1.0	0.0	1.0	0.0	1.0	0.333	0.13	1.0	0.0	0.0	-1.0	1.0	1.0	-1.0	1.0	0.0	0.0	0.0	0.308	0.0	0.15	-1.0	0.0	0.0	0.4	1.0	0.0	0.0	-1.0	-1.0	0.615	0.0	0.0	-1.0	0.0	1.0	1.0	1.0	1.0	1.0	0.0	0.0	1.0	0.0	0.0	0.0	0.0	0.0	-1.0	-1.0	-1.0	-1.0	-1.0	-1.0	-1.0	-1.0	-1.0	-1.0	-1.0	-1.0
gnl|Prokka|GCF_044361425.1_1|794611|A	0.625	1.0	0.25	-1.0	-1.0	-1.0	-1.0	1.0	0.0	0.0	-1.0	-1.0	1.0	-1.0	-1.0	-1.0	-1.0	0.0	1.0	1.0	-1.0	1.0	-1.0	-1.0	-1.0	0.0	0.0	-1.0	-1.0	-1.0	0.396	0.0	1.0	0.0	1.0	0.0	1.0	1.0	0.75	1.0	0.0	1.0	0.0	-1.0	0.0	0.0	-1.0	0.0	1.0	-1.0	-1.0	0.409	0.0	1.0	0.941	-1.0	1.0	1.0	0.0	0.0	0.0	0.556	0.0	0.0	-1.0	0.321	0.0	1.0	1.0	-1.0	0.0	0.0	0.145	0.0	-1.0	1.0	-1.0	0.815	-1.0	1.0	0.0	0.0	0.0	1.0	-1.0	1.0	0.0	0.0	0.0	0.0	0.0	1.0	-1.0	1.0	1.0	1.0	0.657	-1.0	1.0	0.808	0.0	-1.0	1.0	-1.0	1.0	0.0	1.0	1.0	0.716	0.0	-1.0	0.0	0.0	0.0	-1.0	-1.0	-1.0	0.0	0.879	1.0	0.484	0.839	0.0	0.737	1.0	1.0	1.0	0.0	-1.0	0.0	-1.0	-1.0	-1.0	0.0	0.0	0.0	0.0	0.0	1.0	0.0	1.0	0.0	1.0	0.0	1.0	1.0	-1.0	-1.0	1.0	0.0	1.0	0.455	0.0	0.352	1.0	1.0	1.0	0.64	0.0	0.0	0.647	-1.0	0.0	1.0	0.0	1.0	-1.0	0.0	0.322	1.0	0.0	1.0	0.288	1.0	0.293	1.0	1.0	1.0	1.0	0.88	0.086	-1.0	-1.0	-1.0	-1.0	-1.0	-1.0	-1.0	-1.0	-1.0	-1.0	-1.0	-1.0
gnl|Prokka|GCF_044361425.1_1|847615|T	1.0	1.0	0.375	-1.0	-1.0	-1.0	-1.0	1.0	1.0	0.0	-1.0	-1.0	0.0	-1.0	-1.0	1.0	-1.0	0.0	-1.0	0.0	-1.0	0.0	-1.0	-1.0	-1.0	0.0	0.0	-1.0	0.0	-1.0	0.802	0.0	0.0	0.0	0.0	0.978	1.0	1.0	0.0	0.0	0.222	1.0	0.0	-1.0	1.0	-1.0	-1.0	0.0	1.0	-1.0	-1.0	0.0	1.0	0.0	1.0	1.0	0.0	0.0	0.0	1.0	1.0	-1.0	0.0	0.0	-1.0	0.0	1.0	0.0	1.0	-1.0	0.0	-1.0	0.0	0.0	0.6	1.0	-1.0	1.0	-1.0	0.0	0.527	0.0	0.0	1.0	1.0	0.0	0.0	0.0	0.0	0.0	0.0	0.0	-1.0	0.0	0.0	1.0	0.92	-1.0	1.0	0.0	0.0	-1.0	1.0	-1.0	0.0	0.0	1.0	1.0	0.214	0.0	-1.0	0.0	1.0	0.533	-1.0	-1.0	-1.0	0.87	0.085	0.011	0.778	0.0	1.0	0.978	1.0	1.0	1.0	1.0	-1.0	0.0	-1.0	-1.0	1.0	0.0	0.0	1.0	0.0	1.0	-1.0	0.913	0.0	0.0	0.0	0.0	0.0	1.0	-1.0	1.0	0.0	1.0	0.0	0.0	0.0	0.05	0.826	0.897	0.0	0.321	0.0	0.0	0.3	-1.0	0.0	0.0	0.0	0.0	-1.0	0.0	1.0	1.0	1.0	1.0	0.706	0.0	0.446	0.0	0.0	0.0	1.0	0.0	0.0	-1.0	-1.0	-1.0	-1.0	-1.0	-1.0	-1.0	-1.0	-1.0	-1.0	-1.0	-1.0
gnl|Prokka|GCF_044361425.1_1|847641|C	0.7	1.0	0.429	-1.0	-1.0	-1.0	-1.0	1.0	1.0	-1.0	-1.0	-1.0	0.0	-1.0	-1.0	1.0	-1.0	1.0	1.0	0.0	-1.0	1.0	-1.0	-1.0	-1.0	0.0	0.0	-1.0	0.0	-1.0	0.796	0.0	0.0	0.0	0.0	0.979	1.0	1.0	0.0	0.0	0.297	1.0	0.0	-1.0	1.0	-1.0	-1.0	0.0	1.0	-1.0	-1.0	0.0	1.0	1.0	1.0	1.0	0.0	1.0	1.0	1.0	1.0	-1.0	0.0	0.0	-1.0	0.0	1.0	0.0	1.0	-1.0	0.0	-1.0	0.0	1.0	0.667	1.0	-1.0	1.0	-1.0	0.0	0.559	1.0	0.0	1.0	1.0	0.0	0.0	0.0	0.0	0.0	0.0	0.0	-1.0	0.0	0.0	1.0	0.935	-1.0	1.0	0.0	0.0	-1.0	1.0	-1.0	0.0	0.0	1.0	1.0	0.329	0.0	-1.0	0.0	1.0	0.629	-1.0	-1.0	-1.0	1.0	0.121	1.0	0.844	0.0	1.0	0.979	1.0	1.0	1.0	1.0	-1.0	0.0	-1.0	-1.0	1.0	0.0	0.0	1.0	0.0	1.0	1.0	0.929	0.0	0.0	0.0	0.0	0.0	1.0	-1.0	1.0	0.0	1.0	0.0	-1.0	0.0	0.033	0.846	1.0	0.0	1.0	0.0	0.0	0.545	-1.0	-1.0	0.0	0.0	1.0	-1.0	0.0	1.0	1.0	1.0	1.0	0.81	0.0	0.4	0.0	0.0	0.0	1.0	0.286	0.0	-1.0	-1.0	-1.0	-1.0	-1.0	-1.0	-1.0	-1.0	-1.0	-1.0	-1.0	-1.0
gnl|Prokka|GCF_044361425.1_1|847906|A	0.636	1.0	0.0	-1.0	-1.0	-1.0	-1.0	1.0	1.0	0.0	-1.0	-1.0	0.0	-1.0	-1.0	1.0	-1.0	-1.0	-1.0	0.0	-1.0	1.0	1.0	-1.0	-1.0	0.0	0.0	-1.0	0.0	-1.0	0.745	0.0	-1.0	0.0	0.0	1.0	1.0	1.0	0.0	0.0	1.0	1.0	0.0	-1.0	1.0	0.0	-1.0	0.0	1.0	-1.0	-1.0	0.0	1.0	1.0	1.0	1.0	0.0	1.0	1.0	1.0	1.0	-1.0	0.0	0.0	-1.0	0.862	1.0	0.955	0.0	-1.0	0.0	0.0	0.0	1.0	0.727	1.0	0.0	0.912	-1.0	0.0	0.535	1.0	0.0	-1.0	0.909	0.0	0.0	0.0	0.0	0.0	0.0	0.0	-1.0	0.0	0.0	1.0	0.932	-1.0	1.0	0.0	0.0	-1.0	1.0	-1.0	0.0	-1.0	1.0	-1.0	0.296	0.0	-1.0	0.0	1.0	0.643	-1.0	-1.0	-1.0	1.0	0.17	0.0	0.778	0.0	1.0	0.969	1.0	1.0	1.0	1.0	-1.0	0.0	-1.0	-1.0	-1.0	0.0	0.0	1.0	0.0	1.0	-1.0	0.923	0.0	0.0	0.0	0.0	0.0	1.0	-1.0	1.0	0.0	1.0	0.0	0.0	0.0	0.06	0.857	0.846	1.0	1.0	0.0	0.0	0.214	-1.0	0.0	0.0	0.0	1.0	-1.0	0.0	1.0	1.0	1.0	1.0	0.554	0.0	0.353	0.0	0.0	0.0	1.0	0.0	0.0	-1.0	-1.0	-1.0	-1.0	-1.0	-1.0	-1.0	-1.0	-1.0	-1.0	-1.0	-1.0
gnl|Prokka|GCF_044361425.1_1|852036|A	1.0	1.0	0.444	-1.0	-1.0	-1.0	-1.0	1.0	1.0	1.0	-1.0	-1.0	0.0	-1.0	-1.0	0.0	0.0	0.0	0.0	1.0	-1.0	0.0	0.333	-1.0	-1.0	-1.0	0.0	-1.0	0.0	-1.0	0.382	1.0	0.0	0.0	0.778	0.97	0.0	0.0	0.0	0.0	0.103	0.0	0.0	-1.0	1.0	-1.0	-1.0	1.0	0.0	-1.0	-1.0	0.514	1.0	1.0	1.0	1.0	0.0	0.0	0.037	1.0	1.0	0.0	1.0	0.0	-1.0	0.0	1.0	0.092	0.0	0.0	0.0	0.0	0.0	0.0	0.278	1.0	1.0	1.0	-1.0	0.0	1.0	1.0	1.0	0.0	0.066	0.0	0.0	0.0	0.0	0.0	0.0	0.0	-1.0	0.0	0.0	0.0	0.575	-1.0	0.0	0.0	0.02	-1.0	1.0	-1.0	0.0	1.0	0.0	1.0	1.0	0.0	-1.0	0.0	1.0	0.463	-1.0	-1.0	-1.0	0.0	0.0	0.0	0.742	0.0	1.0	1.0	0.0	1.0	1.0	0.0	-1.0	0.16	0.0	-1.0	0.0	0.0	1.0	0.0	0.0	1.0	0.429	0.0	0.0	0.0	0.0	0.0	0.0	1.0	-1.0	0.0	0.945	0.0	0.0	0.0	1.0	0.726	0.615	0.209	0.0	0.2	0.0	0.0	0.0	-1.0	-1.0	0.0	1.0	0.0	-1.0	1.0	0.709	0.0	0.0	1.0	0.519	0.0	1.0	0.0	0.0	0.0	1.0	0.0	0.0	-1.0	-1.0	-1.0	-1.0	-1.0	-1.0	-1.0	-1.0	-1.0	-1.0	-1.0	-1.0
gnl|Prokka|GCF_044361425.1_1|916172|A	1.0	0.0	0.636	-1.0	-1.0	-1.0	-1.0	1.0	0.0	0.0	-1.0	-1.0	0.0	-1.0	-1.0	0.25	-1.0	-1.0	0.733	0.0	1.0	0.0	0.0	-1.0	-1.0	1.0	1.0	-1.0	0.3	-1.0	0.414	0.091	0.0	1.0	0.093	0.018	1.0	1.0	0.278	0.0	0.881	1.0	1.0	-1.0	0.0	1.0	-1.0	0.0	1.0	-1.0	-1.0	0.0	0.0	1.0	0.955	-1.0	0.0	1.0	0.0	0.0	0.0	1.0	0.0	1.0	-1.0	0.0	0.0	0.935	0.0	0.0	1.0	0.0	0.782	-1.0	0.0	1.0	-1.0	0.88	-1.0	0.0	0.0	1.0	0.0	0.0	0.211	0.0	0.0	-1.0	1.0	1.0	1.0	0.0	-1.0	0.0	0.0	1.0	0.939	-1.0	0.0	0.179	1.0	-1.0	1.0	-1.0	0.0	0.0	1.0	1.0	0.0	0.0	-1.0	1.0	1.0	0.438	-1.0	-1.0	-1.0	1.0	0.06	0.0	0.721	0.158	0.0	0.732	1.0	1.0	0.174	0.0	-1.0	0.0	-1.0	-1.0	0.0	0.0	0.0	0.0	1.0	0.0	0.706	0.0	0.0	1.0	0.242	0.25	0.0	1.0	-1.0	1.0	0.0	0.0	1.0	0.333	0.0	0.048	1.0	1.0	1.0	0.0	0.0	1.0	0.176	-1.0	0.727	0.0	0.0	0.0	-1.0	0.0	0.397	1.0	0.0	1.0	0.066	0.0	0.27	0.0	0.0	0.0	1.0	0.773	0.953	-1.0	-1.0	-1.0	-1.0	-1.0	-1.0	-1.0	-1.0	-1.0	-1.0	-1.0	-1.0
gnl|Prokka|GCF_044361425.1_1|932533|A	-1.0	1.0	0.611	-1.0	-1.0	-1.0	-1.0	1.0	1.0	1.0	-1.0	-1.0	0.0	-1.0	-1.0	1.0	1.0	-1.0	0.0	1.0	-1.0	0.0	0.333	-1.0	-1.0	0.211	0.0	-1.0	-1.0	-1.0	0.458	0.0	1.0	0.0	0.935	0.0	0.0	1.0	0.48	1.0	0.128	0.0	-1.0	-1.0	0.0	0.0	-1.0	1.0	0.0	-1.0	-1.0	1.0	0.0	1.0	0.0	1.0	1.0	0.0	0.0	1.0	0.0	-1.0	1.0	0.0	-1.0	0.0	1.0	0.059	1.0	0.727	0.0	-1.0	0.137	0.0	1.0	1.0	-1.0	1.0	-1.0	0.0	0.439	0.0	0.0	-1.0	0.893	1.0	-1.0	0.0	0.0	-1.0	-1.0	1.0	-1.0	0.0	1.0	0.0	0.039	-1.0	0.0	0.656	0.035	-1.0	1.0	-1.0	1.0	1.0	0.0	0.0	1.0	1.0	-1.0	-1.0	-1.0	0.6	-1.0	-1.0	-1.0	0.0	0.0	-1.0	0.328	0.81	1.0	0.358	0.0	0.0	1.0	1.0	-1.0	0.0	0.0	-1.0	0.0	1.0	0.0	1.0	0.0	1.0	0.0	0.0	1.0	0.0	0.0	0.333	1.0	1.0	-1.0	0.0	1.0	1.0	0.0	0.407	0.714	0.328	1.0	0.238	0.0	0.647	0.0	0.0	0.0	-1.0	-1.0	0.667	-1.0	0.0	-1.0	0.0	0.657	0.0	1.0	0.0	1.0	0.0	0.604	1.0	0.0	0.0	0.0	0.238	-1.0	-1.0	-1.0	-1.0	-1.0	-1.0	-1.0	-1.0	-1.0	-1.0	-1.0	-1.0	-1.0
gnl|Prokka|GCF_044361425.1_1|987442|C	1.0	1.0	0.0	-1.0	-1.0	-1.0	-1.0	0.0	0.0	1.0	-1.0	-1.0	0.0	-1.0	-1.0	1.0	-1.0	0.0	0.0	0.0	-1.0	1.0	-1.0	-1.0	-1.0	0.667	0.0	-1.0	-1.0	-1.0	0.352	0.0	-1.0	1.0	0.056	0.0	0.0	1.0	0.25	1.0	1.0	0.0	0.0	-1.0	0.0	1.0	-1.0	0.0	0.0	-1.0	-1.0	1.0	0.0	0.0	1.0	0.0	1.0	0.0	0.0	0.0	0.0	-1.0	0.0	1.0	-1.0	0.0	1.0	0.0	1.0	0.0	0.0	1.0	0.0	0.0	0.571	0.0	-1.0	0.324	-1.0	1.0	0.364	1.0	0.0	-1.0	0.047	1.0	0.0	0.333	0.0	0.0	0.0	1.0	-1.0	1.0	1.0	0.0	1.0	-1.0	1.0	-1.0	0.0	-1.0	0.0	-1.0	1.0	0.0	0.0	1.0	0.099	1.0	-1.0	0.0	1.0	1.0	-1.0	-1.0	-1.0	1.0	0.69	1.0	0.511	0.615	1.0	0.319	1.0	1.0	0.0	0.0	-1.0	0.6	-1.0	-1.0	-1.0	1.0	0.0	0.0	1.0	0.0	1.0	0.0	1.0	0.0	0.7	-1.0	1.0	0.0	-1.0	-1.0	0.032	1.0	1.0	0.0	-1.0	0.176	0.0	0.111	0.0	0.0	0.0	0.979	0.0	-1.0	1.0	0.467	1.0	1.0	-1.0	0.0	0.536	0.0	1.0	0.0	0.85	1.0	1.0	1.0	1.0	1.0	1.0	1.0	0.0	-1.0	-1.0	-1.0	-1.0	-1.0	-1.0	-1.0	-1.0	-1.0	-1.0	-1.0	-1.0
gnl|Prokka|GCF_044361425.1_1|1006631|T	1.0	1.0	0.333	-1.0	-1.0	-1.0	-1.0	0.0	0.0	0.0	-1.0	-1.0	0.0	-1.0	-1.0	1.0	0.0	0.0	0.429	0.0	0.0	1.0	0.6	-1.0	-1.0	0.0	0.0	-1.0	0.231	-1.0	0.86	0.111	1.0	0.0	0.0	0.0	1.0	0.0	0.0	1.0	0.1	1.0	0.0	-1.0	0.0	-1.0	-1.0	0.0	1.0	-1.0	-1.0	1.0	0.089	0.0	1.0	0.0	0.0	0.0	0.0	0.0	0.0	-1.0	0.0	0.0	-1.0	0.086	1.0	0.0	1.0	0.571	0.0	0.0	0.162	0.0	1.0	0.0	-1.0	0.325	-1.0	1.0	0.589	1.0	0.0	-1.0	0.857	1.0	1.0	0.0	0.0	0.0	0.0	1.0	-1.0	1.0	0.0	1.0	0.531	-1.0	0.0	0.0	0.0	-1.0	0.0	-1.0	0.0	0.0	1.0	1.0	0.374	0.0	-1.0	0.0	0.0	0.473	-1.0	-1.0	-1.0	0.088	1.0	0.0	0.69	0.906	1.0	0.603	0.0	1.0	0.0	1.0	-1.0	0.0	-1.0	-1.0	0.429	1.0	0.0	0.0	0.0	0.0	1.0	0.919	1.0	0.0	1.0	-1.0	0.0	0.0	-1.0	1.0	0.0	1.0	0.0	0.2	0.444	0.041	1.0	0.0	0.0	1.0	0.0	0.0	0.688	-1.0	0.0	0.667	0.0	1.0	-1.0	0.0	1.0	1.0	1.0	0.0	0.67	1.0	1.0	1.0	1.0	1.0	1.0	0.227	0.868	-1.0	-1.0	-1.0	-1.0	-1.0	-1.0	-1.0	-1.0	-1.0	-1.0	-1.0	-1.0
gnl|Prokka|GCF_044361425.1_1|1006644|T	0.786	1.0	0.4	-1.0	-1.0	-1.0	-1.0	0.0	0.0	0.0	-1.0	-1.0	0.0	-1.0	-1.0	1.0	0.0	0.0	0.429	0.0	0.0	1.0	0.444	-1.0	-1.0	0.0	0.0	-1.0	0.25	-1.0	0.852	0.111	1.0	0.0	0.0	0.0	1.0	0.0	0.0	1.0	0.132	1.0	0.0	-1.0	0.0	-1.0	-1.0	0.0	1.0	-1.0	-1.0	1.0	0.102	0.0	1.0	0.0	0.0	0.0	0.0	0.0	0.0	-1.0	0.0	0.0	-1.0	0.125	1.0	0.0	1.0	0.571	0.0	0.0	0.161	0.0	1.0	0.0	0.0	0.324	-1.0	1.0	0.582	1.0	0.0	-1.0	0.873	1.0	1.0	0.0	0.0	0.0	0.0	1.0	-1.0	0.93	0.0	1.0	0.538	-1.0	0.0	0.0	0.0	-1.0	0.0	-1.0	0.0	0.0	1.0	1.0	0.383	0.0	-1.0	0.0	0.0	0.464	-1.0	-1.0	-1.0	0.0	1.0	0.0	0.716	0.879	1.0	0.603	0.0	1.0	0.0	1.0	-1.0	0.0	-1.0	-1.0	0.4	1.0	0.0	0.0	0.0	0.0	1.0	0.921	1.0	0.0	1.0	-1.0	0.0	0.0	-1.0	1.0	0.0	1.0	0.0	0.208	-1.0	0.0	1.0	0.0	0.0	1.0	0.0	0.0	0.737	-1.0	0.0	0.609	0.0	1.0	-1.0	0.0	1.0	1.0	1.0	0.0	0.634	1.0	1.0	1.0	1.0	1.0	1.0	0.167	0.918	-1.0	-1.0	-1.0	-1.0	-1.0	-1.0	-1.0	-1.0	-1.0	-1.0	-1.0	-1.0
gnl|Prokka|GCF_044361425.1_1|1010688|G	1.0	0.852	0.0	-1.0	-1.0	-1.0	-1.0	0.0	1.0	1.0	-1.0	-1.0	0.0	-1.0	-1.0	-1.0	0.0	0.0	1.0	1.0	0.0	0.0	1.0	-1.0	-1.0	0.0	0.0	-1.0	-1.0	-1.0	0.367	0.089	1.0	1.0	1.0	0.976	1.0	0.0	0.762	1.0	0.0	1.0	0.0	-1.0	1.0	0.0	-1.0	1.0	1.0	-1.0	-1.0	1.0	1.0	0.0	1.0	1.0	1.0	0.0	0.0	1.0	1.0	-1.0	0.0	0.0	-1.0	0.364	1.0	0.062	1.0	0.0	0.0	-1.0	0.0	0.0	1.0	0.0	-1.0	0.407	-1.0	1.0	0.492	0.0	0.0	1.0	0.943	1.0	0.0	0.0	0.0	0.0	0.0	1.0	-1.0	1.0	1.0	1.0	0.671	-1.0	0.0	0.737	0.0	-1.0	0.0	-1.0	1.0	1.0	1.0	1.0	0.745	1.0	-1.0	0.0	0.0	0.742	-1.0	-1.0	-1.0	0.2	1.0	0.0	0.448	0.78	1.0	0.951	0.0	0.0	0.0	1.0	-1.0	0.0	0.0	-1.0	0.538	0.0	0.0	1.0	1.0	1.0	0.688	0.882	1.0	0.0	1.0	0.0	0.0	0.0	-1.0	0.0	1.0	1.0	0.0	0.263	0.727	0.381	0.0	1.0	0.0	0.0	0.0	0.0	0.0	-1.0	0.0	0.625	0.0	0.0	-1.0	0.989	0.304	1.0	1.0	0.0	0.406	1.0	1.0	1.0	1.0	1.0	0.0	0.194	0.096	-1.0	-1.0	-1.0	-1.0	-1.0	-1.0	-1.0	-1.0	-1.0	-1.0	-1.0	-1.0
gnl|Prokka|GCF_044361425.1_1|1112133|T	1.0	1.0	0.0	-1.0	-1.0	-1.0	-1.0	0.0	0.0	0.0	-1.0	-1.0	0.0	-1.0	-1.0	0.0	-1.0	0.0	0.0	0.0	0.0	0.0	0.0	-1.0	-1.0	-1.0	0.0	-1.0	0.0	-1.0	0.932	0.0	1.0	0.0	0.0	0.0	1.0	0.0	0.615	1.0	0.211	1.0	0.0	-1.0	0.0	0.0	-1.0	1.0	1.0	-1.0	-1.0	1.0	0.082	1.0	1.0	1.0	1.0	1.0	0.0	0.0	0.0	-1.0	0.0	0.0	-1.0	0.0	1.0	0.885	1.0	0.0	0.0	0.0	0.0	-1.0	1.0	1.0	0.0	0.267	-1.0	1.0	0.0	1.0	0.0	1.0	0.0	1.0	0.0	0.0	0.0	0.0	0.0	1.0	-1.0	1.0	1.0	1.0	0.559	-1.0	0.0	0.729	0.0	-1.0	0.0	-1.0	1.0	0.0	1.0	1.0	0.171	0.0	-1.0	0.0	1.0	0.472	-1.0	-1.0	-1.0	0.0	1.0	0.0	0.646	0.731	1.0	0.716	0.0	0.0	0.0	0.0	-1.0	0.0	0.0	-1.0	-1.0	0.0	0.0	0.0	0.0	0.0	0.625	0.0	1.0	0.0	1.0	0.0	1.0	0.0	-1.0	0.0	0.043	0.0	0.0	0.0	0.0	0.367	1.0	0.0	1.0	0.2	0.0	0.0	0.0	-1.0	0.0	0.778	0.0	0.0	-1.0	0.0	1.0	0.0	0.0	1.0	0.534	1.0	1.0	1.0	1.0	1.0	0.0	0.0	0.0	-1.0	-1.0	-1.0	-1.0	-1.0	-1.0	-1.0	-1.0	-1.0	-1.0	-1.0	-1.0
gnl|Prokka|GCF_044361425.1_1|1115180|A	1.0	1.0	0.0	-1.0	-1.0	-1.0	-1.0	0.0	0.0	1.0	-1.0	-1.0	0.0	-1.0	-1.0	1.0	0.0	0.0	0.25	1.0	-1.0	1.0	-1.0	-1.0	-1.0	0.0	0.0	-1.0	0.273	-1.0	0.2	0.0	-1.0	0.0	1.0	0.0	0.0	0.0	0.4	1.0	0.73	0.0	0.0	-1.0	0.947	0.0	-1.0	0.0	0.0	-1.0	-1.0	1.0	1.0	0.0	1.0	-1.0	1.0	0.0	0.0	0.0	1.0	0.0	0.0	0.0	-1.0	1.0	1.0	0.091	0.921	0.455	0.0	-1.0	0.0	-1.0	1.0	0.0	-1.0	0.268	-1.0	1.0	0.0	0.0	0.0	-1.0	0.074	0.0	0.0	0.0	0.0	0.0	0.0	1.0	-1.0	0.902	1.0	0.0	1.0	-1.0	1.0	0.86	0.0	-1.0	0.0	-1.0	1.0	0.0	0.0	1.0	0.67	0.0	-1.0	0.0	0.0	1.0	-1.0	-1.0	-1.0	1.0	0.922	1.0	0.519	0.0	1.0	0.611	0.0	0.0	0.842	0.0	-1.0	0.0	-1.0	-1.0	1.0	1.0	0.0	0.0	0.0	0.0	1.0	1.0	1.0	0.0	1.0	1.0	1.0	0.0	-1.0	0.0	1.0	1.0	0.0	-1.0	0.0	0.304	0.0	0.2	0.0	0.818	0.0	0.0	-1.0	-1.0	0.0	0.556	0.0	1.0	-1.0	0.0	0.0	0.0	1.0	0.0	0.0	1.0	1.0	1.0	1.0	1.0	0.0	0.0	1.0	-1.0	-1.0	-1.0	-1.0	-1.0	-1.0	-1.0	-1.0	-1.0	-1.0	-1.0	-1.0
gnl|Prokka|GCF_044361425.1_1|1140324|T	0.0	1.0	0.7	-1.0	-1.0	-1.0	-1.0	1.0	1.0	0.0	-1.0	-1.0	0.0	-1.0	-1.0	0.0	-1.0	-1.0	0.4	1.0	0.0	1.0	1.0	-1.0	-1.0	0.0	1.0	-1.0	0.308	-1.0	0.517	0.125	0.8	0.0	0.955	0.984	1.0	1.0	0.615	0.9	0.6	1.0	0.0	-1.0	0.0	-1.0	-1.0	0.0	1.0	-1.0	-1.0	0.375	0.059	1.0	0.0	1.0	1.0	1.0	0.0	1.0	0.0	0.0	0.0	0.0	-1.0	0.111	0.0	0.047	1.0	0.0	0.0	1.0	0.0	0.0	1.0	1.0	1.0	0.8	-1.0	0.0	1.0	1.0	0.0	1.0	0.0	1.0	1.0	0.619	0.0	0.0	0.0	1.0	-1.0	0.0	1.0	1.0	0.151	-1.0	0.0	0.6	0.028	-1.0	1.0	-1.0	1.0	0.167	1.0	0.0	0.667	0.0	-1.0	0.167	1.0	0.143	-1.0	-1.0	-1.0	-1.0	0.07	-1.0	0.0	1.0	0.0	0.326	-1.0	1.0	1.0	0.0	-1.0	0.265	-1.0	-1.0	-1.0	1.0	0.0	0.0	0.0	1.0	0.357	1.0	1.0	0.0	0.0	0.0	0.0	1.0	-1.0	1.0	1.0	0.0	0.0	0.0	0.0	0.348	1.0	0.0	0.0	0.278	1.0	0.0	0.286	-1.0	0.0	0.667	0.0	1.0	-1.0	0.0	0.309	1.0	0.0	0.0	1.0	0.0	0.0	0.0	0.0	0.0	1.0	0.0	1.0	-1.0	-1.0	-1.0	-1.0	-1.0	-1.0	-1.0	-1.0	-1.0	-1.0	-1.0	-1.0
gnl|Prokka|GCF_044361425.1_1|1140402|G	0.0	1.0	0.4	-1.0	-1.0	-1.0	-1.0	1.0	1.0	0.0	-1.0	-1.0	0.0	-1.0	-1.0	0.0	1.0	-1.0	0.474	1.0	-1.0	1.0	-1.0	-1.0	-1.0	0.0	1.0	-1.0	0.0	-1.0	0.441	0.098	1.0	0.0	0.932	0.961	1.0	1.0	0.552	0.925	-1.0	1.0	0.0	-1.0	0.0	0.0	-1.0	0.0	1.0	-1.0	-1.0	0.459	0.089	1.0	0.0	1.0	1.0	1.0	0.0	1.0	0.0	0.0	0.0	0.0	-1.0	0.0	0.0	0.055	1.0	0.0	0.0	0.0	0.0	0.0	1.0	1.0	1.0	0.789	-1.0	0.0	1.0	0.0	0.0	1.0	0.0	1.0	1.0	0.552	0.0	0.0	0.0	1.0	-1.0	0.0	1.0	1.0	0.133	-1.0	0.0	0.667	0.0	-1.0	1.0	-1.0	1.0	0.125	1.0	0.0	0.678	0.0	-1.0	0.143	1.0	0.222	-1.0	-1.0	-1.0	-1.0	0.092	-1.0	0.0	1.0	0.0	0.343	-1.0	-1.0	1.0	0.0	-1.0	0.3	0.571	-1.0	-1.0	1.0	0.0	0.0	0.0	1.0	0.312	1.0	1.0	0.0	0.0	0.0	0.0	1.0	-1.0	0.0	1.0	0.0	0.0	0.0	0.0	0.415	1.0	0.0	0.0	0.091	1.0	0.0	0.188	-1.0	0.0	0.619	0.0	1.0	-1.0	0.0	0.287	1.0	0.0	0.0	1.0	0.0	0.045	0.0	0.0	0.0	-1.0	0.0	-1.0	-1.0	-1.0	-1.0	-1.0	-1.0	-1.0	-1.0	-1.0	-1.0	-1.0	-1.0	-1.0
gnl|Prokka|GCF_044361425.1_1|1161757|T	1.0	1.0	0.0	-1.0	-1.0	-1.0	-1.0	0.0	0.0	0.0	-1.0	-1.0	0.0	-1.0	-1.0	0.0	-1.0	0.0	0.636	0.0	0.0	0.0	-1.0	-1.0	-1.0	1.0	0.0	-1.0	0.0	-1.0	0.546	0.0	1.0	0.0	0.083	1.0	0.0	1.0	1.0	1.0	0.075	0.0	1.0	-1.0	0.0	-1.0	-1.0	0.0	0.0	-1.0	-1.0	0.152	0.0	0.0	0.948	0.0	1.0	1.0	0.0	0.0	0.0	-1.0	0.0	0.0	-1.0	0.2	0.0	0.933	1.0	0.286	1.0	-1.0	0.89	0.0	0.0	0.0	0.0	0.0	-1.0	1.0	0.0	0.0	0.0	-1.0	0.105	1.0	0.0	0.0	1.0	1.0	0.0	1.0	-1.0	1.0	0.907	0.0	0.737	-1.0	1.0	1.0	0.959	-1.0	0.0	-1.0	1.0	0.0	0.0	1.0	0.23	0.0	-1.0	0.0	0.073	0.2	-1.0	-1.0	-1.0	0.4	0.898	0.0	1.0	1.0	0.0	0.588	0.0	0.0	0.0	0.0	-1.0	0.0	-1.0	-1.0	-1.0	0.0	0.0	0.0	0.0	0.0	1.0	0.0	1.0	1.0	1.0	-1.0	1.0	0.0	-1.0	1.0	0.0	0.0	0.0	0.0	0.0	0.493	0.0	0.0	1.0	0.333	0.0	0.0	0.0	-1.0	0.7	1.0	0.0	0.0	-1.0	0.0	0.69	0.0	0.0	1.0	0.963	1.0	0.228	1.0	1.0	1.0	0.0	0.206	0.0	-1.0	-1.0	-1.0	-1.0	-1.0	-1.0	-1.0	-1.0	-1.0	-1.0	-1.0	-1.0
gnl|Prokka|GCF_044361425.1_1|1163135|A	0.0	1.0	0.0	-1.0	0.0	-1.0	-1.0	0.0	0.0	0.0	-1.0	-1.0	0.0	-1.0	-1.0	0.0	0.0	0.0	0.0	0.0	-1.0	0.0	-1.0	-1.0	-1.0	0.0	1.0	-1.0	0.0	-1.0	0.811	1.0	1.0	1.0	0.077	1.0	1.0	0.0	0.619	1.0	0.125	1.0	0.0	-1.0	0.0	-1.0	-1.0	0.0	1.0	-1.0	-1.0	0.324	0.0	0.0	0.0	-1.0	1.0	0.0	0.0	0.0	0.0	-1.0	0.0	0.0	-1.0	0.0	0.0	0.935	1.0	0.333	0.0	-1.0	0.149	-1.0	1.0	0.0	0.0	0.0	-1.0	1.0	0.0	0.0	1.0	1.0	0.0	1.0	0.0	0.0	0.0	0.0	0.0	1.0	-1.0	1.0	0.914	1.0	0.09	-1.0	1.0	0.59	0.0	-1.0	0.0	-1.0	1.0	0.0	1.0	0.0	0.301	1.0	-1.0	0.0	0.0	0.109	-1.0	-1.0	-1.0	0.0	1.0	0.0	0.362	0.718	0.0	0.0	0.0	0.0	0.0	0.0	-1.0	0.0	0.0	-1.0	1.0	0.0	1.0	0.0	1.0	0.0	0.0	0.0	1.0	0.0	1.0	0.0	1.0	0.0	-1.0	1.0	0.0	0.0	0.0	0.517	0.0	0.95	0.0	0.0	1.0	0.381	0.0	0.0	0.0	-1.0	0.0	0.636	0.0	0.0	-1.0	0.0	1.0	1.0	0.0	0.0	0.959	1.0	0.0	1.0	1.0	1.0	0.0	0.0	0.0	-1.0	-1.0	-1.0	-1.0	-1.0	-1.0	-1.0	-1.0	-1.0	-1.0	-1.0	-1.0
gnl|Prokka|GCF_044361425.1_1|1202432|A	1.0	0.0	-1.0	-1.0	-1.0	-1.0	-1.0	1.0	0.0	0.0	-1.0	-1.0	0.0	-1.0	-1.0	-1.0	1.0	-1.0	1.0	-1.0	-1.0	0.905	0.188	-1.0	-1.0	0.667	0.0	-1.0	0.333	-1.0	0.566	0.0	0.0	1.0	0.0	1.0	1.0	0.0	1.0	0.0	0.0	1.0	1.0	-1.0	1.0	1.0	-1.0	0.0	1.0	-1.0	-1.0	0.182	0.911	0.0	1.0	1.0	1.0	1.0	0.0	1.0	1.0	-1.0	0.0	1.0	-1.0	0.0	1.0	0.934	0.0	1.0	1.0	-1.0	0.859	0.0	0.0	0.0	-1.0	0.234	-1.0	0.0	0.0	1.0	0.0	-1.0	0.191	0.0	0.0	0.3	1.0	1.0	1.0	1.0	-1.0	0.103	1.0	1.0	0.424	-1.0	1.0	0.219	1.0	-1.0	0.0	-1.0	1.0	0.0	1.0	1.0	0.0	0.0	-1.0	0.0	0.0	0.567	-1.0	-1.0	-1.0	0.0	0.0	0.0	0.769	0.222	1.0	0.69	0.0	0.0	0.0	0.0	-1.0	0.0	-1.0	-1.0	-1.0	0.0	0.0	0.0	1.0	0.0	1.0	0.19	1.0	1.0	0.0	0.692	0.0	0.0	-1.0	1.0	0.0	0.0	0.0	0.391	0.0	0.528	0.0	0.0	1.0	0.28	0.0	1.0	0.921	-1.0	1.0	0.25	-1.0	0.0	-1.0	1.0	0.351	1.0	0.0	1.0	0.0	0.0	0.31	0.0	0.0	0.0	0.0	0.722	-1.0	-1.0	-1.0	-1.0	-1.0	-1.0	-1.0	-1.0	-1.0	-1.0	-1.0	-1.0	-1.0
gnl|Prokka|GCF_044361425.1_1|1214535|A	1.0	0.0	1.0	-1.0	-1.0	-1.0	-1.0	1.0	0.0	0.0	-1.0	-1.0	0.0	-1.0	-1.0	-1.0	-1.0	-1.0	0.0	0.0	-1.0	0.0	-1.0	-1.0	-1.0	1.0	0.0	-1.0	0.0	-1.0	0.0	0.84	0.0	1.0	0.117	0.0	0.0	0.0	1.0	0.0	0.079	0.0	0.0	-1.0	0.0	-1.0	-1.0	0.0	0.0	-1.0	-1.0	1.0	0.0	0.0	0.919	0.0	1.0	0.0	0.0	0.0	0.0	-1.0	0.0	0.0	-1.0	0.0	1.0	0.0	1.0	-1.0	1.0	0.0	0.857	0.0	0.688	1.0	0.0	1.0	-1.0	0.0	0.0	0.0	1.0	1.0	0.116	0.0	0.0	0.0	1.0	0.0	0.0	1.0	-1.0	0.0	1.0	0.0	0.833	-1.0	1.0	0.306	1.0	-1.0	1.0	-1.0	1.0	0.0	0.0	1.0	0.0	0.0	-1.0	0.0	0.0	0.929	-1.0	-1.0	-1.0	0.833	0.0	0.0	0.954	0.2	1.0	0.694	0.0	0.0	1.0	0.0	-1.0	0.826	-1.0	-1.0	0.0	0.0	1.0	0.0	1.0	0.0	1.0	1.0	1.0	1.0	0.0	0.0	0.0	1.0	-1.0	1.0	0.0	0.0	0.0	1.0	0.0	1.0	0.0	0.0	0.0	0.25	0.0	0.0	0.0	-1.0	0.0	0.312	0.0	0.0	-1.0	0.0	0.765	0.0	0.0	1.0	0.67	0.0	1.0	1.0	0.0	0.0	0.0	0.19	0.548	-1.0	-1.0	-1.0	-1.0	-1.0	-1.0	-1.0	-1.0	-1.0	-1.0	-1.0	-1.0
gnl|Prokka|GCF_044361425.1_1|1218563|A	1.0	0.0	0.0	-1.0	-1.0	-1.0	-1.0	1.0	0.0	0.0	-1.0	-1.0	1.0	-1.0	-1.0	0.0	0.0	-1.0	0.188	0.0	1.0	1.0	-1.0	-1.0	-1.0	-1.0	0.0	-1.0	-1.0	-1.0	0.465	0.82	0.0	0.0	1.0	0.021	0.0	1.0	0.45	0.0	1.0	0.0	0.0	-1.0	0.0	-1.0	-1.0	0.0	0.0	-1.0	-1.0	0.762	0.0	1.0	1.0	1.0	0.0	1.0	1.0	1.0	0.0	0.0	0.0	0.0	-1.0	0.8	1.0	0.947	0.0	1.0	1.0	1.0	1.0	1.0	0.0	1.0	-1.0	1.0	-1.0	0.0	0.571	0.0	1.0	0.0	0.145	0.0	0.0	0.0	0.938	0.0	0.0	0.0	-1.0	0.061	0.0	0.0	1.0	-1.0	1.0	1.0	1.0	-1.0	1.0	-1.0	0.0	0.0	0.0	1.0	0.323	1.0	-1.0	0.0	1.0	1.0	-1.0	-1.0	-1.0	-1.0	0.0	-1.0	1.0	0.304	1.0	0.646	1.0	1.0	1.0	1.0	-1.0	0.0	-1.0	-1.0	-1.0	0.0	1.0	0.0	0.0	0.0	1.0	1.0	0.0	1.0	0.0	1.0	0.0	1.0	-1.0	1.0	0.0	0.0	1.0	0.562	-1.0	0.543	-1.0	0.0	1.0	1.0	0.0	0.0	1.0	-1.0	0.0	0.526	1.0	1.0	-1.0	0.0	0.747	0.0	0.0	1.0	0.516	0.0	0.934	0.0	0.0	0.0	1.0	1.0	0.0	-1.0	-1.0	-1.0	-1.0	-1.0	-1.0	-1.0	-1.0	-1.0	-1.0	-1.0	-1.0
gnl|Prokka|GCF_044361425.1_1|1229831|T	0.0	1.0	0.375	-1.0	-1.0	-1.0	-1.0	1.0	0.0	1.0	-1.0	-1.0	0.0	-1.0	-1.0	1.0	0.273	0.0	0.0	0.0	-1.0	0.0	0.0	-1.0	-1.0	0.0	0.0	-1.0	0.333	-1.0	0.487	1.0	1.0	0.0	0.0	0.0	0.0	0.0	0.765	1.0	0.045	0.0	0.0	-1.0	1.0	-1.0	-1.0	1.0	0.0	-1.0	-1.0	0.346	1.0	0.0	0.087	1.0	1.0	0.0	0.0	1.0	1.0	0.0	0.0	0.0	-1.0	0.0	0.0	0.0	1.0	-1.0	0.0	0.0	0.0	0.0	1.0	0.0	-1.0	0.8	-1.0	1.0	0.0	0.0	1.0	-1.0	0.0	1.0	1.0	0.0	0.0	0.0	0.0	1.0	-1.0	1.0	1.0	0.0	0.046	-1.0	0.0	0.706	0.022	-1.0	1.0	-1.0	1.0	0.6	0.0	0.0	0.203	0.0	-1.0	1.0	1.0	0.097	-1.0	-1.0	-1.0	0.0	0.889	0.0	0.274	0.912	0.0	0.029	0.0	0.0	1.0	0.0	-1.0	0.0	0.0	-1.0	0.0	1.0	1.0	0.0	0.0	0.0	0.364	0.0	1.0	0.0	1.0	0.0	1.0	1.0	-1.0	0.0	0.0	1.0	0.0	0.304	0.375	1.0	0.0	0.2	0.0	0.167	0.0	0.0	0.0	-1.0	-1.0	0.762	0.0	0.0	-1.0	1.0	0.641	0.0	1.0	1.0	1.0	1.0	0.0	1.0	1.0	1.0	0.0	0.0	0.0	-1.0	-1.0	-1.0	-1.0	-1.0	-1.0	-1.0	-1.0	-1.0	-1.0	-1.0	-1.0
gnl|Prokka|GCF_044361425.1_1|1229852|A	0.0	1.0	0.381	-1.0	-1.0	-1.0	-1.0	1.0	0.0	1.0	-1.0	-1.0	0.0	-1.0	-1.0	1.0	0.0	0.0	0.0	0.0	-1.0	0.0	0.0	-1.0	-1.0	0.0	0.0	-1.0	0.333	-1.0	0.463	0.943	1.0	0.0	0.0	0.0	0.0	0.0	0.722	1.0	0.103	0.0	0.0	-1.0	1.0	-1.0	-1.0	1.0	0.0	-1.0	-1.0	0.29	1.0	0.0	0.091	1.0	1.0	0.0	0.0	1.0	1.0	0.0	0.0	0.0	-1.0	0.0	0.0	0.0	1.0	-1.0	0.0	0.0	0.0	0.0	1.0	0.0	-1.0	0.829	-1.0	1.0	0.0	0.0	1.0	-1.0	0.0	1.0	1.0	0.0	0.0	0.0	0.0	1.0	-1.0	1.0	1.0	0.0	0.054	-1.0	0.0	0.676	0.028	-1.0	1.0	-1.0	1.0	0.556	0.0	0.0	0.287	0.0	-1.0	1.0	1.0	0.107	-1.0	-1.0	-1.0	0.0	0.91	0.0	0.286	0.897	0.0	0.028	0.0	0.0	1.0	0.0	-1.0	0.0	-1.0	-1.0	0.0	1.0	1.0	0.0	0.0	0.0	0.417	0.0	1.0	0.0	1.0	0.0	1.0	1.0	-1.0	0.0	0.0	1.0	0.0	0.192	-1.0	1.0	0.0	0.32	0.0	0.296	0.0	0.0	0.0	-1.0	-1.0	0.762	0.0	0.0	-1.0	1.0	0.642	0.0	1.0	1.0	1.0	1.0	0.0	1.0	1.0	1.0	0.0	0.0	0.957	-1.0	-1.0	-1.0	-1.0	-1.0	-1.0	-1.0	-1.0	-1.0	-1.0	-1.0	-1.0
gnl|Prokka|GCF_044361425.1_1|1237246|A	0.231	0.088	0.7	-1.0	1.0	-1.0	-1.0	1.0	1.0	-1.0	-1.0	-1.0	0.0	-1.0	-1.0	1.0	-1.0	-1.0	0.0	1.0	-1.0	1.0	0.0	-1.0	-1.0	-1.0	0.0	-1.0	0.812	-1.0	0.274	0.0	0.0	0.0	1.0	1.0	0.0	1.0	0.0	0.0	0.868	0.0	1.0	-1.0	0.0	-1.0	-1.0	-1.0	0.0	-1.0	-1.0	0.556	0.0	1.0	0.0	0.0	0.0	1.0	0.0	1.0	0.0	-1.0	1.0	0.0	-1.0	0.0	1.0	0.057	1.0	1.0	0.0	0.0	0.246	0.0	1.0	1.0	-1.0	1.0	-1.0	0.0	-1.0	0.0	0.0	1.0	0.0	0.0	0.0	0.0	0.0	1.0	0.0	0.0	-1.0	0.0	0.0	0.0	0.0	-1.0	0.0	0.0	0.0	-1.0	1.0	-1.0	0.0	-1.0	0.0	0.0	0.617	0.0	-1.0	0.3	0.0	0.903	-1.0	-1.0	-1.0	0.0	0.0	1.0	0.0	0.0	1.0	0.371	0.0	1.0	0.103	0.0	-1.0	1.0	1.0	-1.0	0.0	1.0	0.0	0.0	0.0	1.0	-1.0	0.0	0.0	0.0	0.0	1.0	0.0	1.0	-1.0	0.0	1.0	1.0	0.0	0.294	1.0	0.0	1.0	0.143	0.0	0.194	0.0	0.0	0.0	-1.0	0.0	0.0	1.0	1.0	-1.0	0.0	0.0	0.0	1.0	0.0	0.0	0.0	0.672	1.0	0.0	0.0	1.0	0.0	0.4	-1.0	-1.0	-1.0	-1.0	-1.0	-1.0	-1.0	-1.0	-1.0	-1.0	-1.0	-1.0
gnl|Prokka|GCF_044361425.1_1|1258153|C	0.643	1.0	0.0	-1.0	-1.0	-1.0	-1.0	-1.0	0.0	1.0	-1.0	-1.0	0.0	-1.0	-1.0	1.0	-1.0	0.0	0.842	0.364	0.0	0.037	0.429	-1.0	-1.0	0.0	1.0	-1.0	0.0	-1.0	0.857	0.148	-1.0	0.0	0.0	0.0	1.0	1.0	0.7	1.0	0.0	1.0	0.097	-1.0	1.0	0.0	-1.0	1.0	1.0	-1.0	-1.0	0.303	1.0	1.0	1.0	0.533	1.0	0.0	0.035	1.0	1.0	0.0	0.0	0.0	-1.0	0.241	0.0	0.0	1.0	1.0	0.0	0.0	0.156	0.0	1.0	1.0	0.0	-1.0	-1.0	1.0	0.0	0.0	-1.0	1.0	0.879	0.0	-1.0	0.353	0.075	0.0	1.0	1.0	-1.0	0.923	1.0	1.0	1.0	-1.0	0.0	0.0	0.0	-1.0	0.0	-1.0	1.0	1.0	-1.0	1.0	0.238	0.0	-1.0	1.0	1.0	0.0	-1.0	-1.0	-1.0	-1.0	1.0	0.0	0.815	0.0	0.242	0.619	0.0	0.0	0.833	1.0	-1.0	0.0	0.0	-1.0	-1.0	0.0	0.0	1.0	0.0	0.0	0.417	0.0	1.0	0.0	1.0	0.0	0.0	0.0	-1.0	0.0	0.0	1.0	0.0	0.0	1.0	1.0	1.0	1.0	0.0	0.254	1.0	0.053	0.152	-1.0	0.0	0.706	1.0	0.0	-1.0	1.0	1.0	1.0	1.0	0.302	1.0	1.0	0.213	1.0	1.0	1.0	0.0	0.312	0.0	-1.0	-1.0	-1.0	-1.0	-1.0	-1.0	-1.0	-1.0	-1.0	-1.0	-1.0	-1.0
gnl|Prokka|GCF_044361425.1_1|1300001|A	1.0	0.0	0.4	-1.0	-1.0	-1.0	-1.0	1.0	0.0	0.0	-1.0	-1.0	0.0	-1.0	-1.0	0.0	-1.0	1.0	0.8	1.0	-1.0	0.0	-1.0	-1.0	-1.0	1.0	0.0	-1.0	0.625	-1.0	0.589	0.0	-1.0	0.0	1.0	1.0	0.0	1.0	0.533	1.0	0.143	0.0	0.0	-1.0	0.0	-1.0	-1.0	0.0	0.0	-1.0	-1.0	0.733	0.073	1.0	1.0	-1.0	0.0	0.0	0.0	-1.0	0.0	0.0	0.0	0.0	-1.0	-1.0	1.0	0.029	1.0	1.0	1.0	0.0	1.0	0.0	0.0	1.0	-1.0	1.0	-1.0	0.0	0.0	-1.0	0.0	1.0	1.0	1.0	0.0	0.0	1.0	0.0	0.0	0.0	-1.0	0.0	0.0	0.0	0.881	-1.0	0.0	1.0	1.0	-1.0	1.0	-1.0	0.0	1.0	0.0	1.0	1.0	0.0	-1.0	1.0	0.0	1.0	-1.0	-1.0	-1.0	-1.0	0.0	1.0	1.0	1.0	1.0	0.67	1.0	0.0	1.0	1.0	-1.0	0.69	0.0	-1.0	0.0	0.0	0.0	1.0	0.0	0.0	0.375	0.0	0.0	1.0	0.0	1.0	0.0	1.0	-1.0	-1.0	1.0	0.0	0.0	0.588	0.0	0.0	1.0	0.919	0.0	0.394	0.0	0.0	0.0	-1.0	0.0	1.0	1.0	0.0	-1.0	0.0	0.625	0.0	0.0	1.0	1.0	0.0	1.0	1.0	0.0	0.0	0.0	0.276	1.0	-1.0	-1.0	-1.0	-1.0	-1.0	-1.0	-1.0	-1.0	-1.0	-1.0	-1.0	-1.0
gnl|Prokka|GCF_044361425.1_1|1304184|T	1.0	0.0	-1.0	-1.0	1.0	-1.0	-1.0	0.0	-1.0	1.0	-1.0	-1.0	0.0	-1.0	-1.0	1.0	-1.0	0.0	1.0	0.0	1.0	0.939	1.0	-1.0	-1.0	1.0	0.0	-1.0	0.467	-1.0	0.0	0.0	1.0	0.0	0.102	1.0	0.0	1.0	0.211	1.0	1.0	0.0	0.0	-1.0	0.0	-1.0	-1.0	0.0	0.0	-1.0	-1.0	0.679	0.085	1.0	1.0	1.0	0.0	0.0	0.0	1.0	0.0	-1.0	0.0	0.0	-1.0	1.0	1.0	0.0	0.0	1.0	1.0	-1.0	1.0	0.0	1.0	1.0	-1.0	1.0	-1.0	1.0	0.0	1.0	0.0	0.0	0.153	1.0	0.0	0.0	1.0	0.0	0.0	0.0	-1.0	1.0	0.0	0.0	0.915	-1.0	0.0	0.291	0.962	-1.0	1.0	-1.0	0.0	1.0	0.0	1.0	0.308	1.0	-1.0	1.0	1.0	1.0	-1.0	-1.0	-1.0	1.0	0.917	0.0	0.809	1.0	1.0	0.64	0.0	0.0	0.136	0.0	-1.0	0.0	-1.0	-1.0	0.0	1.0	0.0	0.022	0.0	0.0	1.0	1.0	0.0	1.0	0.789	0.214	0.0	0.0	-1.0	1.0	0.034	1.0	0.0	0.444	1.0	0.0	1.0	1.0	0.0	0.0	0.0	0.0	0.0	-1.0	0.0	1.0	0.0	1.0	-1.0	0.0	0.0	0.0	1.0	1.0	0.036	1.0	1.0	1.0	1.0	1.0	0.0	0.122	-1.0	-1.0	-1.0	-1.0	-1.0	-1.0	-1.0	-1.0	-1.0	-1.0	-1.0	-1.0	-1.0
gnl|Prokka|GCF_044361425.1_1|1344104|A	1.0	0.0	0.455	-1.0	-1.0	-1.0	-1.0	1.0	0.0	1.0	-1.0	-1.0	1.0	-1.0	-1.0	1.0	0.0	-1.0	0.727	1.0	-1.0	1.0	1.0	-1.0	-1.0	0.438	1.0	-1.0	0.467	-1.0	0.86	0.12	-1.0	0.0	0.922	0.0	1.0	1.0	0.0	0.0	0.075	1.0	0.0	-1.0	0.0	-1.0	-1.0	0.0	1.0	-1.0	-1.0	0.0	0.0	0.0	1.0	-1.0	0.0	1.0	1.0	0.0	0.0	-1.0	0.0	0.0	-1.0	0.0	1.0	0.102	0.0	0.0	0.0	-1.0	0.0	1.0	0.0	0.0	1.0	1.0	-1.0	0.0	0.548	1.0	0.0	0.0	0.091	1.0	0.0	0.0	0.0	0.0	0.0	0.0	-1.0	0.0	0.0	1.0	0.442	-1.0	1.0	0.0	0.0	-1.0	1.0	-1.0	0.0	0.0	1.0	1.0	1.0	0.0	-1.0	0.0	1.0	0.395	-1.0	-1.0	-1.0	0.0	0.067	1.0	0.689	0.821	1.0	0.653	0.0	1.0	1.0	0.0	-1.0	0.0	-1.0	-1.0	1.0	1.0	0.0	0.0	0.0	0.0	1.0	1.0	0.0	0.0	0.0	0.0	0.0	0.0	-1.0	-1.0	0.929	1.0	0.0	0.44	0.722	0.0	0.0	1.0	0.0	0.39	0.0	0.0	0.0	-1.0	0.0	0.0	0.0	1.0	-1.0	0.0	1.0	1.0	1.0	0.0	0.603	0.0	0.938	0.0	0.0	0.0	1.0	0.0	-1.0	-1.0	-1.0	-1.0	-1.0	-1.0	-1.0	-1.0	-1.0	-1.0	-1.0	-1.0	-1.0
gnl|Prokka|GCF_044361425.1_1|1344107|A	1.0	0.0	0.455	-1.0	-1.0	-1.0	-1.0	1.0	1.0	1.0	-1.0	-1.0	1.0	-1.0	-1.0	1.0	0.0	-1.0	0.727	1.0	-1.0	1.0	1.0	-1.0	-1.0	0.429	1.0	-1.0	0.438	-1.0	0.851	0.122	-1.0	0.0	0.923	0.0	1.0	1.0	0.16	0.0	0.081	1.0	0.0	-1.0	1.0	-1.0	-1.0	1.0	1.0	-1.0	-1.0	0.793	0.927	0.0	1.0	-1.0	0.0	1.0	1.0	1.0	1.0	-1.0	1.0	0.0	-1.0	0.0	1.0	1.0	0.0	0.7	0.0	-1.0	0.236	1.0	0.0	0.0	1.0	1.0	-1.0	0.0	1.0	1.0	0.0	0.0	0.089	1.0	0.0	0.0	0.0	0.0	0.0	0.0	-1.0	0.0	0.0	1.0	0.468	-1.0	1.0	0.0	0.0	-1.0	1.0	-1.0	0.0	1.0	1.0	1.0	1.0	0.0	-1.0	0.0	1.0	0.409	-1.0	-1.0	-1.0	0.0	0.079	1.0	0.689	0.821	1.0	0.964	0.0	1.0	1.0	0.0	-1.0	0.2	-1.0	-1.0	1.0	1.0	0.0	0.0	0.0	1.0	1.0	0.812	0.0	0.0	0.0	0.0	0.0	0.0	-1.0	0.0	0.929	1.0	0.0	0.423	0.667	0.0	0.44	1.0	1.0	0.41	0.0	0.0	0.176	-1.0	0.0	0.0	0.0	1.0	-1.0	1.0	1.0	1.0	1.0	0.0	0.581	0.0	0.938	0.0	0.0	0.0	1.0	0.0	-1.0	-1.0	-1.0	-1.0	-1.0	-1.0	-1.0	-1.0	-1.0	-1.0	-1.0	-1.0	-1.0
gnl|Prokka|GCF_044361425.1_1|1344110|A	1.0	0.0	-1.0	-1.0	-1.0	-1.0	-1.0	1.0	1.0	1.0	-1.0	-1.0	1.0	-1.0	-1.0	1.0	-1.0	-1.0	0.727	1.0	-1.0	1.0	1.0	-1.0	-1.0	0.562	1.0	-1.0	0.438	-1.0	0.849	0.118	-1.0	0.0	0.923	0.0	1.0	1.0	0.12	0.0	0.081	1.0	0.0	-1.0	1.0	-1.0	-1.0	1.0	1.0	-1.0	-1.0	0.806	0.927	0.0	1.0	-1.0	0.0	1.0	1.0	1.0	1.0	-1.0	1.0	0.0	-1.0	0.0	1.0	1.0	0.0	0.7	0.0	-1.0	0.241	1.0	0.0	0.0	1.0	1.0	-1.0	0.0	1.0	1.0	0.0	0.0	0.091	1.0	0.0	0.0	0.0	0.0	0.0	0.0	-1.0	0.0	0.0	1.0	0.439	-1.0	1.0	0.0	0.0	-1.0	1.0	-1.0	0.0	1.0	1.0	1.0	1.0	0.0	-1.0	0.0	1.0	0.429	-1.0	-1.0	-1.0	0.0	0.083	1.0	0.689	0.815	1.0	0.964	0.0	1.0	1.0	0.0	-1.0	0.188	-1.0	-1.0	1.0	1.0	0.0	0.0	0.0	1.0	1.0	0.812	0.0	0.0	0.0	0.0	0.0	0.0	-1.0	0.0	0.929	1.0	0.0	0.435	0.722	0.0	-1.0	1.0	1.0	0.403	0.0	0.0	0.167	-1.0	0.0	0.0	0.0	1.0	-1.0	1.0	1.0	1.0	1.0	0.0	0.603	0.0	0.938	0.0	0.0	0.0	1.0	0.0	-1.0	-1.0	-1.0	-1.0	-1.0	-1.0	-1.0	-1.0	-1.0	-1.0	-1.0	-1.0	-1.0
gnl|Prokka|GCF_044361425.1_1|1344119|G	1.0	0.0	-1.0	-1.0	-1.0	-1.0	-1.0	1.0	0.0	1.0	-1.0	-1.0	1.0	-1.0	-1.0	1.0	-1.0	-1.0	0.727	1.0	-1.0	1.0	1.0	-1.0	-1.0	-1.0	1.0	-1.0	0.412	-1.0	0.841	0.137	-1.0	0.0	0.929	0.0	1.0	1.0	0.0	0.0	1.0	1.0	0.0	-1.0	0.0	-1.0	-1.0	0.0	1.0	-1.0	-1.0	0.0	0.0	0.0	1.0	-1.0	0.0	1.0	1.0	0.0	0.0	-1.0	0.0	0.0	-1.0	0.0	1.0	0.087	0.0	0.0	0.0	-1.0	0.0	1.0	0.0	0.0	1.0	1.0	-1.0	0.0	0.53	1.0	0.0	0.0	0.1	1.0	0.0	0.0	0.0	0.0	0.0	0.0	-1.0	0.0	0.0	1.0	0.422	-1.0	1.0	0.0	0.0	-1.0	1.0	-1.0	0.0	0.0	1.0	1.0	1.0	0.0	-1.0	0.0	1.0	0.436	-1.0	-1.0	-1.0	0.0	0.095	1.0	0.677	0.75	1.0	0.629	0.0	1.0	1.0	0.0	-1.0	0.0	-1.0	-1.0	1.0	1.0	0.0	0.0	0.0	0.0	1.0	0.765	0.0	0.0	0.0	0.0	0.0	0.0	-1.0	-1.0	0.924	1.0	0.0	0.417	0.722	0.0	0.0	1.0	0.0	0.364	0.0	0.0	0.0	-1.0	0.0	0.0	0.0	1.0	-1.0	0.0	1.0	1.0	1.0	0.0	0.563	0.0	1.0	0.0	0.0	0.0	1.0	0.0	-1.0	-1.0	-1.0	-1.0	-1.0	-1.0	-1.0	-1.0	-1.0	-1.0	-1.0	-1.0	-1.0
gnl|Prokka|GCF_044361425.1_1|1350536|A	1.0	1.0	-1.0	-1.0	-1.0	-1.0	-1.0	1.0	0.0	0.0	-1.0	-1.0	0.943	-1.0	-1.0	0.0	-1.0	0.0	1.0	0.0	-1.0	0.0	-1.0	-1.0	-1.0	0.0	0.0	-1.0	0.0	-1.0	0.435	0.0	-1.0	0.0	0.0	1.0	0.0	1.0	0.579	1.0	0.163	0.0	1.0	-1.0	0.0	-1.0	-1.0	0.0	0.0	-1.0	-1.0	0.0	0.111	1.0	1.0	-1.0	1.0	1.0	0.0	0.0	0.0	-1.0	0.0	0.0	-1.0	0.471	0.0	0.0	1.0	0.667	0.0	1.0	0.191	1.0	1.0	0.0	0.0	0.727	-1.0	1.0	0.0	0.0	0.0	1.0	0.88	1.0	1.0	0.0	0.0	1.0	1.0	0.0	-1.0	1.0	1.0	0.0	0.89	-1.0	1.0	0.0	0.03	-1.0	1.0	-1.0	1.0	0.0	0.0	1.0	0.464	0.0	-1.0	0.733	1.0	0.0	-1.0	-1.0	-1.0	1.0	0.918	0.0	0.8	0.731	0.0	0.779	1.0	1.0	1.0	1.0	-1.0	0.0	-1.0	-1.0	-1.0	0.0	0.0	1.0	0.0	0.0	0.545	0.0	0.0	0.0	0.824	-1.0	0.0	1.0	-1.0	1.0	0.0	0.0	0.0	0.15	0.0	0.424	0.19	0.805	0.0	0.25	0.0	0.0	0.0	-1.0	0.375	-1.0	1.0	0.0	-1.0	0.0	0.781	0.0	0.0	1.0	0.659	1.0	0.293	1.0	1.0	1.0	1.0	0.262	1.0	-1.0	-1.0	-1.0	-1.0	-1.0	-1.0	-1.0	-1.0	-1.0	-1.0	-1.0	-1.0
gnl|Prokka|GCF_044361425.1_1|1354586|G	1.0	1.0	-1.0	-1.0	0.0	-1.0	-1.0	0.0	-1.0	-1.0	-1.0	-1.0	0.0	-1.0	-1.0	0.0	0.0	0.0	0.706	0.0	0.0	0.0	0.375	-1.0	-1.0	-1.0	0.0	-1.0	0.0	-1.0	0.374	0.0	0.0	-1.0	0.0	0.032	0.0	1.0	1.0	0.932	0.0	0.0	1.0	-1.0	0.0	-1.0	-1.0	1.0	0.0	-1.0	-1.0	0.0	0.0	1.0	1.0	1.0	1.0	0.0	0.0	1.0	0.0	0.0	1.0	1.0	-1.0	0.0	0.0	0.937	1.0	0.625	1.0	1.0	1.0	0.0	1.0	1.0	-1.0	0.0	-1.0	1.0	0.345	0.0	0.0	1.0	0.176	0.0	0.0	0.48	1.0	1.0	1.0	0.0	-1.0	1.0	0.921	0.0	0.351	-1.0	0.0	0.32	0.982	-1.0	0.0	-1.0	1.0	1.0	0.0	1.0	0.344	0.0	-1.0	1.0	1.0	0.0	-1.0	-1.0	-1.0	0.086	0.933	0.0	1.0	0.205	0.0	1.0	0.0	0.0	0.0	0.0	-1.0	0.0	-1.0	-1.0	0.0	0.0	0.0	0.0	0.882	1.0	0.526	0.0	0.0	1.0	1.0	0.0	0.0	0.0	-1.0	0.0	0.0	0.0	0.0	0.545	-1.0	0.412	-1.0	0.462	1.0	0.0	0.0	0.983	0.0	-1.0	1.0	1.0	0.0	0.0	-1.0	0.0	0.689	0.0	0.0	0.0	0.679	1.0	0.234	1.0	1.0	1.0	0.0	0.0	0.0	-1.0	-1.0	-1.0	-1.0	-1.0	-1.0	-1.0	-1.0	-1.0	-1.0	-1.0	-1.0
gnl|Prokka|GCF_044361425.1_1|1391267|T	0.0	1.0	0.556	-1.0	-1.0	-1.0	-1.0	1.0	0.0	1.0	-1.0	-1.0	0.0	-1.0	-1.0	1.0	-1.0	1.0	0.409	1.0	0.0	1.0	-1.0	-1.0	-1.0	0.0	1.0	-1.0	0.3	-1.0	0.808	1.0	0.0	0.875	0.62	0.954	1.0	1.0	0.407	0.0	1.0	1.0	1.0	-1.0	1.0	0.0	-1.0	0.0	1.0	-1.0	-1.0	0.625	0.929	1.0	0.0	0.0	1.0	1.0	1.0	0.0	1.0	-1.0	0.0	0.0	-1.0	0.0	-1.0	0.05	0.0	0.333	0.0	1.0	0.0	-1.0	0.0	1.0	1.0	0.492	-1.0	0.0	0.0	1.0	1.0	0.0	0.889	0.0	1.0	0.0	0.0	1.0	1.0	0.0	-1.0	0.0	-1.0	1.0	0.0	-1.0	1.0	0.0	0.014	-1.0	1.0	-1.0	1.0	0.0	1.0	1.0	1.0	0.0	-1.0	-1.0	1.0	-1.0	-1.0	-1.0	-1.0	0.0	0.094	1.0	0.443	0.0	1.0	0.099	0.0	0.0	-1.0	1.0	-1.0	0.0	1.0	-1.0	1.0	0.647	0.632	1.0	1.0	0.0	-1.0	0.933	0.0	0.0	0.0	0.0	0.0	1.0	-1.0	0.0	1.0	1.0	0.0	0.3	-1.0	0.97	1.0	0.052	0.0	1.0	0.0	0.0	0.842	-1.0	0.0	0.0	0.0	0.738	-1.0	0.922	0.743	1.0	1.0	1.0	0.953	0.0	0.59	0.0	0.0	0.0	0.0	-1.0	0.083	-1.0	-1.0	-1.0	-1.0	-1.0	-1.0	-1.0	-1.0	-1.0	-1.0	-1.0	-1.0
gnl|Prokka|GCF_044361425.1_1|1391585|C	0.0	0.0	1.0	-1.0	0.0	-1.0	-1.0	0.0	1.0	0.0	-1.0	-1.0	1.0	-1.0	-1.0	0.0	-1.0	0.0	0.545	1.0	-1.0	1.0	-1.0	-1.0	-1.0	1.0	0.0	-1.0	1.0	-1.0	0.149	0.0	-1.0	0.0	1.0	0.032	0.0	0.0	0.214	0.0	0.0	0.0	1.0	-1.0	0.0	-1.0	-1.0	1.0	0.0	-1.0	-1.0	0.0	0.0	0.0	0.253	1.0	0.0	0.0	0.0	1.0	0.0	0.727	0.0	1.0	-1.0	0.0	-1.0	1.0	0.053	0.556	1.0	0.0	1.0	-1.0	0.0	0.0	1.0	0.702	-1.0	0.449	0.604	0.0	0.0	0.0	0.094	0.0	0.0	1.0	1.0	1.0	0.0	0.0	-1.0	0.108	-1.0	0.0	0.495	-1.0	1.0	0.362	0.985	-1.0	0.0	-1.0	0.0	1.0	0.0	0.0	0.679	1.0	-1.0	-1.0	0.0	-1.0	-1.0	-1.0	-1.0	1.0	0.0	1.0	0.325	0.0	0.0	0.34	0.0	0.0	-1.0	0.0	-1.0	0.13	-1.0	-1.0	0.4	1.0	0.455	0.029	0.111	1.0	0.417	0.085	0.0	1.0	0.0	1.0	0.0	0.0	-1.0	0.0	0.96	0.0	1.0	0.579	0.0	0.0	0.25	0.852	1.0	0.16	1.0	1.0	0.0	-1.0	1.0	0.786	1.0	1.0	-1.0	0.07	0.219	0.0	0.0	0.0	0.0	0.0	0.189	0.0	0.0	0.0	0.0	-1.0	1.0	-1.0	-1.0	-1.0	-1.0	-1.0	-1.0	-1.0	-1.0	-1.0	-1.0	-1.0	-1.0
gnl|Prokka|GCF_044361425.1_1|1395266|G	1.0	0.0	0.357	-1.0	-1.0	-1.0	-1.0	0.0	0.0	0.0	-1.0	-1.0	0.0	-1.0	-1.0	0.0	0.769	0.0	1.0	0.0	0.0	0.0	-1.0	-1.0	-1.0	0.0	0.0	-1.0	0.333	-1.0	0.849	0.088	1.0	1.0	0.121	0.95	1.0	1.0	0.364	1.0	0.109	1.0	1.0	-1.0	1.0	-1.0	-1.0	0.0	1.0	-1.0	-1.0	0.4	0.0	1.0	1.0	0.0	1.0	1.0	0.961	0.0	0.0	0.0	0.0	0.0	-1.0	0.333	0.0	0.0	1.0	0.0	0.0	1.0	0.16	1.0	0.692	1.0	-1.0	0.0	-1.0	1.0	0.586	0.0	0.0	1.0	0.0	1.0	0.0	0.389	0.0	1.0	1.0	1.0	-1.0	1.0	1.0	1.0	1.0	-1.0	0.0	0.804	0.0	-1.0	0.0	-1.0	1.0	0.0	1.0	0.0	0.255	1.0	-1.0	1.0	1.0	0.0	-1.0	-1.0	-1.0	1.0	1.0	0.0	0.729	0.85	0.0	0.654	1.0	0.0	0.0	0.0	-1.0	0.0	0.0	-1.0	-1.0	1.0	0.0	0.023	1.0	0.0	0.636	0.0	1.0	0.0	1.0	0.0	0.0	0.0	-1.0	1.0	0.0	0.0	1.0	0.278	-1.0	0.292	1.0	0.0	0.0	0.306	1.0	0.0	0.0	-1.0	0.0	0.667	0.0	0.0	-1.0	0.0	1.0	1.0	0.0	1.0	1.0	1.0	0.321	1.0	1.0	1.0	0.0	0.0	0.0	-1.0	-1.0	-1.0	-1.0	-1.0	-1.0	-1.0	-1.0	-1.0	-1.0	-1.0	-1.0
gnl|Prokka|GCF_044361425.1_1|1415376|C	1.0	1.0	0.308	-1.0	-1.0	-1.0	-1.0	0.0	0.0	0.0	-1.0	-1.0	0.0	-1.0	-1.0	1.0	0.0	0.0	0.0	0.0	0.6	0.0	-1.0	-1.0	-1.0	0.0	0.0	-1.0	-1.0	-1.0	0.537	0.0	1.0	0.0	0.0	0.0	0.0	1.0	0.667	1.0	0.093	0.0	1.0	-1.0	0.0	-1.0	-1.0	0.0	0.0	-1.0	-1.0	0.44	0.119	1.0	1.0	-1.0	1.0	0.0	0.0	0.0	0.0	-1.0	0.0	0.0	-1.0	0.194	0.0	0.0	1.0	0.231	0.0	1.0	0.0	0.0	1.0	1.0	-1.0	0.0	-1.0	1.0	0.0	0.0	0.0	-1.0	0.046	1.0	0.0	0.0	0.0	1.0	0.0	1.0	-1.0	1.0	1.0	0.0	1.0	-1.0	0.0	0.714	0.0	-1.0	0.0	-1.0	1.0	0.0	0.0	1.0	0.284	0.0	-1.0	1.0	0.0	0.348	-1.0	-1.0	-1.0	-1.0	1.0	0.0	0.698	0.8	0.0	0.688	0.0	0.0	0.0	0.0	-1.0	0.0	-1.0	-1.0	0.0	1.0	0.0	0.033	0.0	0.0	0.6	1.0	1.0	0.0	1.0	-1.0	1.0	0.0	-1.0	0.0	0.0	1.0	0.0	0.429	0.0	0.351	1.0	1.0	0.0	0.341	0.0	0.0	0.0	-1.0	-1.0	0.619	0.0	0.0	-1.0	0.0	0.806	0.0	1.0	0.0	1.0	1.0	0.35	1.0	1.0	1.0	0.0	0.0	0.0	-1.0	-1.0	-1.0	-1.0	-1.0	-1.0	-1.0	-1.0	-1.0	-1.0	-1.0	-1.0
gnl|Prokka|GCF_044361425.1_1|1419925|A	1.0	1.0	0.474	-1.0	-1.0	-1.0	-1.0	0.0	0.0	0.0	-1.0	-1.0	0.0	-1.0	-1.0	1.0	0.0	0.0	0.0	-1.0	-1.0	1.0	-1.0	-1.0	-1.0	0.667	0.0	-1.0	-1.0	-1.0	0.0	0.0	0.0	0.0	0.0	0.0	0.0	1.0	0.231	0.0	0.103	0.0	1.0	-1.0	1.0	-1.0	-1.0	1.0	0.0	-1.0	-1.0	0.0	0.892	1.0	1.0	0.0	0.0	0.0	0.0	0.0	1.0	0.0	0.0	0.0	-1.0	0.667	0.0	0.0	0.0	-1.0	1.0	-1.0	0.829	0.0	0.3	1.0	0.0	0.0	-1.0	1.0	0.581	1.0	0.0	0.0	0.083	0.0	0.0	0.0	1.0	1.0	0.0	0.0	-1.0	0.889	0.0	0.0	0.913	-1.0	0.0	0.32	1.0	-1.0	0.0	-1.0	0.0	1.0	0.0	1.0	0.278	1.0	-1.0	1.0	0.0	0.0	-1.0	-1.0	-1.0	-1.0	0.902	0.0	0.821	0.22	0.0	0.703	0.0	1.0	1.0	1.0	-1.0	0.0	-1.0	-1.0	0.0	0.0	0.0	0.0	0.0	0.0	1.0	1.0	0.0	1.0	1.0	-1.0	0.0	0.0	-1.0	0.0	0.0	1.0	0.0	0.273	0.0	0.0	1.0	0.9	0.0	0.791	0.0	0.0	1.0	-1.0	0.0	0.2	0.0	1.0	-1.0	0.0	0.0	0.0	1.0	0.0	0.0	1.0	0.236	0.0	1.0	1.0	1.0	0.0	0.0	-1.0	-1.0	-1.0	-1.0	-1.0	-1.0	-1.0	-1.0	-1.0	-1.0	-1.0	-1.0
gnl|Prokka|GCF_044361425.1_1|1425223|A	1.0	1.0	0.462	-1.0	-1.0	-1.0	-1.0	1.0	-1.0	1.0	-1.0	-1.0	0.0	-1.0	-1.0	0.556	-1.0	0.0	0.0	1.0	0.0	0.0	0.0	-1.0	-1.0	0.3	0.0	-1.0	-1.0	-1.0	0.408	1.0	0.0	1.0	1.0	0.0	1.0	0.0	0.0	0.068	0.889	1.0	0.0	-1.0	0.0	-1.0	-1.0	1.0	1.0	-1.0	-1.0	0.724	0.0	0.0	0.918	1.0	0.0	1.0	0.0	1.0	0.0	-1.0	1.0	1.0	-1.0	0.0	1.0	0.049	0.0	1.0	0.0	-1.0	0.111	0.0	0.2	0.0	-1.0	1.0	-1.0	0.0	0.449	0.0	1.0	-1.0	0.0	0.0	0.0	0.267	0.0	0.0	1.0	0.0	-1.0	0.0	0.0	1.0	1.0	-1.0	0.0	0.0	0.0	-1.0	1.0	-1.0	0.0	1.0	1.0	1.0	0.718	1.0	-1.0	1.0	1.0	1.0	-1.0	-1.0	-1.0	0.0	0.08	-1.0	0.0	0.0	1.0	0.242	1.0	0.0	1.0	0.0	-1.0	0.0	0.0	-1.0	0.333	0.0	1.0	0.0	1.0	1.0	0.667	0.081	0.0	0.0	0.091	-1.0	0.0	1.0	-1.0	-1.0	0.939	1.0	1.0	0.0	1.0	0.481	0.0	0.114	0.0	0.0	0.0	1.0	0.308	-1.0	0.7	0.0	1.0	0.0	-1.0	0.0	0.203	1.0	1.0	0.0	0.085	0.0	0.767	0.0	0.0	0.0	0.0	1.0	-1.0	-1.0	-1.0	-1.0	-1.0	-1.0	-1.0	-1.0	-1.0	-1.0	-1.0	-1.0	-1.0
gnl|Prokka|GCF_044361425.1_1|1432468|A	0.0	1.0	0.0	-1.0	-1.0	-1.0	-1.0	0.0	0.0	0.0	-1.0	-1.0	1.0	-1.0	-1.0	1.0	0.0	0.0	0.0	0.0	-1.0	0.0	-1.0	-1.0	-1.0	1.0	1.0	-1.0	0.0	-1.0	0.883	0.13	0.0	0.0	0.0	0.036	1.0	1.0	1.0	0.0	0.944	1.0	0.0	-1.0	0.0	0.0	-1.0	1.0	1.0	-1.0	-1.0	0.735	0.0	0.0	0.0	0.0	1.0	0.0	0.0	0.0	0.0	0.556	0.0	0.0	-1.0	0.0	1.0	0.0	1.0	1.0	1.0	-1.0	1.0	0.0	1.0	0.0	0.0	0.469	-1.0	1.0	0.0	0.0	0.0	1.0	0.067	0.0	1.0	0.0	1.0	0.0	0.0	0.0	-1.0	0.933	1.0	1.0	0.0	-1.0	0.0	0.321	1.0	-1.0	0.0	-1.0	1.0	1.0	1.0	0.0	0.0	1.0	-1.0	0.0	1.0	0.483	-1.0	-1.0	-1.0	0.0	1.0	1.0	0.551	0.182	0.81	0.0	0.0	1.0	0.0	1.0	-1.0	0.0	0.0	-1.0	-1.0	0.0	0.0	0.0	0.0	0.0	0.0	1.0	0.0	1.0	1.0	0.0	0.0	0.0	-1.0	0.0	0.0	1.0	0.0	0.333	-1.0	0.359	0.0	0.304	0.0	0.353	0.0	0.0	0.0	-1.0	-1.0	0.6	0.0	0.0	-1.0	1.0	1.0	1.0	1.0	0.0	0.611	1.0	0.77	1.0	1.0	1.0	0.0	0.214	0.0	-1.0	-1.0	-1.0	-1.0	-1.0	-1.0	-1.0	-1.0	-1.0	-1.0	-1.0	-1.0
gnl|Prokka|GCF_044361425.1_1|1432477|C	0.0	1.0	0.0	-1.0	-1.0	-1.0	-1.0	0.0	0.0	0.0	-1.0	-1.0	1.0	-1.0	-1.0	-1.0	0.0	0.0	0.0	0.0	-1.0	0.0	-1.0	-1.0	-1.0	1.0	1.0	-1.0	0.0	-1.0	0.857	0.132	0.0	0.0	0.0	0.036	1.0	1.0	1.0	0.0	0.949	1.0	0.0	-1.0	0.0	0.0	-1.0	1.0	1.0	-1.0	-1.0	0.711	0.0	0.0	0.0	0.0	1.0	0.0	0.0	0.0	0.0	0.556	0.0	0.0	-1.0	0.0	1.0	0.0	1.0	1.0	1.0	-1.0	1.0	0.0	1.0	0.0	0.0	0.457	-1.0	1.0	0.0	0.0	0.0	1.0	0.079	0.0	1.0	0.0	1.0	0.0	0.0	0.0	-1.0	0.936	1.0	1.0	0.0	-1.0	0.0	0.365	0.98	-1.0	0.0	-1.0	1.0	1.0	1.0	0.0	0.0	1.0	-1.0	0.0	1.0	0.519	-1.0	-1.0	-1.0	0.0	1.0	1.0	0.584	0.143	0.857	0.0	0.0	1.0	0.0	1.0	-1.0	0.0	0.0	-1.0	-1.0	0.0	0.0	0.0	0.0	0.0	0.0	1.0	0.0	1.0	1.0	0.0	0.0	0.0	-1.0	0.0	0.0	1.0	0.0	0.364	-1.0	0.338	0.0	0.24	0.0	0.353	0.0	0.0	0.0	-1.0	-1.0	0.643	0.0	0.0	-1.0	1.0	1.0	1.0	1.0	0.0	0.613	1.0	0.77	1.0	1.0	1.0	0.0	0.241	0.0	-1.0	-1.0	-1.0	-1.0	-1.0	-1.0	-1.0	-1.0	-1.0	-1.0	-1.0	-1.0
gnl|Prokka|GCF_044361425.1_1|1432482|C	0.0	1.0	0.0	-1.0	-1.0	-1.0	-1.0	0.0	0.0	0.0	-1.0	-1.0	1.0	-1.0	-1.0	1.0	0.0	0.0	0.0	0.0	-1.0	0.0	-1.0	-1.0	-1.0	1.0	1.0	-1.0	0.0	-1.0	0.862	0.113	0.0	0.0	0.0	0.04	1.0	1.0	1.0	0.0	0.952	1.0	0.0	-1.0	0.0	-1.0	-1.0	1.0	1.0	-1.0	-1.0	0.703	0.0	0.0	0.0	0.0	1.0	0.0	0.0	0.0	0.0	-1.0	0.0	0.0	-1.0	0.0	1.0	0.0	1.0	1.0	1.0	-1.0	1.0	0.0	1.0	0.0	0.0	0.469	-1.0	1.0	0.0	0.0	0.0	1.0	0.083	0.0	1.0	0.0	1.0	0.0	0.0	0.0	-1.0	1.0	1.0	1.0	0.0	-1.0	0.0	0.333	1.0	-1.0	0.0	-1.0	1.0	1.0	1.0	0.0	0.0	1.0	-1.0	0.0	1.0	0.526	-1.0	-1.0	-1.0	0.0	1.0	1.0	0.577	0.19	0.864	0.0	0.0	1.0	0.0	1.0	-1.0	0.0	0.0	-1.0	-1.0	0.0	0.0	0.0	0.0	0.0	0.0	1.0	0.0	1.0	1.0	0.0	0.0	0.0	-1.0	0.0	0.0	1.0	0.0	0.364	-1.0	0.355	0.0	0.2	0.0	0.323	0.0	0.0	0.0	-1.0	-1.0	-1.0	0.0	0.0	-1.0	1.0	1.0	1.0	1.0	0.0	0.602	1.0	0.783	1.0	1.0	1.0	0.0	0.226	0.0	-1.0	-1.0	-1.0	-1.0	-1.0	-1.0	-1.0	-1.0	-1.0	-1.0	-1.0	-1.0
gnl|Prokka|GCF_044361425.1_1|1464611|G	1.0	1.0	0.0	-1.0	-1.0	-1.0	-1.0	1.0	0.0	0.0	-1.0	-1.0	0.0	-1.0	-1.0	-1.0	-1.0	0.0	0.0	0.0	1.0	1.0	0.333	-1.0	-1.0	0.0	0.0	-1.0	0.0	-1.0	0.0	0.929	1.0	1.0	0.0	1.0	0.0	0.0	0.615	0.0	0.104	0.0	1.0	-1.0	1.0	0.0	-1.0	1.0	0.0	-1.0	-1.0	0.237	1.0	0.0	1.0	0.333	1.0	1.0	0.043	0.0	1.0	-1.0	0.0	0.0	-1.0	0.0	0.0	0.0	0.0	0.0	0.0	0.0	0.0	0.0	0.692	0.0	0.0	0.815	-1.0	1.0	0.469	1.0	1.0	0.0	0.0	1.0	0.0	0.0	0.0	1.0	0.0	1.0	-1.0	1.0	1.0	0.156	0.526	-1.0	0.0	0.885	0.029	-1.0	1.0	-1.0	1.0	0.0	0.0	1.0	0.346	1.0	-1.0	0.0	1.0	0.098	-1.0	-1.0	-1.0	0.0	0.951	0.0	0.753	1.0	0.0	0.698	1.0	1.0	1.0	0.0	-1.0	0.0	-1.0	-1.0	-1.0	0.0	1.0	0.0	1.0	0.0	1.0	0.833	1.0	0.0	1.0	0.0	0.914	1.0	-1.0	0.0	0.07	0.0	1.0	0.35	0.0	1.0	0.0	0.0	0.0	1.0	0.0	0.0	1.0	-1.0	0.0	0.0	0.0	1.0	-1.0	0.0	0.704	0.0	0.0	0.0	1.0	1.0	0.269	0.0	1.0	1.0	1.0	0.593	1.0	-1.0	-1.0	-1.0	-1.0	-1.0	-1.0	-1.0	-1.0	-1.0	-1.0	-1.0	-1.0
gnl|Prokka|GCF_044361425.1_1|1464620|G	1.0	1.0	-1.0	-1.0	-1.0	-1.0	-1.0	1.0	0.0	0.0	-1.0	-1.0	0.0	-1.0	-1.0	0.0	-1.0	0.0	0.0	0.0	1.0	1.0	0.385	-1.0	-1.0	0.0	0.0	-1.0	0.0	-1.0	0.0	0.929	-1.0	1.0	0.0	1.0	0.0	0.0	0.615	0.0	0.085	0.0	1.0	-1.0	1.0	0.0	-1.0	1.0	0.0	-1.0	-1.0	0.257	1.0	0.0	1.0	0.0	1.0	1.0	0.0	0.0	1.0	-1.0	0.0	0.0	-1.0	0.0	0.0	0.0	0.0	0.0	0.0	0.0	0.0	0.0	0.714	0.0	0.0	0.75	-1.0	1.0	0.511	1.0	1.0	0.0	0.0	1.0	0.0	0.0	0.0	1.0	0.0	1.0	-1.0	1.0	1.0	0.161	0.519	-1.0	0.0	0.875	0.034	-1.0	1.0	-1.0	1.0	0.0	0.0	1.0	0.357	1.0	-1.0	0.0	1.0	0.091	-1.0	-1.0	-1.0	0.0	0.951	0.0	0.763	1.0	0.0	0.684	1.0	1.0	1.0	0.0	-1.0	0.0	-1.0	-1.0	-1.0	0.0	1.0	0.0	1.0	0.0	1.0	0.857	1.0	0.0	1.0	0.0	0.909	1.0	-1.0	0.0	0.087	0.0	1.0	0.333	0.0	1.0	0.0	0.0	0.0	1.0	0.0	0.0	1.0	-1.0	0.0	0.0	0.0	1.0	-1.0	0.0	0.681	0.0	0.0	0.0	1.0	1.0	0.22	0.0	1.0	1.0	1.0	0.6	0.945	-1.0	-1.0	-1.0	-1.0	-1.0	-1.0	-1.0	-1.0	-1.0	-1.0	-1.0	-1.0
gnl|Prokka|GCF_044361425.1_1|1484330|T	0.0	1.0	0.308	-1.0	-1.0	-1.0	-1.0	1.0	0.0	0.0	-1.0	-1.0	0.0	-1.0	-1.0	0.0	-1.0	1.0	-1.0	1.0	-1.0	0.0	0.625	-1.0	-1.0	1.0	0.0	-1.0	0.375	-1.0	0.211	0.0	1.0	0.0	1.0	1.0	0.0	1.0	1.0	1.0	0.0	0.0	0.0	-1.0	0.065	-1.0	-1.0	1.0	0.0	-1.0	-1.0	1.0	0.093	0.0	0.0	-1.0	1.0	0.0	0.0	0.0	0.0	0.0	0.0	0.0	-1.0	0.192	1.0	0.106	1.0	1.0	1.0	-1.0	1.0	0.0	0.158	0.0	1.0	1.0	-1.0	1.0	0.0	0.0	0.0	1.0	0.104	0.0	0.0	0.0	1.0	0.0	0.0	1.0	-1.0	1.0	1.0	0.0	0.562	-1.0	0.0	1.0	1.0	-1.0	1.0	-1.0	1.0	1.0	0.0	0.0	0.743	1.0	-1.0	0.0	1.0	1.0	-1.0	-1.0	-1.0	1.0	0.949	1.0	0.212	0.0	0.8	0.074	0.0	1.0	0.0	0.0	-1.0	0.727	-1.0	-1.0	-1.0	0.0	0.0	0.0	0.0	0.0	0.0	1.0	1.0	1.0	1.0	1.0	1.0	1.0	-1.0	0.0	1.0	0.0	1.0	0.44	0.0	0.366	0.0	0.757	0.0	0.0	0.0	0.0	0.0	-1.0	0.0	1.0	0.0	0.0	-1.0	0.0	0.0	0.0	0.0	1.0	0.321	1.0	0.65	1.0	1.0	1.0	1.0	0.583	0.048	-1.0	-1.0	-1.0	-1.0	-1.0	-1.0	-1.0	-1.0	-1.0	-1.0	-1.0	-1.0
gnl|Prokka|GCF_044361425.1_1|1485564|T	0.765	1.0	0.0	-1.0	-1.0	-1.0	-1.0	0.933	0.0	0.0	-1.0	-1.0	0.0	-1.0	-1.0	0.0	1.0	0.0	0.75	1.0	-1.0	0.0	-1.0	-1.0	-1.0	0.0	0.0	-1.0	0.0	-1.0	0.0	0.0	0.6	0.0	0.955	1.0	0.0	1.0	0.667	1.0	0.0	0.0	0.0	-1.0	1.0	-1.0	-1.0	0.0	0.0	-1.0	-1.0	0.35	1.0	0.0	1.0	-1.0	1.0	1.0	0.0	0.0	1.0	0.0	0.0	0.0	-1.0	0.176	0.0	0.076	1.0	0.0	0.0	-1.0	0.0	0.0	0.0	0.0	1.0	0.811	-1.0	1.0	0.0	0.0	0.0	-1.0	0.042	0.0	0.0	0.0	0.0	0.0	0.0	1.0	-1.0	1.0	1.0	0.0	0.505	-1.0	0.0	0.727	0.038	-1.0	1.0	-1.0	1.0	0.0	0.0	1.0	0.764	1.0	-1.0	0.0	1.0	0.0	-1.0	-1.0	-1.0	0.0	0.927	0.0	0.481	0.0	0.0	0.66	-1.0	0.0	0.0	0.0	-1.0	0.0	-1.0	-1.0	0.0	0.0	0.0	0.0	0.0	0.0	1.0	0.0	1.0	0.0	1.0	0.0	0.938	1.0	-1.0	0.0	1.0	0.0	0.0	0.111	0.0	0.441	1.0	0.0	0.0	0.0	0.0	0.0	0.0	-1.0	0.0	-1.0	0.0	0.0	-1.0	1.0	0.0	0.0	0.0	1.0	0.342	1.0	0.235	1.0	1.0	1.0	0.0	0.0	0.047	-1.0	-1.0	-1.0	-1.0	-1.0	-1.0	-1.0	-1.0	-1.0	-1.0	-1.0	-1.0
gnl|Prokka|GCF_044361425.1_1|1486247|C	1.0	1.0	-1.0	-1.0	0.0	-1.0	-1.0	1.0	0.0	0.0	-1.0	-1.0	0.0	-1.0	-1.0	0.0	-1.0	1.0	1.0	-1.0	-1.0	1.0	-1.0	-1.0	-1.0	0.444	0.0	-1.0	-1.0	-1.0	0.05	0.0	-1.0	1.0	1.0	0.97	0.0	1.0	0.643	1.0	0.0	0.0	1.0	-1.0	1.0	0.0	-1.0	0.0	0.0	-1.0	-1.0	1.0	1.0	0.0	1.0	0.0	1.0	1.0	0.049	0.0	1.0	0.333	0.0	0.0	-1.0	0.192	1.0	1.0	1.0	0.0	0.0	-1.0	0.0	-1.0	0.0	0.0	1.0	1.0	-1.0	1.0	0.0	0.0	0.0	1.0	0.055	0.0	0.0	0.0	0.0	1.0	0.0	1.0	-1.0	0.917	1.0	0.0	1.0	-1.0	1.0	0.562	0.0	-1.0	1.0	-1.0	1.0	0.0	0.0	1.0	0.786	1.0	-1.0	0.0	1.0	1.0	-1.0	-1.0	-1.0	1.0	0.914	0.0	0.411	0.0	1.0	0.779	0.0	0.0	1.0	0.0	-1.0	0.0	1.0	-1.0	-1.0	0.0	0.0	0.0	1.0	0.0	-1.0	0.0	1.0	0.0	1.0	1.0	1.0	1.0	-1.0	0.0	1.0	0.0	0.0	0.471	0.0	0.432	0.786	1.0	1.0	0.214	0.0	0.0	0.0	-1.0	0.0	0.333	0.0	1.0	-1.0	1.0	0.0	0.0	0.0	1.0	0.278	1.0	1.0	1.0	1.0	1.0	0.0	0.0	1.0	-1.0	-1.0	-1.0	-1.0	-1.0	-1.0	-1.0	-1.0	-1.0	-1.0	-1.0	-1.0
gnl|Prokka|GCF_044361425.1_1|1486533|G	0.643	0.781	0.0	-1.0	-1.0	-1.0	-1.0	0.0	0.0	0.0	-1.0	-1.0	0.0	-1.0	-1.0	0.0	-1.0	1.0	1.0	1.0	-1.0	1.0	0.0	-1.0	-1.0	0.0	0.0	-1.0	0.0	-1.0	0.152	0.0	1.0	0.0	1.0	0.0	0.0	1.0	0.556	1.0	0.0	0.0	0.0	-1.0	1.0	0.0	-1.0	1.0	0.0	-1.0	-1.0	0.417	1.0	0.0	1.0	-1.0	1.0	0.0	0.0	0.0	1.0	0.364	0.0	0.0	-1.0	0.133	0.0	0.093	1.0	-1.0	0.0	1.0	0.146	0.0	0.357	0.0	1.0	0.0	-1.0	1.0	0.0	0.0	0.0	1.0	0.083	0.0	0.0	0.0	0.111	0.0	0.0	1.0	-1.0	0.917	1.0	0.0	0.519	-1.0	0.0	0.686	0.0	-1.0	0.0	-1.0	1.0	1.0	0.0	1.0	0.718	1.0	-1.0	0.0	1.0	0.0	-1.0	-1.0	-1.0	0.0	0.932	0.99	0.508	0.0	0.0	0.7	0.0	0.0	0.0	0.0	-1.0	0.0	-1.0	-1.0	-1.0	0.0	0.0	0.0	0.0	0.0	-1.0	0.88	1.0	0.0	1.0	0.0	1.0	0.0	-1.0	0.0	1.0	0.0	0.0	0.345	0.0	0.452	1.0	0.0	0.0	0.222	0.0	0.0	0.0	-1.0	0.0	0.591	0.0	1.0	-1.0	1.0	0.0	0.0	0.0	0.0	0.315	1.0	0.325	1.0	1.0	1.0	0.0	0.0	1.0	-1.0	-1.0	-1.0	-1.0	-1.0	-1.0	-1.0	-1.0	-1.0	-1.0	-1.0	-1.0
gnl|Prokka|GCF_044361425.1_1|1486629|C	1.0	0.867	0.286	-1.0	-1.0	-1.0	-1.0	1.0	0.0	0.0	-1.0	-1.0	0.0	-1.0	-1.0	0.0	1.0	1.0	1.0	1.0	-1.0	1.0	0.429	-1.0	-1.0	0.0	0.0	-1.0	0.762	-1.0	0.0	0.0	1.0	0.0	1.0	0.975	0.0	1.0	0.562	1.0	0.0	0.0	0.0	-1.0	1.0	-1.0	-1.0	0.0	0.0	-1.0	-1.0	0.214	1.0	0.0	1.0	0.0	1.0	0.0	1.0	0.0	1.0	-1.0	0.0	0.0	-1.0	0.2	0.0	0.068	1.0	0.0	0.0	1.0	0.0	1.0	0.0	0.0	-1.0	0.727	-1.0	1.0	0.0	0.0	0.0	-1.0	0.086	0.0	0.0	0.0	0.0	0.0	0.0	1.0	-1.0	0.927	1.0	0.0	0.454	-1.0	0.0	0.69	0.0	-1.0	1.0	-1.0	1.0	0.0	0.0	1.0	0.747	1.0	-1.0	0.0	1.0	0.556	-1.0	-1.0	-1.0	0.0	0.938	0.993	0.518	0.0	0.0	0.748	0.0	0.0	0.111	0.0	-1.0	0.0	-1.0	-1.0	-1.0	0.0	0.0	0.0	0.0	0.0	1.0	1.0	1.0	0.0	1.0	1.0	1.0	1.0	-1.0	0.0	1.0	0.0	0.0	0.269	0.0	0.432	1.0	0.0	0.0	0.206	0.0	0.0	0.0	-1.0	0.0	0.48	0.0	1.0	-1.0	1.0	0.0	0.0	0.0	1.0	0.31	1.0	0.234	1.0	1.0	1.0	0.0	0.0	0.099	-1.0	-1.0	-1.0	-1.0	-1.0	-1.0	-1.0	-1.0	-1.0	-1.0	-1.0	-1.0
gnl|Prokka|GCF_044361425.1_1|1486648|C	0.667	0.889	0.333	-1.0	-1.0	-1.0	-1.0	1.0	0.0	0.0	-1.0	-1.0	0.0	-1.0	-1.0	0.0	-1.0	1.0	1.0	1.0	-1.0	1.0	0.571	-1.0	-1.0	0.0	0.0	-1.0	0.722	-1.0	0.0	0.0	-1.0	0.0	1.0	0.975	0.0	1.0	0.643	1.0	0.0	0.0	0.0	-1.0	0.955	-1.0	-1.0	0.0	0.0	-1.0	-1.0	0.211	1.0	0.0	1.0	0.0	1.0	0.0	1.0	0.0	1.0	-1.0	0.0	0.0	-1.0	0.24	0.0	0.08	1.0	0.0	0.0	1.0	0.0	1.0	0.0	0.0	-1.0	0.71	-1.0	1.0	0.0	0.0	0.0	1.0	0.066	0.0	0.0	0.0	0.0	0.0	0.0	1.0	-1.0	0.927	1.0	0.0	0.491	-1.0	0.0	0.651	0.0	-1.0	1.0	-1.0	1.0	0.214	0.0	1.0	0.777	1.0	-1.0	0.0	1.0	0.629	-1.0	-1.0	-1.0	0.0	0.922	1.0	0.536	0.0	0.0	0.717	0.0	0.0	0.12	0.0	-1.0	0.0	-1.0	-1.0	-1.0	0.0	0.0	0.0	0.0	0.0	1.0	0.903	1.0	0.0	1.0	1.0	1.0	1.0	-1.0	0.0	1.0	0.0	0.0	0.214	0.0	0.414	1.0	0.0	0.0	0.216	0.0	0.0	0.0	-1.0	0.0	-1.0	0.0	1.0	-1.0	1.0	0.0	0.0	0.0	1.0	0.326	1.0	0.291	1.0	1.0	1.0	0.0	0.0	1.0	-1.0	-1.0	-1.0	-1.0	-1.0	-1.0	-1.0	-1.0	-1.0	-1.0	-1.0	-1.0
gnl|Prokka|GCF_044361425.1_1|1486716|G	0.786	1.0	0.357	-1.0	-1.0	-1.0	-1.0	1.0	0.0	0.0	-1.0	-1.0	0.0	-1.0	-1.0	0.0	-1.0	1.0	1.0	1.0	-1.0	1.0	-1.0	-1.0	-1.0	0.0	0.0	-1.0	0.588	-1.0	0.0	0.0	-1.0	1.0	1.0	0.981	0.0	1.0	0.7	1.0	0.0	0.0	0.0	-1.0	0.947	0.0	-1.0	1.0	0.0	-1.0	-1.0	0.263	1.0	0.0	1.0	0.0	1.0	0.0	1.0	0.0	1.0	0.0	0.0	0.0	-1.0	0.222	0.0	0.07	1.0	0.375	0.0	1.0	0.168	1.0	0.385	0.0	-1.0	1.0	-1.0	1.0	0.0	0.0	0.0	-1.0	0.082	0.0	0.0	0.0	0.13	0.0	0.0	1.0	-1.0	0.929	1.0	0.0	0.429	-1.0	0.0	0.684	0.026	-1.0	1.0	-1.0	1.0	1.0	0.0	1.0	0.787	1.0	-1.0	0.0	1.0	0.667	-1.0	-1.0	-1.0	0.0	0.944	1.0	0.465	0.0	0.0	0.78	0.0	0.0	0.0	0.0	-1.0	0.0	-1.0	-1.0	0.0	0.0	0.0	0.0	1.0	0.0	1.0	1.0	1.0	0.0	1.0	1.0	1.0	1.0	-1.0	0.0	1.0	0.0	0.0	0.429	0.0	0.382	1.0	0.0	0.0	0.237	0.0	0.0	0.0	-1.0	0.0	0.708	0.0	1.0	-1.0	1.0	0.0	0.0	0.0	1.0	0.268	1.0	0.321	1.0	1.0	1.0	0.0	0.0	1.0	-1.0	-1.0	-1.0	-1.0	-1.0	-1.0	-1.0	-1.0	-1.0	-1.0	-1.0	-1.0
gnl|Prokka|GCF_044361425.1_1|1486726|C	0.786	1.0	0.357	-1.0	-1.0	-1.0	-1.0	1.0	0.0	0.0	-1.0	-1.0	0.0	-1.0	-1.0	0.0	-1.0	1.0	1.0	1.0	-1.0	1.0	-1.0	-1.0	-1.0	0.0	0.0	-1.0	0.556	-1.0	0.0	0.0	-1.0	1.0	1.0	0.983	0.0	1.0	0.7	1.0	0.0	0.0	0.0	-1.0	0.944	0.0	-1.0	0.0	0.0	-1.0	-1.0	0.273	1.0	0.0	1.0	0.0	1.0	0.0	1.0	0.0	1.0	0.0	0.0	0.0	-1.0	0.267	0.0	0.064	1.0	0.0	0.0	1.0	0.0	1.0	0.0	0.0	-1.0	0.85	-1.0	1.0	0.0	0.0	0.0	1.0	0.067	0.0	0.0	0.0	0.0	0.0	0.0	1.0	-1.0	0.907	1.0	0.0	0.447	-1.0	0.0	0.7	0.026	-1.0	1.0	-1.0	1.0	0.0	0.0	1.0	0.795	1.0	-1.0	0.0	1.0	0.61	-1.0	-1.0	-1.0	0.0	1.0	0.992	0.47	0.0	0.0	0.774	0.0	0.0	0.0	0.0	-1.0	0.0	-1.0	-1.0	0.0	0.0	0.0	0.0	1.0	0.0	1.0	1.0	1.0	0.0	1.0	1.0	1.0	1.0	-1.0	0.0	1.0	0.0	0.0	-1.0	0.0	0.359	0.833	0.0	0.0	0.25	0.0	0.0	0.0	-1.0	0.0	0.708	0.0	1.0	-1.0	1.0	0.0	0.0	0.0	1.0	0.268	1.0	0.31	1.0	1.0	1.0	0.0	0.0	1.0	-1.0	-1.0	-1.0	-1.0	-1.0	-1.0	-1.0	-1.0	-1.0	-1.0	-1.0	-1.0
gnl|Prokka|GCF_044361425.1_1|1486772|A	1.0	1.0	0.375	-1.0	-1.0	-1.0	-1.0	1.0	0.0	0.0	-1.0	-1.0	0.0	-1.0	-1.0	0.0	-1.0	1.0	1.0	1.0	-1.0	1.0	0.333	-1.0	-1.0	0.0	0.0	-1.0	0.467	-1.0	0.0	0.0	-1.0	0.0	1.0	0.974	0.0	1.0	-1.0	1.0	0.0	0.0	0.0	-1.0	0.933	-1.0	-1.0	0.0	0.0	-1.0	-1.0	0.306	1.0	0.0	1.0	-1.0	1.0	0.0	1.0	0.0	1.0	-1.0	0.0	0.0	-1.0	0.167	0.0	0.071	1.0	-1.0	0.0	1.0	0.0	1.0	0.0	0.0	-1.0	0.857	-1.0	1.0	0.0	0.0	0.0	1.0	0.062	0.0	0.0	0.0	0.0	0.0	0.0	1.0	-1.0	0.925	1.0	0.0	1.0	-1.0	0.0	0.725	0.018	-1.0	1.0	-1.0	1.0	0.0	0.0	1.0	0.78	1.0	-1.0	0.0	1.0	0.587	-1.0	-1.0	-1.0	1.0	1.0	0.989	0.472	0.0	0.0	0.758	0.0	0.0	0.0	0.0	-1.0	0.0	-1.0	-1.0	0.0	0.0	0.0	0.0	0.0	0.0	1.0	0.897	1.0	0.0	1.0	1.0	1.0	1.0	-1.0	0.0	1.0	0.0	0.0	0.594	0.0	0.333	0.786	0.0	0.0	0.2	0.0	0.0	0.0	-1.0	0.0	0.737	0.0	1.0	-1.0	1.0	0.0	0.0	0.0	1.0	0.286	1.0	0.283	1.0	1.0	1.0	0.0	0.0	1.0	-1.0	-1.0	-1.0	-1.0	-1.0	-1.0	-1.0	-1.0	-1.0	-1.0	-1.0	-1.0
gnl|Prokka|GCF_044361425.1_1|1486794|C	1.0	1.0	0.25	-1.0	-1.0	-1.0	-1.0	1.0	0.0	0.0	-1.0	-1.0	0.0	-1.0	-1.0	0.0	-1.0	1.0	1.0	1.0	-1.0	1.0	0.25	-1.0	-1.0	0.0	0.0	-1.0	0.471	-1.0	0.0	0.0	-1.0	0.0	1.0	0.979	0.0	1.0	-1.0	1.0	0.0	0.0	0.0	-1.0	0.94	-1.0	-1.0	0.0	0.0	-1.0	-1.0	0.333	1.0	0.0	1.0	-1.0	1.0	0.0	1.0	0.0	1.0	-1.0	0.0	0.0	-1.0	0.0	0.0	0.062	1.0	-1.0	0.0	1.0	0.0	1.0	0.0	0.0	-1.0	0.87	-1.0	1.0	0.0	0.0	0.0	1.0	0.045	0.0	0.0	0.0	0.0	0.0	0.0	1.0	-1.0	0.927	1.0	0.0	1.0	-1.0	0.0	0.778	0.024	-1.0	1.0	-1.0	1.0	0.0	0.0	1.0	0.771	1.0	-1.0	0.0	1.0	0.562	-1.0	-1.0	-1.0	1.0	0.914	0.988	0.44	0.0	0.0	0.742	0.0	0.0	0.0	0.0	-1.0	0.0	-1.0	-1.0	0.0	0.0	0.0	0.0	0.0	0.0	1.0	0.903	1.0	0.0	1.0	1.0	1.0	1.0	-1.0	0.0	1.0	0.0	0.0	0.588	0.0	0.382	1.0	0.0	0.0	0.143	0.0	0.0	0.0	-1.0	0.0	0.65	0.0	1.0	-1.0	1.0	0.0	0.0	0.0	1.0	0.338	1.0	0.259	1.0	1.0	1.0	0.0	0.0	1.0	-1.0	-1.0	-1.0	-1.0	-1.0	-1.0	-1.0	-1.0	-1.0	-1.0	-1.0	-1.0
gnl|Prokka|GCF_044361425.1_1|1487240|T	-1.0	1.0	0.286	-1.0	-1.0	-1.0	-1.0	1.0	0.0	0.0	-1.0	-1.0	0.0	-1.0	-1.0	0.0	-1.0	-1.0	1.0	1.0	-1.0	1.0	-1.0	-1.0	-1.0	0.0	0.0	-1.0	0.333	-1.0	0.0	0.0	1.0	0.0	1.0	0.984	0.0	1.0	0.474	1.0	0.0	0.0	0.0	-1.0	1.0	0.0	-1.0	0.0	0.0	-1.0	-1.0	1.0	1.0	0.0	1.0	0.0	1.0	0.0	1.0	0.0	1.0	0.0	0.0	0.0	-1.0	0.188	1.0	0.071	1.0	-1.0	0.0	0.0	0.0	-1.0	0.0	0.0	-1.0	1.0	-1.0	1.0	0.0	0.0	0.0	1.0	0.036	0.0	0.0	0.0	0.0	0.0	0.0	1.0	-1.0	1.0	1.0	0.0	1.0	-1.0	-1.0	0.689	0.053	-1.0	1.0	-1.0	1.0	0.0	0.0	1.0	0.675	0.0	-1.0	0.0	1.0	1.0	-1.0	-1.0	-1.0	1.0	0.918	0.0	0.257	0.0	1.0	0.568	0.0	1.0	0.0	0.0	-1.0	0.222	-1.0	-1.0	-1.0	0.0	0.0	0.0	0.0	0.0	1.0	0.077	1.0	0.0	0.914	-1.0	1.0	1.0	-1.0	0.0	1.0	0.0	1.0	0.0	0.0	0.492	1.0	0.906	0.0	0.0	0.0	0.0	0.0	-1.0	0.0	0.645	0.0	1.0	-1.0	1.0	0.0	0.0	0.0	1.0	0.4	1.0	1.0	1.0	1.0	1.0	1.0	-1.0	1.0	-1.0	-1.0	-1.0	-1.0	-1.0	-1.0	-1.0	-1.0	-1.0	-1.0	-1.0	-1.0
gnl|Prokka|GCF_044361425.1_1|1500732|G	1.0	0.0	-1.0	-1.0	-1.0	-1.0	-1.0	0.0	0.0	0.0	-1.0	-1.0	0.0	-1.0	-1.0	0.0	-1.0	1.0	1.0	0.812	-1.0	1.0	-1.0	-1.0	-1.0	1.0	0.0	-1.0	0.0	-1.0	0.348	0.137	0.286	1.0	0.902	1.0	1.0	1.0	0.778	0.0	0.0	1.0	0.0	-1.0	0.0	0.0	-1.0	0.0	1.0	-1.0	-1.0	1.0	0.0	0.0	1.0	0.0	1.0	0.0	1.0	0.0	0.0	0.333	0.0	0.0	-1.0	0.0	1.0	0.077	0.0	0.556	0.925	1.0	0.789	1.0	0.0	0.0	1.0	0.133	-1.0	0.0	0.517	1.0	0.0	-1.0	0.169	0.0	0.0	0.667	1.0	1.0	0.0	1.0	-1.0	0.0	1.0	1.0	0.484	-1.0	0.0	0.135	1.0	-1.0	0.0	-1.0	-1.0	0.0	1.0	1.0	0.689	0.0	-1.0	0.0	1.0	1.0	-1.0	-1.0	-1.0	0.0	0.059	1.0	0.735	0.24	1.0	0.673	1.0	1.0	1.0	0.0	-1.0	1.0	1.0	-1.0	-1.0	0.0	0.0	0.0	1.0	0.0	1.0	1.0	1.0	1.0	0.0	0.0	0.0	0.0	-1.0	-1.0	0.967	0.065	0.0	0.462	0.0	0.45	0.0	0.886	0.0	0.784	1.0	0.0	1.0	-1.0	0.0	0.412	1.0	1.0	-1.0	0.0	0.354	1.0	0.0	0.0	0.0	0.0	1.0	0.0	0.0	0.0	1.0	0.268	1.0	-1.0	-1.0	-1.0	-1.0	-1.0	-1.0	-1.0	-1.0	-1.0	-1.0	-1.0	-1.0
gnl|Prokka|GCF_044361425.1_1|1529660|C	0.0	1.0	0.0	-1.0	-1.0	-1.0	-1.0	0.0	-1.0	0.0	-1.0	-1.0	0.0	-1.0	-1.0	0.0	-1.0	0.0	0.0	1.0	-1.0	1.0	-1.0	-1.0	-1.0	0.0	1.0	-1.0	0.0	-1.0	0.52	0.188	1.0	1.0	1.0	0.018	1.0	0.0	0.333	0.925	0.0	1.0	0.0	-1.0	0.0	1.0	-1.0	0.0	1.0	-1.0	-1.0	0.0	0.0	1.0	0.0	-1.0	0.0	0.0	1.0	1.0	0.0	0.0	0.0	1.0	-1.0	0.0	0.0	0.042	1.0	0.0	1.0	-1.0	1.0	1.0	1.0	1.0	1.0	0.067	-1.0	1.0	0.103	0.0	0.0	1.0	0.053	1.0	0.0	0.0	1.0	0.0	0.0	0.0	-1.0	0.0	0.0	1.0	0.257	-1.0	0.0	1.0	1.0	-1.0	0.0	-1.0	0.0	0.0	1.0	0.0	0.519	0.0	-1.0	1.0	1.0	0.364	-1.0	-1.0	-1.0	1.0	0.083	0.0	0.13	1.0	0.0	0.161	0.0	1.0	0.0	0.0	-1.0	0.0	-1.0	-1.0	-1.0	0.0	0.0	0.0	1.0	1.0	0.6	0.0	0.0	1.0	1.0	0.7	1.0	0.0	-1.0	1.0	1.0	0.0	1.0	0.7	0.0	0.0	1.0	0.0	0.0	0.091	0.0	1.0	0.0	-1.0	-1.0	1.0	0.0	1.0	-1.0	0.0	0.136	1.0	0.0	0.0	0.298	1.0	0.0	1.0	0.0	1.0	1.0	0.737	1.0	-1.0	-1.0	-1.0	-1.0	-1.0	-1.0	-1.0	-1.0	-1.0	-1.0	-1.0	-1.0
gnl|Prokka|GCF_044361425.1_1|1529669|A	0.0	1.0	0.0	-1.0	-1.0	-1.0	-1.0	0.0	-1.0	0.0	-1.0	-1.0	0.0	-1.0	-1.0	0.0	-1.0	0.0	0.0	1.0	-1.0	1.0	-1.0	-1.0	-1.0	0.333	1.0	-1.0	-1.0	-1.0	0.602	0.204	1.0	1.0	1.0	0.019	1.0	0.0	0.273	0.93	0.0	1.0	0.0	-1.0	0.0	1.0	-1.0	0.0	1.0	-1.0	-1.0	0.0	0.0	1.0	0.0	1.0	0.0	0.0	1.0	1.0	0.0	0.0	0.0	1.0	-1.0	0.0	0.0	0.043	1.0	0.4	1.0	-1.0	1.0	1.0	1.0	1.0	1.0	0.065	-1.0	1.0	0.143	0.0	0.0	1.0	0.056	1.0	0.0	0.0	1.0	0.0	0.0	0.0	-1.0	0.0	0.0	1.0	0.078	-1.0	0.0	1.0	1.0	-1.0	0.0	-1.0	0.0	0.0	1.0	0.0	0.545	0.0	-1.0	1.0	1.0	0.167	-1.0	-1.0	-1.0	1.0	0.082	0.0	0.149	1.0	0.0	0.164	0.0	1.0	0.0	0.0	-1.0	-1.0	-1.0	-1.0	-1.0	0.0	0.0	0.0	1.0	1.0	0.0	-1.0	0.0	1.0	1.0	0.7	1.0	0.0	-1.0	1.0	1.0	0.0	1.0	0.778	0.0	0.0	1.0	0.0	0.0	0.085	0.0	1.0	0.0	-1.0	-1.0	1.0	0.0	1.0	-1.0	0.011	0.141	1.0	0.0	0.0	0.293	1.0	0.0	1.0	0.0	1.0	1.0	0.75	1.0	-1.0	-1.0	-1.0	-1.0	-1.0	-1.0	-1.0	-1.0	-1.0	-1.0	-1.0	-1.0
gnl|Prokka|GCF_044361425.1_1|1670599|C	1.0	0.0	1.0	-1.0	-1.0	-1.0	-1.0	1.0	1.0	0.0	-1.0	-1.0	0.0	-1.0	-1.0	0.0	-1.0	0.0	0.308	0.0	0.0	0.0	-1.0	-1.0	-1.0	0.0	0.0	-1.0	0.0	-1.0	0.562	0.0	0.0	0.737	0.085	0.0	0.0	1.0	0.0	0.0	0.132	1.0	0.0	-1.0	1.0	-1.0	-1.0	0.0	1.0	-1.0	-1.0	0.0	1.0	0.0	1.0	1.0	0.0	1.0	1.0	1.0	1.0	-1.0	1.0	1.0	-1.0	0.0	1.0	0.927	0.0	-1.0	0.0	1.0	0.0	1.0	0.0	1.0	-1.0	1.0	-1.0	0.0	0.463	0.0	0.0	-1.0	0.044	0.0	1.0	-1.0	0.0	0.0	1.0	0.0	-1.0	0.0	0.0	0.0	0.45	-1.0	1.0	0.0	0.027	-1.0	1.0	-1.0	0.0	0.0	1.0	1.0	0.0	1.0	-1.0	1.0	0.0	1.0	-1.0	-1.0	-1.0	0.0	0.0	0.0	0.79	0.0	1.0	0.975	0.0	0.0	0.136	0.0	-1.0	0.0	0.0	-1.0	-1.0	0.0	0.0	0.0	0.846	1.0	-1.0	0.0	0.0	0.0	0.278	0.0	0.0	1.0	-1.0	1.0	0.0	0.0	0.0	0.348	0.438	0.061	1.0	0.0	1.0	0.34	0.0	1.0	0.0	-1.0	-1.0	0.0	0.0	0.0	-1.0	1.0	1.0	0.0	0.0	0.0	0.038	0.0	0.295	0.0	0.0	0.0	0.0	0.0	-1.0	-1.0	-1.0	-1.0	-1.0	-1.0	-1.0	-1.0	-1.0	-1.0	-1.0	-1.0	-1.0
gnl|Prokka|GCF_044361425.1_1|1761689|G	1.0	0.0	1.0	-1.0	-1.0	-1.0	-1.0	1.0	-1.0	1.0	-1.0	-1.0	0.0	-1.0	-1.0	-1.0	0.0	0.0	0.625	0.0	0.0	0.0	0.0	-1.0	-1.0	0.778	1.0	-1.0	-1.0	-1.0	0.429	0.0	0.0	0.0	0.0	0.022	1.0	0.0	0.444	0.921	0.0	1.0	0.0	-1.0	1.0	1.0	-1.0	1.0	1.0	-1.0	-1.0	0.0	1.0	0.0	1.0	-1.0	0.0	0.0	0.0	1.0	1.0	-1.0	0.0	1.0	-1.0	0.0	0.0	0.914	0.0	1.0	1.0	1.0	1.0	0.0	1.0	0.0	-1.0	0.821	-1.0	1.0	0.304	0.0	0.0	0.0	0.088	0.0	0.0	0.667	1.0	0.0	0.0	0.0	-1.0	0.0	0.0	1.0	0.278	-1.0	0.0	0.367	1.0	-1.0	1.0	-1.0	-1.0	1.0	1.0	1.0	0.0	0.0	-1.0	0.0	0.0	0.0	-1.0	-1.0	-1.0	0.094	0.057	0.0	0.807	0.13	0.0	1.0	1.0	1.0	1.0	0.0	-1.0	0.0	-1.0	-1.0	0.273	1.0	0.0	0.963	0.0	1.0	1.0	0.0	0.0	1.0	0.3	0.0	0.0	1.0	-1.0	0.0	0.0	1.0	0.0	0.286	-1.0	0.0	1.0	0.16	1.0	0.488	0.0	1.0	0.417	-1.0	-1.0	1.0	0.0	0.0	-1.0	0.0	0.239	1.0	1.0	0.0	0.0	1.0	0.279	0.0	0.0	0.0	1.0	0.0	0.0	-1.0	-1.0	-1.0	-1.0	-1.0	-1.0	-1.0	-1.0	-1.0	-1.0	-1.0	-1.0
gnl|Prokka|GCF_044361425.1_1|1817601|C	0.727	0.0	0.0	-1.0	-1.0	-1.0	-1.0	0.0	0.0	0.0	-1.0	-1.0	0.0	-1.0	-1.0	0.0	0.0	1.0	1.0	0.0	-1.0	0.0	0.0	-1.0	-1.0	1.0	0.0	-1.0	0.7	-1.0	0.165	0.0	1.0	0.176	0.132	0.0	0.0	1.0	1.0	1.0	0.0	0.0	0.0	-1.0	1.0	-1.0	-1.0	0.0	0.0	-1.0	-1.0	0.279	1.0	1.0	1.0	0.0	1.0	0.0	0.0	0.0	1.0	0.0	0.0	0.0	-1.0	0.0	0.0	0.0	1.0	0.615	1.0	-1.0	0.795	0.0	0.75	0.0	-1.0	0.0	-1.0	1.0	0.0	0.0	0.0	-1.0	1.0	1.0	0.0	0.0	1.0	0.0	0.0	1.0	-1.0	1.0	1.0	0.0	1.0	-1.0	0.0	1.0	1.0	-1.0	0.0	-1.0	1.0	0.0	0.0	1.0	0.0	1.0	-1.0	0.0	0.0	0.617	-1.0	-1.0	-1.0	1.0	0.906	0.0	0.729	1.0	0.111	0.554	0.0	0.0	1.0	1.0	-1.0	0.429	-1.0	-1.0	0.0	0.0	0.0	0.0	0.0	0.0	1.0	0.115	1.0	1.0	1.0	1.0	1.0	0.0	-1.0	1.0	0.0	0.0	0.0	0.767	0.0	0.313	0.0	0.0	0.0	0.0	0.0	0.0	0.0	-1.0	0.0	1.0	1.0	0.0	-1.0	1.0	0.0	0.0	1.0	0.0	0.28	1.0	0.345	1.0	1.0	1.0	0.0	0.0	0.0	-1.0	-1.0	-1.0	-1.0	-1.0	-1.0	-1.0	-1.0	-1.0	-1.0	-1.0	-1.0
gnl|Prokka|GCF_044361425.1_1|1828052|T	0.0	0.0	0.0	-1.0	-1.0	-1.0	-1.0	1.0	0.0	0.0	-1.0	-1.0	0.0	-1.0	-1.0	0.0	-1.0	1.0	0.0	1.0	-1.0	0.0	0.0	-1.0	-1.0	0.636	1.0	-1.0	0.0	-1.0	0.925	0.22	1.0	0.0	0.897	1.0	1.0	0.0	1.0	0.0	0.098	1.0	0.0	-1.0	0.0	0.0	-1.0	0.0	1.0	-1.0	-1.0	0.321	0.0	1.0	0.0	0.0	1.0	0.0	0.0	0.0	0.0	-1.0	0.0	0.0	-1.0	0.0	0.0	0.085	1.0	0.429	1.0	-1.0	0.752	0.0	1.0	1.0	-1.0	0.765	-1.0	1.0	0.0	0.0	0.0	1.0	0.936	1.0	1.0	0.0	1.0	0.0	0.0	1.0	-1.0	1.0	1.0	1.0	0.076	-1.0	0.0	1.0	1.0	-1.0	1.0	-1.0	1.0	0.0	1.0	0.0	1.0	0.0	-1.0	1.0	1.0	0.146	-1.0	-1.0	-1.0	0.094	1.0	0.0	0.431	1.0	0.0	0.021	1.0	1.0	0.278	1.0	-1.0	0.0	0.0	-1.0	-1.0	0.0	0.0	1.0	0.0	0.0	0.0	0.0	1.0	1.0	1.0	0.0	1.0	1.0	-1.0	0.0	1.0	0.0	1.0	0.63	0.0	0.355	1.0	0.0	0.0	0.351	0.0	0.0	1.0	-1.0	0.0	0.444	0.0	0.0	-1.0	0.0	1.0	1.0	0.0	1.0	1.0	1.0	0.0	1.0	1.0	1.0	1.0	0.156	0.042	-1.0	-1.0	-1.0	-1.0	-1.0	-1.0	-1.0	-1.0	-1.0	-1.0	-1.0	-1.0
gnl|Prokka|GCF_044361425.1_1|1844556|T	1.0	1.0	0.571	-1.0	-1.0	-1.0	-1.0	0.0	1.0	-1.0	-1.0	-1.0	0.0	-1.0	-1.0	-1.0	-1.0	1.0	1.0	1.0	1.0	1.0	1.0	-1.0	-1.0	-1.0	1.0	-1.0	1.0	-1.0	1.0	1.0	0.364	1.0	1.0	0.0	1.0	1.0	0.72	0.0	1.0	1.0	0.0	-1.0	0.0	-1.0	-1.0	1.0	1.0	-1.0	-1.0	0.0	0.0	0.0	1.0	-1.0	1.0	0.0	0.0	1.0	0.0	-1.0	1.0	1.0	-1.0	0.893	0.0	0.044	0.0	0.571	0.0	0.0	0.077	0.0	1.0	1.0	-1.0	0.0	-1.0	0.0	0.372	0.0	1.0	0.0	0.0	1.0	0.0	0.0	0.0	0.0	0.0	0.0	-1.0	0.0	1.0	1.0	0.926	-1.0	1.0	0.0	0.0	-1.0	0.0	-1.0	1.0	1.0	1.0	1.0	1.0	1.0	-1.0	0.0	1.0	-1.0	-1.0	-1.0	-1.0	0.892	0.038	0.0	0.661	0.6	0.0	0.863	0.0	0.0	0.0	0.0	-1.0	0.81	-1.0	-1.0	-1.0	1.0	1.0	0.0	1.0	1.0	0.625	0.0	0.0	0.0	0.0	-1.0	0.0	0.0	-1.0	0.0	1.0	1.0	0.0	1.0	-1.0	1.0	-1.0	1.0	0.0	0.0	0.0	1.0	0.25	-1.0	1.0	0.0	0.0	1.0	-1.0	0.0	1.0	1.0	1.0	1.0	0.643	0.0	0.292	0.0	0.0	0.0	0.0	0.0	1.0	-1.0	-1.0	-1.0	-1.0	-1.0	-1.0	-1.0	-1.0	-1.0	-1.0	-1.0	-1.0
gnl|Prokka|GCF_044361425.1_1|1864666|C	0.0	0.0	0.556	-1.0	-1.0	-1.0	-1.0	0.0	0.0	1.0	-1.0	-1.0	0.0	-1.0	-1.0	1.0	0.0	1.0	1.0	1.0	-1.0	1.0	-1.0	-1.0	-1.0	1.0	0.0	-1.0	-1.0	-1.0	0.56	0.07	0.0	1.0	1.0	0.0	1.0	1.0	0.538	0.0	0.892	1.0	1.0	-1.0	0.0	-1.0	-1.0	0.0	1.0	-1.0	-1.0	0.737	0.0	1.0	0.0	0.0	0.0	1.0	0.0	0.0	0.0	1.0	0.0	0.0	-1.0	0.0	1.0	0.017	0.0	0.455	1.0	1.0	0.849	0.0	0.0	1.0	-1.0	0.167	-1.0	1.0	0.0	0.0	0.0	-1.0	0.073	1.0	1.0	0.0	1.0	1.0	0.0	0.0	-1.0	0.224	0.0	1.0	0.269	-1.0	1.0	0.318	0.979	-1.0	0.0	-1.0	0.0	0.0	1.0	0.0	0.766	1.0	-1.0	0.0	1.0	0.889	-1.0	-1.0	-1.0	1.0	0.082	1.0	0.25	1.0	1.0	0.0	0.0	1.0	0.0	0.0	-1.0	0.545	-1.0	-1.0	-1.0	1.0	0.0	0.0	1.0	0.0	0.455	0.0	0.0	1.0	-1.0	1.0	0.0	0.0	-1.0	1.0	0.923	1.0	1.0	0.0	1.0	0.0	0.0	0.086	0.0	0.429	0.0	0.0	0.7	-1.0	0.0	0.25	0.0	1.0	-1.0	0.0	0.283	1.0	1.0	0.0	0.541	1.0	0.674	0.0	1.0	1.0	1.0	0.55	1.0	-1.0	-1.0	-1.0	-1.0	-1.0	-1.0	-1.0	-1.0	-1.0	-1.0	-1.0	-1.0
gnl|Prokka|GCF_044361425.1_1|1864678|G	0.0	0.0	0.545	-1.0	-1.0	-1.0	-1.0	0.0	0.0	1.0	-1.0	-1.0	0.0	-1.0	-1.0	1.0	-1.0	0.0	0.0	1.0	-1.0	1.0	-1.0	-1.0	-1.0	1.0	0.0	-1.0	0.692	-1.0	0.46	0.067	-1.0	0.0	1.0	0.0	1.0	1.0	-1.0	0.0	0.889	1.0	0.0	-1.0	0.0	-1.0	-1.0	0.0	1.0	-1.0	-1.0	0.611	0.0	1.0	0.0	0.0	0.0	0.0	0.0	0.0	0.0	1.0	0.0	0.0	-1.0	1.0	1.0	0.034	0.0	0.583	1.0	1.0	0.827	0.0	0.0	1.0	-1.0	0.194	-1.0	0.0	0.0	0.0	0.0	0.0	0.077	1.0	1.0	0.0	1.0	0.0	0.0	0.0	-1.0	0.204	0.0	1.0	0.0	-1.0	1.0	0.286	0.978	-1.0	0.0	-1.0	0.0	0.0	1.0	0.0	0.781	1.0	-1.0	0.0	1.0	0.586	-1.0	-1.0	-1.0	0.0	0.085	1.0	0.237	1.0	1.0	0.0	0.0	1.0	0.0	0.0	-1.0	0.0	-1.0	-1.0	-1.0	1.0	0.0	0.0	0.0	0.0	0.455	1.0	0.0	1.0	-1.0	0.0	0.0	0.0	-1.0	0.0	0.915	1.0	0.0	0.286	1.0	0.0	0.0	0.086	0.0	0.412	0.0	0.0	0.7	-1.0	0.0	0.0	0.0	1.0	-1.0	0.0	0.312	1.0	1.0	0.0	0.532	0.0	0.628	0.0	0.0	0.0	1.0	0.0	0.133	-1.0	-1.0	-1.0	-1.0	-1.0	-1.0	-1.0	-1.0	-1.0	-1.0	-1.0	-1.0
gnl|Prokka|GCF_044361425.1_1|1876655|G	1.0	0.0	0.435	-1.0	-1.0	-1.0	-1.0	1.0	0.0	1.0	-1.0	-1.0	0.0	-1.0	-1.0	1.0	-1.0	-1.0	1.0	0.0	-1.0	1.0	0.571	-1.0	-1.0	0.0	0.0	-1.0	0.545	-1.0	0.0	0.0	-1.0	1.0	0.0	0.0	0.0	1.0	0.538	1.0	0.865	0.0	0.0	-1.0	1.0	0.0	-1.0	0.0	0.0	-1.0	-1.0	1.0	1.0	0.0	1.0	0.0	1.0	1.0	1.0	0.0	1.0	-1.0	0.0	0.0	-1.0	1.0	1.0	0.906	0.0	-1.0	0.0	-1.0	0.0	1.0	1.0	0.0	-1.0	1.0	-1.0	0.0	0.561	1.0	0.0	0.0	0.0	1.0	0.0	0.0	0.0	0.0	0.0	1.0	-1.0	0.0	0.914	0.0	0.667	-1.0	1.0	0.703	0.025	-1.0	1.0	-1.0	1.0	0.0	0.0	1.0	0.0	1.0	-1.0	0.0	0.0	0.595	-1.0	-1.0	-1.0	0.0	0.0	1.0	0.418	0.688	1.0	0.654	1.0	0.0	0.0	0.0	-1.0	0.0	-1.0	-1.0	-1.0	1.0	0.0	0.0	0.824	0.0	1.0	1.0	1.0	0.0	0.0	-1.0	1.0	1.0	-1.0	0.0	0.0	1.0	1.0	0.0	-1.0	0.433	-1.0	0.81	1.0	0.643	0.0	0.0	1.0	-1.0	0.0	0.857	0.0	1.0	-1.0	1.0	0.0	0.0	1.0	0.0	0.323	0.0	1.0	1.0	1.0	0.0	0.0	0.828	0.0	-1.0	-1.0	-1.0	-1.0	-1.0	-1.0	-1.0	-1.0	-1.0	-1.0	-1.0	-1.0
gnl|Prokka|GCF_044361425.1_1|1878569|A	0.0	0.0	0.462	-1.0	-1.0	-1.0	-1.0	0.0	1.0	0.0	-1.0	-1.0	1.0	-1.0	-1.0	-1.0	-1.0	0.0	0.0	0.0	-1.0	0.0	-1.0	-1.0	-1.0	0.0	0.0	-1.0	0.0	-1.0	0.472	0.0	1.0	0.0	0.0	0.97	0.0	0.0	0.385	1.0	0.138	0.0	1.0	-1.0	0.0	-1.0	-1.0	1.0	0.0	-1.0	-1.0	0.0	0.057	1.0	0.0	-1.0	1.0	0.0	0.0	1.0	0.0	0.571	1.0	1.0	-1.0	0.107	0.0	0.0	1.0	0.0	0.0	0.0	0.104	0.0	-1.0	0.0	0.0	0.0	-1.0	0.0	1.0	0.0	0.0	1.0	0.83	1.0	1.0	1.0	0.0	1.0	1.0	1.0	-1.0	0.0	1.0	0.0	0.0	-1.0	0.0	0.649	0.0	-1.0	0.0	-1.0	1.0	1.0	0.0	0.0	0.277	0.0	-1.0	1.0	0.0	0.0	-1.0	-1.0	-1.0	-1.0	0.0	0.0	0.162	0.75	0.0	0.333	0.0	0.0	1.0	1.0	-1.0	1.0	-1.0	-1.0	0.0	0.0	0.0	1.0	0.0	1.0	0.267	1.0	1.0	0.0	0.0	-1.0	1.0	0.0	-1.0	1.0	0.0	0.0	1.0	0.263	1.0	0.299	-1.0	1.0	0.0	0.462	1.0	1.0	0.0	-1.0	1.0	0.4	1.0	0.0	-1.0	0.0	0.722	0.0	0.0	0.0	1.0	0.0	0.0	1.0	1.0	0.0	0.0	1.0	1.0	-1.0	-1.0	-1.0	-1.0	-1.0	-1.0	-1.0	-1.0	-1.0	-1.0	-1.0	-1.0
gnl|Prokka|GCF_044361425.1_1|1878602|G	0.0	0.0	0.4	-1.0	-1.0	-1.0	-1.0	0.0	1.0	0.0	-1.0	-1.0	1.0	-1.0	-1.0	0.0	-1.0	0.0	0.0	0.0	-1.0	0.0	-1.0	-1.0	-1.0	0.0	0.0	-1.0	0.0	-1.0	0.378	0.0	-1.0	0.0	0.0	0.956	0.0	0.0	0.308	1.0	0.2	0.0	0.0	-1.0	0.0	-1.0	-1.0	1.0	0.0	-1.0	-1.0	0.0	0.0	1.0	0.0	0.0	1.0	0.0	0.0	1.0	0.0	0.375	1.0	1.0	-1.0	0.12	0.0	0.0	1.0	0.0	0.0	0.0	0.108	0.0	-1.0	0.0	0.0	0.0	-1.0	0.0	0.556	0.0	0.0	1.0	0.806	1.0	1.0	1.0	0.0	0.0	1.0	1.0	-1.0	0.0	1.0	0.0	0.0	-1.0	0.0	0.567	0.0	-1.0	0.0	-1.0	1.0	1.0	0.0	0.0	0.212	0.0	-1.0	1.0	0.0	0.0	-1.0	-1.0	-1.0	-1.0	0.0	0.0	0.169	0.647	0.0	0.279	0.0	0.0	1.0	1.0	-1.0	0.583	-1.0	-1.0	0.0	0.0	0.0	1.0	0.0	1.0	0.235	1.0	1.0	0.0	0.0	-1.0	1.0	0.0	-1.0	1.0	0.0	0.0	0.0	0.25	1.0	0.233	-1.0	1.0	0.0	0.24	1.0	1.0	0.0	-1.0	1.0	0.0	1.0	0.0	-1.0	0.0	0.564	0.0	0.0	0.0	1.0	0.0	0.0	1.0	1.0	0.0	0.0	0.154	0.821	-1.0	-1.0	-1.0	-1.0	-1.0	-1.0	-1.0	-1.0	-1.0	-1.0	-1.0	-1.0
gnl|Prokka|GCF_044361425.1_1|1886398|T	1.0	1.0	-1.0	-1.0	-1.0	-1.0	-1.0	0.0	0.0	0.0	-1.0	-1.0	0.0	-1.0	-1.0	0.0	-1.0	0.0	1.0	1.0	1.0	1.0	-1.0	-1.0	-1.0	0.571	1.0	-1.0	-1.0	-1.0	0.0	0.0	1.0	1.0	0.912	0.0	0.0	1.0	1.0	1.0	0.0	0.0	0.0	-1.0	1.0	-1.0	-1.0	0.0	0.0	-1.0	-1.0	0.414	1.0	0.0	1.0	0.0	1.0	1.0	0.0	0.0	1.0	0.0	0.0	0.0	-1.0	0.167	0.0	1.0	1.0	-1.0	1.0	1.0	0.838	0.0	1.0	1.0	1.0	0.0	-1.0	0.0	0.609	1.0	0.0	1.0	0.091	1.0	0.0	0.0	1.0	0.0	0.0	1.0	-1.0	1.0	1.0	0.0	0.699	-1.0	1.0	1.0	0.976	-1.0	0.0	-1.0	1.0	0.0	0.0	1.0	0.711	1.0	-1.0	1.0	1.0	0.097	-1.0	-1.0	-1.0	0.0	0.932	0.0	0.741	1.0	0.0	0.711	1.0	1.0	0.0	0.0	-1.0	0.0	-1.0	-1.0	1.0	0.0	0.0	0.0	1.0	0.0	1.0	0.862	1.0	1.0	0.0	0.0	1.0	0.0	-1.0	0.0	1.0	0.0	0.0	0.375	0.0	0.392	0.733	0.844	1.0	0.804	0.0	0.0	0.571	-1.0	0.0	1.0	0.0	1.0	-1.0	1.0	0.0	0.0	0.0	0.0	0.356	0.0	0.278	1.0	1.0	0.0	1.0	0.0	0.0	-1.0	-1.0	-1.0	-1.0	-1.0	-1.0	-1.0	-1.0	-1.0	-1.0	-1.0	-1.0
gnl|Prokka|GCF_044361425.1_1|1889939|A	0.769	1.0	0.0	-1.0	-1.0	-1.0	-1.0	0.0	0.0	-1.0	-1.0	-1.0	0.0	-1.0	-1.0	1.0	-1.0	1.0	1.0	1.0	-1.0	1.0	0.727	-1.0	-1.0	0.0	0.0	-1.0	0.0	-1.0	0.355	0.071	1.0	0.0	0.824	0.0	1.0	1.0	0.474	1.0	0.814	1.0	0.0	-1.0	0.0	0.0	-1.0	0.0	1.0	-1.0	-1.0	0.0	0.0	0.0	1.0	1.0	1.0	0.0	0.0	0.0	0.0	0.0	1.0	0.0	-1.0	1.0	0.0	0.123	1.0	-1.0	0.0	0.0	0.0	0.0	0.733	1.0	-1.0	0.0	-1.0	1.0	0.75	1.0	0.0	1.0	0.048	1.0	0.0	0.615	0.0	0.0	0.0	0.0	-1.0	1.0	1.0	1.0	0.56	-1.0	0.0	0.87	0.0	-1.0	0.0	-1.0	1.0	0.0	1.0	1.0	0.721	1.0	-1.0	0.0	1.0	0.0	-1.0	-1.0	-1.0	0.0	1.0	0.0	0.508	0.714	0.0	0.648	0.0	1.0	0.0	0.0	-1.0	0.174	-1.0	-1.0	-1.0	0.0	0.0	0.0	0.0	0.0	0.444	0.846	0.0	0.0	0.0	0.0	0.0	0.0	-1.0	-1.0	1.0	1.0	0.0	1.0	0.0	0.347	0.667	1.0	0.0	0.839	1.0	0.02	0.625	-1.0	0.0	0.625	1.0	1.0	-1.0	0.0	0.301	1.0	1.0	1.0	0.414	1.0	0.255	1.0	1.0	0.0	1.0	0.0	1.0	-1.0	-1.0	-1.0	-1.0	-1.0	-1.0	-1.0	-1.0	-1.0	-1.0	-1.0	-1.0
gnl|Prokka|GCF_044361425.1_1|1874456|A	1.0	0.0	0.6	-1.0	-1.0	-1.0	-1.0	0.0	0.0	1.0	-1.0	-1.0	0.0	-1.0	-1.0	1.0	-1.0	-1.0	0.625	1.0	-1.0	0.0	1.0	-1.0	-1.0	-1.0	1.0	-1.0	-1.0	-1.0	-1.0	1.0	-1.0	1.0	1.0	0.0	1.0	1.0	0.0	0.0	0.923	1.0	1.0	-1.0	1.0	0.0	-1.0	0.0	1.0	-1.0	-1.0	0.621	0.905	0.0	1.0	-1.0	0.0	1.0	1.0	0.0	1.0	0.0	0.0	0.0	-1.0	0.824	1.0	1.0	1.0	0.0	0.0	-1.0	0.0	1.0	1.0	0.0	-1.0	0.263	-1.0	1.0	0.0	0.048	1.0	1.0	0.0	1.0	0.0	0.0	0.0	1.0	0.0	0.0	-1.0	1.0	0.075	1.0	1.0	-1.0	1.0	0.0	0.0	-1.0	0.0	-1.0	0.0	0.0	1.0	1.0	0.667	0.0	-1.0	0.0	0.0	0.826	-1.0	-1.0	-1.0	0.0	0.928	1.0	0.565	1.0	1.0	0.637	1.0	0.0	0.846	0.0	-1.0	0.0	-1.0	-1.0	1.0	1.0	1.0	0.0	1.0	0.0	0.636	1.0	0.0	0.0	1.0	-1.0	0.0	0.0	-1.0	1.0	0.952	1.0	0.0	1.0	0.571	0.588	0.706	0.8	1.0	0.0	0.0	0.0	0.0	-1.0	0.0	0.0	0.0	0.0	-1.0	1.0	0.333	1.0	1.0	1.0	0.0	1.0	1.0	0.0	0.0	1.0	0.0	0.0	-1.0	-1.0	-1.0	-1.0	-1.0	-1.0	-1.0	-1.0	-1.0	-1.0	-1.0	-1.0	-1.0
gnl|Prokka|GCF_044361425.1_1|1878545|A	1.0	1.0	0.4	-1.0	-1.0	-1.0	-1.0	0.0	0.0	1.0	-1.0	-1.0	0.0	-1.0	-1.0	1.0	-1.0	1.0	1.0	1.0	0.0	1.0	-1.0	-1.0	-1.0	1.0	1.0	-1.0	1.0	-1.0	-1.0	1.0	0.0	0.0	1.0	0.027	1.0	1.0	-1.0	0.0	0.0	1.0	0.0	-1.0	1.0	-1.0	-1.0	0.0	1.0	-1.0	-1.0	0.87	0.939	0.0	1.0	-1.0	0.0	0.0	0.0	0.0	1.0	-1.0	0.0	0.0	-1.0	0.0	1.0	1.0	0.0	1.0	1.0	1.0	0.824	0.0	0.0	1.0	-1.0	0.226	-1.0	1.0	0.0	1.0	1.0	0.0	0.123	0.0	0.0	0.0	1.0	0.0	0.0	0.0	-1.0	0.903	0.0	1.0	0.642	-1.0	0.0	0.282	0.979	-1.0	0.0	-1.0	0.0	0.0	1.0	-1.0	0.685	0.0	-1.0	0.0	1.0	0.769	-1.0	-1.0	-1.0	-1.0	1.0	0.0	0.764	0.269	1.0	0.617	1.0	1.0	0.0	0.0	-1.0	0.0	-1.0	-1.0	0.0	1.0	1.0	0.0	0.0	0.0	1.0	0.0	0.0	1.0	1.0	-1.0	0.0	0.0	-1.0	0.0	1.0	1.0	0.0	0.636	0.0	0.581	-1.0	0.0	1.0	0.174	0.0	0.0	0.0	-1.0	0.0	0.615	0.0	1.0	-1.0	1.0	0.233	1.0	1.0	1.0	0.0	1.0	1.0	0.0	0.0	1.0	1.0	0.0	0.0	-1.0	-1.0	-1.0	-1.0	-1.0	-1.0	-1.0	-1.0	-1.0	-1.0	-1.0	-1.0
gnl|Prokka|GCF_044361425.1_1|1908387|T	0.0	1.0	0.6	-1.0	-1.0	-1.0	-1.0	0.0	-1.0	0.0	-1.0	-1.0	0.0	-1.0	-1.0	1.0	-1.0	0.0	0.0	0.0	-1.0	0.0	0.0	-1.0	-1.0	1.0	1.0	-1.0	1.0	-1.0	0.622	0.083	0.0	0.0	0.064	0.0	1.0	0.0	0.381	0.114	0.0	1.0	0.0	-1.0	0.093	-1.0	-1.0	1.0	1.0	-1.0	-1.0	0.649	0.0	0.0	0.0	1.0	0.0	0.0	0.0	1.0	0.0	0.0	0.0	0.0	-1.0	0.0	1.0	0.0	0.067	1.0	1.0	-1.0	1.0	1.0	-1.0	0.0	-1.0	0.296	-1.0	0.0	0.436	1.0	0.0	0.0	0.072	0.0	1.0	0.0	1.0	0.0	0.0	0.0	-1.0	0.0	0.0	1.0	0.614	-1.0	0.0	0.324	0.966	-1.0	0.0	-1.0	0.0	1.0	1.0	0.0	0.0	0.0	-1.0	0.0	0.0	1.0	-1.0	-1.0	-1.0	0.733	0.0	0.0	0.288	0.267	1.0	0.306	0.0	0.0	1.0	0.0	-1.0	0.889	0.571	-1.0	-1.0	1.0	0.0	0.0	0.0	1.0	0.0	1.0	0.0	1.0	0.0	-1.0	0.0	0.0	-1.0	1.0	0.0	1.0	0.0	0.0	0.0	0.0	0.0	0.12	0.0	0.583	0.0	0.0	1.0	-1.0	-1.0	-1.0	0.0	0.0	-1.0	0.0	0.2	1.0	1.0	0.0	0.0	0.0	0.759	0.0	0.0	0.0	0.0	0.0	0.0	-1.0	-1.0	-1.0	-1.0	-1.0	-1.0	-1.0	-1.0	-1.0	-1.0	-1.0	-1.0
gnl|Prokka|GCF_044361425.1_1|1944389|A	1.0	0.0	0.0	-1.0	-1.0	-1.0	-1.0	0.0	0.0	0.0	-1.0	-1.0	0.0	-1.0	-1.0	0.0	1.0	-1.0	0.286	1.0	1.0	1.0	0.571	-1.0	-1.0	0.0	0.0	-1.0	0.0	-1.0	0.804	1.0	1.0	0.0	0.923	0.0	1.0	1.0	0.0	1.0	1.0	1.0	1.0	-1.0	0.0	-1.0	-1.0	0.0	1.0	-1.0	-1.0	1.0	0.0	1.0	1.0	0.0	0.0	1.0	1.0	1.0	0.0	-1.0	0.0	0.0	-1.0	1.0	1.0	0.08	1.0	0.4	0.0	0.0	0.083	1.0	1.0	0.0	-1.0	0.444	-1.0	0.0	-1.0	0.0	1.0	1.0	0.038	1.0	1.0	0.526	0.0	1.0	1.0	1.0	-1.0	0.0	0.0	1.0	0.455	-1.0	1.0	0.735	0.0	-1.0	0.0	-1.0	0.0	0.833	1.0	1.0	1.0	0.0	-1.0	1.0	0.0	0.569	-1.0	-1.0	-1.0	0.0	0.0	0.011	0.176	0.818	1.0	0.0	1.0	1.0	1.0	0.0	-1.0	0.185	-1.0	-1.0	1.0	0.0	1.0	0.0	0.0	0.0	1.0	0.0	1.0	0.0	0.0	0.0	1.0	0.0	-1.0	-1.0	1.0	0.0	0.0	0.529	-1.0	0.838	0.0	0.81	0.0	0.538	1.0	0.0	0.0	-1.0	0.0	0.625	1.0	1.0	-1.0	0.0	1.0	1.0	0.0	0.0	1.0	0.0	0.698	1.0	0.0	0.0	1.0	0.0	0.099	-1.0	-1.0	-1.0	-1.0	-1.0	-1.0	-1.0	-1.0	-1.0	-1.0	-1.0	-1.0
gnl|Prokka|GCF_044361425.1_1|1944998|G	1.0	0.0	0.0	-1.0	0.0	-1.0	-1.0	0.0	0.0	0.0	-1.0	-1.0	0.0	-1.0	-1.0	0.0	1.0	1.0	0.0	0.0	1.0	0.0	0.0	-1.0	-1.0	-1.0	0.0	-1.0	0.0	-1.0	0.909	1.0	1.0	-1.0	0.0	0.0	1.0	1.0	0.0	1.0	1.0	1.0	1.0	-1.0	0.0	-1.0	-1.0	0.0	1.0	-1.0	-1.0	1.0	0.0	1.0	1.0	-1.0	0.0	1.0	1.0	1.0	0.0	-1.0	0.0	0.0	-1.0	1.0	1.0	0.0	1.0	1.0	0.0	-1.0	0.193	1.0	1.0	0.0	-1.0	0.214	-1.0	0.0	0.6	0.0	1.0	1.0	0.076	1.0	1.0	0.684	0.0	1.0	0.0	1.0	-1.0	0.0	0.0	1.0	0.723	-1.0	0.0	0.667	0.0	-1.0	0.0	-1.0	0.0	1.0	1.0	1.0	0.303	0.0	-1.0	1.0	0.0	0.744	-1.0	-1.0	-1.0	0.571	0.0	0.0	0.333	0.667	1.0	0.041	1.0	1.0	0.875	0.0	-1.0	0.455	-1.0	-1.0	0.0	0.0	1.0	0.0	0.0	0.0	1.0	0.0	1.0	0.0	0.273	0.0	1.0	0.0	-1.0	-1.0	0.046	-1.0	0.0	-1.0	-1.0	0.739	-1.0	1.0	0.0	0.545	1.0	0.0	0.0	-1.0	0.0	0.7	0.0	0.0	-1.0	0.0	1.0	1.0	0.0	0.0	1.0	0.0	0.717	1.0	0.0	0.0	1.0	0.0	0.0	-1.0	-1.0	-1.0	-1.0	-1.0	-1.0	-1.0	-1.0	-1.0	-1.0	-1.0	-1.0
gnl|Prokka|GCF_044361425.1_1|1945073|G	1.0	0.0	0.0	-1.0	0.0	-1.0	-1.0	0.0	-1.0	0.0	-1.0	-1.0	0.0	-1.0	-1.0	0.0	1.0	1.0	0.0	0.0	1.0	0.0	0.0	-1.0	-1.0	-1.0	0.0	-1.0	0.0	-1.0	0.79	1.0	1.0	-1.0	0.0	0.0	1.0	1.0	0.0	1.0	1.0	1.0	1.0	-1.0	0.0	-1.0	-1.0	0.0	1.0	-1.0	-1.0	1.0	0.0	1.0	0.95	0.0	0.0	1.0	1.0	1.0	0.0	-1.0	0.0	0.0	-1.0	1.0	1.0	0.0	1.0	1.0	0.0	-1.0	0.191	1.0	1.0	0.0	0.0	0.0	-1.0	0.0	0.605	0.0	1.0	1.0	0.065	1.0	1.0	0.818	0.0	1.0	0.0	1.0	-1.0	0.0	0.0	1.0	0.567	-1.0	0.0	0.813	0.0	-1.0	0.0	-1.0	0.0	1.0	1.0	1.0	0.247	0.0	-1.0	0.87	0.0	0.675	-1.0	-1.0	-1.0	0.278	0.0	0.0	0.258	0.643	1.0	0.0	1.0	1.0	0.769	1.0	-1.0	0.357	-1.0	-1.0	0.538	0.0	1.0	0.0	0.0	0.0	1.0	0.0	1.0	0.0	0.0	0.0	1.0	0.0	-1.0	-1.0	0.039	-1.0	0.0	0.364	-1.0	0.714	-1.0	1.0	0.0	0.429	1.0	0.0	0.0	-1.0	0.0	0.767	0.0	0.0	-1.0	0.0	1.0	1.0	0.0	0.0	1.0	0.0	0.703	-1.0	0.0	0.0	0.909	0.0	0.0	-1.0	-1.0	-1.0	-1.0	-1.0	-1.0	-1.0	-1.0	-1.0	-1.0	-1.0	-1.0
gnl|Prokka|GCF_044361425.1_1|1975195|G	0.0	0.174	0.2	-1.0	-1.0	-1.0	-1.0	0.275	0.0	0.0	-1.0	-1.0	0.0	-1.0	-1.0	0.0	0.0	-1.0	0.267	-1.0	-1.0	0.162	0.0	-1.0	-1.0	-1.0	0.19	-1.0	0.333	-1.0	0.193	0.062	-1.0	0.357	0.132	0.0	0.143	0.194	0.0	0.0	0.209	0.0	0.235	-1.0	0.0	-1.0	-1.0	0.0	0.288	-1.0	-1.0	0.194	0.0	0.0	0.238	0.3	0.207	0.113	0.244	0.273	0.0	0.0	0.245	0.175	-1.0	0.0	0.25	0.189	0.0	0.0	0.176	0.0	0.13	-1.0	0.0	0.0	-1.0	0.0	-1.0	0.222	0.15	0.095	0.0	0.0	0.0	0.138	0.203	0.3	0.186	0.214	0.268	0.276	-1.0	0.0	0.208	0.188	0.086	-1.0	-1.0	0.075	0.161	-1.0	0.0	-1.0	0.0	0.0	0.0	0.0	0.212	0.0	-1.0	0.19	0.161	0.2	-1.0	-1.0	-1.0	0.286	0.0	0.17	0.059	0.2	0.208	0.101	0.138	0.227	0.316	0.0	-1.0	0.333	-1.0	-1.0	0.0	0.212	0.0	0.0	0.0	0.163	0.0	0.0	0.194	0.148	0.172	0.0	0.121	0.0	-1.0	-1.0	0.164	0.353	0.262	0.267	0.0	0.0	-1.0	0.312	0.206	0.25	0.333	0.167	0.294	-1.0	0.0	0.0	0.0	0.0	-1.0	0.0	0.185	0.0	0.166	0.0	0.24	0.094	0.167	0.308	0.0	0.0	0.19	0.222	0.158	-1.0	-1.0	-1.0	-1.0	-1.0	-1.0	-1.0	-1.0	-1.0	-1.0	-1.0	-1.0
gnl|Prokka|GCF_044361425.1_1|1979357|A	1.0	0.0	0.0	-1.0	-1.0	-1.0	-1.0	0.0	0.0	1.0	-1.0	-1.0	1.0	-1.0	-1.0	-1.0	-1.0	1.0	1.0	0.0	-1.0	1.0	0.3	-1.0	-1.0	0.0	1.0	-1.0	0.545	-1.0	1.0	0.057	-1.0	0.0	0.071	0.0	1.0	1.0	0.389	1.0	1.0	1.0	1.0	-1.0	0.0	-1.0	-1.0	0.0	1.0	-1.0	-1.0	1.0	0.0	0.0	0.926	0.0	1.0	1.0	1.0	0.0	0.0	-1.0	0.0	0.0	-1.0	0.0	0.0	0.0	0.0	0.625	0.0	-1.0	0.182	1.0	1.0	0.0	0.0	0.0	-1.0	1.0	0.0	0.0	0.0	-1.0	0.051	1.0	0.0	0.621	0.0	1.0	0.0	0.0	-1.0	0.0	1.0	1.0	1.0	-1.0	0.0	0.0	0.0	-1.0	-1.0	-1.0	1.0	0.0	1.0	1.0	0.345	1.0	-1.0	0.0	0.0	0.594	-1.0	-1.0	-1.0	1.0	0.068	0.0	0.812	0.867	0.0	0.657	1.0	1.0	0.0	0.0	-1.0	1.0	-1.0	-1.0	-1.0	1.0	0.0	0.0	0.0	0.0	0.7	0.0	1.0	0.0	1.0	1.0	0.0	0.0	-1.0	1.0	0.0	1.0	0.0	0.774	1.0	0.452	0.0	1.0	0.0	0.543	1.0	0.0	0.0	-1.0	-1.0	0.706	1.0	1.0	-1.0	0.0	1.0	1.0	1.0	1.0	0.964	1.0	1.0	1.0	0.0	1.0	1.0	0.0	-1.0	-1.0	-1.0	-1.0	-1.0	-1.0	-1.0	-1.0	-1.0	-1.0	-1.0	-1.0	-1.0
gnl|Prokka|GCF_044361425.1_1|2021833|A	0.0	0.0	0.222	-1.0	-1.0	-1.0	-1.0	1.0	0.0	0.0	-1.0	-1.0	0.0	-1.0	-1.0	1.0	1.0	1.0	0.733	1.0	-1.0	1.0	1.0	-1.0	-1.0	0.286	1.0	-1.0	0.647	-1.0	0.133	0.857	0.375	0.188	1.0	0.974	0.0	1.0	0.643	0.0	0.0	0.0	1.0	-1.0	0.0	-1.0	-1.0	1.0	0.0	-1.0	-1.0	0.625	0.0	1.0	0.0	1.0	1.0	0.0	0.0	0.0	0.0	0.0	0.0	0.0	-1.0	0.0	1.0	1.0	1.0	0.444	0.0	-1.0	0.0	0.0	1.0	1.0	-1.0	1.0	-1.0	1.0	0.0	0.0	1.0	-1.0	0.871	0.0	0.0	0.6	0.0	1.0	0.0	0.0	-1.0	1.0	1.0	0.0	0.347	-1.0	0.0	0.0	0.017	-1.0	1.0	-1.0	1.0	1.0	0.0	0.0	0.805	0.0	-1.0	0.0	1.0	1.0	-1.0	-1.0	-1.0	1.0	0.914	0.0	0.0	0.0	1.0	0.051	0.0	0.0	1.0	1.0	-1.0	0.8	-1.0	-1.0	0.0	0.0	1.0	1.0	0.0	0.0	0.0	1.0	0.0	0.0	0.842	1.0	0.0	1.0	-1.0	0.0	1.0	1.0	0.0	0.423	0.0	1.0	1.0	0.0	1.0	0.615	1.0	0.0	1.0	-1.0	0.0	0.0	1.0	1.0	-1.0	0.0	0.0	0.0	1.0	0.0	0.416	1.0	0.617	1.0	1.0	1.0	0.0	0.208	1.0	-1.0	-1.0	-1.0	-1.0	-1.0	-1.0	-1.0	-1.0	-1.0	-1.0	-1.0	-1.0
gnl|Prokka|GCF_044361425.1_1|2057055|C	1.0	0.0	0.0	-1.0	-1.0	-1.0	-1.0	0.0	0.0	-1.0	-1.0	-1.0	1.0	-1.0	-1.0	0.0	0.0	0.0	1.0	1.0	-1.0	1.0	-1.0	-1.0	-1.0	-1.0	0.0	-1.0	-1.0	-1.0	0.312	0.909	0.0	1.0	1.0	0.0	1.0	1.0	1.0	0.093	0.0	1.0	1.0	-1.0	0.0	-1.0	-1.0	0.0	1.0	-1.0	-1.0	0.514	0.0	0.0	1.0	-1.0	1.0	0.0	0.0	0.0	0.0	0.0	0.0	0.0	-1.0	0.0	1.0	1.0	0.0	-1.0	1.0	-1.0	1.0	0.0	0.0	1.0	0.273	0.0	-1.0	0.0	0.0	0.0	1.0	-1.0	0.109	0.0	1.0	0.0	1.0	1.0	1.0	0.0	-1.0	0.0	1.0	1.0	0.312	-1.0	0.0	0.302	1.0	-1.0	0.0	-1.0	1.0	0.0	1.0	1.0	1.0	1.0	-1.0	1.0	0.0	0.704	-1.0	-1.0	-1.0	0.0	0.169	0.0	1.0	0.276	1.0	0.649	1.0	0.0	0.0	0.0	-1.0	0.0	-1.0	-1.0	0.0	0.0	1.0	0.0	1.0	0.0	1.0	0.0	0.0	1.0	0.0	-1.0	0.0	0.0	-1.0	1.0	0.912	0.0	0.0	0.333	-1.0	1.0	-1.0	0.0	1.0	1.0	0.0	0.0	0.625	-1.0	0.0	0.444	0.0	1.0	-1.0	0.0	1.0	0.0	0.0	0.0	0.636	0.0	1.0	0.0	0.0	0.0	0.0	0.355	0.0	-1.0	-1.0	-1.0	-1.0	-1.0	-1.0	-1.0	-1.0	-1.0	-1.0	-1.0	-1.0
gnl|Prokka|GCF_044361425.1_1|2057060|T	1.0	0.0	0.0	-1.0	-1.0	-1.0	-1.0	0.0	0.0	-1.0	-1.0	-1.0	1.0	-1.0	-1.0	0.0	0.0	0.0	1.0	1.0	-1.0	1.0	-1.0	-1.0	-1.0	-1.0	0.0	-1.0	-1.0	-1.0	0.295	0.905	0.0	1.0	0.939	0.0	1.0	1.0	1.0	0.089	0.0	1.0	1.0	-1.0	0.0	0.0	-1.0	0.0	1.0	-1.0	-1.0	0.606	0.0	0.0	1.0	-1.0	1.0	0.0	0.0	0.0	0.0	0.0	0.0	0.0	-1.0	0.0	1.0	1.0	0.0	1.0	1.0	-1.0	1.0	0.0	0.0	1.0	0.273	0.0	-1.0	0.0	0.0	0.0	1.0	-1.0	0.117	0.0	1.0	0.0	1.0	1.0	1.0	0.0	-1.0	0.0	1.0	1.0	0.351	-1.0	0.0	0.321	1.0	-1.0	0.0	-1.0	1.0	0.0	1.0	1.0	1.0	1.0	-1.0	1.0	0.0	0.667	-1.0	-1.0	-1.0	0.0	0.141	0.0	1.0	0.25	1.0	0.634	1.0	0.0	0.0	0.0	-1.0	0.0	-1.0	-1.0	0.0	0.0	1.0	0.0	1.0	0.0	1.0	0.0	0.0	1.0	0.0	-1.0	0.0	0.0	-1.0	1.0	0.912	0.0	0.0	0.333	-1.0	1.0	1.0	0.0	1.0	1.0	0.0	0.0	0.647	-1.0	0.0	0.462	0.0	1.0	-1.0	0.0	1.0	0.0	0.0	0.0	0.642	0.0	1.0	0.0	0.0	0.0	0.0	0.345	0.052	-1.0	-1.0	-1.0	-1.0	-1.0	-1.0	-1.0	-1.0	-1.0	-1.0	-1.0	-1.0
gnl|Prokka|GCF_044361425.1_1|2057083|T	0.0	0.0	0.0	-1.0	-1.0	-1.0	-1.0	0.0	0.0	-1.0	-1.0	-1.0	0.0	-1.0	-1.0	0.0	0.0	0.0	1.0	1.0	-1.0	1.0	-1.0	-1.0	-1.0	1.0	0.0	-1.0	-1.0	-1.0	0.321	0.922	0.0	1.0	0.947	0.0	1.0	1.0	1.0	0.071	1.0	1.0	1.0	-1.0	0.0	0.0	-1.0	0.0	1.0	-1.0	-1.0	0.629	0.0	0.0	0.0	-1.0	1.0	0.0	0.0	0.0	0.0	0.0	0.0	0.0	-1.0	0.0	1.0	1.0	0.0	0.667	1.0	-1.0	1.0	0.0	0.0	1.0	-1.0	0.0	-1.0	0.0	0.0	0.0	1.0	-1.0	0.065	0.0	1.0	0.0	1.0	1.0	1.0	0.0	-1.0	0.0	1.0	1.0	0.473	-1.0	0.0	0.419	1.0	-1.0	0.0	-1.0	1.0	0.0	1.0	0.0	1.0	1.0	-1.0	1.0	0.0	1.0	-1.0	-1.0	-1.0	0.833	0.177	0.0	0.509	0.29	1.0	0.032	1.0	0.0	0.0	0.0	-1.0	0.0	-1.0	-1.0	0.0	0.0	1.0	0.0	1.0	0.0	0.444	0.0	0.0	1.0	0.0	0.0	0.0	0.0	-1.0	1.0	0.941	0.0	0.0	0.444	-1.0	1.0	-1.0	0.0	1.0	1.0	0.0	0.0	1.0	-1.0	0.0	0.56	0.0	1.0	-1.0	0.0	1.0	0.0	0.0	0.0	0.639	0.0	0.633	0.0	0.0	0.0	0.0	0.351	0.051	-1.0	-1.0	-1.0	-1.0	-1.0	-1.0	-1.0	-1.0	-1.0	-1.0	-1.0	-1.0
gnl|Prokka|GCF_044361425.1_1|2057091|T	0.0	0.0	0.0	-1.0	-1.0	-1.0	-1.0	0.0	0.0	-1.0	-1.0	-1.0	0.0	-1.0	-1.0	0.0	0.0	0.0	1.0	1.0	-1.0	1.0	-1.0	-1.0	-1.0	1.0	0.0	-1.0	-1.0	-1.0	0.319	0.925	0.0	0.714	0.946	0.0	1.0	1.0	1.0	0.068	1.0	1.0	1.0	-1.0	0.0	0.0	-1.0	0.0	1.0	-1.0	-1.0	0.676	0.0	0.0	0.0	-1.0	1.0	0.0	0.0	0.0	0.0	0.0	0.0	0.0	-1.0	0.0	1.0	1.0	0.0	0.7	1.0	-1.0	1.0	0.0	0.0	1.0	0.462	0.0	-1.0	0.0	0.0	0.0	1.0	-1.0	0.077	0.0	1.0	0.0	1.0	1.0	1.0	0.0	-1.0	0.0	1.0	1.0	0.466	-1.0	0.0	0.333	0.973	-1.0	0.0	-1.0	1.0	0.0	1.0	0.0	1.0	1.0	-1.0	1.0	0.0	1.0	-1.0	-1.0	-1.0	0.879	0.169	0.0	0.694	0.281	1.0	0.031	1.0	0.0	0.0	0.0	-1.0	0.0	-1.0	-1.0	0.0	0.0	1.0	0.0	1.0	0.0	0.444	0.0	0.0	1.0	0.0	0.0	0.0	0.0	-1.0	1.0	0.938	0.0	0.0	-1.0	-1.0	1.0	1.0	0.0	1.0	1.0	0.0	0.0	1.0	-1.0	0.0	0.52	0.0	1.0	-1.0	0.0	1.0	0.0	0.0	0.0	0.616	0.0	0.627	0.0	0.0	0.0	0.0	0.375	0.05	-1.0	-1.0	-1.0	-1.0	-1.0	-1.0	-1.0	-1.0	-1.0	-1.0	-1.0	-1.0
gnl|Prokka|GCF_044361425.1_1|2060856|A	1.0	1.0	0.0	-1.0	-1.0	-1.0	-1.0	1.0	0.0	0.0	-1.0	-1.0	1.0	-1.0	-1.0	1.0	0.0	-1.0	1.0	1.0	-1.0	0.0	1.0	-1.0	-1.0	-1.0	1.0	-1.0	0.167	-1.0	0.337	0.096	1.0	1.0	0.86	0.0	0.0	1.0	0.55	1.0	1.0	1.0	0.0	-1.0	1.0	-1.0	-1.0	0.0	1.0	-1.0	-1.0	1.0	1.0	0.0	1.0	1.0	1.0	0.0	0.0	0.0	1.0	-1.0	0.0	0.0	-1.0	1.0	1.0	0.075	0.0	0.231	0.0	1.0	0.0	0.0	0.188	0.0	-1.0	0.12	-1.0	0.0	0.628	0.0	0.0	-1.0	0.067	1.0	1.0	0.0	0.0	0.0	1.0	1.0	-1.0	0.111	1.0	1.0	0.505	-1.0	1.0	0.769	0.0	-1.0	1.0	-1.0	-1.0	0.0	1.0	1.0	0.757	1.0	-1.0	1.0	1.0	-1.0	-1.0	-1.0	-1.0	0.154	0.0	0.0	0.469	0.652	0.885	0.675	0.0	0.0	1.0	0.0	-1.0	0.0	0.0	-1.0	1.0	0.0	0.0	0.0	1.0	0.0	1.0	0.875	1.0	0.0	0.0	0.0	1.0	1.0	-1.0	0.0	1.0	1.0	0.0	0.375	-1.0	0.396	0.727	0.0	0.0	0.0	0.0	0.0	0.214	-1.0	0.0	0.611	1.0	0.0	-1.0	0.0	0.282	1.0	1.0	0.0	0.333	0.0	1.0	0.0	0.0	0.0	0.0	0.833	0.0	-1.0	-1.0	-1.0	-1.0	-1.0	-1.0	-1.0	-1.0	-1.0	-1.0	-1.0	-1.0
gnl|Prokka|GCF_044361425.1_1|2066829|A	0.0	1.0	0.389	-1.0	-1.0	-1.0	-1.0	0.0	-1.0	0.0	-1.0	-1.0	0.0	-1.0	-1.0	0.0	-1.0	-1.0	1.0	1.0	-1.0	0.0	-1.0	-1.0	-1.0	1.0	1.0	-1.0	0.0	-1.0	0.39	0.071	0.0	1.0	1.0	0.034	1.0	1.0	1.0	0.103	1.0	1.0	0.0	-1.0	1.0	-1.0	-1.0	0.0	1.0	-1.0	-1.0	0.688	0.913	1.0	0.273	-1.0	1.0	1.0	0.945	0.0	1.0	-1.0	0.0	0.0	-1.0	0.826	1.0	1.0	1.0	0.0	1.0	1.0	0.84	1.0	0.8	0.0	1.0	0.143	-1.0	1.0	0.0	0.0	0.0	1.0	0.062	0.0	0.0	0.0	0.907	0.0	0.0	0.0	-1.0	1.0	1.0	1.0	0.0	-1.0	1.0	0.415	1.0	-1.0	0.0	-1.0	1.0	0.0	1.0	0.0	0.756	0.0	-1.0	0.0	0.0	0.478	-1.0	-1.0	-1.0	0.0	0.891	0.0	0.232	0.16	1.0	0.0	0.0	1.0	0.0	0.0	-1.0	0.0	-1.0	-1.0	1.0	0.0	0.0	0.0	1.0	0.0	0.0	1.0	0.0	1.0	1.0	-1.0	0.0	0.0	-1.0	0.0	0.949	0.0	0.0	0.762	0.0	0.419	0.733	0.81	1.0	0.0	0.0	0.0	0.25	-1.0	-1.0	0.357	1.0	0.0	-1.0	1.0	0.378	1.0	0.0	0.0	0.0	1.0	0.681	0.0	1.0	1.0	1.0	0.652	0.08	-1.0	-1.0	-1.0	-1.0	-1.0	-1.0	-1.0	-1.0	-1.0	-1.0	-1.0	-1.0
gnl|Prokka|GCF_044361425.1_1|2085490|C	1.0	0.0	0.545	-1.0	-1.0	-1.0	-1.0	0.0	-1.0	-1.0	-1.0	-1.0	0.0	-1.0	-1.0	0.833	-1.0	-1.0	0.85	1.0	-1.0	0.115	-1.0	-1.0	-1.0	-1.0	0.0	-1.0	0.0	-1.0	0.392	0.941	0.0	0.0	0.922	0.0	0.0	1.0	0.0	0.0	0.0	0.0	0.0	-1.0	1.0	1.0	-1.0	1.0	0.0	-1.0	-1.0	0.707	0.942	1.0	1.0	-1.0	0.0	0.0	0.0	1.0	1.0	1.0	1.0	1.0	-1.0	0.0	1.0	1.0	0.0	0.545	0.0	1.0	0.129	0.0	0.0	0.0	-1.0	0.286	-1.0	1.0	0.345	1.0	1.0	-1.0	0.056	0.0	1.0	1.0	0.0	0.0	1.0	0.0	-1.0	1.0	0.152	0.0	0.523	-1.0	0.0	0.0	0.0	-1.0	0.0	-1.0	0.0	1.0	0.0	1.0	1.0	0.0	-1.0	1.0	1.0	0.455	-1.0	-1.0	-1.0	0.0	0.891	0.0	0.714	0.0	1.0	0.907	1.0	0.0	0.0	0.0	-1.0	0.175	0.0	-1.0	0.0	1.0	1.0	0.0	0.0	1.0	0.444	0.0	0.0	0.0	0.812	0.0	0.0	0.0	-1.0	0.0	1.0	1.0	0.0	0.0	-1.0	0.818	-1.0	0.0	1.0	0.55	1.0	1.0	0.286	-1.0	1.0	0.0	0.0	0.0	-1.0	0.0	0.766	0.0	1.0	1.0	0.704	1.0	1.0	1.0	1.0	1.0	0.0	0.0	0.0	-1.0	-1.0	-1.0	-1.0	-1.0	-1.0	-1.0	-1.0	-1.0	-1.0	-1.0	-1.0
gnl|Prokka|GCF_044361425.1_1|2087786|G	1.0	1.0	0.0	-1.0	-1.0	-1.0	-1.0	0.0	0.0	0.0	-1.0	-1.0	0.0	-1.0	-1.0	0.0	-1.0	0.0	0.7	0.0	-1.0	0.0	0.0	-1.0	-1.0	0.0	1.0	-1.0	0.0	-1.0	0.441	1.0	1.0	0.0	0.0	0.0	1.0	1.0	0.464	1.0	0.0	1.0	0.0	-1.0	0.0	0.0	-1.0	1.0	1.0	-1.0	-1.0	0.179	0.07	1.0	0.898	0.0	1.0	1.0	0.0	0.0	0.0	0.0	0.0	0.0	-1.0	0.0	0.0	0.0	1.0	-1.0	0.0	0.0	0.069	0.0	1.0	1.0	0.0	0.0	-1.0	0.0	0.0	0.0	1.0	1.0	0.0	1.0	1.0	0.0	0.107	0.0	1.0	1.0	-1.0	0.0	0.921	1.0	0.398	-1.0	0.0	0.621	0.0	-1.0	0.0	-1.0	1.0	1.0	1.0	1.0	0.0	0.0	-1.0	1.0	1.0	0.061	-1.0	-1.0	-1.0	0.0	0.08	0.0	0.704	1.0	0.0	0.58	1.0	1.0	0.115	0.0	-1.0	0.0	0.0	-1.0	-1.0	0.0	1.0	0.0	0.0	0.0	1.0	0.0	1.0	0.0	0.211	0.0	1.0	0.0	-1.0	0.0	0.038	0.0	0.0	0.25	0.0	1.0	1.0	0.167	0.0	0.0	0.0	0.0	0.0	-1.0	0.0	0.625	0.0	0.0	-1.0	0.0	0.224	1.0	0.0	1.0	0.4	0.0	0.271	1.0	0.0	0.0	1.0	0.0	0.0	-1.0	-1.0	-1.0	-1.0	-1.0	-1.0	-1.0	-1.0	-1.0	-1.0	-1.0	-1.0
gnl|Prokka|GCF_044361425.1_1|2099543|A	0.0	1.0	0.0	-1.0	-1.0	-1.0	-1.0	1.0	0.0	1.0	-1.0	-1.0	0.0	-1.0	-1.0	0.0	-1.0	0.0	0.0	1.0	-1.0	0.0	1.0	-1.0	-1.0	0.429	0.0	-1.0	0.0	-1.0	0.433	0.936	1.0	0.0	0.952	0.954	0.0	0.0	-1.0	1.0	0.196	0.0	0.0	-1.0	0.0	0.0	-1.0	1.0	0.0	-1.0	-1.0	1.0	0.14	0.0	0.0	0.0	1.0	1.0	0.0	0.0	0.0	-1.0	0.0	0.0	-1.0	0.304	1.0	0.059	1.0	-1.0	0.0	0.0	0.193	0.0	1.0	0.0	-1.0	1.0	-1.0	1.0	0.0	0.0	1.0	1.0	0.905	1.0	0.0	0.0	0.0	0.0	1.0	1.0	-1.0	0.94	1.0	0.0	0.071	-1.0	0.0	0.711	0.04	-1.0	1.0	-1.0	1.0	1.0	0.0	0.0	1.0	1.0	-1.0	0.833	0.0	0.711	-1.0	-1.0	-1.0	0.088	0.927	0.0	0.254	0.742	1.0	0.04	1.0	0.0	1.0	1.0	-1.0	0.0	0.0	-1.0	0.0	0.0	0.87	1.0	0.0	0.0	0.0	0.0	1.0	0.0	1.0	0.286	0.0	1.0	-1.0	0.0	0.0	0.0	0.0	0.433	1.0	0.929	0.0	1.0	0.0	0.838	0.0	0.019	1.0	-1.0	0.0	0.714	1.0	0.0	-1.0	0.0	0.764	0.0	0.0	1.0	1.0	1.0	0.919	1.0	1.0	1.0	0.0	0.222	0.097	-1.0	-1.0	-1.0	-1.0	-1.0	-1.0	-1.0	-1.0	-1.0	-1.0	-1.0	-1.0
gnl|Prokka|GCF_044361425.1_1|2099718|A	0.0	1.0	0.0	-1.0	-1.0	-1.0	-1.0	1.0	0.0	1.0	-1.0	-1.0	0.0	-1.0	-1.0	0.0	-1.0	0.0	0.0	1.0	-1.0	0.0	0.4	-1.0	-1.0	0.556	0.0	-1.0	0.0	-1.0	0.523	1.0	1.0	0.0	0.905	0.976	0.0	0.0	-1.0	1.0	0.167	0.0	0.0	-1.0	0.0	-1.0	-1.0	1.0	0.0	-1.0	-1.0	1.0	0.087	0.0	0.0	0.0	1.0	1.0	0.0	0.0	0.0	-1.0	0.0	0.0	-1.0	0.0	1.0	0.064	1.0	0.556	0.0	-1.0	0.147	0.0	1.0	0.0	0.0	1.0	-1.0	1.0	0.0	0.0	1.0	1.0	0.866	1.0	0.0	0.0	0.0	0.0	1.0	1.0	-1.0	1.0	1.0	0.0	0.09	-1.0	0.0	0.679	0.016	-1.0	1.0	-1.0	1.0	1.0	0.0	0.0	1.0	1.0	-1.0	0.8	0.0	0.659	-1.0	-1.0	-1.0	0.147	0.96	0.007	0.282	0.759	1.0	0.043	1.0	0.0	1.0	1.0	-1.0	0.0	-1.0	-1.0	0.0	0.0	1.0	1.0	0.0	0.0	0.0	0.0	1.0	0.0	1.0	0.0	0.0	1.0	-1.0	0.0	0.0	0.0	0.0	-1.0	1.0	0.937	0.0	1.0	0.0	0.857	0.0	0.0	0.737	-1.0	0.429	0.722	1.0	0.0	-1.0	0.0	0.717	0.0	1.0	1.0	1.0	1.0	0.732	1.0	1.0	1.0	0.0	0.303	0.0	-1.0	-1.0	-1.0	-1.0	-1.0	-1.0	-1.0	-1.0	-1.0	-1.0	-1.0	-1.0
gnl|Prokka|GCF_044361425.1_1|2066866|G	0.0	1.0	0.429	-1.0	-1.0	-1.0	-1.0	0.0	-1.0	0.0	-1.0	-1.0	0.0	-1.0	-1.0	0.0	-1.0	-1.0	1.0	1.0	-1.0	0.0	-1.0	-1.0	-1.0	1.0	1.0	-1.0	0.0	-1.0	-1.0	0.085	0.0	1.0	0.9	0.049	1.0	1.0	1.0	0.077	0.932	1.0	0.0	-1.0	1.0	-1.0	-1.0	0.0	1.0	-1.0	-1.0	0.744	0.94	1.0	0.15	-1.0	1.0	1.0	0.946	-1.0	1.0	0.0	0.0	0.0	-1.0	0.0	1.0	1.0	1.0	0.0	1.0	1.0	0.851	1.0	0.824	0.0	1.0	1.0	-1.0	1.0	0.0	0.0	0.0	1.0	0.085	0.0	0.0	0.0	0.889	0.0	1.0	0.0	-1.0	1.0	1.0	1.0	0.0	-1.0	1.0	0.4	1.0	-1.0	0.0	-1.0	1.0	0.0	1.0	0.0	0.771	0.0	-1.0	1.0	0.0	-1.0	-1.0	-1.0	-1.0	0.0	0.9	0.0	0.264	0.154	1.0	0.0	0.0	1.0	0.0	0.0	-1.0	0.0	0.0	-1.0	1.0	0.0	0.0	0.0	1.0	0.0	0.0	0.889	0.0	1.0	1.0	-1.0	0.0	0.0	-1.0	0.0	0.961	0.0	0.0	0.632	0.0	0.373	0.812	0.842	1.0	0.0	0.0	0.0	0.389	-1.0	-1.0	0.333	0.0	0.0	-1.0	1.0	0.408	1.0	0.0	0.0	0.048	1.0	0.712	0.0	1.0	1.0	1.0	0.0	1.0	-1.0	-1.0	-1.0	-1.0	-1.0	-1.0	-1.0	-1.0	-1.0	-1.0	-1.0	-1.0
gnl|Prokka|GCF_044361425.1_1|2105367|T	0.727	1.0	0.0	-1.0	-1.0	-1.0	-1.0	0.0	0.0	0.0	-1.0	-1.0	0.0	-1.0	-1.0	0.0	-1.0	0.0	0.556	0.0	-1.0	0.0	0.429	-1.0	-1.0	-1.0	0.0	-1.0	0.0	-1.0	0.0	0.0	-1.0	0.0	0.0	0.0	0.0	1.0	0.529	1.0	0.0	0.0	1.0	-1.0	0.0	-1.0	-1.0	1.0	0.0	-1.0	-1.0	1.0	0.114	0.0	1.0	0.0	1.0	1.0	1.0	0.0	0.0	-1.0	0.0	0.0	-1.0	0.0	1.0	0.864	1.0	1.0	0.0	0.0	0.145	1.0	1.0	0.0	-1.0	0.25	-1.0	1.0	0.0	0.0	0.0	1.0	0.941	0.0	0.0	0.0	0.0	1.0	0.0	1.0	-1.0	1.0	1.0	0.0	0.662	-1.0	0.0	0.769	0.0	-1.0	0.0	-1.0	1.0	1.0	0.0	1.0	0.0	1.0	-1.0	0.0	0.0	0.697	-1.0	-1.0	-1.0	0.222	1.0	0.0	-1.0	0.0	1.0	0.702	0.0	1.0	0.762	1.0	-1.0	0.0	-1.0	-1.0	0.0	0.0	0.0	1.0	0.0	0.0	1.0	0.897	1.0	0.0	1.0	0.0	0.0	0.0	-1.0	0.0	0.0	0.0	0.0	0.211	0.0	0.423	0.429	1.0	1.0	0.548	0.0	0.0	0.4	-1.0	0.0	0.517	1.0	0.0	-1.0	0.0	0.0	0.0	0.0	0.0	0.333	1.0	1.0	0.0	1.0	1.0	1.0	0.207	0.0	-1.0	-1.0	-1.0	-1.0	-1.0	-1.0	-1.0	-1.0	-1.0	-1.0	-1.0	-1.0
gnl|Prokka|GCF_044361425.1_1|2107390|G	1.0	1.0	0.636	-1.0	-1.0	-1.0	-1.0	1.0	0.0	1.0	-1.0	-1.0	1.0	-1.0	-1.0	0.0	-1.0	0.0	1.0	1.0	-1.0	0.0	-1.0	-1.0	-1.0	0.3	0.0	-1.0	0.0	-1.0	0.0	0.769	1.0	1.0	0.912	0.977	0.0	1.0	0.737	1.0	0.0	0.0	1.0	-1.0	0.0	-1.0	-1.0	0.0	0.0	-1.0	-1.0	1.0	0.0	0.0	1.0	-1.0	1.0	0.0	0.0	0.0	0.0	-1.0	0.0	0.0	-1.0	0.0	1.0	0.103	1.0	0.0	0.0	-1.0	0.0	0.0	1.0	0.0	-1.0	1.0	-1.0	1.0	0.0	0.0	1.0	-1.0	0.0	1.0	1.0	0.0	0.0	1.0	1.0	1.0	-1.0	0.912	1.0	0.0	0.466	-1.0	0.0	0.756	0.029	-1.0	1.0	-1.0	1.0	0.0	0.0	1.0	0.776	0.0	-1.0	1.0	0.0	0.426	-1.0	-1.0	-1.0	0.0	1.0	0.0	0.362	1.0	1.0	0.748	0.0	0.0	0.0	0.0	-1.0	0.0	0.0	-1.0	-1.0	0.0	1.0	0.0	1.0	0.0	1.0	1.0	1.0	0.0	1.0	0.0	1.0	1.0	-1.0	1.0	0.0	0.0	0.0	0.438	0.0	1.0	0.0	0.864	0.0	0.186	0.0	0.0	0.0	-1.0	0.0	0.885	0.0	0.0	-1.0	0.0	0.0	0.0	1.0	1.0	0.452	1.0	1.0	1.0	1.0	1.0	0.0	0.0	0.095	-1.0	-1.0	-1.0	-1.0	-1.0	-1.0	-1.0	-1.0	-1.0	-1.0	-1.0	-1.0
gnl|Prokka|GCF_044361425.1_1|2151938|G	0.0	1.0	0.0	-1.0	-1.0	-1.0	-1.0	1.0	0.0	0.0	-1.0	-1.0	1.0	-1.0	-1.0	1.0	0.0	0.0	0.0	0.0	-1.0	-1.0	0.0	-1.0	-1.0	0.0	0.0	-1.0	0.0	-1.0	0.467	0.094	-1.0	0.0	0.0	0.0	1.0	0.0	0.583	1.0	0.159	1.0	0.0	-1.0	0.0	-1.0	-1.0	1.0	1.0	-1.0	-1.0	1.0	0.0	0.0	0.0	-1.0	1.0	1.0	1.0	0.0	0.0	-1.0	0.0	0.0	-1.0	0.25	1.0	0.0	1.0	0.571	0.0	-1.0	0.17	1.0	1.0	0.0	0.0	1.0	-1.0	1.0	0.0	-1.0	0.0	1.0	0.82	1.0	0.0	0.0	0.0	0.0	1.0	1.0	-1.0	1.0	1.0	1.0	0.14	-1.0	1.0	0.667	0.0	-1.0	1.0	-1.0	1.0	0.812	1.0	0.0	0.298	0.0	-1.0	0.0	0.0	1.0	-1.0	-1.0	-1.0	-1.0	0.909	1.0	0.228	0.708	1.0	0.049	1.0	0.0	1.0	1.0	-1.0	0.0	-1.0	-1.0	1.0	0.0	0.0	1.0	0.0	0.0	0.0	0.771	1.0	0.0	1.0	-1.0	1.0	1.0	-1.0	0.0	0.0	1.0	0.0	0.0	0.0	0.395	0.25	0.0	0.0	1.0	0.0	0.0	0.762	-1.0	0.0	0.545	0.0	-1.0	-1.0	0.0	1.0	1.0	1.0	0.0	0.566	1.0	0.766	1.0	1.0	1.0	0.0	0.0	-1.0	-1.0	-1.0	-1.0	-1.0	-1.0	-1.0	-1.0	-1.0	-1.0	-1.0	-1.0	-1.0
gnl|Prokka|GCF_044361425.1_1|2165079|G	1.0	1.0	0.364	-1.0	1.0	-1.0	-1.0	0.0	0.0	-1.0	-1.0	-1.0	0.0	-1.0	-1.0	0.0	-1.0	0.0	0.0	0.0	-1.0	0.0	-1.0	-1.0	-1.0	0.0	1.0	-1.0	0.0	-1.0	0.0	0.889	1.0	0.0	0.108	0.942	0.0	1.0	0.545	1.0	0.14	0.0	0.0	-1.0	0.0	-1.0	-1.0	1.0	0.0	-1.0	-1.0	0.788	0.0	1.0	1.0	0.0	1.0	1.0	1.0	0.0	0.0	0.0	1.0	0.0	-1.0	0.2	1.0	0.0	1.0	0.0	0.0	0.0	0.0	1.0	1.0	1.0	0.0	1.0	-1.0	1.0	0.0	1.0	0.955	1.0	0.955	0.0	1.0	-1.0	0.0	0.0	0.0	0.0	-1.0	1.0	1.0	0.0	1.0	-1.0	0.0	0.593	0.0	-1.0	0.0	-1.0	1.0	1.0	0.0	1.0	0.259	1.0	-1.0	1.0	1.0	1.0	-1.0	-1.0	-1.0	1.0	0.893	0.0	0.182	0.0	1.0	0.0	0.0	0.0	1.0	1.0	-1.0	1.0	-1.0	-1.0	0.0	0.0	1.0	0.0	0.167	0.0	-1.0	1.0	0.0	0.0	1.0	0.0	0.0	0.0	-1.0	0.0	0.0	0.0	0.0	0.571	1.0	1.0	0.0	0.806	0.0	0.907	1.0	0.021	1.0	-1.0	0.0	0.476	0.0	0.0	-1.0	0.0	0.0	0.0	1.0	0.0	0.699	1.0	0.68	1.0	1.0	1.0	0.0	0.2	0.0	-1.0	-1.0	-1.0	-1.0	-1.0	-1.0	-1.0	-1.0	-1.0	-1.0	-1.0	-1.0
gnl|Prokka|GCF_044361425.1_1|2165109|C	1.0	1.0	0.417	-1.0	1.0	-1.0	-1.0	0.0	0.0	1.0	-1.0	-1.0	0.0	-1.0	-1.0	1.0	-1.0	0.0	0.0	0.0	-1.0	0.0	-1.0	-1.0	-1.0	0.0	0.0	-1.0	0.0	-1.0	0.373	0.098	1.0	1.0	0.105	0.94	1.0	0.0	0.0	1.0	0.17	1.0	0.0	-1.0	0.0	-1.0	-1.0	0.0	1.0	-1.0	-1.0	1.0	0.0	1.0	0.94	0.0	0.0	0.0	0.0	0.0	0.0	-1.0	0.0	0.0	-1.0	1.0	1.0	0.0	1.0	0.273	0.0	1.0	0.0	0.0	1.0	1.0	0.0	0.184	-1.0	1.0	0.431	0.0	0.0	1.0	0.0	0.0	0.0	0.0	0.0	0.0	0.0	1.0	-1.0	1.0	0.0	1.0	1.0	-1.0	1.0	0.517	0.0	-1.0	0.0	-1.0	0.0	1.0	1.0	1.0	0.0	0.0	-1.0	0.0	1.0	1.0	-1.0	-1.0	-1.0	1.0	0.878	1.0	0.0	0.0	1.0	0.0	0.0	0.0	0.0	0.0	-1.0	0.0	-1.0	-1.0	1.0	0.0	0.0	0.0	1.0	0.0	0.455	0.903	1.0	0.0	1.0	0.0	1.0	0.0	-1.0	0.0	0.0	1.0	0.0	0.783	0.0	0.0	0.0	0.125	0.0	0.0	0.0	0.0	0.0	-1.0	0.0	0.55	1.0	0.0	-1.0	1.0	1.0	1.0	1.0	0.0	0.0	1.0	0.622	1.0	1.0	1.0	0.0	0.0	0.0	-1.0	-1.0	-1.0	-1.0	-1.0	-1.0	-1.0	-1.0	-1.0	-1.0	-1.0	-1.0
gnl|Prokka|GCF_044361425.1_1|2169366|C	-1.0	1.0	0.0	-1.0	-1.0	-1.0	-1.0	0.0	1.0	0.0	-1.0	-1.0	0.0	-1.0	-1.0	0.0	-1.0	-1.0	0.0	0.0	-1.0	0.0	-1.0	-1.0	-1.0	1.0	1.0	-1.0	0.0	-1.0	0.587	0.108	1.0	0.0	0.0	0.0	1.0	1.0	0.583	1.0	0.206	1.0	1.0	-1.0	1.0	0.0	-1.0	0.0	1.0	-1.0	-1.0	0.73	1.0	0.0	0.0	-1.0	0.0	1.0	0.0	1.0	1.0	0.0	0.0	0.0	-1.0	0.0	1.0	0.0	1.0	0.455	1.0	-1.0	0.788	0.0	1.0	0.0	-1.0	0.143	-1.0	1.0	0.488	1.0	0.0	1.0	0.0	0.0	0.0	0.0	1.0	1.0	0.0	0.0	-1.0	1.0	0.0	1.0	0.082	-1.0	1.0	1.0	1.0	-1.0	0.0	-1.0	0.0	-1.0	1.0	0.0	0.3	1.0	-1.0	0.0	1.0	0.69	-1.0	-1.0	-1.0	0.0	0.885	0.006	0.543	0.0	1.0	0.313	0.0	0.0	0.0	0.0	-1.0	0.0	-1.0	-1.0	1.0	0.0	0.0	0.0	0.0	1.0	-1.0	0.0	0.0	1.0	1.0	-1.0	0.0	0.0	-1.0	-1.0	0.0	0.0	0.0	0.273	0.4	0.0	0.727	0.767	0.0	0.277	0.0	0.0	0.375	-1.0	0.0	1.0	0.0	0.0	-1.0	1.0	1.0	1.0	1.0	1.0	0.955	1.0	0.787	0.0	1.0	1.0	0.0	0.0	0.0	-1.0	-1.0	-1.0	-1.0	-1.0	-1.0	-1.0	-1.0	-1.0	-1.0	-1.0	-1.0
gnl|Prokka|GCF_044361425.1_1|2171422|C	0.0	1.0	1.0	-1.0	-1.0	-1.0	-1.0	0.0	-1.0	0.0	-1.0	-1.0	0.0	-1.0	-1.0	0.0	-1.0	-1.0	1.0	0.0	-1.0	1.0	0.0	-1.0	-1.0	0.0	1.0	-1.0	0.429	-1.0	0.418	0.0	1.0	0.143	0.093	0.0	0.0	0.0	0.0	1.0	0.093	0.0	0.0	-1.0	0.0	0.0	-1.0	1.0	0.0	-1.0	-1.0	0.714	0.125	1.0	0.0	-1.0	0.0	1.0	1.0	0.0	0.0	1.0	1.0	0.0	-1.0	0.222	1.0	0.0	1.0	-1.0	0.0	0.0	0.237	1.0	1.0	1.0	-1.0	1.0	-1.0	1.0	0.0	0.0	0.0	1.0	0.871	0.0	0.0	0.0	0.0	0.0	0.0	0.0	-1.0	1.0	0.0	0.0	0.029	-1.0	0.0	0.795	0.0	-1.0	0.0	-1.0	0.0	0.545	0.0	0.0	0.372	1.0	-1.0	0.0	1.0	1.0	-1.0	-1.0	-1.0	0.143	0.903	0.0	0.262	0.0	1.0	0.0	1.0	1.0	0.0	1.0	-1.0	0.13	-1.0	-1.0	0.0	0.0	0.0	0.0	0.0	0.0	0.0	1.0	0.0	0.0	1.0	0.294	0.0	0.0	-1.0	1.0	0.0	0.0	0.0	0.0	1.0	0.0	0.214	0.0	0.0	0.484	0.0	0.0	0.2	-1.0	-1.0	0.586	0.0	1.0	-1.0	0.0	0.0	0.0	0.0	1.0	0.0	1.0	0.83	0.0	1.0	1.0	1.0	0.0	0.844	-1.0	-1.0	-1.0	-1.0	-1.0	-1.0	-1.0	-1.0	-1.0	-1.0	-1.0	-1.0
gnl|Prokka|GCF_044361425.1_1|2185250|G	1.0	1.0	0.0	-1.0	-1.0	-1.0	-1.0	0.0	0.0	0.0	-1.0	-1.0	1.0	-1.0	-1.0	0.231	-1.0	0.0	0.0	0.769	0.0	0.0	1.0	-1.0	-1.0	-1.0	0.0	-1.0	0.0	-1.0	0.387	0.0	0.231	1.0	1.0	0.024	0.0	0.0	0.0	1.0	1.0	0.0	0.0	-1.0	0.0	0.429	-1.0	1.0	0.0	-1.0	-1.0	0.0	0.0	1.0	1.0	0.0	0.0	0.0	0.0	0.0	0.0	0.0	0.0	0.0	-1.0	0.638	0.0	1.0	1.0	1.0	1.0	-1.0	1.0	0.0	1.0	0.0	-1.0	0.0	-1.0	0.0	0.0	0.0	0.0	-1.0	0.938	0.0	0.0	0.0	1.0	0.0	0.0	0.0	-1.0	0.9	0.088	0.0	0.495	-1.0	0.0	0.306	0.983	-1.0	0.0	-1.0	0.0	0.667	0.0	1.0	1.0	1.0	-1.0	0.0	1.0	0.0	-1.0	-1.0	-1.0	1.0	0.91	0.993	-1.0	0.0	0.0	0.061	1.0	0.459	0.0	1.0	-1.0	0.0	0.0	-1.0	0.0	0.0	0.0	0.0	1.0	0.0	0.0	0.0	0.0	1.0	1.0	0.0	1.0	0.0	-1.0	0.0	0.951	0.0	0.0	0.333	-1.0	0.0	0.0	1.0	1.0	0.265	0.0	0.0	0.333	-1.0	0.0	1.0	1.0	0.0	-1.0	0.0	0.0	0.0	0.0	0.0	0.563	0.0	0.0	1.0	-1.0	1.0	1.0	0.152	-1.0	-1.0	-1.0	-1.0	-1.0	-1.0	-1.0	-1.0	-1.0	-1.0	-1.0	-1.0	-1.0
gnl|Prokka|GCF_044361425.1_1|2189463|A	1.0	0.0	0.333	-1.0	0.0	-1.0	-1.0	1.0	1.0	0.0	-1.0	-1.0	1.0	-1.0	-1.0	0.0	-1.0	-1.0	1.0	-1.0	-1.0	1.0	1.0	-1.0	-1.0	0.533	0.0	-1.0	-1.0	-1.0	0.0	0.855	-1.0	0.0	0.0	0.973	0.0	0.0	0.0	0.0	0.0	0.0	0.0	-1.0	0.0	-1.0	-1.0	0.0	0.0	-1.0	-1.0	0.133	0.0	0.0	0.931	-1.0	0.0	1.0	1.0	1.0	0.0	1.0	1.0	1.0	-1.0	0.897	0.0	0.947	0.0	0.0	0.0	-1.0	0.0	1.0	0.0	0.0	-1.0	0.829	-1.0	0.0	1.0	1.0	1.0	-1.0	0.92	1.0	1.0	1.0	0.0	0.0	0.0	1.0	-1.0	0.095	0.0	0.0	1.0	-1.0	0.0	0.0	0.017	-1.0	1.0	-1.0	-1.0	0.0	0.0	1.0	0.0	0.0	-1.0	0.0	0.0	0.238	-1.0	-1.0	-1.0	0.889	0.081	0.0	0.258	0.773	0.0	0.353	0.0	1.0	0.0	1.0	-1.0	0.167	-1.0	-1.0	0.0	1.0	1.0	1.0	0.0	1.0	1.0	0.139	1.0	0.0	0.0	0.286	1.0	1.0	-1.0	0.0	0.042	0.0	1.0	0.471	0.0	0.719	0.0	1.0	1.0	1.0	1.0	1.0	1.0	-1.0	0.429	0.0	0.0	1.0	-1.0	0.0	0.0	0.0	0.0	0.0	1.0	0.0	0.0	0.0	-1.0	0.0	1.0	1.0	0.0	-1.0	-1.0	-1.0	-1.0	-1.0	-1.0	-1.0	-1.0	-1.0	-1.0	-1.0	-1.0
gnl|Prokka|GCF_044361425.1_1|2232273|T	1.0	1.0	0.0	-1.0	0.0	-1.0	-1.0	0.0	0.0	0.0	-1.0	-1.0	0.0	-1.0	-1.0	0.0	-1.0	1.0	1.0	1.0	1.0	1.0	1.0	-1.0	-1.0	0.0	1.0	-1.0	0.375	-1.0	1.0	0.188	-1.0	1.0	1.0	0.0	1.0	1.0	0.0	0.0	1.0	1.0	0.0	-1.0	1.0	0.0	-1.0	0.0	1.0	-1.0	-1.0	0.0	1.0	1.0	1.0	0.333	0.0	1.0	1.0	0.0	1.0	-1.0	0.0	0.0	-1.0	0.786	0.0	1.0	0.0	0.864	0.0	-1.0	0.291	1.0	0.0	1.0	-1.0	0.0	-1.0	0.0	0.0	1.0	0.0	0.0	0.051	0.0	0.0	-1.0	0.0	0.0	1.0	0.0	-1.0	0.0	0.0	1.0	0.931	-1.0	1.0	0.0	0.0	-1.0	0.0	-1.0	0.0	0.0	1.0	1.0	1.0	1.0	-1.0	0.737	1.0	0.458	-1.0	-1.0	-1.0	1.0	0.111	1.0	0.733	0.0	0.0	0.661	1.0	1.0	0.0	0.108	-1.0	1.0	-1.0	-1.0	1.0	0.0	0.0	0.0	1.0	0.0	1.0	0.115	0.0	0.0	0.0	1.0	0.0	0.0	-1.0	0.0	1.0	0.0	1.0	0.333	-1.0	0.07	-1.0	1.0	1.0	1.0	1.0	0.0	1.0	-1.0	0.0	0.0	0.0	1.0	-1.0	1.0	1.0	1.0	0.0	0.0	0.723	0.0	0.231	0.0	0.0	0.0	1.0	1.0	-1.0	-1.0	-1.0	-1.0	-1.0	-1.0	-1.0	-1.0	-1.0	-1.0	-1.0	-1.0	-1.0
gnl|Prokka|GCF_044361425.1_1|2280298|T	1.0	1.0	0.0	-1.0	-1.0	-1.0	-1.0	1.0	0.0	0.0	-1.0	-1.0	0.0	-1.0	-1.0	0.0	-1.0	-1.0	0.765	1.0	-1.0	0.0	1.0	-1.0	-1.0	0.0	0.0	-1.0	0.0	-1.0	0.384	0.0	1.0	0.0	1.0	0.975	0.033	1.0	0.636	1.0	0.091	0.0	0.0	-1.0	0.0	-1.0	-1.0	1.0	0.0	-1.0	-1.0	1.0	0.0	0.0	1.0	-1.0	1.0	0.0	0.0	0.0	0.0	-1.0	0.0	0.0	-1.0	0.176	1.0	0.063	1.0	0.0	0.0	-1.0	0.0	0.0	1.0	0.0	1.0	1.0	-1.0	1.0	0.0	0.0	0.0	-1.0	0.94	1.0	0.0	0.0	0.0	0.0	0.0	1.0	-1.0	0.902	1.0	0.0	0.524	-1.0	0.0	0.69	0.03	-1.0	1.0	-1.0	1.0	1.0	0.0	1.0	1.0	0.0	-1.0	0.0	0.0	0.629	-1.0	-1.0	-1.0	0.0	0.887	-1.0	0.841	0.786	1.0	0.662	0.0	0.0	1.0	1.0	-1.0	0.0	-1.0	-1.0	0.0	0.0	0.0	1.0	0.0	0.0	0.812	1.0	1.0	0.0	0.87	-1.0	1.0	1.0	-1.0	1.0	1.0	0.093	0.0	0.286	0.0	0.479	0.0	0.886	0.0	0.294	0.0	0.0	0.0	-1.0	0.0	0.381	1.0	0.0	-1.0	0.0	0.627	0.0	0.0	1.0	1.0	1.0	1.0	1.0	1.0	1.0	0.0	0.409	-1.0	-1.0	-1.0	-1.0	-1.0	-1.0	-1.0	-1.0	-1.0	-1.0	-1.0	-1.0	-1.0
gnl|Prokka|GCF_044361425.1_1|2333034|A	1.0	0.0	0.75	-1.0	0.0	-1.0	-1.0	1.0	0.0	0.0	-1.0	-1.0	0.108	-1.0	-1.0	0.0	0.0	0.0	1.0	0.0	-1.0	0.0	-1.0	-1.0	-1.0	1.0	0.0	-1.0	0.0	-1.0	0.385	0.0	1.0	1.0	0.0	1.0	0.0	1.0	1.0	1.0	0.154	0.0	0.0	-1.0	1.0	-1.0	-1.0	0.0	0.0	-1.0	-1.0	1.0	1.0	0.0	1.0	-1.0	1.0	0.0	0.0	0.0	1.0	0.0	0.0	0.0	-1.0	0.088	1.0	0.0	0.0	0.692	1.0	0.0	0.868	0.0	1.0	0.0	0.0	1.0	-1.0	0.0	0.513	0.0	0.0	-1.0	0.068	1.0	0.0	0.0	1.0	0.0	0.0	1.0	-1.0	0.0	1.0	0.0	0.539	-1.0	0.0	1.0	1.0	-1.0	1.0	-1.0	1.0	0.0	0.0	1.0	0.373	0.0	-1.0	0.0	1.0	0.592	-1.0	-1.0	-1.0	0.2	0.0	0.0	1.0	1.0	1.0	0.677	0.0	0.12	1.0	0.0	-1.0	0.0	-1.0	-1.0	0.0	0.0	0.0	0.0	1.0	0.0	-1.0	0.816	1.0	1.0	0.0	0.0	1.0	1.0	-1.0	1.0	0.0	0.0	0.0	0.55	-1.0	0.308	0.0	0.854	0.0	0.394	0.0	0.0	0.0	-1.0	0.0	1.0	0.0	0.0	-1.0	1.0	0.667	0.0	0.0	1.0	0.947	0.0	1.0	0.0	0.0	0.0	0.0	0.0	0.929	-1.0	-1.0	-1.0	-1.0	-1.0	-1.0	-1.0	-1.0	-1.0	-1.0	-1.0	-1.0
gnl|Prokka|GCF_044361425.1_1|2372970|G	-1.0	0.0	0.0	-1.0	-1.0	-1.0	-1.0	0.073	1.0	0.0	-1.0	-1.0	0.0	-1.0	-1.0	0.0	-1.0	1.0	0.636	1.0	-1.0	0.0	0.667	-1.0	-1.0	0.286	1.0	-1.0	0.0	-1.0	0.41	1.0	0.538	0.0	0.879	0.0	1.0	1.0	-1.0	0.0	0.0	1.0	0.0	-1.0	1.0	1.0	-1.0	1.0	1.0	-1.0	-1.0	0.819	1.0	1.0	1.0	-1.0	0.429	1.0	0.0	1.0	1.0	1.0	1.0	1.0	-1.0	0.0	1.0	0.045	0.466	0.708	0.0	1.0	0.33	0.0	0.462	1.0	1.0	0.292	-1.0	0.0	0.523	0.0	1.0	0.0	0.049	0.461	1.0	0.444	0.075	0.0	0.0	0.537	-1.0	0.0	0.421	1.0	0.442	-1.0	0.0	0.432	0.0	-1.0	0.538	-1.0	0.375	1.0	1.0	1.0	0.646	0.0	-1.0	0.0	0.446	0.372	-1.0	-1.0	-1.0	0.0	0.141	0.0	0.443	0.35	1.0	0.959	1.0	0.0	0.537	0.356	-1.0	0.12	0.0	-1.0	-1.0	0.0	1.0	0.0	0.0	1.0	0.643	0.0	0.455	0.0	0.0	0.0	0.0	0.0	-1.0	0.0	1.0	0.0	0.0	0.531	0.0	0.719	1.0	0.862	0.0	0.0	0.0	1.0	-1.0	-1.0	1.0	0.0	0.0	0.0	-1.0	1.0	0.323	1.0	0.0	0.0	0.268	0.0	1.0	0.0	0.0	0.0	0.0	0.0	1.0	-1.0	-1.0	-1.0	-1.0	-1.0	-1.0	-1.0	-1.0	-1.0	-1.0	-1.0	-1.0
gnl|Prokka|GCF_044361425.1_1|2374176|C	0.0	0.0	0.308	-1.0	-1.0	-1.0	-1.0	1.0	0.0	-1.0	-1.0	-1.0	0.0	-1.0	-1.0	0.0	-1.0	-1.0	0.0	1.0	-1.0	0.0	-1.0	-1.0	-1.0	0.0	1.0	-1.0	0.0	-1.0	0.4	1.0	0.333	0.0	0.839	0.0	1.0	0.0	0.0	0.0	0.0	1.0	0.0	-1.0	0.0	0.0	-1.0	1.0	1.0	-1.0	-1.0	0.939	0.0	1.0	0.0	0.0	0.463	1.0	0.0	0.0	0.0	-1.0	0.0	0.0	-1.0	0.0	1.0	0.057	0.365	0.625	0.0	-1.0	0.232	0.0	0.714	1.0	-1.0	1.0	-1.0	0.0	0.0	0.0	1.0	0.3	0.0	0.524	0.0	0.0	0.079	0.0	0.0	0.476	-1.0	0.0	0.519	1.0	0.0	-1.0	0.0	0.31	0.038	-1.0	1.0	-1.0	0.583	1.0	1.0	0.0	0.704	0.0	-1.0	0.0	1.0	-1.0	-1.0	-1.0	-1.0	0.0	0.145	0.0	0.0	0.421	1.0	0.082	0.0	0.0	0.545	0.521	-1.0	0.0	0.0	-1.0	0.545	0.0	1.0	0.0	0.0	0.0	0.375	0.0	0.431	0.0	0.0	0.0	0.455	1.0	-1.0	0.0	0.937	0.0	0.0	0.231	0.0	0.602	1.0	0.0	0.0	0.0	0.0	0.0	1.0	-1.0	0.0	0.0	0.0	0.0	-1.0	0.0	0.303	1.0	0.0	0.0	0.184	0.0	0.761	0.0	0.0	0.0	0.0	0.0	0.0	-1.0	-1.0	-1.0	-1.0	-1.0	-1.0	-1.0	-1.0	-1.0	-1.0	-1.0	-1.0
gnl|Prokka|GCF_044361425.1_1|2374215|A	0.0	0.0	0.25	-1.0	-1.0	-1.0	-1.0	1.0	0.0	0.0	-1.0	-1.0	0.0	-1.0	-1.0	0.0	-1.0	-1.0	0.0	1.0	0.0	0.0	-1.0	-1.0	-1.0	0.417	1.0	-1.0	0.0	-1.0	0.338	1.0	0.0	0.0	0.887	0.0	1.0	0.0	0.143	0.0	0.0	1.0	0.0	-1.0	0.0	0.0	-1.0	1.0	1.0	-1.0	-1.0	0.84	0.0	1.0	0.0	0.0	0.478	1.0	0.0	0.0	0.0	-1.0	0.0	0.0	-1.0	0.0	1.0	0.051	0.391	1.0	0.0	-1.0	0.21	0.0	0.684	1.0	-1.0	1.0	-1.0	0.0	0.0	0.0	1.0	0.333	0.0	0.512	0.0	0.0	0.108	0.0	0.0	0.386	-1.0	0.0	0.481	1.0	0.0	-1.0	0.0	0.339	0.027	-1.0	1.0	-1.0	0.467	1.0	1.0	0.0	0.775	0.0	-1.0	0.0	1.0	0.567	-1.0	-1.0	-1.0	0.0	0.138	0.0	0.0	0.35	1.0	0.094	0.0	0.0	0.643	0.536	-1.0	0.0	0.0	-1.0	-1.0	0.0	1.0	0.0	0.0	0.0	0.0	0.0	0.388	0.0	0.0	0.0	0.414	1.0	-1.0	0.0	0.959	0.0	0.0	0.286	0.0	0.677	1.0	0.0	0.0	0.0	0.0	0.0	0.688	-1.0	0.0	0.0	0.0	0.0	-1.0	0.0	0.287	1.0	0.0	0.0	0.223	0.0	0.796	0.0	0.0	0.0	0.0	0.0	1.0	-1.0	-1.0	-1.0	-1.0	-1.0	-1.0	-1.0	-1.0	-1.0	-1.0	-1.0	-1.0
gnl|Prokka|GCF_044361425.1_1|2377230|T	1.0	0.0	0.0	-1.0	-1.0	-1.0	-1.0	0.0	-1.0	0.0	-1.0	-1.0	0.0	-1.0	-1.0	0.0	-1.0	-1.0	0.4	1.0	-1.0	1.0	-1.0	-1.0	-1.0	0.0	1.0	-1.0	0.0	-1.0	0.369	1.0	0.25	1.0	1.0	0.0	1.0	1.0	0.0	0.0	0.902	1.0	0.0	-1.0	1.0	-1.0	-1.0	1.0	1.0	-1.0	-1.0	0.917	1.0	1.0	1.0	-1.0	0.0	1.0	1.0	0.0	1.0	0.462	0.0	0.0	-1.0	0.0	1.0	0.039	0.0	1.0	0.0	-1.0	0.22	-1.0	0.0	1.0	-1.0	0.321	-1.0	0.0	0.0	0.0	1.0	0.0	0.049	0.0	0.0	0.0	0.0	0.0	0.0	0.0	-1.0	0.0	0.0	1.0	0.643	-1.0	0.0	0.0	0.0	-1.0	0.0	-1.0	0.0	1.0	1.0	0.786	0.802	0.0	-1.0	0.0	1.0	0.724	-1.0	-1.0	-1.0	0.0	0.096	1.0	0.452	0.0	1.0	0.504	0.0	1.0	0.0	0.0	-1.0	0.0	-1.0	-1.0	0.273	0.0	1.0	0.0	1.0	0.0	0.643	0.0	0.0	0.0	0.211	-1.0	0.0	0.0	-1.0	0.0	1.0	0.0	1.0	0.0	-1.0	0.573	1.0	1.0	0.0	0.0	0.0	0.0	0.357	-1.0	0.0	0.0	0.0	0.0	-1.0	1.0	0.316	1.0	0.0	0.0	0.0	0.0	0.905	0.0	0.0	0.0	1.0	1.0	0.0	-1.0	-1.0	-1.0	-1.0	-1.0	-1.0	-1.0	-1.0	-1.0	-1.0	-1.0	-1.0
gnl|Prokka|GCF_044361425.1_1|2390583|T	1.0	1.0	0.545	-1.0	0.0	-1.0	-1.0	1.0	0.0	0.0	-1.0	-1.0	1.0	-1.0	-1.0	0.0	-1.0	-1.0	0.0	1.0	-1.0	1.0	-1.0	-1.0	-1.0	0.0	0.0	-1.0	0.667	-1.0	0.121	0.841	-1.0	0.2	1.0	0.0	0.0	1.0	0.333	1.0	1.0	0.0	0.0	-1.0	0.0	-1.0	-1.0	1.0	0.0	-1.0	-1.0	0.286	0.0	0.0	1.0	0.0	1.0	0.0	0.0	0.0	0.0	0.0	1.0	0.0	-1.0	0.192	0.0	1.0	1.0	-1.0	0.0	1.0	0.151	0.0	1.0	0.0	-1.0	0.781	-1.0	1.0	0.0	0.0	1.0	1.0	0.92	1.0	0.0	0.0	0.0	0.0	0.0	1.0	-1.0	0.915	1.0	0.0	1.0	-1.0	1.0	0.771	0.035	-1.0	0.0	-1.0	1.0	0.0	0.0	1.0	0.709	0.0	-1.0	0.0	0.0	0.408	-1.0	-1.0	-1.0	1.0	0.946	1.0	0.58	1.0	0.0	0.727	1.0	1.0	1.0	1.0	-1.0	1.0	-1.0	-1.0	-1.0	0.0	1.0	0.0	0.0	0.0	1.0	0.0	1.0	0.0	1.0	-1.0	1.0	1.0	-1.0	1.0	1.0	0.0	0.0	0.647	0.0	1.0	0.0	0.0	1.0	0.122	0.0	0.0	-1.0	-1.0	-1.0	1.0	1.0	1.0	-1.0	0.0	0.0	0.0	0.0	0.0	0.333	1.0	0.295	1.0	1.0	1.0	1.0	0.136	1.0	-1.0	-1.0	-1.0	-1.0	-1.0	-1.0	-1.0	-1.0	-1.0	-1.0	-1.0	-1.0
gnl|Prokka|GCF_044361425.1_1|2404657|A	1.0	0.0	0.714	-1.0	-1.0	-1.0	-1.0	1.0	-1.0	1.0	-1.0	-1.0	0.0	-1.0	-1.0	-1.0	-1.0	1.0	0.375	0.0	1.0	1.0	-1.0	-1.0	-1.0	-1.0	0.0	-1.0	0.333	-1.0	0.349	0.052	0.0	1.0	0.083	0.039	1.0	0.0	-1.0	0.0	0.854	1.0	1.0	-1.0	1.0	-1.0	-1.0	0.0	1.0	-1.0	-1.0	0.812	1.0	0.0	1.0	0.0	0.0	1.0	1.0	0.0	1.0	0.0	0.0	0.0	-1.0	0.727	1.0	0.88	0.0	0.667	1.0	0.0	0.798	1.0	0.0	0.0	0.0	1.0	-1.0	0.0	0.591	1.0	0.0	-1.0	0.056	0.0	0.0	0.263	1.0	1.0	1.0	0.0	-1.0	0.0	0.0	1.0	0.429	-1.0	1.0	0.194	1.0	-1.0	1.0	-1.0	0.0	0.0	1.0	1.0	0.0	0.0	-1.0	1.0	0.0	0.808	-1.0	-1.0	-1.0	0.0	0.0	1.0	0.708	0.185	1.0	0.735	1.0	1.0	0.0	0.0	-1.0	0.2	-1.0	-1.0	1.0	0.0	0.0	0.0	1.0	0.0	0.7	0.0	0.0	1.0	0.0	0.0	0.0	1.0	-1.0	0.0	0.0	1.0	1.0	0.609	-1.0	0.0	0.0	0.133	1.0	0.75	1.0	0.0	0.706	-1.0	0.0	-1.0	0.0	1.0	-1.0	1.0	0.318	1.0	1.0	1.0	0.0	0.0	0.852	0.0	0.0	0.0	1.0	0.65	0.0	-1.0	-1.0	-1.0	-1.0	-1.0	-1.0	-1.0	-1.0	-1.0	-1.0	-1.0	-1.0
gnl|Prokka|GCF_044361425.1_1|2406110|A	1.0	0.0	0.625	-1.0	-1.0	-1.0	-1.0	1.0	0.0	1.0	-1.0	-1.0	0.0	-1.0	-1.0	1.0	-1.0	0.0	0.3	0.0	-1.0	1.0	0.25	-1.0	-1.0	0.0	0.0	-1.0	0.4	-1.0	0.574	0.122	0.0	1.0	0.068	0.0	1.0	0.0	0.0	0.0	0.827	1.0	0.0	-1.0	1.0	-1.0	-1.0	0.0	1.0	-1.0	-1.0	0.739	0.946	0.0	1.0	0.0	0.0	1.0	1.0	0.0	1.0	0.0	0.0	0.0	-1.0	0.0	1.0	0.972	0.0	0.0	0.0	-1.0	0.0	1.0	0.0	0.0	0.0	1.0	-1.0	0.0	0.0	1.0	0.0	0.0	0.0	0.0	0.0	1.0	0.0	0.0	1.0	0.0	-1.0	0.111	0.0	1.0	0.958	-1.0	0.0	0.0	0.038	-1.0	1.0	-1.0	0.0	0.0	1.0	1.0	0.0	0.0	-1.0	1.0	0.0	1.0	-1.0	-1.0	-1.0	0.885	0.0	1.0	0.485	0.0	1.0	0.652	0.0	0.0	0.0	0.0	-1.0	0.824	-1.0	-1.0	0.0	0.0	0.0	0.0	1.0	0.0	1.0	0.0	0.0	0.0	0.0	1.0	0.0	1.0	-1.0	-1.0	0.0	1.0	1.0	0.0	0.667	0.0	0.0	0.0	1.0	0.645	1.0	0.0	0.786	-1.0	0.0	0.0	0.0	1.0	-1.0	1.0	0.279	1.0	1.0	1.0	0.04	0.0	1.0	0.0	0.0	0.0	0.1	0.821	-1.0	-1.0	-1.0	-1.0	-1.0	-1.0	-1.0	-1.0	-1.0	-1.0	-1.0	-1.0	-1.0
gnl|Prokka|GCF_044361425.1_1|2406938|T	1.0	0.0	0.273	-1.0	-1.0	-1.0	-1.0	1.0	0.0	1.0	-1.0	-1.0	0.0	-1.0	-1.0	1.0	-1.0	1.0	0.0	0.0	-1.0	1.0	0.625	-1.0	-1.0	0.0	0.0	-1.0	0.333	-1.0	0.417	0.12	0.0	1.0	0.0	0.0	1.0	0.0	0.0	0.0	0.0	1.0	1.0	-1.0	0.0	-1.0	-1.0	0.0	1.0	-1.0	-1.0	0.73	0.0	0.0	1.0	0.0	0.0	1.0	1.0	0.0	0.0	-1.0	0.0	0.0	-1.0	0.0	1.0	0.0	0.0	0.375	0.0	-1.0	0.0	-1.0	0.0	0.0	-1.0	1.0	-1.0	0.0	0.0	1.0	0.0	0.0	0.048	0.0	0.0	-1.0	0.0	1.0	0.0	0.0	-1.0	0.0	0.0	1.0	0.896	-1.0	1.0	0.0	0.0	-1.0	1.0	-1.0	0.0	0.0	1.0	1.0	0.0	0.0	-1.0	0.0	0.0	-1.0	-1.0	-1.0	-1.0	0.857	0.0	1.0	0.533	0.0	1.0	0.803	1.0	1.0	0.0	0.0	-1.0	0.0	-1.0	-1.0	1.0	0.0	0.2	0.0	1.0	0.0	1.0	0.0	0.0	0.0	0.0	0.0	0.0	1.0	-1.0	-1.0	0.0	1.0	1.0	0.294	1.0	0.0	0.0	0.0	0.0	0.778	1.0	0.0	0.6	-1.0	0.0	0.0	0.0	1.0	-1.0	0.0	0.375	1.0	1.0	1.0	0.0	0.0	1.0	0.0	0.0	0.0	1.0	0.667	0.0	-1.0	-1.0	-1.0	-1.0	-1.0	-1.0	-1.0	-1.0	-1.0	-1.0	-1.0	-1.0
gnl|Prokka|GCF_044361425.1_1|2523260|C	1.0	0.0	0.429	-1.0	-1.0	-1.0	-1.0	0.0	0.0	0.0	-1.0	-1.0	0.0	-1.0	-1.0	-1.0	-1.0	0.0	0.81	-1.0	-1.0	0.0	-1.0	-1.0	-1.0	0.643	1.0	-1.0	-1.0	-1.0	0.404	1.0	0.0	1.0	0.825	0.022	1.0	1.0	1.0	0.0	0.871	1.0	1.0	-1.0	0.0	-1.0	-1.0	0.0	1.0	-1.0	-1.0	0.0	0.0	0.0	1.0	0.0	1.0	0.0	0.0	0.0	0.0	-1.0	0.0	0.0	-1.0	0.778	0.0	0.025	0.0	0.0	1.0	0.0	0.848	0.0	0.0	1.0	-1.0	0.0	-1.0	0.0	0.0	0.0	1.0	-1.0	1.0	0.0	0.0	0.0	1.0	1.0	0.0	0.0	-1.0	0.121	1.0	1.0	0.42	-1.0	1.0	0.257	1.0	-1.0	0.0	-1.0	1.0	0.25	1.0	1.0	0.731	0.0	-1.0	1.0	0.0	0.0	-1.0	-1.0	-1.0	0.0	0.112	1.0	0.696	0.111	0.0	0.0	1.0	1.0	1.0	0.0	-1.0	0.0	-1.0	-1.0	-1.0	0.0	1.0	0.0	0.893	0.0	0.667	0.0	0.0	1.0	0.118	0.0	0.0	0.0	-1.0	0.0	0.943	0.0	1.0	0.0	-1.0	1.0	0.0	0.714	0.0	0.0	0.0	0.0	0.0	-1.0	-1.0	0.429	0.0	0.0	-1.0	0.0	0.242	1.0	0.0	0.0	0.075	0.0	0.302	0.0	0.0	0.0	1.0	0.696	0.037	-1.0	-1.0	-1.0	-1.0	-1.0	-1.0	-1.0	-1.0	-1.0	-1.0	-1.0	-1.0
gnl|Prokka|GCF_044361425.1_1|2530655|T	1.0	1.0	0.25	-1.0	-1.0	-1.0	-1.0	1.0	0.0	0.0	-1.0	-1.0	0.0	-1.0	-1.0	0.0	-1.0	0.0	0.8	0.0	-1.0	0.0	0.0	-1.0	-1.0	0.0	1.0	-1.0	0.417	-1.0	0.454	0.081	0.571	0.0	0.0	1.0	1.0	1.0	0.0	1.0	0.167	1.0	0.0	-1.0	1.0	-1.0	-1.0	1.0	1.0	-1.0	-1.0	0.333	1.0	0.0	1.0	0.0	0.0	0.0	1.0	0.0	1.0	-1.0	0.0	0.0	-1.0	0.0	0.0	0.0	1.0	-1.0	0.0	0.0	0.141	1.0	1.0	1.0	-1.0	0.857	-1.0	1.0	0.543	0.0	0.0	-1.0	0.073	1.0	0.0	0.0	0.0	0.0	0.0	1.0	-1.0	1.0	0.0	1.0	0.49	-1.0	0.0	0.724	0.03	-1.0	1.0	-1.0	0.0	1.0	1.0	1.0	0.256	1.0	-1.0	1.0	0.0	0.0	-1.0	-1.0	-1.0	0.0	1.0	0.0	0.714	0.759	0.0	0.667	1.0	0.0	1.0	1.0	-1.0	0.0	0.0	-1.0	0.0	0.0	0.0	1.0	0.0	0.0	1.0	0.897	1.0	0.0	1.0	-1.0	1.0	1.0	-1.0	0.0	0.044	0.0	0.0	0.312	0.0	0.0	0.0	0.0	0.0	0.857	0.0	0.0	0.0	-1.0	0.0	0.727	1.0	0.0	-1.0	1.0	1.0	0.0	1.0	1.0	1.0	1.0	0.333	1.0	1.0	1.0	0.0	0.211	0.929	-1.0	-1.0	-1.0	-1.0	-1.0	-1.0	-1.0	-1.0	-1.0	-1.0	-1.0	-1.0
gnl|Prokka|GCF_044361425.1_1|2531892|A	1.0	1.0	0.0	-1.0	-1.0	-1.0	-1.0	1.0	-1.0	0.0	-1.0	-1.0	0.0	-1.0	-1.0	0.0	-1.0	0.0	0.688	0.0	-1.0	0.0	-1.0	-1.0	-1.0	0.0	1.0	-1.0	0.0	-1.0	1.0	1.0	1.0	0.0	0.0	0.969	1.0	1.0	0.0	1.0	0.132	1.0	0.0	-1.0	1.0	-1.0	-1.0	1.0	1.0	-1.0	-1.0	0.333	1.0	1.0	1.0	-1.0	0.0	1.0	1.0	0.0	1.0	-1.0	0.0	0.0	-1.0	0.0	0.0	0.0	1.0	0.571	0.0	1.0	0.159	1.0	1.0	1.0	0.0	0.8	-1.0	0.0	0.862	0.0	1.0	1.0	0.056	1.0	0.0	0.0	0.0	0.0	0.0	1.0	-1.0	0.0	0.0	1.0	1.0	-1.0	0.0	0.743	0.035	-1.0	1.0	-1.0	0.0	1.0	1.0	1.0	0.237	1.0	-1.0	1.0	1.0	0.0	-1.0	-1.0	-1.0	-1.0	0.093	0.0	0.807	0.885	0.0	0.825	0.0	0.0	0.0	1.0	-1.0	0.0	0.0	-1.0	-1.0	0.0	1.0	1.0	0.0	0.0	-1.0	1.0	1.0	0.0	-1.0	-1.0	1.0	1.0	-1.0	1.0	0.06	0.0	0.0	0.0	0.0	0.745	-1.0	0.84	0.0	1.0	0.0	0.0	0.444	-1.0	0.0	0.562	0.0	0.0	-1.0	1.0	1.0	1.0	1.0	1.0	1.0	0.0	0.415	1.0	0.0	0.0	0.0	0.35	0.0	-1.0	-1.0	-1.0	-1.0	-1.0	-1.0	-1.0	-1.0	-1.0	-1.0	-1.0	-1.0
gnl|Prokka|GCF_044361425.1_1|2532386|T	0.0	1.0	0.294	-1.0	-1.0	-1.0	-1.0	1.0	0.0	0.0	-1.0	-1.0	0.0	-1.0	-1.0	0.0	-1.0	-1.0	0.0	0.0	-1.0	0.0	0.0	-1.0	-1.0	0.0	1.0	-1.0	0.417	-1.0	0.564	0.06	1.0	0.0	0.0	0.961	1.0	0.0	0.0	1.0	0.133	1.0	0.0	-1.0	0.0	0.0	-1.0	1.0	1.0	-1.0	-1.0	0.0	0.0	1.0	0.0	-1.0	0.0	1.0	1.0	0.0	0.0	0.0	0.0	0.0	-1.0	0.0	0.0	0.0	1.0	0.556	0.0	-1.0	0.155	1.0	1.0	0.0	-1.0	0.667	-1.0	0.0	0.587	0.0	0.0	1.0	0.0	1.0	0.0	0.0	0.0	0.0	0.0	0.0	-1.0	0.0	0.0	1.0	0.0	-1.0	0.0	0.619	0.0	-1.0	1.0	-1.0	0.0	1.0	1.0	0.0	0.267	1.0	-1.0	1.0	1.0	0.0	-1.0	-1.0	-1.0	-1.0	0.061	0.009	0.261	0.864	0.0	0.096	0.0	0.0	0.0	1.0	-1.0	-1.0	-1.0	-1.0	0.0	0.0	0.0	1.0	0.0	0.0	0.0	0.778	0.0	0.0	0.182	-1.0	0.0	1.0	-1.0	1.0	0.0	0.0	0.0	0.0	-1.0	0.0	1.0	0.0	0.0	0.84	0.0	0.0	0.294	-1.0	0.273	0.429	0.0	0.0	-1.0	0.0	1.0	0.0	1.0	1.0	0.681	0.0	0.104	1.0	0.0	0.0	0.0	0.409	0.0	-1.0	-1.0	-1.0	-1.0	-1.0	-1.0	-1.0	-1.0	-1.0	-1.0	-1.0	-1.0
gnl|Prokka|GCF_044361425.1_1|2532591|C	0.0	1.0	0.273	-1.0	0.0	-1.0	-1.0	1.0	0.0	0.0	-1.0	-1.0	0.0	-1.0	-1.0	0.0	-1.0	0.0	0.0	0.0	-1.0	0.0	-1.0	-1.0	-1.0	0.0	0.0	-1.0	0.611	-1.0	0.419	0.0	1.0	0.0	0.0	0.975	0.0	0.0	0.591	1.0	1.0	0.0	0.0	-1.0	0.0	-1.0	-1.0	1.0	0.0	-1.0	-1.0	0.0	0.128	1.0	0.0	0.0	1.0	1.0	1.0	0.0	0.0	0.0	0.0	0.0	-1.0	0.0	0.0	0.0	1.0	0.231	0.0	0.0	0.217	1.0	1.0	1.0	0.0	0.783	-1.0	0.0	0.533	0.0	0.0	1.0	0.0	1.0	0.0	0.0	0.0	0.0	0.0	0.0	-1.0	0.0	1.0	0.0	0.0	-1.0	0.0	0.667	0.022	-1.0	1.0	-1.0	1.0	1.0	0.0	0.0	0.288	1.0	-1.0	1.0	1.0	0.103	-1.0	-1.0	-1.0	-1.0	0.0	0.0	0.193	0.724	0.0	0.04	0.0	0.0	0.154	1.0	-1.0	-1.0	0.0	-1.0	0.0	0.0	0.0	1.0	0.0	0.0	-1.0	0.9	0.0	0.0	0.0	-1.0	0.0	1.0	-1.0	1.0	0.0	0.0	0.0	0.0	0.375	0.429	1.0	0.0	0.0	0.871	0.0	0.0	1.0	-1.0	0.0	0.571	0.0	0.0	-1.0	0.0	0.831	0.0	1.0	1.0	0.699	0.0	0.093	1.0	0.0	0.0	0.0	0.35	0.0	-1.0	-1.0	-1.0	-1.0	-1.0	-1.0	-1.0	-1.0	-1.0	-1.0	-1.0	-1.0
gnl|Prokka|GCF_044361425.1_1|2541150|G	1.0	1.0	0.6	-1.0	-1.0	-1.0	-1.0	0.0	0.0	0.0	-1.0	-1.0	0.0	-1.0	-1.0	0.0	0.0	1.0	1.0	1.0	-1.0	1.0	1.0	-1.0	-1.0	1.0	0.0	-1.0	1.0	-1.0	0.538	0.875	1.0	0.0	0.929	0.025	0.0	1.0	0.545	1.0	0.85	0.0	0.0	-1.0	0.049	0.0	-1.0	0.0	0.0	-1.0	-1.0	1.0	0.14	0.0	1.0	-1.0	0.0	0.0	0.0	0.0	0.0	-1.0	1.0	0.0	-1.0	1.0	1.0	1.0	0.0	0.733	1.0	0.0	0.81	0.0	0.0	0.0	-1.0	0.229	-1.0	1.0	0.0	0.0	1.0	-1.0	0.131	0.0	1.0	0.0	1.0	0.0	1.0	1.0	-1.0	0.912	0.0	0.0	0.583	-1.0	1.0	1.0	0.984	-1.0	0.0	-1.0	0.0	1.0	0.0	1.0	0.773	1.0	-1.0	1.0	0.0	0.593	-1.0	-1.0	-1.0	0.129	0.944	1.0	0.787	0.25	1.0	0.583	1.0	0.0	0.0	0.0	-1.0	0.143	-1.0	-1.0	1.0	0.0	1.0	0.0	0.0	0.0	0.667	0.0	1.0	1.0	1.0	0.0	1.0	0.0	-1.0	0.0	1.0	0.0	0.0	0.0	0.727	0.59	0.0	1.0	1.0	0.081	0.0	0.0	0.0	-1.0	0.0	1.0	0.0	1.0	-1.0	0.0	0.0	1.0	0.0	1.0	0.522	1.0	0.936	0.0	1.0	1.0	0.0	0.0	0.0	-1.0	-1.0	-1.0	-1.0	-1.0	-1.0	-1.0	-1.0	-1.0	-1.0	-1.0	-1.0
gnl|Prokka|GCF_044361425.1_1|2554048|T	1.0	1.0	1.0	-1.0	0.0	-1.0	-1.0	1.0	0.0	0.0	-1.0	-1.0	0.0	-1.0	-1.0	0.0	-1.0	1.0	0.0	0.0	-1.0	1.0	-1.0	-1.0	-1.0	0.0	0.0	-1.0	-1.0	-1.0	0.44	0.0	1.0	1.0	0.0	0.977	0.0	0.0	0.4	1.0	1.0	0.0	0.0	-1.0	0.953	-1.0	-1.0	1.0	0.0	-1.0	-1.0	0.0	1.0	0.0	1.0	-1.0	1.0	1.0	1.0	0.0	1.0	0.0	1.0	0.0	-1.0	1.0	0.0	0.0	1.0	0.3	0.0	1.0	0.22	-1.0	1.0	0.0	-1.0	0.533	-1.0	1.0	-1.0	1.0	0.0	1.0	0.957	1.0	1.0	1.0	0.0	0.0	0.0	0.0	-1.0	0.893	1.0	0.0	0.961	-1.0	1.0	0.696	0.016	-1.0	1.0	-1.0	1.0	1.0	0.0	1.0	0.284	0.0	-1.0	0.7	0.0	0.404	-1.0	-1.0	-1.0	1.0	0.947	1.0	0.773	0.889	0.0	0.75	0.0	0.0	1.0	1.0	-1.0	1.0	1.0	-1.0	0.667	0.0	0.0	1.0	1.0	0.0	1.0	0.921	0.0	0.0	1.0	1.0	0.0	1.0	-1.0	0.0	0.0	0.0	0.0	1.0	-1.0	0.459	0.0	0.857	0.0	0.565	1.0	0.0	0.273	-1.0	0.0	0.577	1.0	1.0	-1.0	1.0	0.689	0.0	0.0	1.0	0.659	1.0	0.25	1.0	1.0	1.0	0.0	0.0	0.0	-1.0	-1.0	-1.0	-1.0	-1.0	-1.0	-1.0	-1.0	-1.0	-1.0	-1.0	-1.0
gnl|Prokka|GCF_044361425.1_1|2599834|G	1.0	1.0	0.375	-1.0	0.0	-1.0	-1.0	0.0	1.0	0.0	-1.0	-1.0	0.0	-1.0	-1.0	1.0	-1.0	1.0	1.0	1.0	-1.0	1.0	1.0	-1.0	-1.0	0.0	0.0	-1.0	0.643	-1.0	0.41	0.16	0.429	0.0	1.0	1.0	1.0	1.0	0.625	1.0	1.0	1.0	0.0	-1.0	0.0	-1.0	-1.0	0.0	1.0	-1.0	-1.0	1.0	0.0	0.0	1.0	1.0	1.0	1.0	0.0	1.0	0.0	-1.0	-1.0	1.0	-1.0	0.235	1.0	0.109	0.0	-1.0	0.0	0.0	0.0	0.0	0.0	0.0	-1.0	0.261	-1.0	0.0	0.358	0.0	0.0	0.0	0.05	0.0	0.0	0.4	0.0	0.0	0.0	1.0	-1.0	0.0	1.0	1.0	1.0	-1.0	0.0	0.0	0.0	-1.0	1.0	-1.0	1.0	1.0	1.0	1.0	0.688	0.0	-1.0	0.0	0.0	1.0	-1.0	-1.0	-1.0	1.0	0.0	0.0	0.695	0.0	1.0	0.921	0.0	1.0	0.0	0.0	-1.0	-1.0	1.0	-1.0	-1.0	1.0	0.0	0.0	0.0	1.0	1.0	0.273	1.0	0.0	0.0	-1.0	1.0	1.0	-1.0	0.0	1.0	1.0	0.0	0.176	0.0	0.429	0.0	0.867	0.0	0.63	0.0	1.0	0.0	-1.0	-1.0	0.571	1.0	1.0	-1.0	0.0	0.351	1.0	0.0	1.0	0.284	1.0	1.0	0.0	0.0	0.0	1.0	1.0	0.0	-1.0	-1.0	-1.0	-1.0	-1.0	-1.0	-1.0	-1.0	-1.0	-1.0	-1.0	-1.0
gnl|Prokka|GCF_044361425.1_1|2605278|A	1.0	0.0	0.6	-1.0	-1.0	-1.0	-1.0	1.0	0.0	0.0	-1.0	-1.0	0.0	-1.0	-1.0	1.0	0.0	0.0	0.769	-1.0	-1.0	0.0	-1.0	-1.0	-1.0	0.7	0.0	-1.0	0.0	-1.0	0.4	0.0	0.0	1.0	0.186	1.0	0.0	1.0	1.0	0.0	0.102	0.0	1.0	-1.0	1.0	0.0	-1.0	0.0	0.0	-1.0	-1.0	0.0	0.889	0.0	1.0	-1.0	0.0	0.0	0.0	0.0	1.0	-1.0	0.0	0.0	-1.0	0.0	1.0	0.881	0.0	-1.0	1.0	1.0	0.795	0.0	0.0	0.0	0.0	1.0	-1.0	1.0	0.0	0.0	0.0	0.0	0.051	0.0	1.0	0.0	1.0	1.0	0.0	0.0	-1.0	1.0	0.0	0.0	0.486	-1.0	1.0	0.355	0.976	-1.0	0.0	-1.0	0.0	0.0	0.0	1.0	0.275	0.0	-1.0	1.0	0.0	0.355	-1.0	-1.0	-1.0	0.0	0.954	0.0	1.0	0.125	1.0	0.644	1.0	1.0	0.278	0.0	-1.0	0.0	-1.0	-1.0	-1.0	0.0	0.0	1.0	1.0	0.0	0.333	0.0	0.0	1.0	1.0	0.0	0.0	0.0	-1.0	0.0	0.0	1.0	0.0	0.0	0.0	0.026	0.0	-1.0	1.0	0.917	0.0	0.0	0.3	-1.0	-1.0	0.333	1.0	0.0	-1.0	1.0	0.747	0.0	0.0	1.0	0.539	0.0	0.276	0.0	1.0	1.0	1.0	0.476	0.048	-1.0	-1.0	-1.0	-1.0	-1.0	-1.0	-1.0	-1.0	-1.0	-1.0	-1.0	-1.0
gnl|Prokka|GCF_044361425.1_1|2607986|T	1.0	0.0	0.0	-1.0	-1.0	-1.0	-1.0	0.0	0.0	0.0	-1.0	-1.0	0.0	-1.0	-1.0	1.0	-1.0	0.0	1.0	0.0	1.0	1.0	0.0	-1.0	-1.0	-1.0	0.0	-1.0	-1.0	-1.0	0.781	-1.0	1.0	0.0	0.127	1.0	0.0	1.0	1.0	-1.0	0.07	0.0	1.0	-1.0	0.0	0.0	-1.0	0.0	0.0	-1.0	-1.0	0.0	0.0	1.0	0.881	0.0	1.0	0.0	0.0	0.0	0.0	-1.0	0.0	0.0	-1.0	-1.0	0.0	0.943	1.0	0.0	-1.0	0.0	0.0	0.0	1.0	1.0	0.0	0.0	-1.0	1.0	0.0	0.0	-1.0	1.0	0.039	1.0	0.0	0.0	-1.0	1.0	0.0	0.0	-1.0	1.0	1.0	0.0	0.566	-1.0	0.0	1.0	0.0	-1.0	0.0	-1.0	1.0	0.0	0.0	1.0	0.268	1.0	-1.0	0.0	1.0	0.0	-1.0	-1.0	-1.0	0.0	0.953	0.0	1.0	1.0	0.0	0.627	0.0	1.0	1.0	1.0	-1.0	0.0	-1.0	-1.0	0.308	0.0	-1.0	0.0	0.0	0.0	1.0	0.875	0.0	0.0	1.0	0.0	0.0	0.0	-1.0	0.0	0.0	1.0	1.0	0.545	0.0	1.0	0.7	0.0	1.0	0.364	0.0	0.0	0.0	-1.0	0.0	-1.0	1.0	1.0	-1.0	0.0	0.675	1.0	1.0	1.0	0.742	0.0	0.396	0.0	1.0	1.0	1.0	1.0	0.0	-1.0	-1.0	-1.0	-1.0	-1.0	-1.0	-1.0	-1.0	-1.0	-1.0	-1.0	-1.0
gnl|Prokka|GCF_044361425.1_1|2608253|T	1.0	0.0	0.0	-1.0	-1.0	-1.0	-1.0	0.0	0.0	0.0	-1.0	-1.0	1.0	-1.0	-1.0	1.0	0.0	0.0	1.0	0.0	1.0	1.0	-1.0	-1.0	-1.0	0.0	0.0	-1.0	0.0	-1.0	0.847	1.0	1.0	1.0	0.107	1.0	0.0	1.0	0.733	1.0	0.162	0.0	1.0	-1.0	1.0	-1.0	-1.0	0.0	0.0	-1.0	-1.0	0.0	1.0	1.0	1.0	0.0	1.0	0.0	1.0	0.0	1.0	-1.0	0.0	0.0	-1.0	1.0	0.0	0.944	1.0	0.0	0.0	1.0	0.0	1.0	-1.0	1.0	0.0	0.0	-1.0	1.0	0.691	1.0	1.0	1.0	0.137	1.0	0.0	0.0	0.0	1.0	0.0	0.0	-1.0	1.0	1.0	0.0	0.558	-1.0	0.0	0.826	0.039	-1.0	0.0	-1.0	-1.0	0.0	0.0	1.0	0.258	0.0	-1.0	0.0	1.0	0.615	-1.0	-1.0	-1.0	0.12	0.907	0.0	0.848	0.84	0.103	0.63	0.0	1.0	0.833	1.0	-1.0	0.0	-1.0	-1.0	0.0	0.0	1.0	0.074	1.0	0.0	0.579	0.912	0.0	0.0	1.0	0.0	0.0	0.0	-1.0	0.0	0.0	1.0	0.0	0.0	0.0	1.0	0.6	0.0	1.0	0.385	0.0	0.0	0.188	-1.0	0.571	1.0	1.0	1.0	-1.0	1.0	0.754	1.0	1.0	1.0	0.602	0.0	0.267	0.0	1.0	1.0	1.0	0.375	0.0	-1.0	-1.0	-1.0	-1.0	-1.0	-1.0	-1.0	-1.0	-1.0	-1.0	-1.0	-1.0
gnl|Prokka|GCF_044361425.1_1|2614825|A	1.0	1.0	0.0	-1.0	-1.0	-1.0	-1.0	1.0	1.0	1.0	-1.0	-1.0	0.0	-1.0	-1.0	0.0	-1.0	1.0	-1.0	1.0	-1.0	1.0	1.0	-1.0	-1.0	0.0	1.0	-1.0	0.636	-1.0	0.897	0.0	0.0	0.0	0.885	0.963	1.0	0.0	0.0	0.0	1.0	1.0	0.0	-1.0	1.0	1.0	-1.0	0.0	1.0	-1.0	-1.0	0.444	1.0	0.0	1.0	-1.0	0.0	0.0	0.0	1.0	1.0	-1.0	1.0	1.0	-1.0	0.0	0.0	1.0	0.0	1.0	0.0	-1.0	0.188	0.0	-1.0	0.0	-1.0	0.0	-1.0	0.0	0.436	1.0	0.0	-1.0	0.942	0.0	0.0	1.0	0.0	0.0	0.0	0.0	-1.0	0.0	0.0	1.0	0.571	-1.0	1.0	0.0	0.052	-1.0	1.0	-1.0	0.0	1.0	1.0	1.0	1.0	0.0	-1.0	1.0	0.0	0.0	-1.0	-1.0	-1.0	0.0	0.0	1.0	0.771	0.0	0.0	0.948	0.0	1.0	1.0	1.0	-1.0	0.222	-1.0	-1.0	-1.0	1.0	0.0	1.0	0.0	1.0	-1.0	1.0	0.0	0.0	0.0	0.0	0.0	0.0	-1.0	0.0	0.933	0.0	0.0	0.364	0.375	0.0	0.0	1.0	1.0	0.911	1.0	1.0	1.0	-1.0	1.0	0.0	1.0	1.0	-1.0	1.0	1.0	1.0	1.0	1.0	0.573	0.0	0.927	1.0	0.0	0.0	1.0	0.238	1.0	-1.0	-1.0	-1.0	-1.0	-1.0	-1.0	-1.0	-1.0	-1.0	-1.0	-1.0	-1.0
gnl|Prokka|GCF_044361425.1_1|2614835|G	1.0	1.0	0.0	-1.0	-1.0	-1.0	-1.0	1.0	1.0	1.0	-1.0	-1.0	0.0	-1.0	-1.0	0.0	-1.0	1.0	-1.0	1.0	-1.0	1.0	1.0	-1.0	-1.0	0.0	1.0	-1.0	0.636	-1.0	0.47	0.0	0.0	0.0	0.849	0.968	1.0	0.0	0.0	0.0	0.857	1.0	0.0	-1.0	1.0	1.0	-1.0	0.0	1.0	-1.0	-1.0	0.389	1.0	0.0	1.0	-1.0	0.0	0.0	0.0	1.0	1.0	-1.0	1.0	1.0	-1.0	0.0	0.0	1.0	0.0	1.0	0.0	-1.0	0.198	0.0	-1.0	0.0	-1.0	0.0	-1.0	0.0	0.442	0.0	0.0	-1.0	0.943	0.0	0.0	1.0	0.0	0.0	0.0	0.0	-1.0	0.0	0.0	1.0	0.578	-1.0	0.0	0.0	0.061	-1.0	1.0	-1.0	0.0	1.0	1.0	1.0	0.734	0.0	-1.0	1.0	0.0	0.0	-1.0	-1.0	-1.0	0.0	0.0	0.0	-1.0	0.0	0.0	0.947	0.0	1.0	1.0	1.0	-1.0	0.286	-1.0	-1.0	-1.0	1.0	0.0	0.0	0.0	1.0	-1.0	0.0	0.0	0.0	0.0	0.0	0.0	0.0	-1.0	-1.0	0.911	0.0	0.0	0.286	0.3	0.0	0.0	1.0	1.0	0.0	1.0	1.0	0.429	-1.0	1.0	0.0	1.0	1.0	-1.0	1.0	0.265	1.0	1.0	1.0	0.045	0.0	0.936	1.0	0.0	0.0	1.0	0.222	1.0	-1.0	-1.0	-1.0	-1.0	-1.0	-1.0	-1.0	-1.0	-1.0	-1.0	-1.0	-1.0
gnl|Prokka|GCF_044361425.1_1|2621597|G	1.0	1.0	0.538	-1.0	0.0	-1.0	-1.0	0.0	1.0	0.0	-1.0	-1.0	1.0	-1.0	-1.0	1.0	-1.0	0.0	0.0	1.0	-1.0	0.0	0.417	-1.0	-1.0	-1.0	0.0	-1.0	0.0	-1.0	0.429	0.088	0.0	0.0	0.945	0.979	1.0	0.0	0.591	0.073	1.0	1.0	0.0	-1.0	0.0	-1.0	-1.0	0.0	1.0	-1.0	-1.0	0.657	0.0	0.0	0.95	1.0	1.0	0.0	1.0	1.0	0.0	-1.0	1.0	1.0	-1.0	0.0	0.0	0.075	0.0	0.556	0.0	0.0	0.162	1.0	0.0	0.0	-1.0	0.0	-1.0	0.0	1.0	1.0	0.0	0.0	1.0	0.0	0.0	1.0	0.0	0.0	0.0	0.0	-1.0	0.0	1.0	1.0	0.484	-1.0	1.0	0.0	0.0	-1.0	1.0	-1.0	1.0	1.0	1.0	1.0	1.0	1.0	-1.0	1.0	0.0	0.0	-1.0	-1.0	-1.0	0.0	0.106	1.0	0.448	0.0	0.0	0.976	1.0	0.0	1.0	1.0	-1.0	0.281	0.0	-1.0	1.0	1.0	0.0	0.0	0.0	1.0	0.571	0.0	0.0	0.0	0.0	0.0	0.0	0.0	-1.0	0.0	0.914	0.912	0.0	0.0	0.0	-1.0	0.0	0.2	0.0	0.4	1.0	0.965	0.538	-1.0	0.714	0.0	1.0	0.0	-1.0	0.0	0.27	1.0	1.0	1.0	0.419	0.0	1.0	1.0	0.0	0.0	0.0	0.0	0.0	-1.0	-1.0	-1.0	-1.0	-1.0	-1.0	-1.0	-1.0	-1.0	-1.0	-1.0	-1.0
gnl|Prokka|GCF_044361425.1_1|2629025|C	1.0	1.0	0.556	-1.0	-1.0	-1.0	-1.0	0.0	-1.0	0.0	-1.0	-1.0	0.0	-1.0	-1.0	1.0	-1.0	0.0	0.75	1.0	0.0	0.0	0.0	-1.0	-1.0	-1.0	0.0	-1.0	0.0	-1.0	0.487	1.0	1.0	0.0	0.846	0.0	1.0	1.0	0.722	1.0	0.0	1.0	0.0	-1.0	0.0	-1.0	-1.0	0.0	1.0	-1.0	-1.0	0.219	0.0	0.0	1.0	1.0	1.0	0.0	0.0	1.0	0.0	-1.0	1.0	1.0	-1.0	0.0	0.0	0.058	1.0	0.0	0.0	0.0	0.0	0.0	1.0	0.0	-1.0	0.0	-1.0	1.0	1.0	0.0	1.0	1.0	0.053	1.0	0.0	0.471	0.0	0.0	1.0	1.0	-1.0	1.0	1.0	1.0	1.0	-1.0	0.0	0.778	0.0	-1.0	0.0	-1.0	1.0	0.0	1.0	1.0	0.733	0.0	-1.0	1.0	1.0	0.513	-1.0	-1.0	-1.0	1.0	1.0	0.0	0.451	0.793	0.0	0.957	1.0	0.0	0.0	0.0	-1.0	0.741	0.0	-1.0	0.0	0.0	1.0	0.0	0.0	1.0	0.778	0.098	1.0	0.0	1.0	0.0	1.0	0.0	-1.0	0.0	1.0	1.0	0.0	1.0	-1.0	1.0	0.0	0.0	0.0	0.0	0.0	1.0	0.0	-1.0	1.0	0.643	1.0	0.0	-1.0	1.0	0.198	1.0	1.0	1.0	0.486	1.0	0.333	1.0	1.0	1.0	0.0	0.0	0.089	-1.0	-1.0	-1.0	-1.0	-1.0	-1.0	-1.0	-1.0	-1.0	-1.0	-1.0	-1.0
gnl|Prokka|GCF_044361425.1_1|2684433|A	0.0	1.0	0.214	-1.0	-1.0	-1.0	-1.0	1.0	0.0	0.0	-1.0	-1.0	1.0	-1.0	-1.0	0.0	-1.0	0.0	0.0	1.0	-1.0	1.0	0.688	-1.0	-1.0	0.0	1.0	-1.0	0.0	-1.0	0.889	0.0	0.636	-1.0	1.0	0.972	1.0	0.0	0.0	1.0	1.0	1.0	0.0	-1.0	0.0	-1.0	-1.0	0.0	1.0	-1.0	-1.0	1.0	0.082	0.0	0.0	-1.0	0.0	1.0	1.0	0.0	0.0	0.0	0.0	0.0	-1.0	0.276	1.0	1.0	1.0	0.0	0.0	1.0	0.0	1.0	1.0	0.0	-1.0	1.0	-1.0	0.0	0.0	0.0	0.0	1.0	0.939	1.0	0.0	0.0	0.0	0.0	0.0	1.0	-1.0	0.0	0.0	1.0	0.067	-1.0	1.0	0.0	0.044	-1.0	1.0	-1.0	0.0	0.0	1.0	0.0	1.0	0.0	-1.0	0.0	0.0	0.537	-1.0	-1.0	-1.0	0.0	0.0	0.0	0.192	1.0	1.0	0.04	0.0	1.0	1.0	1.0	-1.0	0.0	-1.0	-1.0	-1.0	0.0	0.0	1.0	0.0	0.0	-1.0	0.0	1.0	0.0	0.0	0.0	1.0	1.0	-1.0	-1.0	1.0	0.0	0.0	0.0	0.0	0.0	1.0	0.0	1.0	-1.0	0.0	0.0	0.0	-1.0	0.0	0.789	1.0	1.0	-1.0	0.0	1.0	1.0	0.0	0.0	1.0	0.0	0.695	0.0	0.0	0.0	0.909	0.29	0.037	-1.0	-1.0	-1.0	-1.0	-1.0	-1.0	-1.0	-1.0	-1.0	-1.0	-1.0	-1.0
gnl|Prokka|GCF_044361425.1_1|2689539|G	0.0	1.0	0.6	-1.0	-1.0	-1.0	-1.0	0.0	0.0	1.0	-1.0	-1.0	0.0	-1.0	-1.0	1.0	-1.0	1.0	0.0	0.0	-1.0	1.0	0.0	-1.0	-1.0	-1.0	1.0	-1.0	-1.0	-1.0	0.477	0.067	1.0	0.0	0.077	0.029	1.0	0.0	1.0	1.0	0.833	1.0	0.0	-1.0	0.0	-1.0	-1.0	0.0	1.0	-1.0	-1.0	1.0	0.143	0.0	0.0	-1.0	1.0	0.0	1.0	0.0	0.0	-1.0	0.0	0.0	-1.0	1.0	1.0	0.0	1.0	0.625	1.0	1.0	0.882	1.0	1.0	0.0	-1.0	0.216	-1.0	0.0	0.0	1.0	0.0	1.0	0.097	1.0	0.0	0.0	1.0	0.0	0.0	1.0	-1.0	0.0	1.0	1.0	0.051	-1.0	1.0	1.0	0.965	-1.0	0.0	-1.0	-1.0	0.0	1.0	0.0	0.0	0.0	-1.0	0.0	0.0	1.0	-1.0	-1.0	-1.0	0.0	0.097	0.0	0.292	1.0	1.0	0.0	1.0	1.0	0.0	0.0	-1.0	0.0	-1.0	-1.0	1.0	1.0	0.0	0.0	0.0	0.0	0.267	0.0	1.0	1.0	0.0	0.0	1.0	0.0	-1.0	1.0	0.0	1.0	1.0	0.812	-1.0	0.359	0.824	0.0	0.0	0.531	0.0	0.0	0.714	-1.0	0.0	1.0	0.0	1.0	-1.0	0.0	0.262	1.0	1.0	0.0	0.0	0.0	0.744	1.0	0.0	0.0	1.0	0.52	0.0	-1.0	-1.0	-1.0	-1.0	-1.0	-1.0	-1.0	-1.0	-1.0	-1.0	-1.0	-1.0
gnl|Prokka|GCF_044361425.1_1|2689575|A	0.0	1.0	-1.0	-1.0	-1.0	-1.0	-1.0	0.0	0.0	1.0	-1.0	-1.0	0.0	-1.0	-1.0	1.0	-1.0	1.0	0.214	0.0	-1.0	1.0	-1.0	-1.0	-1.0	1.0	1.0	-1.0	0.625	-1.0	0.45	0.093	1.0	0.0	0.087	0.0	1.0	0.0	1.0	1.0	0.769	1.0	0.0	-1.0	0.0	-1.0	-1.0	0.0	1.0	-1.0	-1.0	1.0	0.079	0.0	0.0	-1.0	1.0	0.0	1.0	-1.0	0.0	-1.0	0.0	0.0	-1.0	1.0	1.0	0.0	1.0	1.0	1.0	1.0	0.872	1.0	1.0	0.0	0.0	0.235	-1.0	0.0	0.0	1.0	0.0	1.0	0.085	1.0	0.0	0.0	1.0	0.0	0.0	1.0	-1.0	0.0	1.0	1.0	0.057	-1.0	1.0	1.0	0.968	-1.0	0.0	-1.0	1.0	0.0	1.0	0.0	0.0	0.0	-1.0	0.0	0.0	1.0	-1.0	-1.0	-1.0	0.0	0.086	0.0	0.294	1.0	1.0	0.0	1.0	1.0	0.0	0.0	-1.0	0.0	-1.0	-1.0	1.0	1.0	0.0	0.0	0.0	0.0	0.294	0.0	1.0	1.0	0.278	0.0	1.0	0.0	-1.0	1.0	0.0	1.0	1.0	0.737	0.625	0.371	1.0	0.0	0.0	0.562	0.0	0.0	-1.0	-1.0	0.0	1.0	0.0	1.0	-1.0	0.0	0.348	1.0	1.0	0.0	0.0	0.0	0.725	1.0	0.0	0.0	1.0	0.593	0.0	-1.0	-1.0	-1.0	-1.0	-1.0	-1.0	-1.0	-1.0	-1.0	-1.0	-1.0	-1.0
gnl|Prokka|GCF_044361425.1_1|2689668|C	1.0	1.0	0.0	-1.0	-1.0	-1.0	-1.0	0.0	0.0	0.0	-1.0	-1.0	0.0	-1.0	-1.0	0.0	-1.0	1.0	0.571	0.0	-1.0	0.0	0.571	-1.0	-1.0	0.0	1.0	-1.0	0.0	-1.0	0.349	0.857	1.0	0.0	0.0	0.0	0.0	0.0	0.615	1.0	1.0	0.0	0.0	-1.0	0.825	-1.0	-1.0	0.0	0.0	-1.0	-1.0	0.345	0.171	1.0	1.0	-1.0	1.0	0.0	1.0	0.0	0.0	-1.0	0.0	0.0	-1.0	1.0	0.0	0.0	1.0	0.0	0.0	0.0	0.0	1.0	0.625	1.0	0.0	0.0	-1.0	0.0	0.51	1.0	1.0	1.0	0.077	1.0	0.0	0.0	0.0	0.0	0.0	1.0	-1.0	0.0	1.0	0.0	0.466	-1.0	0.0	0.517	0.0	-1.0	0.0	-1.0	1.0	0.0	0.0	1.0	0.38	0.0	-1.0	0.0	1.0	0.0	-1.0	-1.0	-1.0	0.0	0.0	1.0	0.725	1.0	0.0	0.653	1.0	1.0	0.0	0.0	-1.0	0.0	-1.0	-1.0	0.0	0.0	1.0	0.0	0.0	0.0	0.6	0.0	1.0	0.0	0.0	0.0	1.0	0.0	-1.0	0.0	0.058	0.0	0.0	0.6	0.0	1.0	0.826	1.0	0.0	1.0	0.0	0.0	1.0	-1.0	0.0	-1.0	0.0	0.0	-1.0	0.0	0.576	0.0	0.0	0.0	0.632	0.0	0.283	1.0	0.0	0.0	1.0	0.0	0.0	-1.0	-1.0	-1.0	-1.0	-1.0	-1.0	-1.0	-1.0	-1.0	-1.0	-1.0	-1.0
gnl|Prokka|GCF_044361425.1_1|2689776|T	1.0	1.0	0.308	-1.0	-1.0	-1.0	-1.0	0.914	0.0	0.0	-1.0	-1.0	0.0	-1.0	-1.0	0.0	-1.0	1.0	0.7	0.0	-1.0	1.0	1.0	-1.0	-1.0	-1.0	0.0	-1.0	0.0	-1.0	0.366	1.0	1.0	0.0	0.068	0.0	0.0	0.0	0.611	1.0	1.0	0.0	0.0	-1.0	0.857	-1.0	-1.0	0.0	0.0	-1.0	-1.0	0.24	0.083	0.0	1.0	-1.0	1.0	0.0	1.0	0.0	0.0	-1.0	0.0	0.0	-1.0	1.0	0.0	0.0	1.0	0.0	0.0	1.0	0.0	1.0	0.636	0.0	0.0	-1.0	-1.0	1.0	0.632	1.0	1.0	1.0	0.054	1.0	0.0	0.0	0.0	0.0	0.0	1.0	-1.0	1.0	0.826	0.0	0.545	-1.0	-1.0	-1.0	0.018	-1.0	1.0	-1.0	1.0	0.0	0.0	1.0	0.242	0.0	-1.0	0.0	0.0	0.452	-1.0	-1.0	-1.0	0.143	0.916	1.0	0.731	0.708	0.0	0.692	0.0	1.0	0.0	0.0	-1.0	0.0	-1.0	-1.0	-1.0	0.0	1.0	0.0	0.0	0.0	0.733	1.0	1.0	0.0	1.0	-1.0	1.0	1.0	-1.0	0.0	0.0	0.0	1.0	-1.0	0.0	1.0	1.0	1.0	0.0	1.0	0.0	0.021	0.444	-1.0	0.0	0.235	0.0	0.0	-1.0	0.0	0.55	0.0	0.0	0.0	0.675	1.0	0.26	0.0	1.0	1.0	1.0	0.455	1.0	-1.0	-1.0	-1.0	-1.0	-1.0	-1.0	-1.0	-1.0	-1.0	-1.0	-1.0	-1.0
gnl|Prokka|GCF_044361425.1_1|2692356|A	1.0	1.0	0.667	-1.0	-1.0	-1.0	-1.0	0.0	-1.0	1.0	-1.0	-1.0	0.0	-1.0	-1.0	1.0	-1.0	0.0	0.375	0.0	-1.0	0.0	-1.0	-1.0	-1.0	0.0	1.0	-1.0	-1.0	-1.0	0.899	1.0	-1.0	1.0	0.0	0.0	1.0	1.0	0.471	1.0	0.186	1.0	0.0	-1.0	1.0	-1.0	-1.0	0.0	1.0	-1.0	-1.0	0.176	0.0	0.0	1.0	-1.0	1.0	0.0	0.0	0.0	0.0	0.0	0.0	0.0	-1.0	0.143	0.0	0.0	1.0	0.0	0.0	1.0	0.0	0.0	1.0	0.0	0.0	0.0	-1.0	1.0	0.0	0.0	1.0	1.0	0.0	1.0	0.0	0.0	0.0	0.0	0.0	1.0	-1.0	0.848	1.0	1.0	0.57	-1.0	1.0	0.682	0.0	-1.0	0.0	-1.0	1.0	0.0	1.0	1.0	0.222	0.0	-1.0	0.0	0.0	0.0	-1.0	-1.0	-1.0	0.0	1.0	1.0	0.706	0.735	0.0	0.58	0.0	0.0	0.0	0.0	-1.0	0.0	-1.0	-1.0	-1.0	1.0	1.0	0.0	1.0	0.0	-1.0	0.0	1.0	0.0	1.0	0.0	1.0	0.0	-1.0	0.0	0.0	1.0	0.0	0.292	-1.0	1.0	1.0	1.0	0.0	0.316	0.0	0.0	0.0	-1.0	-1.0	0.579	0.0	0.0	-1.0	0.0	1.0	1.0	1.0	1.0	0.965	1.0	0.226	1.0	1.0	1.0	0.0	0.0	0.0	-1.0	-1.0	-1.0	-1.0	-1.0	-1.0	-1.0	-1.0	-1.0	-1.0	-1.0	-1.0
gnl|Prokka|GCF_044361425.1_1|2733034|C	0.0	1.0	1.0	-1.0	1.0	-1.0	-1.0	0.0	0.0	1.0	-1.0	-1.0	0.0	-1.0	-1.0	1.0	0.0	-1.0	0.0	1.0	-1.0	1.0	1.0	-1.0	-1.0	-1.0	0.0	-1.0	-1.0	-1.0	0.106	0.0	-1.0	0.0	1.0	0.021	0.0	0.0	0.615	1.0	0.778	0.0	0.0	-1.0	1.0	0.0	-1.0	0.0	0.0	-1.0	-1.0	1.0	1.0	0.0	0.0	0.273	1.0	1.0	1.0	0.0	1.0	0.0	0.0	0.0	-1.0	0.205	1.0	0.112	1.0	0.429	1.0	-1.0	0.851	1.0	1.0	0.0	1.0	0.115	-1.0	0.0	0.0	1.0	0.0	1.0	0.067	1.0	0.0	0.0	1.0	0.0	0.0	1.0	-1.0	0.0	1.0	0.0	0.618	-1.0	1.0	1.0	1.0	-1.0	0.0	-1.0	1.0	0.0	0.0	0.0	0.72	0.0	-1.0	0.0	0.0	1.0	-1.0	-1.0	-1.0	1.0	0.108	1.0	0.258	1.0	1.0	0.0	0.0	0.0	0.0	0.0	-1.0	1.0	1.0	-1.0	0.0	1.0	0.0	0.0	0.0	0.0	0.556	0.075	1.0	1.0	0.0	1.0	1.0	0.0	-1.0	-1.0	1.0	1.0	0.0	1.0	-1.0	0.296	0.0	0.0	0.0	0.167	0.0	0.0	0.0	-1.0	0.0	1.0	0.0	1.0	-1.0	1.0	0.0	0.0	1.0	0.0	0.0	0.0	0.653	1.0	0.0	0.0	0.0	0.0	0.036	-1.0	-1.0	-1.0	-1.0	-1.0	-1.0	-1.0	-1.0	-1.0	-1.0	-1.0	-1.0
gnl|Prokka|GCF_044361425.1_1|2774275|G	0.0	0.0	-1.0	-1.0	-1.0	-1.0	-1.0	1.0	0.0	1.0	-1.0	-1.0	0.0	-1.0	-1.0	1.0	-1.0	0.375	1.0	1.0	0.0	0.071	1.0	-1.0	-1.0	1.0	0.0	-1.0	0.667	-1.0	0.643	0.881	-1.0	0.0	1.0	0.033	0.0	1.0	1.0	0.0	1.0	0.0	1.0	-1.0	1.0	-1.0	-1.0	0.0	0.0	-1.0	-1.0	0.636	0.889	0.0	0.089	0.0	1.0	1.0	0.0	0.0	1.0	0.0	0.0	0.0	-1.0	0.0	1.0	1.0	0.0	-1.0	1.0	1.0	1.0	0.0	0.0	0.0	-1.0	1.0	-1.0	0.0	0.4	1.0	1.0	0.0	0.095	0.0	1.0	0.429	1.0	1.0	0.0	0.0	-1.0	0.0	1.0	0.0	0.515	-1.0	1.0	0.192	1.0	-1.0	1.0	-1.0	1.0	0.0	0.0	0.0	1.0	1.0	-1.0	1.0	0.0	0.881	-1.0	-1.0	-1.0	1.0	0.085	0.0	0.595	0.111	1.0	0.086	0.0	1.0	0.273	0.0	-1.0	1.0	-1.0	-1.0	-1.0	1.0	1.0	0.0	0.0	0.0	0.0	0.706	0.0	1.0	0.0	1.0	0.0	1.0	-1.0	0.0	1.0	1.0	0.0	0.0	-1.0	1.0	0.0	1.0	1.0	1.0	1.0	0.0	1.0	-1.0	0.3	0.0	0.0	0.0	-1.0	1.0	0.678	0.0	1.0	0.0	0.637	0.0	0.768	1.0	0.0	0.0	1.0	0.235	0.071	-1.0	-1.0	-1.0	-1.0	-1.0	-1.0	-1.0	-1.0	-1.0	-1.0	-1.0	-1.0
gnl|Prokka|GCF_044361425.1_1|2832946|T	1.0	0.0	0.0	-1.0	-1.0	-1.0	-1.0	0.0	1.0	0.0	-1.0	-1.0	0.0	-1.0	-1.0	0.0	0.0	1.0	1.0	0.0	-1.0	0.889	0.571	-1.0	-1.0	0.0	0.0	-1.0	0.727	-1.0	0.565	0.0	-1.0	1.0	0.0	0.0	0.0	1.0	0.0	1.0	0.125	0.0	1.0	-1.0	0.0	1.0	-1.0	1.0	0.0	-1.0	-1.0	0.615	0.064	1.0	1.0	-1.0	0.0	1.0	0.0	1.0	0.0	-1.0	1.0	1.0	-1.0	0.0	1.0	0.909	0.0	1.0	0.0	-1.0	0.0	-1.0	0.0	1.0	-1.0	0.111	-1.0	0.0	0.431	1.0	0.0	0.0	0.0	0.0	1.0	0.474	0.0	1.0	0.0	0.0	-1.0	0.0	0.0	0.0	0.907	-1.0	0.0	0.0	0.0	-1.0	0.0	-1.0	0.0	1.0	0.0	1.0	0.244	0.0	-1.0	0.0	1.0	0.545	-1.0	-1.0	-1.0	1.0	0.0	0.0	0.75	0.0	1.0	0.878	1.0	0.0	0.0	0.0	-1.0	0.0	-1.0	-1.0	0.0	0.0	0.0	0.0	0.903	1.0	-1.0	0.0	0.0	0.0	0.0	-1.0	0.0	0.0	-1.0	1.0	0.0	0.0	0.0	0.562	-1.0	0.037	-1.0	0.0	1.0	1.0	0.0	1.0	1.0	-1.0	-1.0	1.0	0.0	1.0	-1.0	0.0	0.746	0.0	0.0	0.0	0.657	0.0	1.0	0.0	0.0	0.0	0.0	0.0	0.902	-1.0	-1.0	-1.0	-1.0	-1.0	-1.0	-1.0	-1.0	-1.0	-1.0	-1.0	-1.0
gnl|Prokka|GCF_044361425.1_1|2846417|T	-1.0	1.0	0.571	-1.0	-1.0	-1.0	-1.0	1.0	0.0	0.0	-1.0	-1.0	0.0	-1.0	-1.0	0.0	-1.0	0.0	1.0	1.0	-1.0	0.0	0.0	-1.0	-1.0	-1.0	1.0	-1.0	0.444	-1.0	0.0	0.0	1.0	0.0	0.932	1.0	0.0	1.0	1.0	1.0	0.0	0.0	1.0	-1.0	0.053	-1.0	-1.0	0.0	0.0	-1.0	-1.0	0.212	0.0	1.0	1.0	0.0	1.0	0.0	1.0	0.0	0.0	0.0	0.0	0.0	-1.0	0.0	1.0	0.065	0.0	-1.0	1.0	-1.0	0.822	1.0	0.6	1.0	-1.0	1.0	-1.0	1.0	0.442	0.0	0.0	-1.0	0.114	0.0	0.0	0.0	1.0	0.0	1.0	1.0	-1.0	1.0	1.0	0.0	1.0	-1.0	1.0	1.0	1.0	-1.0	1.0	-1.0	1.0	0.0	0.0	1.0	0.629	0.0	-1.0	1.0	1.0	0.667	-1.0	-1.0	-1.0	1.0	0.918	0.0	0.75	0.278	1.0	0.737	0.0	1.0	0.192	0.0	-1.0	0.75	-1.0	-1.0	0.444	0.0	0.0	0.0	0.0	0.0	1.0	0.103	1.0	1.0	1.0	0.0	1.0	1.0	-1.0	-1.0	1.0	0.0	0.0	0.773	0.0	0.32	1.0	0.0	0.0	-1.0	0.0	0.0	1.0	-1.0	0.0	1.0	1.0	0.0	-1.0	0.0	0.0	0.0	0.0	1.0	0.0	1.0	0.286	1.0	1.0	1.0	1.0	0.2	0.0	-1.0	-1.0	-1.0	-1.0	-1.0	-1.0	-1.0	-1.0	-1.0	-1.0	-1.0	-1.0
gnl|Prokka|GCF_044361425.1_1|2857518|G	0.733	1.0	0.375	-1.0	-1.0	-1.0	-1.0	1.0	0.0	0.0	-1.0	-1.0	0.0	-1.0	-1.0	0.0	0.0	1.0	1.0	0.0	-1.0	1.0	0.6	-1.0	-1.0	0.0	1.0	-1.0	0.0	-1.0	0.451	0.0	1.0	1.0	0.0	0.977	0.0	1.0	0.556	1.0	0.133	0.0	1.0	-1.0	0.0	-1.0	-1.0	0.0	0.0	-1.0	-1.0	0.36	0.0	0.0	1.0	-1.0	1.0	1.0	1.0	0.0	0.0	0.545	0.0	0.0	-1.0	0.129	0.0	0.94	1.0	0.25	0.0	-1.0	0.0	1.0	1.0	0.0	0.0	0.688	-1.0	1.0	0.595	1.0	0.0	-1.0	0.056	1.0	0.0	0.0	0.0	0.0	0.0	1.0	-1.0	1.0	0.84	0.0	0.7	-1.0	1.0	0.717	0.0	-1.0	1.0	-1.0	1.0	0.0	0.0	1.0	0.291	0.0	-1.0	0.0	0.0	0.0	-1.0	-1.0	-1.0	0.0	0.946	0.0	0.761	0.69	0.0	0.732	1.0	1.0	1.0	0.0	-1.0	0.0	1.0	-1.0	-1.0	0.0	0.143	0.0	1.0	0.0	1.0	0.094	1.0	0.0	1.0	-1.0	1.0	1.0	-1.0	0.0	0.0	0.0	0.0	1.0	-1.0	0.292	0.0	0.667	1.0	-1.0	0.0	0.0	0.0	-1.0	0.333	0.478	0.0	1.0	-1.0	0.0	0.667	0.0	0.0	0.0	0.712	1.0	0.164	1.0	1.0	1.0	1.0	0.0	-1.0	-1.0	-1.0	-1.0	-1.0	-1.0	-1.0	-1.0	-1.0	-1.0	-1.0	-1.0	-1.0
gnl|Prokka|GCF_044361425.1_1|2867552|T	0.0	0.0	0.0	-1.0	-1.0	-1.0	-1.0	1.0	0.0	1.0	-1.0	-1.0	0.0	-1.0	-1.0	1.0	-1.0	0.0	0.0	0.0	-1.0	1.0	0.0	-1.0	-1.0	0.0	1.0	-1.0	0.625	-1.0	1.0	0.154	-1.0	0.0	0.0	0.957	1.0	0.0	0.0	1.0	1.0	1.0	0.0	-1.0	1.0	-1.0	-1.0	1.0	1.0	-1.0	-1.0	1.0	1.0	0.0	0.0	1.0	0.0	0.0	0.0	0.0	1.0	-1.0	0.0	0.0	-1.0	1.0	1.0	0.908	0.0	1.0	0.0	0.0	0.18	0.0	0.0	0.0	-1.0	1.0	-1.0	0.0	0.0	1.0	0.0	0.0	0.0	1.0	0.0	0.0	0.0	0.0	0.0	1.0	-1.0	0.0	0.0	1.0	0.472	-1.0	0.0	0.621	0.03	-1.0	1.0	-1.0	0.0	1.0	1.0	0.0	0.29	0.0	-1.0	0.85	1.0	1.0	-1.0	-1.0	-1.0	1.0	0.095	0.0	0.381	0.912	1.0	0.074	1.0	1.0	0.0	1.0	-1.0	0.556	1.0	-1.0	-1.0	0.0	0.0	0.0	0.167	0.0	0.235	0.133	1.0	0.0	0.0	1.0	1.0	1.0	-1.0	1.0	0.0	1.0	0.0	0.0	1.0	0.0	0.0	0.0	1.0	1.0	0.0	0.0	1.0	-1.0	0.0	0.609	0.0	1.0	-1.0	1.0	1.0	1.0	1.0	0.0	1.0	0.0	0.681	0.0	0.0	0.0	1.0	0.0	1.0	-1.0	-1.0	-1.0	-1.0	-1.0	-1.0	-1.0	-1.0	-1.0	-1.0	-1.0	-1.0
gnl|Prokka|GCF_044361425.1_1|2874708|G	0.0	1.0	0.0	-1.0	-1.0	-1.0	-1.0	1.0	0.0	-1.0	-1.0	-1.0	0.0	-1.0	-1.0	0.0	1.0	1.0	0.0	1.0	1.0	0.0	0.0	-1.0	-1.0	0.0	0.0	-1.0	0.0	-1.0	0.514	1.0	0.0	0.0	1.0	0.0	0.0	1.0	0.6	1.0	0.125	0.0	0.0	-1.0	0.0	-1.0	-1.0	0.0	0.0	-1.0	-1.0	-1.0	0.0	1.0	0.0	-1.0	1.0	1.0	1.0	0.0	0.0	-1.0	0.0	0.0	-1.0	0.0	-1.0	0.095	1.0	-1.0	0.0	1.0	0.189	1.0	1.0	0.0	-1.0	1.0	-1.0	1.0	0.0	1.0	1.0	-1.0	0.0	0.0	0.0	0.0	0.0	1.0	1.0	1.0	-1.0	1.0	1.0	0.0	0.049	-1.0	1.0	0.72	0.039	-1.0	1.0	-1.0	1.0	0.0	0.0	0.0	1.0	1.0	-1.0	0.0	0.0	1.0	-1.0	-1.0	-1.0	0.0	1.0	0.008	0.217	0.0	1.0	0.052	0.0	1.0	0.0	1.0	-1.0	0.769	0.0	-1.0	0.727	0.0	1.0	0.0	0.0	0.0	0.0	0.0	1.0	0.0	0.75	1.0	1.0	1.0	-1.0	0.0	1.0	0.0	0.0	0.714	-1.0	1.0	0.769	0.0	0.0	0.909	0.0	0.0	0.667	-1.0	-1.0	0.52	1.0	0.0	-1.0	0.0	0.7	0.0	1.0	1.0	0.943	1.0	0.696	1.0	1.0	1.0	1.0	0.3	-1.0	-1.0	-1.0	-1.0	-1.0	-1.0	-1.0	-1.0	-1.0	-1.0	-1.0	-1.0	-1.0
gnl|Prokka|GCF_044361425.1_1|2880201|C	1.0	0.0	0.0	-1.0	-1.0	-1.0	-1.0	1.0	0.0	1.0	-1.0	-1.0	0.0	-1.0	-1.0	1.0	-1.0	1.0	1.0	1.0	-1.0	0.0	1.0	-1.0	-1.0	0.429	0.0	-1.0	0.556	-1.0	0.259	0.919	-1.0	0.0	1.0	0.983	0.0	1.0	0.0	0.0	1.0	0.0	0.0	-1.0	0.0	-1.0	-1.0	1.0	0.0	-1.0	-1.0	0.793	0.0	0.0	0.944	0.0	0.0	0.0	0.0	0.0	0.0	-1.0	0.0	0.0	-1.0	0.0	1.0	0.069	0.0	0.308	0.0	-1.0	0.143	0.0	0.0	1.0	1.0	1.0	-1.0	0.0	0.694	1.0	1.0	0.0	0.0	1.0	-1.0	0.0	0.0	0.0	0.0	0.0	-1.0	0.0	0.0	0.0	0.357	-1.0	0.0	0.0	0.039	-1.0	1.0	-1.0	0.0	1.0	0.0	1.0	1.0	1.0	-1.0	0.0	1.0	1.0	-1.0	-1.0	-1.0	0.0	0.0	1.0	0.643	1.0	1.0	0.746	1.0	0.0	1.0	0.0	-1.0	0.333	-1.0	-1.0	0.0	0.0	1.0	0.0	0.0	0.0	0.0	1.0	0.0	0.0	0.0	-1.0	0.0	0.0	-1.0	0.0	1.0	1.0	0.0	0.0	1.0	0.652	0.0	0.828	0.0	0.25	0.0	0.0	0.444	-1.0	0.0	0.0	0.0	0.0	-1.0	0.0	0.551	0.0	1.0	1.0	0.306	0.0	1.0	0.0	0.0	0.0	0.0	0.0	1.0	-1.0	-1.0	-1.0	-1.0	-1.0	-1.0	-1.0	-1.0	-1.0	-1.0	-1.0	-1.0
gnl|Prokka|GCF_044361425.1_1|2882125|C	1.0	0.0	0.643	-1.0	-1.0	-1.0	-1.0	0.0	0.0	1.0	-1.0	-1.0	1.0	-1.0	-1.0	1.0	1.0	0.0	1.0	1.0	-1.0	1.0	1.0	-1.0	-1.0	1.0	1.0	-1.0	1.0	-1.0	1.0	0.0	0.0	0.0	1.0	0.033	1.0	1.0	0.579	0.1	0.194	1.0	0.0	-1.0	1.0	-1.0	-1.0	1.0	1.0	-1.0	-1.0	0.611	0.0	0.0	1.0	-1.0	0.0	1.0	1.0	0.0	0.0	-1.0	1.0	0.0	-1.0	0.6	1.0	0.106	0.0	1.0	1.0	-1.0	1.0	1.0	0.0	0.0	-1.0	0.364	-1.0	0.0	0.0	0.0	0.0	-1.0	0.098	0.0	0.0	0.0	1.0	0.0	0.0	0.0	-1.0	0.0	0.0	1.0	0.9	-1.0	1.0	0.206	0.98	-1.0	0.0	-1.0	0.0	1.0	1.0	1.0	1.0	0.0	-1.0	0.0	1.0	0.778	-1.0	-1.0	-1.0	-1.0	0.071	1.0	1.0	0.0	1.0	0.586	1.0	1.0	0.0	0.0	-1.0	1.0	-1.0	-1.0	1.0	1.0	0.0	0.0	0.0	0.0	-1.0	0.156	0.0	1.0	0.0	-1.0	0.0	0.0	-1.0	1.0	1.0	1.0	0.0	0.263	1.0	0.0	1.0	0.8	0.0	0.417	0.0	0.0	0.667	-1.0	0.375	0.364	0.0	0.0	-1.0	0.0	1.0	1.0	1.0	0.0	0.725	0.0	0.921	0.0	0.0	0.0	1.0	0.24	0.0	-1.0	-1.0	-1.0	-1.0	-1.0	-1.0	-1.0	-1.0	-1.0	-1.0	-1.0	-1.0
gnl|Prokka|GCF_044361425.1_1|2959895|T	0.778	1.0	0.0	-1.0	-1.0	-1.0	-1.0	0.0	0.0	0.0	-1.0	-1.0	1.0	-1.0	-1.0	0.0	-1.0	-1.0	0.0	1.0	-1.0	1.0	0.667	-1.0	-1.0	0.0	0.0	-1.0	0.0	-1.0	0.865	1.0	0.625	1.0	0.912	0.0	1.0	0.0	0.583	1.0	1.0	1.0	1.0	-1.0	1.0	0.0	-1.0	0.0	1.0	-1.0	-1.0	0.355	1.0	1.0	1.0	-1.0	1.0	0.0	1.0	0.0	1.0	-1.0	0.0	0.0	-1.0	1.0	0.0	1.0	1.0	0.0	0.0	-1.0	0.0	0.0	1.0	1.0	-1.0	0.0	-1.0	0.0	0.529	1.0	1.0	1.0	0.099	1.0	0.0	0.0	0.0	1.0	1.0	1.0	-1.0	0.0	1.0	1.0	0.559	-1.0	0.0	0.8	0.0	-1.0	1.0	-1.0	-1.0	0.0	1.0	1.0	0.74	1.0	-1.0	1.0	0.0	0.0	-1.0	-1.0	-1.0	0.129	0.103	0.0	0.757	0.778	0.0	0.678	0.0	1.0	0.0	0.0	-1.0	0.0	-1.0	-1.0	1.0	0.0	1.0	0.0	1.0	0.0	1.0	1.0	1.0	0.0	0.125	0.0	1.0	0.0	-1.0	-1.0	1.0	0.0	0.0	0.391	-1.0	1.0	0.0	0.0	1.0	1.0	0.0	0.0	1.0	-1.0	0.0	0.565	0.0	1.0	-1.0	1.0	1.0	1.0	0.0	0.0	1.0	0.0	0.339	1.0	0.0	0.0	1.0	0.0	0.119	-1.0	-1.0	-1.0	-1.0	-1.0	-1.0	-1.0	-1.0	-1.0	-1.0	-1.0	-1.0
gnl|Prokka|GCF_044361425.1_1|2975227|T	0.0	1.0	0.333	-1.0	-1.0	-1.0	-1.0	0.925	0.0	0.0	-1.0	-1.0	1.0	-1.0	-1.0	0.0	0.0	0.0	0.167	0.0	1.0	0.921	0.0	-1.0	-1.0	0.0	0.0	-1.0	0.333	-1.0	0.408	0.0	-1.0	0.0	0.0	1.0	0.0	0.0	0.682	0.932	1.0	0.0	0.0	-1.0	1.0	-1.0	-1.0	1.0	0.0	-1.0	-1.0	0.3	1.0	0.0	0.0	0.0	1.0	1.0	1.0	0.0	1.0	0.444	0.0	0.0	-1.0	-1.0	0.0	0.0	1.0	0.364	0.0	-1.0	0.219	1.0	1.0	1.0	0.0	0.857	-1.0	1.0	0.0	1.0	0.0	1.0	0.0	1.0	0.0	0.0	0.0	0.0	0.0	1.0	-1.0	0.0	1.0	0.0	0.051	-1.0	0.0	0.6	0.019	-1.0	1.0	-1.0	1.0	1.0	0.0	0.0	0.196	1.0	-1.0	0.0	-1.0	0.093	-1.0	-1.0	-1.0	0.179	0.0	0.0	0.379	0.885	0.0	0.106	1.0	1.0	1.0	0.0	-1.0	0.0	1.0	-1.0	0.0	0.0	0.0	0.0	0.0	0.0	0.214	0.923	1.0	0.0	0.75	0.0	1.0	1.0	-1.0	-1.0	0.0	0.0	0.0	0.409	0.0	0.224	1.0	0.0	0.0	1.0	0.0	0.0	1.0	-1.0	0.0	0.731	0.0	1.0	-1.0	1.0	0.667	0.0	0.0	0.0	0.945	1.0	0.048	1.0	1.0	1.0	1.0	0.0	-1.0	-1.0	-1.0	-1.0	-1.0	-1.0	-1.0	-1.0	-1.0	-1.0	-1.0	-1.0	-1.0
gnl|Prokka|GCF_044361425.1_1|3051606|T	1.0	0.107	0.471	-1.0	-1.0	-1.0	-1.0	1.0	-1.0	0.0	-1.0	-1.0	0.0	-1.0	-1.0	0.0	-1.0	-1.0	1.0	0.0	-1.0	1.0	-1.0	-1.0	-1.0	0.0	0.0	-1.0	0.727	-1.0	0.04	0.0	0.0	1.0	0.128	0.0	0.0	1.0	0.522	0.0	0.0	1.0	1.0	-1.0	1.0	1.0	-1.0	0.0	1.0	-1.0	-1.0	0.719	0.843	0.0	1.0	-1.0	1.0	1.0	0.0	1.0	1.0	1.0	1.0	1.0	-1.0	0.0	1.0	0.0	0.0	0.385	0.0	-1.0	0.0	0.0	0.0	0.0	-1.0	1.0	-1.0	0.0	1.0	1.0	0.0	0.0	0.038	0.0	1.0	0.429	0.0	1.0	1.0	0.0	-1.0	0.079	0.919	1.0	1.0	-1.0	1.0	0.0	0.0	-1.0	1.0	-1.0	1.0	0.0	1.0	1.0	0.0	1.0	-1.0	1.0	0.0	0.907	-1.0	-1.0	-1.0	0.85	0.0	1.0	-1.0	0.0	1.0	1.0	0.0	0.0	0.167	0.0	-1.0	0.862	1.0	-1.0	-1.0	0.0	0.0	0.0	1.0	1.0	1.0	0.0	0.0	0.0	0.0	-1.0	0.0	1.0	-1.0	-1.0	0.0	0.0	0.0	0.0	0.0	0.373	0.0	1.0	0.0	0.76	0.0	1.0	1.0	-1.0	1.0	0.0	0.0	1.0	-1.0	1.0	0.207	0.0	0.0	0.0	0.0	0.0	1.0	0.0	0.0	0.0	0.0	0.643	0.909	-1.0	-1.0	-1.0	-1.0	-1.0	-1.0	-1.0	-1.0	-1.0	-1.0	-1.0	-1.0
gnl|Prokka|GCF_044361425.1_1|3069065|T	1.0	0.842	0.25	-1.0	-1.0	-1.0	-1.0	1.0	0.0	1.0	-1.0	-1.0	0.0	-1.0	-1.0	1.0	-1.0	0.0	1.0	0.0	-1.0	1.0	0.0	-1.0	-1.0	0.0	0.0	-1.0	0.75	-1.0	0.0	0.0	-1.0	1.0	0.083	0.0	0.0	1.0	0.0	1.0	1.0	0.0	1.0	-1.0	1.0	-1.0	-1.0	1.0	0.0	-1.0	-1.0	0.2	1.0	0.0	1.0	0.0	0.0	0.0	0.0	0.0	1.0	-1.0	0.0	0.0	-1.0	0.0	0.0	0.0	1.0	-1.0	0.0	1.0	0.161	0.0	1.0	0.0	-1.0	0.739	-1.0	1.0	0.0	0.0	0.0	1.0	1.0	1.0	0.0	0.0	0.156	1.0	0.0	1.0	-1.0	1.0	0.0	0.0	1.0	-1.0	1.0	0.879	0.0	-1.0	1.0	-1.0	0.0	1.0	0.0	1.0	0.258	0.0	-1.0	0.0	0.0	0.559	-1.0	-1.0	-1.0	1.0	0.921	1.0	0.477	0.862	0.15	0.698	0.0	0.0	1.0	1.0	-1.0	0.706	-1.0	-1.0	-1.0	1.0	0.0	1.0	1.0	0.0	-1.0	0.107	1.0	0.0	0.792	1.0	1.0	1.0	-1.0	0.0	0.088	1.0	0.0	-1.0	0.0	0.0	0.273	0.0	0.0	0.0	0.0	0.0	0.0	-1.0	-1.0	0.529	1.0	0.0	-1.0	1.0	0.0	0.0	1.0	0.0	0.427	1.0	1.0	1.0	1.0	1.0	0.0	1.0	1.0	-1.0	-1.0	-1.0	-1.0	-1.0	-1.0	-1.0	-1.0	-1.0	-1.0	-1.0	-1.0
gnl|Prokka|GCF_044361425.1_1|3070234|T	1.0	1.0	-1.0	-1.0	-1.0	-1.0	-1.0	1.0	0.0	1.0	-1.0	-1.0	-1.0	-1.0	-1.0	1.0	-1.0	-1.0	1.0	0.0	-1.0	1.0	-1.0	-1.0	-1.0	0.0	0.0	-1.0	-1.0	-1.0	0.0	0.0	1.0	1.0	0.081	0.0	0.0	1.0	0.7	1.0	1.0	0.0	1.0	-1.0	1.0	-1.0	-1.0	1.0	0.0	-1.0	-1.0	0.412	1.0	0.0	1.0	0.0	1.0	0.0	0.0	0.0	1.0	0.0	0.0	0.0	-1.0	0.333	0.0	0.925	1.0	-1.0	0.0	1.0	0.13	0.0	1.0	0.0	0.0	0.783	-1.0	1.0	0.673	-1.0	0.0	1.0	0.939	1.0	0.0	0.0	0.0	1.0	0.0	1.0	-1.0	1.0	1.0	0.0	0.474	-1.0	0.0	0.867	0.023	-1.0	1.0	-1.0	-1.0	1.0	0.0	1.0	0.247	0.0	-1.0	0.0	0.0	0.6	-1.0	-1.0	-1.0	0.0	0.928	1.0	0.444	0.714	0.0	0.717	0.0	0.0	0.0	1.0	-1.0	0.0	-1.0	-1.0	0.0	1.0	0.0	1.0	1.0	0.0	1.0	0.0	1.0	0.0	1.0	0.0	1.0	1.0	-1.0	0.0	0.0	1.0	0.0	0.429	0.0	0.333	0.0	0.0	1.0	0.0	0.0	0.0	0.0	-1.0	0.0	0.556	1.0	-1.0	-1.0	1.0	0.0	0.0	1.0	0.0	0.259	1.0	1.0	1.0	1.0	1.0	0.0	0.0	1.0	-1.0	-1.0	-1.0	-1.0	-1.0	-1.0	-1.0	-1.0	-1.0	-1.0	-1.0	-1.0
gnl|Prokka|GCF_044361425.1_1|3070428|A	1.0	0.0	1.0	-1.0	-1.0	-1.0	-1.0	0.0	-1.0	1.0	-1.0	-1.0	0.0	-1.0	-1.0	1.0	0.0	0.0	1.0	-1.0	-1.0	1.0	0.625	-1.0	-1.0	-1.0	0.0	-1.0	-1.0	-1.0	0.412	0.0	0.0	1.0	1.0	0.937	0.0	1.0	0.643	0.0	0.0	0.0	1.0	-1.0	1.0	-1.0	-1.0	1.0	0.0	-1.0	-1.0	0.783	1.0	0.0	1.0	-1.0	1.0	0.0	1.0	1.0	1.0	-1.0	0.0	1.0	-1.0	0.0	1.0	1.0	0.938	1.0	0.0	-1.0	0.143	1.0	0.429	0.0	1.0	0.227	-1.0	0.0	0.371	0.0	0.0	-1.0	0.057	0.0	0.0	1.0	0.0	1.0	0.0	0.0	-1.0	0.0	1.0	0.0	0.423	-1.0	0.0	0.0	0.0	-1.0	0.0	-1.0	-1.0	1.0	0.0	1.0	1.0	0.0	-1.0	0.0	0.0	0.548	-1.0	-1.0	-1.0	0.0	0.0	0.0	0.778	0.0	1.0	0.902	0.0	0.0	0.0	0.0	-1.0	0.379	-1.0	-1.0	-1.0	1.0	0.0	0.0	1.0	1.0	-1.0	0.0	0.0	0.0	0.0	0.0	0.0	0.0	-1.0	1.0	1.0	1.0	0.0	0.286	1.0	0.418	0.417	1.0	1.0	0.188	1.0	1.0	0.0	-1.0	1.0	0.0	0.0	0.0	-1.0	1.0	0.864	0.0	1.0	1.0	0.667	0.0	1.0	0.0	0.0	0.0	0.0	0.0	0.0	-1.0	-1.0	-1.0	-1.0	-1.0	-1.0	-1.0	-1.0	-1.0	-1.0	-1.0	-1.0
gnl|Prokka|GCF_044361425.1_1|3072817|A	1.0	0.0	1.0	-1.0	-1.0	-1.0	-1.0	0.0	0.0	1.0	-1.0	-1.0	0.0	-1.0	-1.0	-1.0	-1.0	0.429	0.625	-1.0	-1.0	1.0	0.0	-1.0	-1.0	0.556	1.0	-1.0	1.0	-1.0	1.0	0.0	0.0	1.0	0.0	0.037	1.0	1.0	1.0	0.0	0.133	1.0	1.0	-1.0	1.0	0.0	-1.0	1.0	1.0	-1.0	-1.0	0.0	1.0	1.0	1.0	-1.0	1.0	0.0	1.0	0.0	1.0	-1.0	0.0	0.0	-1.0	0.0	0.0	0.909	1.0	1.0	1.0	1.0	1.0	1.0	1.0	1.0	0.0	0.0	-1.0	0.0	0.0	0.0	0.0	1.0	0.056	0.0	0.0	0.0	1.0	1.0	1.0	0.0	-1.0	0.0	1.0	1.0	0.398	-1.0	0.0	0.405	1.0	-1.0	0.0	-1.0	1.0	1.0	1.0	1.0	0.211	0.0	-1.0	0.824	1.0	0.083	-1.0	-1.0	-1.0	0.0	0.037	1.0	1.0	0.333	0.0	0.586	1.0	0.0	0.0	0.0	-1.0	0.0	0.0	-1.0	0.0	1.0	0.0	0.0	1.0	0.0	1.0	0.121	0.0	1.0	0.0	-1.0	0.0	0.0	-1.0	0.0	0.0	1.0	0.0	1.0	1.0	0.274	1.0	0.107	1.0	0.333	0.0	0.0	0.13	-1.0	0.0	0.667	1.0	0.0	-1.0	1.0	1.0	1.0	1.0	0.0	0.592	0.0	0.292	0.0	0.0	0.0	0.0	0.0	0.0	-1.0	-1.0	-1.0	-1.0	-1.0	-1.0	-1.0	-1.0	-1.0	-1.0	-1.0	-1.0
gnl|Prokka|GCF_044361425.1_1|3090613|C	1.0	1.0	0.571	-1.0	-1.0	-1.0	-1.0	1.0	0.0	0.0	-1.0	-1.0	0.0	-1.0	-1.0	-1.0	0.0	0.0	1.0	0.0	-1.0	1.0	0.0	-1.0	-1.0	0.455	1.0	-1.0	0.3	-1.0	0.891	0.129	-1.0	1.0	0.0	0.0	0.0	1.0	0.25	0.0	1.0	1.0	0.0	-1.0	1.0	-1.0	-1.0	0.0	1.0	-1.0	-1.0	0.0	1.0	0.0	1.0	-1.0	0.0	0.0	1.0	0.0	1.0	-1.0	0.0	0.0	-1.0	0.0	0.0	0.0	1.0	-1.0	1.0	-1.0	0.788	1.0	0.0	0.0	-1.0	0.792	-1.0	1.0	0.0	1.0	0.0	1.0	0.097	0.0	0.0	0.0	1.0	0.0	0.0	0.0	-1.0	1.0	0.0	1.0	0.686	-1.0	1.0	0.333	1.0	-1.0	1.0	-1.0	0.0	0.0	-1.0	1.0	0.179	1.0	-1.0	0.0	1.0	0.0	-1.0	-1.0	-1.0	0.0	0.774	1.0	1.0	0.4	0.0	0.737	1.0	0.0	1.0	0.0	-1.0	0.0	-1.0	-1.0	-1.0	0.0	0.0	0.0	1.0	0.0	-1.0	0.0	0.0	1.0	1.0	-1.0	0.0	1.0	-1.0	1.0	0.0	0.0	0.0	0.0	1.0	0.021	0.0	0.0	0.0	0.289	0.0	0.0	1.0	-1.0	1.0	0.417	0.0	0.0	-1.0	1.0	1.0	1.0	0.0	0.0	0.611	1.0	0.194	1.0	1.0	1.0	0.0	0.85	0.0	-1.0	-1.0	-1.0	-1.0	-1.0	-1.0	-1.0	-1.0	-1.0	-1.0	-1.0	-1.0
gnl|Prokka|GCF_044361425.1_1|3109573|G	1.0	1.0	0.444	-1.0	-1.0	-1.0	-1.0	1.0	0.0	1.0	-1.0	-1.0	1.0	-1.0	-1.0	1.0	-1.0	0.75	-1.0	1.0	-1.0	1.0	-1.0	-1.0	-1.0	0.0	0.0	-1.0	0.0	-1.0	0.111	0.871	0.0	1.0	0.872	0.0	0.0	0.0	0.467	1.0	0.0	0.0	1.0	-1.0	0.0	-1.0	-1.0	1.0	0.0	-1.0	-1.0	0.35	0.0	0.0	0.943	0.0	1.0	1.0	0.0	0.0	0.0	-1.0	1.0	0.0	-1.0	0.2	1.0	1.0	0.0	-1.0	0.0	-1.0	0.0	-1.0	1.0	0.0	-1.0	1.0	-1.0	0.0	0.618	1.0	1.0	-1.0	0.966	0.0	0.0	0.455	0.0	1.0	0.0	0.0	-1.0	0.0	1.0	0.0	1.0	-1.0	1.0	0.0	0.023	-1.0	1.0	-1.0	1.0	1.0	0.0	1.0	0.81	0.0	-1.0	0.0	0.0	0.475	-1.0	-1.0	-1.0	1.0	0.0	1.0	0.515	0.0	1.0	0.803	1.0	0.0	0.0	1.0	-1.0	1.0	-1.0	-1.0	0.0	0.0	1.0	0.961	0.667	0.0	1.0	0.0	0.0	0.0	0.0	-1.0	0.0	1.0	-1.0	0.0	0.931	1.0	0.0	0.667	1.0	1.0	-1.0	1.0	1.0	0.0	1.0	0.0	0.0	-1.0	0.0	0.0	1.0	0.0	-1.0	0.0	0.0	0.0	1.0	0.0	0.0	0.0	0.774	1.0	0.0	0.0	0.0	0.333	0.065	-1.0	-1.0	-1.0	-1.0	-1.0	-1.0	-1.0	-1.0	-1.0	-1.0	-1.0	-1.0
gnl|Prokka|GCF_044361425.1_1|3112847|G	0.0	0.0	0.636	-1.0	-1.0	-1.0	-1.0	1.0	0.0	0.0	-1.0	-1.0	0.0	-1.0	-1.0	0.0	-1.0	1.0	1.0	1.0	0.0	1.0	1.0	-1.0	-1.0	0.286	1.0	-1.0	0.231	-1.0	0.559	1.0	1.0	0.0	0.914	0.0	1.0	0.0	0.412	0.0	0.822	0.0	0.0	-1.0	0.0	-1.0	-1.0	0.0	0.0	-1.0	-1.0	1.0	0.083	0.0	0.0	0.0	1.0	1.0	1.0	0.0	0.0	-1.0	0.0	0.0	-1.0	0.0	1.0	1.0	1.0	1.0	0.0	0.0	0.17	-1.0	0.286	0.0	-1.0	1.0	-1.0	1.0	0.0	1.0	1.0	1.0	0.086	1.0	0.0	0.0	0.0	0.0	0.0	1.0	-1.0	1.0	1.0	0.0	1.0	-1.0	1.0	0.75	0.022	-1.0	1.0	-1.0	1.0	1.0	0.0	0.0	0.696	0.0	-1.0	0.0	0.0	0.591	-1.0	-1.0	-1.0	1.0	0.939	0.0	0.0	0.773	1.0	0.073	1.0	0.0	0.0	1.0	-1.0	0.806	-1.0	-1.0	1.0	0.0	0.0	0.036	0.0	0.0	0.833	1.0	1.0	0.0	1.0	1.0	1.0	1.0	-1.0	1.0	1.0	0.0	0.0	0.438	1.0	0.409	0.308	1.0	1.0	0.064	0.0	0.0	0.0	-1.0	0.0	1.0	1.0	0.0	-1.0	0.0	0.0	1.0	0.0	1.0	0.273	1.0	0.771	1.0	1.0	1.0	0.0	0.263	-1.0	-1.0	-1.0	-1.0	-1.0	-1.0	-1.0	-1.0	-1.0	-1.0	-1.0	-1.0	-1.0
gnl|Prokka|GCF_044361425.1_1|3113668|G	1.0	1.0	0.556	-1.0	-1.0	-1.0	-1.0	1.0	0.0	1.0	-1.0	-1.0	0.0	-1.0	-1.0	1.0	0.0	1.0	1.0	0.0	-1.0	1.0	-1.0	-1.0	-1.0	1.0	0.0	-1.0	0.375	-1.0	0.306	0.0	-1.0	1.0	0.062	0.021	0.0	1.0	0.389	0.0	0.0	1.0	1.0	-1.0	1.0	-1.0	-1.0	1.0	1.0	-1.0	-1.0	0.0	1.0	1.0	1.0	-1.0	0.0	1.0	1.0	0.0	1.0	-1.0	0.0	0.0	-1.0	0.8	0.0	0.0	0.0	1.0	1.0	1.0	1.0	1.0	0.0	1.0	-1.0	0.0	-1.0	0.0	0.0	1.0	0.0	0.0	0.091	0.0	1.0	0.0	1.0	1.0	1.0	0.0	-1.0	0.0	0.0	1.0	0.0	-1.0	1.0	0.44	0.974	-1.0	0.0	-1.0	0.0	1.0	1.0	1.0	0.275	0.0	-1.0	0.0	0.0	0.273	-1.0	-1.0	-1.0	0.0	0.0	1.0	0.466	0.364	0.0	0.02	0.0	1.0	0.0	0.0	-1.0	0.0	-1.0	-1.0	-1.0	1.0	0.0	0.0	1.0	0.0	0.0	0.897	0.0	1.0	0.0	0.0	0.0	0.0	-1.0	1.0	0.0	1.0	1.0	0.692	-1.0	0.0	1.0	0.0	0.0	1.0	0.0	0.0	1.0	-1.0	-1.0	0.533	0.0	0.0	-1.0	1.0	1.0	0.0	1.0	0.0	0.767	0.0	0.0	0.0	0.0	0.0	1.0	0.565	0.0	-1.0	-1.0	-1.0	-1.0	-1.0	-1.0	-1.0	-1.0	-1.0	-1.0	-1.0	-1.0
gnl|Prokka|GCF_044361425.1_1|3122519|A	0.727	0.0	1.0	-1.0	-1.0	-1.0	-1.0	1.0	0.0	0.0	-1.0	-1.0	0.0	-1.0	-1.0	1.0	0.0	0.0	1.0	0.0	-1.0	0.0	1.0	-1.0	-1.0	0.25	1.0	-1.0	0.0	-1.0	0.471	1.0	-1.0	0.0	0.0	0.0	1.0	1.0	0.75	0.086	1.0	0.0	1.0	-1.0	0.0	-1.0	-1.0	1.0	0.0	-1.0	-1.0	1.0	0.0	1.0	1.0	-1.0	1.0	1.0	0.055	0.0	0.0	0.0	0.0	0.0	-1.0	0.0	1.0	0.0	0.0	-1.0	0.0	-1.0	0.2	0.0	0.0	0.0	-1.0	1.0	-1.0	0.0	0.633	0.0	1.0	0.0	0.0	0.0	1.0	0.0	0.0	0.0	1.0	1.0	-1.0	0.0	0.865	0.0	0.054	-1.0	1.0	0.0	0.018	-1.0	1.0	-1.0	1.0	1.0	0.0	1.0	0.0	1.0	-1.0	0.0	0.0	0.511	-1.0	-1.0	-1.0	0.0	0.062	1.0	0.0	0.0	1.0	0.045	1.0	0.0	0.0	1.0	-1.0	0.0	-1.0	-1.0	1.0	0.0	1.0	0.0	0.0	0.0	0.222	0.0	1.0	0.0	0.0	0.0	0.0	1.0	-1.0	-1.0	0.0	1.0	0.0	0.308	0.0	0.964	0.0	0.0	0.0	0.0	0.0	0.0	0.0	-1.0	0.0	0.0	0.0	1.0	-1.0	0.0	0.0	1.0	1.0	1.0	0.0	0.0	0.714	1.0	0.046	0.0	0.0	0.0	0.0	-1.0	-1.0	-1.0	-1.0	-1.0	-1.0	-1.0	-1.0	-1.0	-1.0	-1.0	-1.0
gnl|Prokka|GCF_044361425.1_1|3125214|G	1.0	1.0	0.235	-1.0	-1.0	-1.0	-1.0	0.0	0.0	0.0	-1.0	-1.0	0.0	-1.0	-1.0	-1.0	-1.0	0.0	1.0	1.0	-1.0	1.0	1.0	-1.0	-1.0	1.0	0.0	-1.0	0.0	-1.0	0.0	0.0	-1.0	0.0	0.943	0.03	0.0	1.0	0.85	0.0	1.0	1.0	1.0	-1.0	0.0	-1.0	-1.0	0.0	1.0	-1.0	-1.0	0.292	0.0	1.0	0.936	-1.0	1.0	1.0	0.0	0.0	0.0	-1.0	0.0	0.0	-1.0	0.828	0.0	0.059	1.0	-1.0	1.0	-1.0	0.864	0.0	1.0	1.0	-1.0	0.0	-1.0	1.0	0.0	0.0	0.0	1.0	0.0	1.0	0.0	0.0	1.0	0.0	1.0	1.0	-1.0	1.0	1.0	1.0	0.416	-1.0	1.0	1.0	0.977	-1.0	0.0	-1.0	1.0	-1.0	1.0	1.0	0.731	0.0	-1.0	0.0	0.0	0.0	-1.0	-1.0	-1.0	0.333	1.0	1.0	0.245	1.0	0.0	0.0	1.0	0.0	0.0	1.0	-1.0	0.0	-1.0	-1.0	-1.0	0.0	0.0	0.0	0.0	0.0	1.0	1.0	1.0	1.0	1.0	0.0	1.0	0.0	-1.0	-1.0	0.0	0.0	0.0	0.771	0.214	0.297	0.7	0.0	0.0	0.395	0.0	0.0	0.0	-1.0	0.0	1.0	0.0	1.0	-1.0	0.0	0.291	0.0	0.0	1.0	0.387	1.0	0.143	1.0	1.0	1.0	0.0	0.389	0.207	-1.0	-1.0	-1.0	-1.0	-1.0	-1.0	-1.0	-1.0	-1.0	-1.0	-1.0	-1.0
gnl|Prokka|GCF_044361425.1_1|3136183|A	1.0	1.0	0.0	-1.0	-1.0	-1.0	-1.0	1.0	0.0	0.0	-1.0	-1.0	0.0	-1.0	-1.0	1.0	-1.0	1.0	0.0	1.0	-1.0	1.0	-1.0	-1.0	-1.0	0.0	0.0	-1.0	0.357	-1.0	0.832	1.0	1.0	1.0	0.935	0.965	1.0	1.0	0.0	1.0	1.0	1.0	0.0	-1.0	0.947	-1.0	-1.0	1.0	1.0	-1.0	-1.0	0.429	1.0	1.0	1.0	-1.0	0.0	1.0	1.0	0.0	1.0	0.0	1.0	0.0	-1.0	1.0	0.0	0.077	1.0	0.0	0.0	1.0	0.205	1.0	1.0	0.0	-1.0	0.0	-1.0	0.0	0.0	0.0	1.0	1.0	0.931	0.0	1.0	0.0	0.0	0.0	1.0	1.0	-1.0	0.0	0.0	1.0	0.539	-1.0	0.0	0.0	0.0	-1.0	0.0	-1.0	0.0	0.0	1.0	1.0	1.0	0.0	-1.0	1.0	1.0	0.278	-1.0	-1.0	-1.0	0.0	0.0	1.0	0.873	0.0	0.0	0.641	0.0	0.0	0.885	0.0	-1.0	1.0	-1.0	-1.0	0.375	0.0	0.0	0.951	1.0	0.0	1.0	0.194	1.0	0.0	0.0	1.0	0.0	0.0	-1.0	-1.0	0.0	1.0	1.0	0.6	0.0	0.0	0.0	0.0	0.0	0.421	0.0	0.0	0.812	-1.0	0.0	0.0	1.0	0.0	-1.0	0.0	1.0	1.0	1.0	0.0	1.0	0.0	0.136	0.0	0.0	0.0	0.0	1.0	-1.0	-1.0	-1.0	-1.0	-1.0	-1.0	-1.0	-1.0	-1.0	-1.0	-1.0	-1.0	-1.0
gnl|Prokka|GCF_044361425.1_1|3136208|G	1.0	1.0	0.0	-1.0	-1.0	-1.0	-1.0	1.0	0.0	0.0	-1.0	-1.0	0.0	-1.0	-1.0	1.0	-1.0	-1.0	0.0	1.0	-1.0	1.0	-1.0	-1.0	-1.0	0.0	0.0	-1.0	0.0	-1.0	0.804	0.0	1.0	1.0	0.923	0.948	1.0	1.0	0.0	1.0	0.176	1.0	0.0	-1.0	1.0	-1.0	-1.0	1.0	1.0	-1.0	-1.0	0.435	1.0	0.0	1.0	0.0	0.0	0.0	1.0	0.0	1.0	0.0	1.0	0.0	-1.0	1.0	0.0	0.077	1.0	-1.0	0.0	1.0	0.167	1.0	-1.0	0.0	-1.0	0.0	-1.0	0.0	0.0	0.0	0.0	1.0	0.0	0.0	1.0	0.0	0.0	0.0	1.0	1.0	-1.0	0.0	0.0	1.0	0.0	-1.0	0.0	0.0	0.0	-1.0	0.0	-1.0	0.0	0.0	1.0	1.0	1.0	0.0	-1.0	0.0	1.0	0.276	-1.0	-1.0	-1.0	0.0	0.0	1.0	0.358	0.0	0.0	0.0	0.0	0.0	0.885	0.0	-1.0	-1.0	0.0	-1.0	0.429	0.0	0.0	0.0	1.0	0.0	0.0	0.125	1.0	0.0	0.0	0.0	0.0	0.0	-1.0	-1.0	0.0	1.0	1.0	0.562	-1.0	0.0	0.0	0.0	0.0	0.389	0.0	0.0	0.647	-1.0	0.0	0.0	0.0	0.0	-1.0	0.0	1.0	1.0	1.0	0.0	1.0	0.0	0.0	0.0	0.0	0.0	0.0	1.0	-1.0	-1.0	-1.0	-1.0	-1.0	-1.0	-1.0	-1.0	-1.0	-1.0	-1.0	-1.0	-1.0
gnl|Prokka|GCF_044361425.1_1|3169753|G	0.0	0.0	0.25	-1.0	-1.0	-1.0	-1.0	1.0	0.0	0.0	-1.0	-1.0	1.0	-1.0	-1.0	1.0	1.0	-1.0	0.273	0.0	-1.0	1.0	-1.0	-1.0	-1.0	1.0	1.0	-1.0	0.231	-1.0	0.447	0.875	-1.0	0.0	0.0	1.0	0.0	0.0	1.0	0.0	1.0	0.0	0.0	-1.0	1.0	0.0	-1.0	0.0	0.0	-1.0	-1.0	0.629	0.0	1.0	0.0	-1.0	1.0	1.0	1.0	0.0	0.0	-1.0	0.0	0.0	-1.0	0.0	1.0	0.0	1.0	0.429	1.0	1.0	0.88	1.0	1.0	0.0	-1.0	1.0	-1.0	1.0	0.667	1.0	1.0	-1.0	0.053	1.0	0.0	0.0	1.0	0.0	0.0	0.0	-1.0	0.9	1.0	0.0	0.479	-1.0	0.0	0.214	1.0	-1.0	0.0	-1.0	1.0	1.0	0.0	0.0	0.236	0.0	-1.0	0.0	0.0	0.545	-1.0	-1.0	-1.0	0.0	0.898	1.0	1.0	1.0	1.0	0.704	1.0	1.0	0.316	0.0	-1.0	0.0	-1.0	-1.0	0.0	0.0	1.0	0.0	0.0	0.0	1.0	0.154	0.0	1.0	1.0	0.0	0.0	1.0	-1.0	0.0	0.0	1.0	0.0	0.769	0.0	1.0	0.0	0.0	0.0	0.409	0.0	0.0	0.625	-1.0	0.0	0.259	1.0	1.0	-1.0	0.0	0.741	0.0	1.0	1.0	0.575	1.0	0.184	0.0	1.0	1.0	1.0	0.32	0.0	-1.0	-1.0	-1.0	-1.0	-1.0	-1.0	-1.0	-1.0	-1.0	-1.0	-1.0	-1.0
gnl|Prokka|GCF_044361425.1_1|3170332|G	0.0	0.0	0.0	-1.0	-1.0	-1.0	-1.0	1.0	0.0	0.0	-1.0	-1.0	0.0	-1.0	-1.0	1.0	-1.0	-1.0	0.0	0.0	-1.0	0.0	-1.0	-1.0	-1.0	0.0	1.0	-1.0	0.0	-1.0	0.847	1.0	0.0	0.0	0.0	0.0	0.0	0.0	0.0	0.0	1.0	1.0	0.0	-1.0	0.914	0.0	-1.0	1.0	1.0	-1.0	-1.0	0.607	0.0	0.0	0.051	-1.0	0.0	1.0	1.0	0.0	0.0	0.0	0.0	0.0	-1.0	0.0	1.0	0.0	1.0	1.0	0.0	1.0	0.149	1.0	1.0	0.0	0.0	0.2	-1.0	0.0	0.0	0.0	1.0	0.0	0.0	1.0	0.0	0.0	0.0	0.0	0.0	0.0	-1.0	0.146	0.0	1.0	0.526	-1.0	0.0	0.818	0.0	-1.0	0.0	-1.0	0.0	0.0	1.0	0.0	0.221	0.0	-1.0	0.227	0.0	0.683	-1.0	-1.0	-1.0	0.0	0.128	1.0	0.696	0.619	1.0	0.562	1.0	0.0	0.0	0.0	-1.0	0.0	-1.0	-1.0	0.556	0.0	1.0	0.0	0.0	0.0	0.667	0.0	0.0	0.0	0.179	0.0	1.0	0.0	-1.0	1.0	0.0	1.0	1.0	1.0	-1.0	0.675	0.0	0.0	0.0	0.25	0.0	0.0	0.0	-1.0	-1.0	1.0	0.0	1.0	-1.0	0.0	1.0	1.0	1.0	0.0	0.553	0.0	0.122	1.0	0.0	0.0	0.0	1.0	-1.0	-1.0	-1.0	-1.0	-1.0	-1.0	-1.0	-1.0	-1.0	-1.0	-1.0	-1.0	-1.0
gnl|Prokka|GCF_044361425.1_1|3173070|A	0.0	1.0	0.714	-1.0	-1.0	-1.0	-1.0	1.0	1.0	0.0	-1.0	-1.0	1.0	-1.0	-1.0	1.0	0.0	-1.0	0.0	0.0	-1.0	1.0	0.0	-1.0	-1.0	-1.0	1.0	-1.0	1.0	-1.0	0.644	1.0	-1.0	1.0	0.073	0.0	1.0	0.0	0.2	0.0	0.0	1.0	0.0	-1.0	1.0	-1.0	-1.0	0.0	1.0	-1.0	-1.0	0.7	1.0	0.0	0.104	-1.0	0.0	0.0	0.053	1.0	1.0	-1.0	1.0	0.0	-1.0	0.0	1.0	0.0	0.0	-1.0	0.0	1.0	0.0	0.0	0.0	0.0	-1.0	0.864	-1.0	1.0	1.0	1.0	1.0	1.0	0.0	0.0	0.0	0.0	0.0	0.0	0.0	0.0	-1.0	1.0	0.0	1.0	0.575	-1.0	1.0	0.0	0.031	-1.0	1.0	-1.0	0.0	0.0	1.0	0.0	0.0	1.0	-1.0	0.0	0.0	1.0	-1.0	-1.0	-1.0	1.0	1.0	0.0	0.0	0.0	1.0	0.265	1.0	1.0	1.0	1.0	-1.0	0.815	-1.0	-1.0	-1.0	0.0	1.0	0.0	1.0	1.0	0.0	0.0	0.0	0.0	1.0	-1.0	0.0	1.0	-1.0	0.0	1.0	1.0	1.0	0.0	1.0	0.58	-1.0	0.0	0.0	0.571	0.0	0.0	1.0	-1.0	0.0	-1.0	0.0	0.0	-1.0	1.0	0.257	1.0	1.0	1.0	0.0	1.0	0.68	0.0	1.0	1.0	1.0	1.0	0.0	-1.0	-1.0	-1.0	-1.0	-1.0	-1.0	-1.0	-1.0	-1.0	-1.0	-1.0	-1.0
gnl|Prokka|GCF_044361425.1_1|3194414|A	1.0	0.906	0.429	-1.0	-1.0	-1.0	-1.0	1.0	0.0	1.0	-1.0	-1.0	0.114	-1.0	-1.0	1.0	-1.0	0.0	1.0	-1.0	-1.0	1.0	-1.0	-1.0	-1.0	0.0	0.0	-1.0	1.0	-1.0	0.152	0.0	0.571	1.0	0.073	0.978	0.0	1.0	0.562	0.0	0.0	0.0	0.0	-1.0	1.0	-1.0	-1.0	1.0	0.0	-1.0	-1.0	0.595	0.919	1.0	1.0	-1.0	1.0	0.0	0.0	0.0	1.0	-1.0	1.0	0.0	-1.0	0.0	1.0	0.913	0.0	0.429	0.0	0.0	0.0	0.0	0.0	1.0	-1.0	1.0	-1.0	1.0	0.0	0.0	0.0	0.0	0.0	1.0	0.0	0.0	0.0	0.0	0.0	0.0	-1.0	1.0	0.76	0.0	1.0	-1.0	0.0	0.714	0.034	-1.0	1.0	-1.0	-1.0	1.0	0.0	1.0	0.0	1.0	-1.0	0.0	0.0	1.0	-1.0	-1.0	-1.0	0.769	0.873	0.0	0.585	0.556	1.0	0.715	0.0	0.0	0.0	0.0	-1.0	0.429	-1.0	-1.0	0.0	1.0	0.0	0.0	1.0	0.0	1.0	0.19	0.0	0.0	1.0	1.0	1.0	1.0	-1.0	-1.0	0.0	1.0	0.0	0.0	0.0	0.491	1.0	0.091	1.0	0.763	0.0	0.0	0.667	-1.0	0.0	0.0	-1.0	1.0	-1.0	1.0	0.0	0.0	1.0	1.0	0.0	1.0	1.0	0.0	1.0	1.0	0.0	0.0	1.0	-1.0	-1.0	-1.0	-1.0	-1.0	-1.0	-1.0	-1.0	-1.0	-1.0	-1.0	-1.0
gnl|Prokka|GCF_044361425.1_1|3205737|C	1.0	1.0	0.467	-1.0	-1.0	-1.0	-1.0	0.0	0.0	1.0	-1.0	-1.0	0.0	-1.0	-1.0	1.0	-1.0	-1.0	1.0	1.0	0.0	1.0	-1.0	-1.0	-1.0	0.769	0.0	-1.0	0.0	-1.0	0.315	0.0	1.0	0.0	1.0	0.0	0.0	0.0	0.467	0.0	0.143	0.0	0.0	-1.0	0.0	1.0	-1.0	0.0	0.0	-1.0	-1.0	1.0	0.0	0.0	0.944	-1.0	1.0	0.0	0.0	1.0	0.0	-1.0	1.0	1.0	-1.0	0.0	1.0	0.059	1.0	0.455	0.0	-1.0	0.212	0.0	1.0	0.0	-1.0	0.289	-1.0	1.0	1.0	1.0	0.0	-1.0	0.918	1.0	0.0	1.0	0.0	0.0	0.0	1.0	-1.0	1.0	1.0	0.0	0.519	-1.0	-1.0	0.762	0.0	-1.0	0.0	-1.0	1.0	0.0	0.0	1.0	1.0	0.0	-1.0	0.0	1.0	0.519	-1.0	-1.0	-1.0	0.0	0.938	-1.0	0.75	0.842	1.0	0.934	0.0	0.0	1.0	1.0	-1.0	0.0	-1.0	-1.0	0.0	1.0	0.0	1.0	0.0	1.0	1.0	0.214	1.0	0.0	1.0	0.0	1.0	0.0	-1.0	0.0	0.0	1.0	0.0	0.267	-1.0	0.378	0.0	1.0	0.0	1.0	0.0	1.0	0.429	-1.0	1.0	0.0	1.0	1.0	-1.0	0.0	0.707	0.0	1.0	0.0	1.0	1.0	0.922	1.0	1.0	1.0	0.0	0.19	0.0	-1.0	-1.0	-1.0	-1.0	-1.0	-1.0	-1.0	-1.0	-1.0	-1.0	-1.0	-1.0
gnl|Prokka|GCF_044361425.1_1|3222730|C	1.0	0.0	0.583	-1.0	-1.0	-1.0	-1.0	0.0	-1.0	1.0	-1.0	-1.0	0.0	-1.0	-1.0	1.0	-1.0	0.0	1.0	1.0	-1.0	0.0	1.0	-1.0	-1.0	-1.0	1.0	-1.0	0.462	-1.0	0.802	1.0	0.0	0.0	0.884	0.983	1.0	1.0	0.0	1.0	0.088	1.0	0.0	-1.0	1.0	-1.0	-1.0	1.0	1.0	-1.0	-1.0	0.75	0.059	0.0	1.0	-1.0	0.0	0.0	0.0	1.0	0.0	-1.0	1.0	1.0	-1.0	0.107	1.0	0.102	0.0	1.0	0.0	-1.0	0.141	0.0	0.6	0.0	-1.0	0.25	-1.0	0.0	0.452	1.0	1.0	0.0	0.851	0.0	0.0	0.455	0.0	0.0	0.0	0.0	-1.0	0.0	0.0	1.0	0.44	-1.0	0.0	0.0	0.0	-1.0	0.0	-1.0	0.0	1.0	1.0	1.0	1.0	1.0	-1.0	0.0	1.0	0.478	-1.0	-1.0	-1.0	0.205	0.12	0.01	0.758	0.0	1.0	0.966	1.0	1.0	1.0	0.0	-1.0	0.0	-1.0	-1.0	-1.0	1.0	-1.0	0.0	0.0	1.0	0.375	0.88	0.0	0.0	0.0	0.0	0.0	0.0	-1.0	0.0	1.0	1.0	0.0	0.0	1.0	0.667	-1.0	1.0	0.0	0.852	0.0	1.0	0.0	-1.0	1.0	0.391	0.0	0.0	-1.0	0.0	1.0	1.0	1.0	0.0	1.0	0.0	1.0	0.0	0.0	0.0	1.0	0.0	0.105	-1.0	-1.0	-1.0	-1.0	-1.0	-1.0	-1.0	-1.0	-1.0	-1.0	-1.0	-1.0
gnl|Prokka|GCF_044361425.1_1|3222736|T	1.0	0.0	0.692	-1.0	-1.0	-1.0	-1.0	0.0	-1.0	1.0	-1.0	-1.0	0.0	-1.0	-1.0	1.0	-1.0	0.0	1.0	1.0	-1.0	0.0	1.0	-1.0	-1.0	-1.0	1.0	-1.0	0.462	-1.0	0.833	1.0	0.0	0.0	0.891	1.0	1.0	1.0	0.0	1.0	0.091	1.0	0.0	-1.0	1.0	-1.0	-1.0	1.0	1.0	-1.0	-1.0	0.727	0.073	0.0	1.0	-1.0	0.0	0.0	0.0	1.0	0.0	-1.0	1.0	1.0	-1.0	0.111	1.0	0.102	0.0	1.0	0.0	-1.0	0.168	0.0	0.667	0.0	-1.0	0.2	-1.0	0.0	0.468	1.0	1.0	0.0	0.853	0.0	0.0	0.417	0.0	0.0	0.0	0.0	-1.0	0.0	0.0	1.0	0.433	-1.0	0.0	0.0	0.0	-1.0	0.0	-1.0	0.0	1.0	1.0	1.0	1.0	1.0	-1.0	0.0	1.0	0.44	-1.0	-1.0	-1.0	0.195	0.112	0.0	0.8	0.0	1.0	0.966	1.0	1.0	1.0	0.0	-1.0	0.0	-1.0	-1.0	-1.0	1.0	1.0	0.0	0.0	1.0	-1.0	0.875	0.0	0.0	0.0	0.0	0.0	0.0	-1.0	0.0	1.0	1.0	0.0	0.0	1.0	0.689	-1.0	1.0	0.0	0.821	0.0	1.0	0.0	-1.0	1.0	0.48	0.0	0.0	-1.0	0.0	1.0	1.0	1.0	0.0	1.0	0.0	1.0	0.0	0.0	0.0	1.0	0.0	0.133	-1.0	-1.0	-1.0	-1.0	-1.0	-1.0	-1.0	-1.0	-1.0	-1.0	-1.0	-1.0
gnl|Prokka|GCF_044361425.1_1|3226833|T	1.0	0.0	0.75	-1.0	-1.0	-1.0	-1.0	1.0	0.0	1.0	-1.0	-1.0	0.0	-1.0	-1.0	-1.0	-1.0	-1.0	0.7	1.0	-1.0	0.0	0.429	-1.0	-1.0	0.0	1.0	-1.0	1.0	-1.0	0.58	0.938	0.0	1.0	1.0	0.969	0.0	1.0	0.0	1.0	0.0	0.0	0.0	-1.0	1.0	-1.0	-1.0	1.0	0.0	-1.0	-1.0	0.677	1.0	0.0	1.0	-1.0	0.0	1.0	1.0	1.0	1.0	1.0	1.0	1.0	-1.0	0.727	1.0	0.057	0.0	0.333	0.0	-1.0	0.0	-1.0	0.3	0.0	-1.0	1.0	-1.0	0.0	0.488	1.0	1.0	0.0	1.0	0.0	0.0	-1.0	0.0	0.0	1.0	0.0	-1.0	0.0	0.083	0.0	0.896	-1.0	0.0	0.0	0.018	-1.0	1.0	-1.0	0.0	1.0	0.0	1.0	1.0	0.0	-1.0	1.0	0.0	0.857	-1.0	-1.0	-1.0	1.0	0.0	0.01	0.75	0.0	1.0	1.0	1.0	0.0	0.25	0.0	-1.0	0.769	-1.0	-1.0	0.0	1.0	1.0	0.0	1.0	1.0	1.0	1.0	0.0	0.0	0.0	-1.0	0.0	1.0	-1.0	0.0	1.0	1.0	0.0	0.25	-1.0	0.64	0.0	0.0	0.0	0.914	0.0	1.0	1.0	-1.0	1.0	1.0	0.0	0.0	-1.0	1.0	0.649	0.0	1.0	1.0	0.6	0.0	0.915	0.0	0.0	0.0	0.0	0.0	0.094	-1.0	-1.0	-1.0	-1.0	-1.0	-1.0	-1.0	-1.0	-1.0	-1.0	-1.0	-1.0
gnl|Prokka|GCF_044361425.1_1|3234997|C	1.0	0.0	0.0	-1.0	-1.0	-1.0	-1.0	0.0	0.0	0.0	-1.0	-1.0	0.0	-1.0	-1.0	0.0	-1.0	1.0	1.0	0.0	-1.0	0.062	0.625	-1.0	-1.0	1.0	0.0	-1.0	0.0	-1.0	0.507	0.0	-1.0	1.0	0.14	0.047	0.0	1.0	0.222	0.0	1.0	0.0	1.0	-1.0	0.0	-1.0	-1.0	0.0	0.0	-1.0	-1.0	0.0	0.0	1.0	1.0	-1.0	0.0	1.0	1.0	0.0	0.0	-1.0	0.0	0.0	-1.0	0.0	0.0	0.952	0.0	0.444	1.0	0.0	0.84	1.0	0.0	1.0	-1.0	0.0	-1.0	0.0	0.644	1.0	0.0	0.0	0.063	0.0	0.0	-1.0	1.0	1.0	0.0	0.0	-1.0	0.0	0.0	0.0	0.934	-1.0	1.0	0.241	0.977	-1.0	0.0	-1.0	0.0	0.0	0.0	1.0	0.164	0.0	-1.0	0.0	0.0	0.375	-1.0	-1.0	-1.0	1.0	0.0	0.0	1.0	0.28	0.0	0.662	1.0	1.0	0.0	0.0	-1.0	-1.0	-1.0	-1.0	-1.0	0.0	0.0	0.0	1.0	0.0	-1.0	0.0	0.0	1.0	0.0	-1.0	0.0	0.0	-1.0	0.0	0.0	0.0	0.0	0.471	0.0	0.037	1.0	1.0	1.0	0.429	1.0	0.0	0.4	-1.0	0.0	0.455	1.0	0.0	-1.0	0.0	0.717	0.0	0.0	0.0	0.639	0.0	0.244	0.0	0.0	0.0	1.0	0.0	0.0	-1.0	-1.0	-1.0	-1.0	-1.0	-1.0	-1.0	-1.0	-1.0	-1.0	-1.0	-1.0
gnl|Prokka|GCF_044361425.1_1|3324030|A	1.0	1.0	0.474	-1.0	-1.0	-1.0	-1.0	1.0	0.0	0.0	-1.0	-1.0	0.0	-1.0	-1.0	0.0	-1.0	-1.0	1.0	0.0	-1.0	1.0	-1.0	-1.0	-1.0	0.0	0.0	-1.0	-1.0	-1.0	0.0	0.0	1.0	1.0	0.0	0.0	0.0	1.0	-1.0	0.909	1.0	0.0	0.0	-1.0	1.0	-1.0	-1.0	0.0	0.0	-1.0	-1.0	0.333	0.083	0.0	1.0	-1.0	1.0	1.0	1.0	0.0	0.0	0.231	0.0	0.0	-1.0	1.0	0.0	0.0	1.0	0.0	0.0	1.0	0.0	1.0	1.0	1.0	-1.0	0.647	-1.0	1.0	0.0	1.0	0.0	1.0	0.049	1.0	0.0	1.0	0.0	0.0	0.0	1.0	-1.0	1.0	0.88	0.0	0.468	-1.0	1.0	0.773	0.027	-1.0	1.0	-1.0	1.0	0.0	0.0	1.0	0.0	1.0	-1.0	0.0	0.0	0.0	-1.0	-1.0	-1.0	0.0	1.0	1.0	0.452	0.75	0.0	0.775	1.0	1.0	1.0	1.0	-1.0	0.0	-1.0	-1.0	-1.0	1.0	0.0	0.0	1.0	0.0	-1.0	0.136	1.0	0.0	1.0	0.0	1.0	1.0	-1.0	0.0	0.0	0.0	1.0	0.583	0.0	0.391	1.0	1.0	0.0	0.562	1.0	0.027	1.0	-1.0	0.0	0.714	0.0	1.0	-1.0	0.0	0.0	-1.0	0.0	1.0	0.339	1.0	0.297	1.0	1.0	1.0	1.0	1.0	0.0	-1.0	-1.0	-1.0	-1.0	-1.0	-1.0	-1.0	-1.0	-1.0	-1.0	-1.0	-1.0
gnl|Prokka|GCF_044361425.1_1|3324033|T	1.0	1.0	0.474	-1.0	-1.0	-1.0	-1.0	1.0	0.0	0.0	-1.0	-1.0	0.0	-1.0	-1.0	0.0	-1.0	0.0	1.0	0.0	-1.0	1.0	-1.0	-1.0	-1.0	0.0	0.0	-1.0	-1.0	-1.0	0.0	0.0	1.0	1.0	0.0	0.0	0.0	1.0	-1.0	0.906	1.0	0.0	0.0	-1.0	1.0	-1.0	-1.0	0.0	0.0	-1.0	-1.0	0.375	0.083	0.0	1.0	-1.0	1.0	1.0	1.0	0.0	0.0	0.231	0.0	0.0	-1.0	1.0	0.0	0.0	1.0	0.0	0.0	1.0	0.0	1.0	1.0	1.0	-1.0	0.625	-1.0	1.0	0.0	1.0	0.0	1.0	0.0	1.0	0.0	1.0	0.0	0.0	0.0	1.0	-1.0	1.0	0.88	0.0	0.474	-1.0	1.0	0.762	0.026	-1.0	1.0	-1.0	1.0	0.0	0.0	1.0	0.0	1.0	-1.0	0.0	0.0	0.0	-1.0	-1.0	-1.0	0.0	1.0	1.0	0.465	0.75	0.0	0.782	1.0	1.0	1.0	1.0	-1.0	0.0	-1.0	-1.0	-1.0	1.0	0.0	0.0	1.0	0.0	-1.0	0.0	1.0	0.0	1.0	0.0	1.0	1.0	-1.0	0.0	0.0	0.0	1.0	0.542	0.0	0.409	1.0	1.0	0.0	0.571	1.0	0.027	1.0	-1.0	0.0	0.714	0.0	1.0	-1.0	0.0	0.0	0.0	0.0	1.0	0.339	1.0	0.316	1.0	1.0	1.0	1.0	1.0	0.0	-1.0	-1.0	-1.0	-1.0	-1.0	-1.0	-1.0	-1.0	-1.0	-1.0	-1.0	-1.0
gnl|Prokka|GCF_044361425.1_1|3324594|C	1.0	0.0	1.0	-1.0	-1.0	-1.0	-1.0	1.0	0.0	1.0	-1.0	-1.0	0.0	-1.0	-1.0	1.0	-1.0	-1.0	1.0	0.0	1.0	1.0	0.571	-1.0	-1.0	0.667	0.0	-1.0	-1.0	-1.0	0.314	0.0	0.0	1.0	0.0	0.021	0.0	1.0	0.333	0.0	1.0	0.0	1.0	-1.0	1.0	-1.0	-1.0	0.0	0.0	-1.0	-1.0	0.0	0.0	0.0	1.0	0.0	0.0	1.0	1.0	0.0	0.0	-1.0	0.0	0.0	-1.0	0.611	0.0	0.938	0.0	-1.0	1.0	1.0	0.8	1.0	0.0	0.0	-1.0	0.903	-1.0	0.0	0.0	1.0	0.0	0.0	0.092	0.0	1.0	-1.0	1.0	1.0	0.0	0.0	-1.0	0.0	0.0	0.0	0.422	-1.0	1.0	0.333	1.0	-1.0	1.0	-1.0	0.0	0.0	0.0	1.0	0.343	1.0	-1.0	0.0	0.0	0.0	-1.0	-1.0	-1.0	0.0	0.0	1.0	1.0	0.192	0.143	0.699	1.0	1.0	0.0	0.0	-1.0	0.0	-1.0	-1.0	0.0	1.0	0.0	0.0	1.0	0.0	1.0	0.094	0.0	1.0	0.0	0.0	0.0	1.0	-1.0	1.0	0.0	1.0	1.0	0.385	1.0	0.0	0.0	1.0	1.0	1.0	1.0	0.0	1.0	-1.0	0.7	0.462	-1.0	0.0	-1.0	0.0	0.545	0.0	1.0	1.0	0.954	0.0	0.265	0.0	0.0	0.0	1.0	1.0	0.0	-1.0	-1.0	-1.0	-1.0	-1.0	-1.0	-1.0	-1.0	-1.0	-1.0	-1.0	-1.0
gnl|Prokka|GCF_044361425.1_1|3324613|G	1.0	0.0	1.0	-1.0	-1.0	-1.0	-1.0	1.0	0.0	1.0	-1.0	-1.0	0.0	-1.0	-1.0	1.0	-1.0	1.0	1.0	0.0	-1.0	1.0	0.571	-1.0	-1.0	0.733	0.0	-1.0	-1.0	-1.0	0.267	0.0	-1.0	1.0	0.0	0.023	0.0	1.0	0.333	0.0	1.0	0.0	1.0	-1.0	1.0	-1.0	-1.0	0.0	0.0	-1.0	-1.0	0.0	0.0	0.0	1.0	-1.0	0.0	1.0	1.0	0.0	0.0	-1.0	0.0	0.0	-1.0	0.529	0.0	0.93	0.0	-1.0	1.0	1.0	0.795	1.0	0.0	0.0	-1.0	1.0	-1.0	0.0	0.0	1.0	0.0	0.0	0.076	0.0	1.0	0.556	1.0	1.0	0.0	0.0	-1.0	0.0	0.0	0.0	0.465	-1.0	1.0	0.294	1.0	-1.0	1.0	-1.0	0.0	0.0	0.0	1.0	0.313	1.0	-1.0	0.0	0.0	0.0	-1.0	-1.0	-1.0	0.0	0.0	1.0	1.0	0.2	0.15	0.712	1.0	1.0	0.0	0.0	-1.0	0.0	0.0	-1.0	0.0	1.0	0.0	0.0	0.893	0.0	-1.0	0.094	0.0	1.0	0.0	0.0	0.0	1.0	-1.0	1.0	0.0	1.0	1.0	0.333	1.0	0.0	0.0	1.0	1.0	1.0	1.0	0.0	1.0	-1.0	0.429	-1.0	-1.0	0.0	-1.0	0.0	0.583	0.0	1.0	1.0	0.951	0.0	0.25	0.0	0.0	0.0	1.0	1.0	0.0	-1.0	-1.0	-1.0	-1.0	-1.0	-1.0	-1.0	-1.0	-1.0	-1.0	-1.0	-1.0
gnl|Prokka|GCF_044361425.1_1|3324775|C	1.0	0.0	1.0	-1.0	-1.0	-1.0	-1.0	1.0	0.0	1.0	-1.0	-1.0	0.0	-1.0	-1.0	1.0	-1.0	-1.0	1.0	0.0	-1.0	1.0	0.75	-1.0	-1.0	-1.0	0.0	-1.0	-1.0	-1.0	0.364	0.0	0.0	1.0	0.0	0.019	0.0	1.0	0.333	0.0	1.0	0.0	1.0	-1.0	1.0	-1.0	-1.0	0.0	0.0	-1.0	-1.0	0.0	0.0	0.0	1.0	0.0	0.0	1.0	1.0	0.0	0.0	-1.0	0.0	0.0	-1.0	0.769	0.0	0.936	0.0	0.444	1.0	-1.0	0.772	1.0	-1.0	0.0	-1.0	0.846	-1.0	0.0	0.0	1.0	0.0	0.0	0.134	0.0	1.0	0.467	1.0	1.0	0.0	0.0	-1.0	0.0	0.0	0.0	0.511	-1.0	1.0	0.344	1.0	-1.0	1.0	-1.0	0.0	0.0	0.0	1.0	0.329	1.0	-1.0	0.0	0.0	0.0	-1.0	-1.0	-1.0	0.0	0.0	1.0	1.0	0.452	0.111	0.722	1.0	1.0	0.0	0.0	-1.0	0.0	-1.0	-1.0	-1.0	1.0	0.0	0.0	1.0	0.0	0.824	0.0	0.0	1.0	0.0	-1.0	0.0	1.0	-1.0	1.0	0.0	1.0	1.0	0.579	1.0	0.05	-1.0	1.0	1.0	1.0	1.0	0.0	1.0	-1.0	0.0	0.381	0.0	0.0	-1.0	0.0	0.714	0.0	1.0	1.0	0.965	0.0	0.175	0.0	0.0	0.0	1.0	1.0	0.0	-1.0	-1.0	-1.0	-1.0	-1.0	-1.0	-1.0	-1.0	-1.0	-1.0	-1.0	-1.0
gnl|Prokka|GCF_044361425.1_1|3328270|A	0.833	1.0	0.0	-1.0	-1.0	-1.0	-1.0	0.0	0.0	0.0	-1.0	-1.0	1.0	-1.0	-1.0	0.0	0.0	0.545	0.273	0.0	-1.0	1.0	-1.0	-1.0	-1.0	0.0	0.0	-1.0	-1.0	-1.0	0.456	0.0	1.0	0.0	0.0	0.0	0.0	0.0	0.562	1.0	1.0	0.0	1.0	-1.0	1.0	-1.0	-1.0	1.0	0.0	-1.0	-1.0	1.0	0.089	1.0	1.0	-1.0	1.0	1.0	0.0	0.0	0.0	-1.0	0.0	0.0	-1.0	1.0	0.0	0.938	1.0	0.667	0.0	0.0	0.224	0.0	1.0	1.0	-1.0	0.28	-1.0	1.0	-1.0	1.0	0.0	-1.0	0.046	1.0	0.0	0.0	0.0	1.0	0.0	1.0	-1.0	1.0	1.0	0.0	0.673	-1.0	1.0	0.771	0.0	-1.0	0.0	-1.0	1.0	1.0	0.0	1.0	0.218	1.0	-1.0	1.0	0.0	0.0	-1.0	-1.0	-1.0	0.0	0.955	0.0	0.814	0.682	0.0	0.743	1.0	1.0	0.7	1.0	-1.0	0.0	-1.0	-1.0	1.0	0.0	0.0	0.0	0.0	0.0	1.0	1.0	1.0	0.0	1.0	-1.0	1.0	0.0	-1.0	1.0	0.0	0.0	0.0	0.667	0.0	0.365	1.0	1.0	1.0	1.0	0.0	0.0	0.737	-1.0	0.0	0.625	0.0	1.0	-1.0	0.0	0.757	0.0	0.0	0.0	0.624	1.0	0.306	1.0	1.0	1.0	1.0	0.13	0.0	-1.0	-1.0	-1.0	-1.0	-1.0	-1.0	-1.0	-1.0	-1.0	-1.0	-1.0	-1.0
gnl|Prokka|GCF_044361425.1_1|3328288|A	1.0	1.0	0.0	-1.0	-1.0	-1.0	-1.0	0.0	0.0	0.0	-1.0	-1.0	1.0	-1.0	-1.0	0.0	0.0	0.636	0.0	0.0	-1.0	1.0	-1.0	-1.0	-1.0	0.0	0.0	-1.0	-1.0	-1.0	0.468	0.0	1.0	0.0	0.0	0.0	0.0	0.0	0.688	1.0	1.0	0.0	1.0	-1.0	1.0	-1.0	-1.0	1.0	0.0	-1.0	-1.0	1.0	0.081	1.0	1.0	-1.0	1.0	1.0	0.0	0.0	0.0	-1.0	0.0	0.0	-1.0	1.0	0.0	0.941	1.0	0.6	0.0	0.0	0.217	0.0	1.0	1.0	-1.0	0.269	-1.0	1.0	0.541	1.0	0.0	-1.0	0.049	1.0	0.0	0.0	0.0	1.0	0.0	1.0	-1.0	1.0	1.0	0.0	0.674	-1.0	1.0	0.794	0.0	-1.0	0.0	-1.0	1.0	1.0	0.0	1.0	0.292	1.0	-1.0	1.0	0.0	0.0	-1.0	-1.0	-1.0	0.0	0.944	0.0	0.824	0.733	0.0	0.783	1.0	1.0	0.821	1.0	-1.0	0.0	-1.0	-1.0	0.7	0.0	0.0	0.0	0.0	0.0	1.0	1.0	1.0	0.0	1.0	-1.0	1.0	0.0	-1.0	1.0	0.0	0.0	0.0	0.615	-1.0	0.405	1.0	1.0	1.0	1.0	0.0	0.0	1.0	-1.0	0.0	0.733	0.0	1.0	-1.0	0.0	0.735	0.0	0.0	0.0	0.662	1.0	0.324	1.0	1.0	1.0	1.0	0.235	1.0	-1.0	-1.0	-1.0	-1.0	-1.0	-1.0	-1.0	-1.0	-1.0	-1.0	-1.0	-1.0
gnl|Prokka|GCF_044361425.1_1|3345441|G	0.0	1.0	1.0	-1.0	-1.0	-1.0	-1.0	1.0	0.0	0.0	-1.0	-1.0	0.0	-1.0	-1.0	0.0	-1.0	0.0	0.0	0.0	-1.0	0.0	-1.0	-1.0	-1.0	-1.0	1.0	-1.0	0.0	-1.0	0.385	0.135	0.0	-1.0	0.0	0.978	1.0	1.0	0.45	0.0	0.0	1.0	1.0	-1.0	0.0	-1.0	-1.0	0.0	1.0	-1.0	-1.0	0.697	0.0	1.0	0.0	-1.0	1.0	1.0	1.0	0.0	0.0	-1.0	0.0	0.0	-1.0	0.0	1.0	0.818	1.0	-1.0	0.0	-1.0	0.0	1.0	1.0	0.0	-1.0	1.0	-1.0	0.0	0.0	1.0	0.0	1.0	0.0	0.0	1.0	0.0	0.0	1.0	0.0	0.0	-1.0	0.0	1.0	1.0	0.0	-1.0	1.0	0.0	0.0	-1.0	1.0	-1.0	1.0	0.0	1.0	0.0	0.0	0.0	-1.0	0.0	1.0	0.592	-1.0	-1.0	-1.0	0.0	0.222	1.0	0.0	0.0	1.0	0.089	1.0	1.0	1.0	0.0	-1.0	0.0	-1.0	-1.0	1.0	0.0	0.0	0.0	1.0	0.0	0.0	0.0	0.0	0.0	0.0	0.312	0.0	1.0	-1.0	1.0	0.033	0.0	1.0	0.333	-1.0	0.333	-1.0	0.0	1.0	0.0	0.0	0.0	0.286	-1.0	0.0	0.0	0.0	0.0	-1.0	0.0	0.291	1.0	0.0	1.0	0.342	0.0	0.58	1.0	0.0	0.0	1.0	0.0	0.0	-1.0	-1.0	-1.0	-1.0	-1.0	-1.0	-1.0	-1.0	-1.0	-1.0	-1.0	-1.0
gnl|Prokka|GCF_044361425.1_1|3345489|T	-1.0	1.0	0.667	-1.0	-1.0	-1.0	-1.0	1.0	0.0	0.0	-1.0	-1.0	0.0	-1.0	-1.0	0.0	-1.0	-1.0	-1.0	0.0	-1.0	1.0	-1.0	-1.0	-1.0	-1.0	1.0	-1.0	0.0	-1.0	0.368	0.133	0.0	1.0	0.0	0.969	1.0	1.0	0.474	0.0	0.0	1.0	1.0	-1.0	1.0	-1.0	-1.0	0.0	1.0	-1.0	-1.0	0.606	1.0	1.0	0.085	0.0	1.0	1.0	1.0	0.0	1.0	-1.0	0.0	0.0	-1.0	0.0	1.0	0.882	1.0	0.0	0.0	1.0	0.0	1.0	1.0	0.0	-1.0	1.0	-1.0	0.0	0.0	1.0	0.0	1.0	0.857	0.0	1.0	0.0	0.0	1.0	1.0	0.0	-1.0	0.0	1.0	1.0	0.0	-1.0	1.0	0.0	0.024	-1.0	1.0	-1.0	-1.0	0.0	1.0	0.0	0.0	0.0	-1.0	1.0	1.0	0.627	-1.0	-1.0	-1.0	0.0	0.368	1.0	0.0	0.0	1.0	0.111	1.0	1.0	1.0	1.0	-1.0	0.0	-1.0	-1.0	1.0	0.0	0.0	1.0	1.0	0.0	0.0	0.103	0.0	0.0	0.0	0.0	0.0	1.0	-1.0	0.0	0.0	0.0	1.0	0.421	-1.0	0.347	-1.0	0.0	1.0	0.121	0.0	0.0	0.222	-1.0	0.0	0.0	1.0	1.0	-1.0	1.0	0.329	1.0	0.0	1.0	0.392	0.0	0.62	1.0	0.0	0.0	0.889	0.19	0.0	-1.0	-1.0	-1.0	-1.0	-1.0	-1.0	-1.0	-1.0	-1.0	-1.0	-1.0	-1.0
gnl|Prokka|GCF_044361425.1_1|3345522|G	0.0	1.0	0.692	-1.0	0.0	-1.0	-1.0	1.0	0.0	0.0	-1.0	-1.0	0.0	-1.0	-1.0	0.0	-1.0	0.0	-1.0	0.0	-1.0	1.0	-1.0	-1.0	-1.0	0.625	1.0	-1.0	0.0	-1.0	0.438	0.0	0.0	1.0	0.0	0.977	1.0	1.0	0.385	0.0	0.0	1.0	1.0	-1.0	1.0	-1.0	-1.0	0.0	1.0	-1.0	-1.0	0.448	1.0	0.0	0.051	0.0	1.0	1.0	1.0	0.0	1.0	-1.0	0.0	0.0	-1.0	0.0	1.0	0.899	1.0	0.0	0.0	1.0	0.0	1.0	1.0	0.0	-1.0	1.0	-1.0	0.0	0.0	1.0	0.0	1.0	0.0	0.0	1.0	0.0	0.0	1.0	0.0	0.0	-1.0	0.0	1.0	1.0	0.0	-1.0	1.0	0.0	0.026	-1.0	1.0	-1.0	1.0	0.0	1.0	0.0	0.0	0.0	-1.0	0.0	1.0	0.63	-1.0	-1.0	-1.0	0.0	0.312	-1.0	0.0	0.0	1.0	0.117	1.0	1.0	1.0	0.0	-1.0	0.0	-1.0	-1.0	1.0	0.0	0.0	0.0	1.0	0.0	0.0	0.115	0.0	0.0	0.0	0.0	0.0	1.0	-1.0	0.0	0.03	0.0	1.0	0.4	-1.0	0.426	-1.0	0.0	1.0	0.135	0.0	0.0	0.312	-1.0	0.0	0.0	0.0	1.0	-1.0	1.0	0.278	1.0	0.0	1.0	0.338	0.0	0.565	1.0	0.0	0.0	1.0	0.0	0.0	-1.0	-1.0	-1.0	-1.0	-1.0	-1.0	-1.0	-1.0	-1.0	-1.0	-1.0	-1.0
gnl|Prokka|GCF_044361425.1_1|3345739|A	0.0	1.0	1.0	-1.0	-1.0	-1.0	-1.0	1.0	0.0	0.0	-1.0	-1.0	0.0	-1.0	-1.0	0.0	-1.0	0.0	0.444	0.0	0.0	0.942	-1.0	-1.0	-1.0	0.0	1.0	-1.0	0.214	-1.0	0.392	1.0	0.0	1.0	0.0	1.0	1.0	1.0	0.4	1.0	0.844	1.0	1.0	-1.0	1.0	-1.0	-1.0	0.0	1.0	-1.0	-1.0	0.606	1.0	0.0	0.0	0.0	1.0	1.0	0.088	0.0	1.0	-1.0	0.0	0.0	-1.0	0.219	1.0	0.915	1.0	-1.0	0.0	-1.0	0.0	0.0	1.0	0.0	-1.0	0.875	-1.0	0.0	0.0	1.0	1.0	1.0	0.932	0.058	1.0	0.0	0.0	1.0	1.0	0.0	-1.0	0.0	1.0	1.0	0.0	-1.0	1.0	0.0	0.028	-1.0	1.0	-1.0	-1.0	0.0	1.0	0.0	0.0	0.0	-1.0	0.824	1.0	0.595	-1.0	-1.0	-1.0	0.143	0.062	1.0	0.0	0.0	1.0	0.081	1.0	1.0	1.0	1.0	-1.0	0.0	-1.0	-1.0	1.0	0.0	1.0	1.0	1.0	0.0	0.364	0.0	0.0	0.0	0.0	0.0	0.0	1.0	-1.0	0.0	0.043	0.0	1.0	0.4	-1.0	1.0	-1.0	0.0	1.0	0.167	0.0	0.0	0.0	-1.0	0.0	0.48	-1.0	1.0	-1.0	1.0	0.409	1.0	0.0	1.0	0.425	0.0	0.702	1.0	0.0	0.0	1.0	1.0	1.0	-1.0	-1.0	-1.0	-1.0	-1.0	-1.0	-1.0	-1.0	-1.0	-1.0	-1.0	-1.0
gnl|Prokka|GCF_044361425.1_1|3353425|C	1.0	0.903	0.0	-1.0	0.0	-1.0	-1.0	1.0	0.0	0.0	-1.0	-1.0	1.0	-1.0	-1.0	0.0	0.0	0.0	0.0	0.0	-1.0	0.086	0.0	-1.0	-1.0	-1.0	0.0	-1.0	0.0	-1.0	0.452	0.0	1.0	0.0	0.0	0.979	0.0	0.0	0.733	0.0	0.095	0.0	0.0	-1.0	0.0	-1.0	-1.0	1.0	0.0	-1.0	-1.0	0.55	0.0	1.0	1.0	0.3	1.0	0.0	0.0	1.0	0.0	0.0	0.0	0.0	-1.0	0.0	0.0	0.0	1.0	-1.0	0.0	0.0	0.143	0.0	1.0	1.0	0.0	0.696	-1.0	1.0	0.0	0.0	0.0	1.0	0.044	1.0	0.0	0.0	0.0	0.0	0.0	1.0	-1.0	0.875	1.0	0.0	0.522	-1.0	0.0	0.596	0.022	-1.0	1.0	-1.0	1.0	1.0	0.0	1.0	0.297	0.0	-1.0	0.0	0.0	0.087	-1.0	-1.0	-1.0	0.0	0.939	0.0	0.727	0.826	0.0	0.662	0.061	0.0	0.3	0.0	-1.0	0.0	-1.0	-1.0	0.0	0.0	0.0	0.0	0.0	0.0	-1.0	0.0	1.0	0.0	1.0	0.0	1.0	1.0	-1.0	0.0	0.0	0.0	0.0	0.286	0.0	0.276	1.0	0.0	0.0	0.286	0.0	0.0	0.0	-1.0	0.0	0.0	0.0	0.0	-1.0	0.0	0.772	0.0	0.0	1.0	0.663	1.0	0.415	1.0	1.0	1.0	0.0	0.0	0.0	-1.0	-1.0	-1.0	-1.0	-1.0	-1.0	-1.0	-1.0	-1.0	-1.0	-1.0	-1.0
gnl|Prokka|GCF_044361425.1_1|3353461|A	1.0	1.0	0.308	-1.0	0.0	-1.0	-1.0	1.0	0.0	0.0	-1.0	-1.0	1.0	-1.0	-1.0	0.0	0.0	0.0	0.0	0.0	-1.0	0.171	0.267	-1.0	-1.0	-1.0	1.0	-1.0	0.0	-1.0	0.463	0.0	1.0	1.0	0.0	0.972	0.0	0.0	0.545	0.0	1.0	0.0	1.0	-1.0	0.0	0.0	-1.0	1.0	0.0	-1.0	-1.0	0.542	0.0	1.0	1.0	0.0	1.0	0.0	0.065	1.0	0.0	0.0	0.0	0.0	-1.0	1.0	0.0	0.0	1.0	-1.0	0.0	1.0	0.158	0.0	1.0	1.0	0.0	0.684	-1.0	0.0	0.0	1.0	0.0	-1.0	0.957	1.0	0.0	0.0	0.0	1.0	0.0	1.0	-1.0	0.0	1.0	0.0	0.514	-1.0	0.0	0.679	0.027	-1.0	1.0	-1.0	1.0	1.0	0.0	1.0	0.241	0.0	-1.0	0.0	0.0	0.107	-1.0	-1.0	-1.0	0.0	0.0	0.0	0.779	0.75	0.0	0.688	0.0	1.0	1.0	1.0	-1.0	0.0	-1.0	-1.0	0.0	0.0	0.0	1.0	1.0	0.0	1.0	0.135	1.0	0.0	0.0	0.0	1.0	1.0	-1.0	1.0	0.0	0.0	0.0	0.368	0.0	0.271	1.0	0.0	0.0	0.4	0.0	0.0	0.0	-1.0	0.0	0.0	1.0	0.0	-1.0	0.0	0.78	0.0	0.0	1.0	0.742	0.0	0.479	1.0	0.0	0.0	1.0	0.0	0.0	-1.0	-1.0	-1.0	-1.0	-1.0	-1.0	-1.0	-1.0	-1.0	-1.0	-1.0	-1.0
gnl|Prokka|GCF_044361425.1_1|3353465|G	1.0	1.0	0.231	-1.0	0.0	-1.0	-1.0	1.0	0.0	0.0	-1.0	-1.0	1.0	-1.0	-1.0	0.0	0.0	0.0	0.0	0.0	-1.0	0.167	0.267	-1.0	-1.0	-1.0	1.0	-1.0	0.0	-1.0	0.457	0.0	1.0	1.0	0.0	0.972	0.0	0.0	0.583	0.147	1.0	0.0	1.0	-1.0	0.0	0.0	-1.0	1.0	0.0	-1.0	-1.0	0.556	0.0	1.0	1.0	0.0	1.0	0.0	0.0	1.0	0.0	0.0	0.0	0.0	-1.0	1.0	0.0	0.0	1.0	0.4	0.0	1.0	0.171	0.0	1.0	1.0	0.0	0.684	-1.0	0.0	0.0	1.0	0.0	1.0	0.967	1.0	0.0	0.0	0.0	1.0	0.0	1.0	-1.0	0.0	1.0	0.0	0.505	-1.0	0.0	0.679	0.022	-1.0	1.0	-1.0	1.0	1.0	0.0	1.0	0.24	0.0	-1.0	0.0	0.0	0.059	-1.0	-1.0	-1.0	0.0	0.0	0.0	0.766	0.778	0.0	0.685	0.0	1.0	1.0	1.0	-1.0	0.0	-1.0	-1.0	0.0	0.0	0.0	1.0	1.0	0.0	1.0	0.125	1.0	0.0	0.0	0.0	1.0	1.0	-1.0	1.0	0.0	0.0	0.0	0.389	0.0	0.242	1.0	0.0	0.0	0.429	0.0	0.0	0.0	-1.0	0.0	0.0	1.0	0.0	-1.0	0.0	0.795	0.0	0.0	1.0	0.741	0.0	1.0	1.0	0.0	0.0	1.0	0.0	-1.0	-1.0	-1.0	-1.0	-1.0	-1.0	-1.0	-1.0	-1.0	-1.0	-1.0	-1.0	-1.0
gnl|Prokka|GCF_044361425.1_1|3353973|G	1.0	1.0	0.267	-1.0	0.0	-1.0	-1.0	1.0	0.0	0.0	-1.0	-1.0	-1.0	-1.0	-1.0	-1.0	0.0	-1.0	0.0	1.0	1.0	0.0	0.0	-1.0	-1.0	0.583	0.0	-1.0	0.0	-1.0	0.457	0.862	0.0	0.0	0.883	1.0	0.0	0.0	0.727	1.0	0.17	0.0	0.0	-1.0	0.913	-1.0	-1.0	-1.0	0.0	-1.0	-1.0	0.0	1.0	1.0	1.0	0.0	1.0	0.0	0.0	1.0	1.0	-1.0	1.0	0.0	-1.0	1.0	0.0	0.045	1.0	0.0	0.0	-1.0	0.0	0.0	1.0	1.0	-1.0	0.81	-1.0	1.0	0.0	0.0	1.0	1.0	0.039	0.0	0.0	0.0	0.0	0.0	0.0	0.0	-1.0	1.0	1.0	0.0	0.429	-1.0	0.0	0.0	0.017	-1.0	1.0	-1.0	1.0	1.0	0.0	1.0	1.0	0.0	-1.0	0.0	0.0	0.0	-1.0	-1.0	-1.0	0.097	0.929	0.0	0.828	0.0	0.0	0.739	0.0	0.0	0.25	0.0	-1.0	0.2	-1.0	-1.0	0.0	0.0	1.0	0.0	0.0	0.0	1.0	0.0	0.0	0.0	1.0	0.0	0.0	1.0	-1.0	1.0	0.955	0.0	0.0	0.0	0.0	1.0	1.0	0.0	0.0	0.324	0.0	0.0	0.0	-1.0	0.0	0.615	0.0	0.0	-1.0	1.0	0.662	0.0	0.0	1.0	0.518	1.0	-1.0	1.0	1.0	1.0	0.0	0.0	-1.0	-1.0	-1.0	-1.0	-1.0	-1.0	-1.0	-1.0	-1.0	-1.0	-1.0	-1.0	-1.0
gnl|Prokka|GCF_044361425.1_1|3410824|C	0.0	0.0	0.0	-1.0	-1.0	-1.0	-1.0	1.0	0.0	0.0	-1.0	-1.0	0.0	-1.0	-1.0	0.0	-1.0	0.833	0.364	0.0	-1.0	1.0	0.0	-1.0	-1.0	0.0	0.0	-1.0	0.0	-1.0	0.36	0.081	1.0	0.0	0.0	0.978	1.0	0.0	0.0	0.0	0.861	1.0	1.0	-1.0	0.0	-1.0	-1.0	1.0	1.0	-1.0	-1.0	0.323	0.0	0.0	0.0	0.0	0.0	1.0	0.0	0.0	0.0	-1.0	0.0	0.0	-1.0	0.828	0.0	0.0	1.0	0.0	0.0	1.0	0.0	0.0	1.0	0.0	-1.0	0.833	-1.0	0.0	-1.0	1.0	0.0	1.0	0.0	1.0	1.0	0.0	0.0	1.0	1.0	1.0	-1.0	0.105	0.0	1.0	0.564	-1.0	1.0	0.75	0.017	-1.0	1.0	-1.0	0.0	1.0	1.0	0.0	0.0	1.0	-1.0	0.0	0.0	0.447	-1.0	-1.0	-1.0	0.839	0.078	0.0	0.217	0.643	0.0	0.076	1.0	1.0	0.0	0.0	-1.0	0.0	0.0	-1.0	-1.0	0.0	0.0	0.0	0.0	0.0	0.0	1.0	1.0	0.0	0.0	0.0	1.0	1.0	-1.0	0.0	0.0	0.0	1.0	-1.0	-1.0	0.0	-1.0	0.0	0.0	0.516	0.0	0.0	0.812	-1.0	0.0	0.0	0.0	0.0	-1.0	0.0	0.26	1.0	0.0	1.0	0.435	0.0	0.0	1.0	0.0	0.0	0.0	1.0	0.937	-1.0	-1.0	-1.0	-1.0	-1.0	-1.0	-1.0	-1.0	-1.0	-1.0	-1.0	-1.0
gnl|Prokka|GCF_044361425.1_1|3499043|C	0.0	1.0	0.0	-1.0	-1.0	-1.0	-1.0	1.0	0.0	1.0	-1.0	-1.0	0.0	-1.0	-1.0	1.0	-1.0	0.4	0.0	1.0	-1.0	1.0	1.0	-1.0	-1.0	0.0	1.0	-1.0	0.0	-1.0	0.508	0.1	-1.0	1.0	0.833	0.977	1.0	0.0	0.444	1.0	1.0	1.0	1.0	-1.0	0.942	-1.0	-1.0	1.0	1.0	-1.0	-1.0	1.0	1.0	1.0	0.0	0.0	1.0	1.0	0.0	0.0	1.0	0.0	0.0	0.0	-1.0	1.0	0.0	0.053	0.0	0.429	0.0	-1.0	0.156	0.0	0.0	1.0	-1.0	0.0	-1.0	0.0	0.0	0.0	0.0	0.0	0.0	1.0	0.0	0.471	0.0	1.0	0.0	1.0	-1.0	0.0	0.88	1.0	0.0	-1.0	1.0	0.632	0.0	-1.0	0.0	-1.0	1.0	1.0	1.0	0.0	1.0	0.0	-1.0	0.75	1.0	0.128	-1.0	-1.0	-1.0	0.0	0.097	0.992	0.257	0.611	0.0	0.02	1.0	0.0	0.0	1.0	-1.0	0.0	-1.0	-1.0	-1.0	0.0	0.263	0.0	1.0	0.0	-1.0	0.133	1.0	0.0	0.0	0.0	1.0	0.0	-1.0	0.0	1.0	1.0	1.0	0.0	0.733	0.398	1.0	0.185	0.0	0.535	1.0	0.0	0.211	-1.0	0.0	-1.0	1.0	1.0	-1.0	1.0	0.333	1.0	1.0	0.0	0.375	0.0	0.062	0.0	0.0	0.0	0.0	1.0	-1.0	-1.0	-1.0	-1.0	-1.0	-1.0	-1.0	-1.0	-1.0	-1.0	-1.0	-1.0	-1.0
gnl|Prokka|GCF_044361425.1_1|3499268|C	0.0	1.0	1.0	-1.0	-1.0	-1.0	-1.0	1.0	0.0	0.0	-1.0	-1.0	0.0	-1.0	-1.0	0.0	0.0	0.0	0.0	0.0	-1.0	1.0	1.0	-1.0	-1.0	1.0	0.0	-1.0	1.0	-1.0	0.203	0.875	0.0	1.0	0.136	0.0	0.0	0.0	0.417	0.0	1.0	0.0	0.0	-1.0	1.0	0.0	-1.0	0.0	0.0	-1.0	-1.0	0.0	0.903	0.0	0.0	0.0	0.0	1.0	0.0	1.0	1.0	0.0	0.0	0.0	-1.0	0.778	0.0	0.0	1.0	0.556	1.0	1.0	0.75	0.0	0.812	0.0	-1.0	0.821	-1.0	1.0	0.571	0.0	1.0	1.0	0.039	0.0	0.0	0.0	0.833	0.0	0.0	0.0	-1.0	0.833	0.0	0.0	0.434	-1.0	1.0	0.292	1.0	-1.0	1.0	-1.0	0.0	0.0	0.0	0.0	0.32	0.0	-1.0	1.0	0.0	-1.0	-1.0	-1.0	-1.0	1.0	0.916	1.0	0.113	0.333	0.0	0.031	1.0	1.0	1.0	0.0	-1.0	0.786	1.0	-1.0	0.0	1.0	1.0	1.0	1.0	0.0	0.308	0.256	0.0	1.0	0.8	1.0	0.0	1.0	-1.0	1.0	0.0	0.0	0.0	0.286	0.0	0.662	0.0	0.0	0.0	0.25	0.0	0.0	0.0	-1.0	0.0	0.0	1.0	1.0	-1.0	1.0	0.0	0.0	0.0	1.0	0.0	1.0	0.0	1.0	1.0	1.0	1.0	0.0	0.0	-1.0	-1.0	-1.0	-1.0	-1.0	-1.0	-1.0	-1.0	-1.0	-1.0	-1.0	-1.0
gnl|Prokka|GCF_044361425.1_1|3499332|A	0.0	1.0	0.733	-1.0	-1.0	-1.0	-1.0	1.0	-1.0	0.0	-1.0	-1.0	1.0	-1.0	-1.0	-1.0	0.0	-1.0	0.375	0.0	-1.0	1.0	0.75	-1.0	-1.0	-1.0	0.0	-1.0	1.0	-1.0	0.178	0.857	0.0	1.0	0.094	0.0	0.0	0.0	0.267	0.0	1.0	0.0	0.0	-1.0	1.0	-1.0	-1.0	0.0	0.0	-1.0	-1.0	0.0	0.917	0.0	0.0	-1.0	0.0	1.0	0.0	1.0	1.0	0.0	0.0	0.0	-1.0	0.8	1.0	0.0	1.0	0.636	1.0	1.0	0.694	0.0	1.0	0.0	-1.0	1.0	-1.0	1.0	0.519	1.0	1.0	1.0	0.0	0.0	0.0	0.0	0.87	0.0	0.0	0.0	-1.0	1.0	0.0	0.0	0.455	-1.0	1.0	0.476	1.0	-1.0	-1.0	-1.0	0.0	0.0	0.0	0.0	0.316	0.0	-1.0	1.0	0.0	1.0	-1.0	-1.0	-1.0	1.0	0.943	1.0	0.159	0.364	1.0	0.044	1.0	1.0	1.0	0.0	-1.0	0.818	1.0	-1.0	0.0	1.0	1.0	1.0	1.0	0.0	0.429	0.167	0.0	1.0	1.0	1.0	0.0	1.0	-1.0	1.0	0.0	1.0	1.0	0.364	-1.0	0.649	0.0	0.0	0.0	0.208	0.0	0.0	0.0	-1.0	0.273	0.0	1.0	1.0	-1.0	1.0	0.0	0.0	1.0	1.0	0.0	1.0	0.667	1.0	1.0	1.0	1.0	0.75	0.0	-1.0	-1.0	-1.0	-1.0	-1.0	-1.0	-1.0	-1.0	-1.0	-1.0	-1.0	-1.0
gnl|Prokka|GCF_044361425.1_1|3502430|G	1.0	1.0	0.0	-1.0	-1.0	-1.0	-1.0	0.0	0.0	0.0	-1.0	-1.0	0.0	-1.0	-1.0	-1.0	1.0	0.727	1.0	1.0	-1.0	0.0	0.643	-1.0	-1.0	0.455	0.0	-1.0	0.0	-1.0	0.479	1.0	1.0	0.0	0.941	0.959	0.0	1.0	1.0	1.0	0.0	0.0	0.0	-1.0	0.0	-1.0	-1.0	1.0	0.0	-1.0	-1.0	1.0	0.079	1.0	1.0	-1.0	1.0	1.0	1.0	0.0	0.0	1.0	0.0	0.0	-1.0	1.0	1.0	0.075	0.0	1.0	0.0	-1.0	0.209	1.0	0.0	1.0	-1.0	0.323	-1.0	0.0	0.0	0.0	1.0	0.0	1.0	1.0	1.0	0.0	0.0	0.0	1.0	1.0	-1.0	0.0	1.0	0.0	0.523	-1.0	1.0	0.667	0.0	-1.0	0.0	-1.0	-1.0	1.0	0.0	1.0	0.685	0.0	-1.0	1.0	1.0	0.651	-1.0	-1.0	-1.0	0.0	0.0	0.0	0.789	0.6	1.0	0.669	1.0	1.0	0.0	1.0	-1.0	0.0	0.0	-1.0	-1.0	0.0	1.0	1.0	0.0	0.0	1.0	0.0	1.0	0.0	0.0	0.0	1.0	0.0	-1.0	0.0	1.0	1.0	1.0	0.0	-1.0	1.0	1.0	0.839	0.0	1.0	0.0	0.0	1.0	-1.0	-1.0	0.75	0.0	1.0	-1.0	0.0	0.734	0.0	1.0	0.0	1.0	0.0	1.0	0.0	0.0	0.0	1.0	1.0	0.0	-1.0	-1.0	-1.0	-1.0	-1.0	-1.0	-1.0	-1.0	-1.0	-1.0	-1.0	-1.0
gnl|Prokka|GCF_044361425.1_1|3528789|T	0.0	1.0	-1.0	-1.0	-1.0	-1.0	-1.0	0.0	1.0	1.0	-1.0	-1.0	0.0	-1.0	-1.0	0.0	-1.0	0.0	0.765	0.0	-1.0	0.064	0.0	-1.0	-1.0	0.455	1.0	-1.0	-1.0	-1.0	0.413	0.087	1.0	1.0	0.932	0.0	1.0	1.0	0.529	0.0	0.0	1.0	0.0	-1.0	0.0	1.0	-1.0	1.0	1.0	-1.0	-1.0	1.0	0.0	1.0	0.0	1.0	1.0	1.0	0.0	1.0	0.0	-1.0	0.0	1.0	-1.0	0.0	1.0	0.979	1.0	-1.0	0.0	-1.0	0.0	0.0	1.0	0.0	-1.0	1.0	-1.0	1.0	1.0	0.0	0.0	-1.0	0.0	0.0	0.0	0.455	0.0	0.0	0.0	1.0	-1.0	1.0	1.0	1.0	0.0	-1.0	0.0	0.0	0.0	-1.0	1.0	-1.0	1.0	1.0	1.0	0.0	0.0	0.0	-1.0	1.0	1.0	1.0	-1.0	-1.0	-1.0	0.0	1.0	0.0	0.0	0.0	1.0	0.377	1.0	1.0	0.0	0.0	-1.0	0.444	-1.0	-1.0	-1.0	1.0	0.0	0.0	0.824	1.0	0.0	0.0	1.0	0.0	1.0	0.0	1.0	1.0	-1.0	-1.0	0.0	0.0	0.0	0.346	1.0	0.402	0.0	0.0	1.0	0.391	0.0	1.0	0.0	-1.0	1.0	0.0	0.0	0.0	-1.0	0.0	0.365	1.0	0.0	1.0	0.42	1.0	0.659	1.0	1.0	1.0	1.0	0.0	-1.0	-1.0	-1.0	-1.0	-1.0	-1.0	-1.0	-1.0	-1.0	-1.0	-1.0	-1.0	-1.0
gnl|Prokka|GCF_044361425.1_1|3528799|C	0.0	1.0	0.462	-1.0	-1.0	-1.0	-1.0	0.0	1.0	1.0	-1.0	-1.0	0.0	-1.0	-1.0	0.0	-1.0	0.0	0.75	0.0	-1.0	0.0	0.0	-1.0	-1.0	0.0	1.0	-1.0	-1.0	-1.0	0.338	0.067	-1.0	1.0	0.929	0.0	1.0	1.0	0.471	0.0	0.0	1.0	0.0	-1.0	0.0	1.0	-1.0	1.0	1.0	-1.0	-1.0	1.0	0.0	1.0	0.0	1.0	1.0	1.0	0.0	1.0	0.0	-1.0	0.0	1.0	-1.0	0.0	1.0	0.961	1.0	-1.0	0.0	0.0	0.0	0.0	1.0	0.0	0.0	1.0	-1.0	1.0	1.0	0.0	0.0	-1.0	0.0	0.0	0.0	0.357	0.0	0.0	0.0	1.0	-1.0	1.0	1.0	1.0	0.0	-1.0	0.0	0.0	0.0	-1.0	1.0	-1.0	1.0	1.0	1.0	0.0	0.0	0.0	-1.0	1.0	1.0	1.0	-1.0	-1.0	-1.0	0.0	1.0	0.0	0.0	0.0	1.0	0.379	1.0	1.0	0.0	0.0	-1.0	0.4	-1.0	-1.0	-1.0	1.0	0.0	0.0	1.0	1.0	0.0	0.0	1.0	0.0	1.0	0.0	1.0	1.0	-1.0	-1.0	0.0	0.0	0.0	0.364	1.0	0.376	0.0	0.0	1.0	0.435	0.0	1.0	0.0	-1.0	-1.0	0.0	0.0	0.0	-1.0	0.0	0.346	1.0	0.0	1.0	0.408	1.0	0.659	1.0	1.0	1.0	1.0	0.0	-1.0	-1.0	-1.0	-1.0	-1.0	-1.0	-1.0	-1.0	-1.0	-1.0	-1.0	-1.0	-1.0
gnl|Prokka|GCF_044361425.1_1|3552097|A	-1.0	0.0	0.333	-1.0	0.0	-1.0	-1.0	1.0	-1.0	0.0	-1.0	-1.0	0.0	-1.0	-1.0	0.0	0.0	0.0	0.214	-1.0	-1.0	1.0	-1.0	-1.0	-1.0	-1.0	0.0	-1.0	0.0	-1.0	0.706	0.0	-1.0	1.0	1.0	0.956	1.0	0.0	0.0	0.0	1.0	1.0	1.0	-1.0	1.0	-1.0	-1.0	0.0	1.0	-1.0	-1.0	0.565	0.943	0.0	0.0	-1.0	0.0	0.0	1.0	0.0	1.0	-1.0	0.0	0.0	-1.0	0.0	1.0	0.919	0.0	-1.0	0.0	1.0	0.0	1.0	0.0	0.0	-1.0	1.0	-1.0	0.0	0.0	1.0	0.0	-1.0	0.833	0.0	0.0	0.462	0.0	1.0	0.0	0.0	-1.0	0.0	0.0	1.0	0.418	-1.0	1.0	0.0	0.0	-1.0	1.0	-1.0	0.0	0.0	1.0	0.0	0.259	0.0	-1.0	0.0	1.0	0.932	-1.0	-1.0	-1.0	0.889	0.099	1.0	0.343	0.0	1.0	0.101	0.0	1.0	0.0	0.936	-1.0	0.208	1.0	-1.0	1.0	0.0	0.0	1.0	1.0	0.0	0.2	0.0	0.0	0.0	0.0	0.0	0.0	1.0	-1.0	1.0	0.0	0.0	0.0	0.0	1.0	0.0	-1.0	0.0	1.0	0.0	1.0	0.0	1.0	-1.0	0.429	0.0	0.0	1.0	-1.0	1.0	1.0	1.0	0.0	1.0	1.0	0.0	0.676	0.0	0.0	0.0	1.0	0.44	0.0	-1.0	-1.0	-1.0	-1.0	-1.0	-1.0	-1.0	-1.0	-1.0	-1.0	-1.0	-1.0
gnl|Prokka|GCF_044361425.1_1|3686625|G	0.0	0.0	0.0	-1.0	-1.0	-1.0	-1.0	0.0	0.0	0.0	-1.0	-1.0	1.0	-1.0	-1.0	-1.0	-1.0	1.0	0.3	1.0	-1.0	1.0	-1.0	-1.0	-1.0	0.0	0.0	-1.0	0.0	-1.0	0.403	0.103	0.0	1.0	0.941	0.0	1.0	0.0	0.0	1.0	1.0	1.0	1.0	-1.0	0.0	-1.0	-1.0	1.0	1.0	-1.0	-1.0	0.88	0.0	0.0	0.0	0.0	0.0	0.0	0.0	0.0	0.0	-1.0	0.0	0.0	-1.0	0.0	1.0	1.0	1.0	-1.0	0.0	-1.0	0.167	0.0	1.0	1.0	-1.0	0.353	-1.0	0.0	0.0	1.0	0.0	1.0	0.0	0.0	0.0	0.0	0.0	1.0	0.0	0.0	-1.0	0.0	0.0	1.0	0.512	-1.0	1.0	0.621	0.0	-1.0	0.0	-1.0	0.0	1.0	1.0	0.0	0.786	0.0	-1.0	0.0	1.0	0.679	-1.0	-1.0	-1.0	1.0	0.093	0.0	0.0	0.0	1.0	0.039	0.0	0.0	0.0	0.0	-1.0	0.0	-1.0	-1.0	1.0	0.0	0.0	0.0	1.0	0.0	0.444	0.0	0.0	0.0	0.0	0.0	0.0	0.0	-1.0	1.0	1.0	0.0	1.0	0.588	-1.0	0.0	-1.0	0.0	1.0	0.267	0.0	0.0	0.0	-1.0	0.0	0.714	0.0	1.0	-1.0	0.0	0.215	1.0	0.0	1.0	0.448	0.0	0.596	1.0	0.0	0.0	0.0	0.833	0.105	-1.0	-1.0	-1.0	-1.0	-1.0	-1.0	-1.0	-1.0	-1.0	-1.0	-1.0	-1.0
gnl|Prokka|GCF_044361425.1_1|3691255|C	0.0	0.0	0.0	-1.0	-1.0	-1.0	-1.0	0.0	-1.0	0.0	-1.0	-1.0	0.0	-1.0	-1.0	-1.0	-1.0	1.0	0.643	0.0	-1.0	0.0	0.0	-1.0	-1.0	1.0	1.0	-1.0	0.8	-1.0	0.568	0.091	0.0	1.0	0.135	0.0	1.0	0.0	0.0	1.0	1.0	1.0	0.0	-1.0	0.0	-1.0	-1.0	1.0	1.0	-1.0	-1.0	-1.0	0.0	1.0	0.0	0.0	0.0	1.0	0.0	0.0	0.0	-1.0	0.0	0.0	-1.0	0.172	1.0	0.882	1.0	1.0	1.0	-1.0	1.0	-1.0	1.0	1.0	0.0	0.13	-1.0	1.0	0.0	1.0	0.0	1.0	0.097	0.0	0.0	0.0	1.0	0.0	0.0	0.0	-1.0	1.0	0.0	1.0	0.494	-1.0	0.0	1.0	0.974	-1.0	0.0	-1.0	-1.0	0.8	1.0	0.0	0.217	0.0	-1.0	0.0	1.0	0.875	-1.0	-1.0	-1.0	1.0	1.0	0.0	0.283	0.0	1.0	0.0	0.0	1.0	0.0	1.0	-1.0	0.8	0.0	-1.0	-1.0	0.0	1.0	0.0	1.0	0.0	-1.0	0.192	0.0	1.0	1.0	-1.0	0.0	0.0	-1.0	0.0	0.0	0.0	0.0	1.0	-1.0	0.648	1.0	0.0	1.0	0.0	0.0	0.0	0.0	-1.0	0.0	1.0	0.0	0.0	-1.0	0.0	0.319	1.0	0.0	0.0	0.0	1.0	0.82	1.0	1.0	1.0	1.0	0.0	1.0	-1.0	-1.0	-1.0	-1.0	-1.0	-1.0	-1.0	-1.0	-1.0	-1.0	-1.0	-1.0
gnl|Prokka|GCF_044361425.1_1|3691339|A	0.0	0.0	0.0	-1.0	-1.0	-1.0	-1.0	0.0	-1.0	0.0	-1.0	-1.0	0.0	-1.0	-1.0	-1.0	-1.0	0.0	0.462	0.0	-1.0	0.0	0.0	-1.0	-1.0	1.0	1.0	-1.0	0.8	-1.0	0.271	0.0	0.0	0.0	0.129	0.02	0.0	0.0	0.231	1.0	1.0	0.0	0.0	-1.0	0.0	-1.0	-1.0	1.0	0.0	-1.0	-1.0	0.519	0.0	1.0	0.0	0.0	0.0	0.0	0.0	0.0	0.0	-1.0	0.0	0.0	-1.0	0.143	1.0	0.94	1.0	1.0	1.0	-1.0	1.0	0.0	1.0	1.0	-1.0	0.333	-1.0	1.0	0.0	1.0	0.0	1.0	0.149	0.0	0.0	0.0	1.0	0.0	0.0	0.0	-1.0	0.864	0.0	0.0	0.464	-1.0	1.0	1.0	0.974	-1.0	0.0	-1.0	-1.0	1.0	0.0	0.0	0.103	0.0	-1.0	0.0	1.0	0.903	-1.0	-1.0	-1.0	1.0	0.851	0.0	0.304	0.0	1.0	0.0	0.0	1.0	0.0	1.0	-1.0	0.85	-1.0	-1.0	0.0	0.0	1.0	0.0	0.0	0.0	0.0	0.179	0.0	1.0	1.0	-1.0	0.0	0.0	-1.0	0.0	0.0	0.0	0.0	0.792	-1.0	0.562	1.0	0.0	1.0	0.0	0.0	0.0	0.0	-1.0	0.0	1.0	0.0	0.0	-1.0	0.0	0.0	0.0	0.0	0.0	0.0	1.0	0.738	1.0	1.0	1.0	1.0	0.0	0.0	-1.0	-1.0	-1.0	-1.0	-1.0	-1.0	-1.0	-1.0	-1.0	-1.0	-1.0	-1.0
gnl|Prokka|GCF_044361425.1_1|3719691|A	1.0	1.0	0.2	-1.0	-1.0	-1.0	-1.0	1.0	0.0	0.0	-1.0	-1.0	0.0	-1.0	-1.0	0.0	0.0	0.0	0.364	0.0	-1.0	0.919	0.0	-1.0	-1.0	0.0	0.0	-1.0	0.0	-1.0	0.863	1.0	1.0	0.0	0.0	1.0	1.0	1.0	0.0	1.0	1.0	1.0	0.0	-1.0	0.0	0.0	-1.0	1.0	1.0	-1.0	-1.0	0.25	0.085	0.0	1.0	0.0	0.0	1.0	0.0	0.0	0.0	0.667	0.0	0.0	-1.0	1.0	0.0	0.0	1.0	-1.0	0.0	-1.0	0.198	0.0	1.0	0.0	0.0	1.0	-1.0	1.0	0.0	1.0	1.0	1.0	0.909	1.0	0.0	0.0	0.0	0.0	0.0	1.0	-1.0	1.0	0.0	1.0	0.581	-1.0	1.0	0.629	0.034	-1.0	1.0	-1.0	0.0	1.0	1.0	1.0	0.301	1.0	-1.0	0.0	1.0	0.0	-1.0	-1.0	-1.0	0.0	1.0	1.0	0.814	0.467	0.0	0.664	1.0	1.0	0.688	1.0	-1.0	0.0	-1.0	-1.0	1.0	0.0	0.0	1.0	0.0	0.0	1.0	1.0	1.0	0.0	1.0	0.0	1.0	1.0	-1.0	1.0	0.0	0.0	1.0	0.333	0.0	0.0	-1.0	1.0	0.0	0.522	0.0	0.0	1.0	-1.0	0.0	0.667	0.0	1.0	-1.0	0.0	1.0	1.0	0.0	1.0	0.952	1.0	0.39	1.0	1.0	1.0	1.0	0.76	0.0	-1.0	-1.0	-1.0	-1.0	-1.0	-1.0	-1.0	-1.0	-1.0	-1.0	-1.0	-1.0
gnl|Prokka|GCF_044361425.1_1|3719739|C	1.0	1.0	0.25	-1.0	-1.0	-1.0	-1.0	1.0	-1.0	0.0	-1.0	-1.0	0.0	-1.0	-1.0	0.0	-1.0	0.0	0.0	0.0	-1.0	1.0	0.0	-1.0	-1.0	0.0	0.0	-1.0	0.0	-1.0	0.821	1.0	1.0	0.0	0.0	1.0	1.0	1.0	0.0	1.0	1.0	1.0	0.0	-1.0	0.0	0.0	-1.0	1.0	1.0	-1.0	-1.0	0.32	0.056	0.0	1.0	0.0	0.0	0.0	0.0	0.0	0.0	0.545	0.0	0.0	-1.0	1.0	0.0	0.0	1.0	-1.0	0.0	0.0	0.137	0.0	1.0	0.0	0.0	0.812	-1.0	1.0	0.0	1.0	1.0	1.0	0.931	1.0	0.0	0.0	0.0	0.0	0.0	1.0	-1.0	1.0	0.0	1.0	0.486	-1.0	1.0	0.758	0.041	-1.0	1.0	-1.0	0.0	1.0	1.0	1.0	0.248	1.0	-1.0	0.0	1.0	0.0	-1.0	-1.0	-1.0	0.0	1.0	1.0	0.758	0.633	0.0	0.636	1.0	1.0	0.667	1.0	-1.0	0.0	-1.0	-1.0	1.0	0.0	0.0	1.0	0.0	0.0	1.0	1.0	1.0	0.0	1.0	0.0	1.0	1.0	-1.0	1.0	0.0	0.0	1.0	0.0	0.0	0.0	0.571	0.824	0.0	0.348	0.0	0.0	1.0	-1.0	0.0	0.692	0.0	1.0	-1.0	0.0	1.0	1.0	0.0	1.0	0.947	1.0	0.439	1.0	1.0	1.0	1.0	0.724	0.0	-1.0	-1.0	-1.0	-1.0	-1.0	-1.0	-1.0	-1.0	-1.0	-1.0	-1.0	-1.0
gnl|Prokka|GCF_044361425.1_1|3737117|A	0.0	1.0	0.333	-1.0	-1.0	-1.0	-1.0	1.0	0.0	0.0	-1.0	-1.0	0.0	-1.0	-1.0	0.0	-1.0	1.0	0.0	0.0	-1.0	1.0	0.0	-1.0	-1.0	0.0	0.0	-1.0	-1.0	-1.0	0.434	0.0	1.0	1.0	0.0	1.0	0.0	0.0	0.533	1.0	0.103	0.0	0.0	-1.0	0.0	-1.0	-1.0	1.0	0.0	-1.0	-1.0	0.267	0.052	1.0	0.0	0.0	1.0	0.0	1.0	0.0	0.0	-1.0	0.0	0.0	-1.0	0.174	0.0	0.0	1.0	-1.0	0.0	0.0	0.125	1.0	1.0	1.0	-1.0	0.81	-1.0	1.0	0.0	1.0	0.0	-1.0	0.937	1.0	0.0	0.0	0.0	0.0	0.0	1.0	-1.0	1.0	1.0	0.0	0.14	-1.0	0.0	0.788	0.02	-1.0	1.0	-1.0	1.0	1.0	0.0	0.0	0.264	0.0	-1.0	0.0	0.0	0.0	-1.0	-1.0	-1.0	0.0	0.899	1.0	0.203	0.762	0.167	0.063	1.0	1.0	0.0	1.0	-1.0	0.0	1.0	-1.0	-1.0	0.0	0.0	1.0	1.0	0.0	0.444	0.0	1.0	0.0	1.0	0.0	1.0	1.0	-1.0	1.0	0.0	0.0	1.0	1.0	-1.0	0.386	1.0	0.0	0.0	1.0	0.0	0.0	0.538	-1.0	0.0	0.565	0.0	1.0	-1.0	0.0	0.596	-1.0	0.0	1.0	0.928	1.0	0.0	1.0	1.0	1.0	1.0	0.211	0.0	-1.0	-1.0	-1.0	-1.0	-1.0	-1.0	-1.0	-1.0	-1.0	-1.0	-1.0	-1.0
gnl|Prokka|GCF_044361425.1_1|3737141|A	-1.0	1.0	0.0	-1.0	-1.0	-1.0	-1.0	1.0	0.0	0.0	-1.0	-1.0	0.0	-1.0	-1.0	0.0	-1.0	1.0	0.812	0.0	-1.0	1.0	1.0	-1.0	-1.0	0.0	0.0	-1.0	-1.0	-1.0	0.494	0.0	1.0	1.0	0.0	1.0	0.0	0.0	0.562	1.0	0.132	0.0	0.0	-1.0	0.0	0.0	-1.0	1.0	0.0	-1.0	-1.0	0.214	0.058	1.0	1.0	0.0	1.0	0.0	1.0	0.0	0.0	-1.0	0.0	0.0	-1.0	0.211	0.0	0.0	1.0	1.0	0.0	-1.0	0.139	1.0	1.0	1.0	-1.0	0.778	-1.0	0.0	0.0	1.0	0.0	1.0	1.0	1.0	0.0	0.0	0.0	0.0	0.0	1.0	-1.0	0.0	1.0	0.0	0.63	-1.0	0.0	0.758	0.022	-1.0	1.0	-1.0	1.0	1.0	0.0	1.0	0.287	0.0	-1.0	0.0	0.0	0.0	-1.0	-1.0	-1.0	0.0	0.0	1.0	0.81	0.556	0.0	0.669	1.0	1.0	0.0	1.0	-1.0	0.0	1.0	-1.0	-1.0	0.0	0.0	1.0	1.0	0.0	1.0	0.0	1.0	0.0	0.0	0.0	1.0	1.0	-1.0	1.0	0.046	0.0	1.0	1.0	-1.0	0.391	1.0	0.0	0.0	1.0	0.0	0.0	0.643	-1.0	0.0	0.571	0.0	1.0	-1.0	0.0	0.636	0.0	0.0	1.0	0.947	0.0	0.325	1.0	0.0	0.0	1.0	0.176	0.891	-1.0	-1.0	-1.0	-1.0	-1.0	-1.0	-1.0	-1.0	-1.0	-1.0	-1.0	-1.0
gnl|Prokka|GCF_044361425.1_1|3737615|G	1.0	1.0	0.533	-1.0	-1.0	-1.0	-1.0	1.0	0.0	0.0	-1.0	-1.0	0.0	-1.0	-1.0	0.0	0.0	1.0	1.0	0.0	-1.0	1.0	-1.0	-1.0	-1.0	-1.0	0.0	-1.0	0.333	-1.0	0.494	0.0	1.0	1.0	0.0	0.945	0.0	0.0	-1.0	1.0	1.0	0.0	0.0	-1.0	0.0	-1.0	-1.0	1.0	0.0	-1.0	-1.0	0.321	0.0	1.0	1.0	0.0	1.0	0.0	1.0	0.0	0.0	0.0	0.0	0.0	-1.0	1.0	0.0	0.0	1.0	0.455	0.0	-1.0	0.153	1.0	1.0	1.0	0.0	1.0	-1.0	0.0	0.0	1.0	0.0	1.0	0.954	1.0	0.0	0.0	0.0	0.0	0.0	1.0	-1.0	0.0	1.0	0.0	1.0	-1.0	1.0	0.857	0.051	-1.0	1.0	-1.0	1.0	1.0	0.0	1.0	0.34	0.0	-1.0	0.0	0.0	0.107	-1.0	-1.0	-1.0	1.0	0.0	1.0	0.611	0.852	0.0	0.7	1.0	1.0	0.0	1.0	-1.0	0.0	-1.0	-1.0	0.455	0.0	0.0	1.0	1.0	0.0	1.0	0.0	1.0	0.0	0.0	-1.0	1.0	1.0	-1.0	1.0	0.0	0.0	1.0	1.0	-1.0	0.455	1.0	1.0	0.0	1.0	0.0	0.0	0.75	-1.0	0.0	0.63	0.0	1.0	-1.0	0.0	0.714	0.0	0.0	1.0	0.924	0.0	0.189	1.0	0.0	0.0	1.0	1.0	0.912	-1.0	-1.0	-1.0	-1.0	-1.0	-1.0	-1.0	-1.0	-1.0	-1.0	-1.0	-1.0
gnl|Prokka|GCF_044361425.1_1|3788940|T	0.0	0.0	0.0	-1.0	0.0	-1.0	-1.0	1.0	0.0	-1.0	-1.0	-1.0	0.0	-1.0	-1.0	0.0	-1.0	0.0	0.0	0.0	-1.0	0.0	0.0	-1.0	-1.0	-1.0	1.0	-1.0	-1.0	-1.0	0.418	0.0	1.0	0.0	0.0	1.0	1.0	0.0	0.722	1.0	0.1	1.0	0.0	-1.0	0.923	-1.0	-1.0	0.0	1.0	-1.0	-1.0	0.265	0.0	1.0	0.062	0.0	1.0	0.0	0.0	0.0	0.0	-1.0	0.0	0.0	-1.0	0.158	0.0	0.0	1.0	0.0	0.0	-1.0	0.0	0.0	1.0	1.0	-1.0	0.765	-1.0	1.0	0.0	0.0	0.0	-1.0	0.0	1.0	0.0	0.0	0.0	0.0	0.0	1.0	-1.0	1.0	1.0	1.0	0.0	-1.0	0.0	0.61	0.0	-1.0	1.0	-1.0	1.0	1.0	1.0	0.0	0.2	0.0	-1.0	0.0	0.0	0.1	-1.0	-1.0	-1.0	0.0	1.0	0.0	0.0	0.697	0.0	0.047	1.0	0.0	1.0	1.0	-1.0	0.0	0.0	-1.0	0.0	0.0	0.0	0.0	0.0	0.0	0.0	0.889	1.0	0.0	1.0	-1.0	1.0	1.0	-1.0	0.0	0.0	0.0	0.0	-1.0	-1.0	0.356	-1.0	0.0	0.0	0.0	0.0	0.018	0.0	-1.0	0.0	0.583	0.0	0.0	-1.0	1.0	0.362	1.0	0.0	1.0	0.0	1.0	0.089	1.0	1.0	1.0	0.0	0.185	0.0	-1.0	-1.0	-1.0	-1.0	-1.0	-1.0	-1.0	-1.0	-1.0	-1.0	-1.0	-1.0
gnl|Prokka|GCF_044361425.1_1|3790565|A	0.786	1.0	0.0	-1.0	-1.0	-1.0	-1.0	1.0	0.0	0.0	-1.0	-1.0	0.0	-1.0	-1.0	0.0	1.0	0.0	0.0	0.0	-1.0	0.0	-1.0	-1.0	-1.0	-1.0	1.0	-1.0	-1.0	-1.0	0.0	0.0	1.0	0.0	0.0	0.971	0.0	0.0	0.611	1.0	0.154	0.0	0.0	-1.0	1.0	-1.0	-1.0	1.0	0.0	-1.0	-1.0	0.355	0.0	1.0	1.0	-1.0	1.0	0.0	0.0	0.0	0.0	0.273	0.0	0.0	-1.0	0.136	0.0	0.0	1.0	0.0	0.0	0.0	0.0	0.0	1.0	1.0	0.0	0.818	-1.0	1.0	0.0	0.0	0.0	1.0	0.076	1.0	0.0	-1.0	0.0	0.0	0.0	1.0	-1.0	0.871	1.0	0.0	0.574	-1.0	0.0	0.667	0.025	-1.0	1.0	-1.0	1.0	1.0	0.0	1.0	0.173	0.0	-1.0	0.0	0.0	0.12	-1.0	-1.0	-1.0	0.235	0.9	0.0	0.484	0.773	0.0	0.695	0.0	0.0	1.0	1.0	-1.0	0.556	-1.0	-1.0	0.0	0.0	0.0	0.0	0.0	0.0	-1.0	1.0	1.0	0.0	1.0	-1.0	1.0	1.0	-1.0	0.0	0.0	0.0	0.0	0.15	0.0	0.198	0.0	0.0	0.0	0.0	1.0	0.0	0.375	-1.0	-1.0	0.6	-1.0	0.0	-1.0	1.0	0.0	0.0	0.0	1.0	0.0	1.0	0.3	1.0	1.0	1.0	0.0	0.267	0.0	-1.0	-1.0	-1.0	-1.0	-1.0	-1.0	-1.0	-1.0	-1.0	-1.0	-1.0	-1.0
gnl|Prokka|GCF_044361425.1_1|3795135|G	1.0	0.0	0.0	-1.0	-1.0	-1.0	-1.0	0.0	0.0	0.0	-1.0	-1.0	0.0	-1.0	-1.0	-1.0	-1.0	0.0	1.0	0.0	-1.0	1.0	1.0	-1.0	-1.0	-1.0	0.0	-1.0	0.0	-1.0	1.0	0.0	0.0	0.0	0.0	0.029	1.0	1.0	-1.0	0.0	1.0	1.0	1.0	-1.0	1.0	-1.0	-1.0	0.0	1.0	-1.0	-1.0	0.0	0.94	0.0	1.0	-1.0	0.0	1.0	1.0	0.0	1.0	-1.0	0.0	0.0	-1.0	0.0	0.0	0.925	0.0	-1.0	1.0	-1.0	0.774	1.0	0.0	1.0	-1.0	0.0	-1.0	0.0	0.0	1.0	0.0	0.0	0.0	0.0	1.0	0.0	1.0	1.0	1.0	0.0	-1.0	0.0	0.0	1.0	0.882	-1.0	0.0	0.536	1.0	-1.0	0.0	-1.0	0.0	0.0	1.0	1.0	0.215	1.0	-1.0	1.0	0.0	0.356	-1.0	-1.0	-1.0	1.0	0.072	0.0	1.0	0.176	0.0	0.655	1.0	1.0	0.0	0.0	-1.0	0.692	-1.0	-1.0	-1.0	0.0	0.0	0.0	0.0	0.0	-1.0	0.135	0.0	1.0	0.0	1.0	0.0	0.0	-1.0	0.0	0.0	0.0	0.0	0.0	0.0	0.0	0.0	0.778	1.0	1.0	0.0	0.0	1.0	-1.0	0.0	0.455	0.0	1.0	-1.0	0.0	1.0	1.0	0.0	0.0	0.72	0.0	0.175	0.0	0.0	0.0	1.0	0.0	0.0	-1.0	-1.0	-1.0	-1.0	-1.0	-1.0	-1.0	-1.0	-1.0	-1.0	-1.0	-1.0
gnl|Prokka|GCF_044361425.1_1|3798163|T	0.0	1.0	0.333	-1.0	-1.0	-1.0	-1.0	1.0	0.0	-1.0	-1.0	-1.0	1.0	-1.0	-1.0	0.0	0.0	0.0	0.0	0.0	-1.0	0.0	0.0	-1.0	-1.0	-1.0	0.0	-1.0	0.0	-1.0	0.815	0.111	-1.0	0.0	0.0	0.975	1.0	0.0	0.609	1.0	0.0	1.0	0.0	-1.0	1.0	0.0	-1.0	1.0	1.0	-1.0	-1.0	0.292	1.0	1.0	0.0	0.0	1.0	0.0	0.0	0.0	1.0	-1.0	0.0	0.0	-1.0	0.0	0.0	0.0	1.0	0.375	0.0	-1.0	0.135	0.0	1.0	0.0	0.0	0.833	-1.0	1.0	0.0	0.0	0.0	1.0	1.0	1.0	0.0	0.0	0.0	0.0	0.0	1.0	-1.0	0.886	0.857	1.0	0.063	-1.0	0.0	0.711	0.017	-1.0	1.0	-1.0	1.0	1.0	1.0	0.0	1.0	1.0	-1.0	1.0	0.0	0.071	-1.0	-1.0	-1.0	0.132	1.0	0.0	0.279	0.87	0.0	0.041	0.0	0.0	1.0	1.0	-1.0	0.0	-1.0	-1.0	0.4	0.0	0.0	1.0	0.0	0.0	0.0	1.0	1.0	0.0	1.0	0.0	1.0	0.0	-1.0	1.0	0.0	0.0	0.0	0.0	0.0	0.326	0.0	0.0	0.0	0.0	0.0	0.0	0.0	-1.0	0.364	0.667	0.0	0.0	-1.0	0.0	1.0	1.0	0.0	1.0	1.0	1.0	0.059	1.0	1.0	1.0	0.0	0.158	1.0	-1.0	-1.0	-1.0	-1.0	-1.0	-1.0	-1.0	-1.0	-1.0	-1.0	-1.0	-1.0
gnl|Prokka|GCF_044361425.1_1|3798214|A	0.0	1.0	-1.0	-1.0	-1.0	-1.0	-1.0	1.0	0.0	-1.0	-1.0	-1.0	1.0	-1.0	-1.0	0.0	0.0	0.0	0.0	0.0	-1.0	0.0	0.0	-1.0	-1.0	-1.0	0.0	-1.0	-1.0	-1.0	0.844	0.098	1.0	0.0	0.0	1.0	1.0	0.0	0.412	1.0	0.0	1.0	0.0	-1.0	1.0	-1.0	-1.0	1.0	1.0	-1.0	-1.0	0.292	1.0	1.0	0.0	0.0	1.0	0.0	0.0	0.0	1.0	-1.0	0.0	0.0	-1.0	0.0	0.0	0.0	1.0	-1.0	0.0	-1.0	0.179	0.0	1.0	0.0	-1.0	0.75	-1.0	1.0	0.0	0.0	0.0	1.0	0.926	1.0	0.0	0.0	0.0	0.0	0.0	1.0	-1.0	1.0	1.0	1.0	0.115	-1.0	0.0	0.694	0.025	-1.0	1.0	-1.0	1.0	1.0	1.0	0.0	1.0	1.0	-1.0	1.0	0.0	0.0	-1.0	-1.0	-1.0	0.133	1.0	0.0	0.306	0.714	0.0	0.03	0.0	0.0	1.0	1.0	-1.0	0.0	-1.0	-1.0	-1.0	0.0	0.0	1.0	0.0	0.0	0.0	1.0	1.0	0.0	1.0	0.0	1.0	0.0	-1.0	1.0	0.0	0.0	0.0	0.0	0.0	0.268	0.0	0.0	0.0	0.0	0.0	0.0	0.0	-1.0	0.0	0.737	0.0	0.0	-1.0	0.0	1.0	1.0	0.0	1.0	1.0	1.0	0.061	1.0	1.0	1.0	0.0	0.0	0.0	-1.0	-1.0	-1.0	-1.0	-1.0	-1.0	-1.0	-1.0	-1.0	-1.0	-1.0	-1.0
gnl|Prokka|GCF_044361425.1_1|3798241|T	0.0	1.0	0.0	-1.0	-1.0	-1.0	-1.0	1.0	0.0	-1.0	-1.0	-1.0	1.0	-1.0	-1.0	-1.0	-1.0	0.0	0.0	-1.0	-1.0	0.0	0.0	-1.0	-1.0	-1.0	0.0	-1.0	0.0	-1.0	0.828	0.111	0.571	0.0	0.0	1.0	1.0	0.0	0.474	1.0	0.0	1.0	0.0	-1.0	1.0	-1.0	-1.0	1.0	1.0	-1.0	-1.0	0.333	1.0	1.0	0.0	0.0	1.0	0.0	0.0	0.0	1.0	-1.0	0.0	0.0	-1.0	0.0	0.0	0.0	1.0	-1.0	0.0	-1.0	0.203	0.0	1.0	0.0	0.0	0.8	-1.0	1.0	0.0	0.0	0.0	1.0	0.921	1.0	0.0	-1.0	0.0	0.0	0.0	1.0	-1.0	0.909	1.0	1.0	0.089	-1.0	0.0	0.676	0.036	-1.0	1.0	-1.0	1.0	0.786	1.0	0.0	1.0	1.0	-1.0	1.0	0.0	0.094	-1.0	-1.0	-1.0	0.0	1.0	0.0	0.296	1.0	0.0	0.045	0.0	0.0	1.0	1.0	-1.0	0.0	-1.0	-1.0	-1.0	0.0	0.0	1.0	0.0	0.0	0.0	0.862	1.0	0.0	1.0	0.0	1.0	0.0	-1.0	1.0	0.0	0.0	0.0	0.0	0.0	0.283	0.0	0.0	0.0	0.0	0.0	0.0	0.0	-1.0	-1.0	0.727	0.0	0.0	-1.0	0.0	1.0	1.0	0.0	1.0	1.0	1.0	0.0	1.0	1.0	1.0	0.0	0.0	1.0	-1.0	-1.0	-1.0	-1.0	-1.0	-1.0	-1.0	-1.0	-1.0	-1.0	-1.0	-1.0
gnl|Prokka|GCF_044361425.1_1|3847449|T	-1.0	1.0	0.0	-1.0	-1.0	-1.0	-1.0	0.0	0.0	0.0	-1.0	-1.0	1.0	-1.0	-1.0	0.0	0.0	0.824	0.0	0.0	-1.0	0.0	0.0	-1.0	-1.0	0.0	1.0	-1.0	-1.0	-1.0	0.413	0.189	0.667	1.0	0.0	1.0	1.0	1.0	1.0	0.0	0.08	1.0	1.0	-1.0	1.0	0.0	-1.0	1.0	1.0	-1.0	-1.0	0.294	1.0	0.0	1.0	-1.0	1.0	1.0	0.0	0.0	1.0	0.0	0.0	0.0	-1.0	0.0	0.0	0.852	1.0	-1.0	1.0	-1.0	1.0	0.0	1.0	0.0	-1.0	0.0	-1.0	0.0	0.0	0.0	0.0	1.0	0.068	1.0	0.0	0.0	1.0	1.0	1.0	1.0	-1.0	0.0	1.0	1.0	0.549	-1.0	1.0	1.0	0.971	-1.0	0.0	-1.0	1.0	1.0	1.0	1.0	0.157	1.0	-1.0	0.7	0.0	0.0	-1.0	-1.0	-1.0	0.0	0.112	0.0	0.717	1.0	1.0	-1.0	1.0	0.0	1.0	0.0	-1.0	0.0	-1.0	-1.0	1.0	0.0	0.0	0.0	0.833	0.0	0.636	0.088	1.0	1.0	0.0	0.769	1.0	0.0	-1.0	0.0	0.058	0.0	0.0	0.333	-1.0	0.388	-1.0	0.0	1.0	0.0	0.0	0.0	0.0	-1.0	0.0	0.364	0.0	0.0	-1.0	1.0	0.21	1.0	0.0	1.0	0.397	0.0	0.372	1.0	0.0	0.0	0.0	0.0	1.0	-1.0	-1.0	-1.0	-1.0	-1.0	-1.0	-1.0	-1.0	-1.0	-1.0	-1.0	-1.0
gnl|Prokka|GCF_044361425.1_1|3851637|T	0.0	0.0	0.375	-1.0	-1.0	-1.0	-1.0	1.0	0.0	-1.0	-1.0	-1.0	0.0	-1.0	-1.0	1.0	1.0	-1.0	0.0	0.0	-1.0	0.0	0.0	-1.0	-1.0	0.0	1.0	-1.0	-1.0	-1.0	0.567	1.0	0.0	0.0	0.222	0.0	1.0	1.0	0.0	1.0	1.0	1.0	0.0	-1.0	0.0	-1.0	-1.0	0.0	1.0	-1.0	-1.0	0.652	0.0	0.0	0.0	0.0	0.0	0.0	1.0	0.0	0.0	0.571	0.0	0.0	-1.0	0.167	1.0	0.959	0.0	-1.0	0.0	-1.0	0.245	1.0	0.0	0.0	-1.0	1.0	-1.0	0.0	0.0	1.0	1.0	0.0	0.918	0.0	0.0	-1.0	0.0	0.0	0.0	0.0	-1.0	0.0	0.0	1.0	0.0	-1.0	0.0	0.0	0.033	-1.0	1.0	-1.0	-1.0	0.0	1.0	0.0	0.237	0.0	-1.0	1.0	0.0	1.0	-1.0	-1.0	-1.0	0.2	0.084	1.0	0.194	0.0	0.0	0.066	0.0	0.0	0.0	1.0	-1.0	0.824	-1.0	-1.0	0.0	0.0	1.0	0.965	0.0	0.0	0.0	1.0	0.0	0.0	0.0	0.0	0.0	1.0	-1.0	0.0	0.0	1.0	0.0	0.708	0.0	0.588	0.0	0.143	1.0	0.8	1.0	0.0	0.812	-1.0	-1.0	0.0	0.0	0.0	-1.0	0.0	1.0	0.0	1.0	0.0	0.623	0.0	0.595	0.0	0.0	1.0	0.0	0.143	-1.0	-1.0	-1.0	-1.0	-1.0	-1.0	-1.0	-1.0	-1.0	-1.0	-1.0	-1.0	-1.0
gnl|Prokka|GCF_044361425.1_1|3855999|C	0.727	1.0	0.0	-1.0	-1.0	-1.0	-1.0	0.0	0.0	0.0	-1.0	-1.0	0.0	-1.0	-1.0	0.0	-1.0	-1.0	1.0	0.0	-1.0	0.0	-1.0	-1.0	-1.0	0.0	0.0	-1.0	0.0	-1.0	0.557	0.0	1.0	0.0	0.0	1.0	0.0	1.0	-1.0	0.0	0.184	0.0	1.0	-1.0	1.0	0.0	-1.0	1.0	0.0	-1.0	-1.0	0.27	1.0	0.0	1.0	-1.0	1.0	1.0	1.0	0.0	1.0	0.0	0.0	0.0	-1.0	0.0	0.0	0.885	1.0	0.538	0.0	-1.0	0.152	1.0	1.0	0.0	0.0	0.0	-1.0	0.0	0.0	0.0	0.0	1.0	0.869	1.0	1.0	0.0	0.111	1.0	1.0	1.0	-1.0	0.0	1.0	0.0	1.0	-1.0	0.0	0.778	0.0	-1.0	0.0	-1.0	1.0	-1.0	0.0	1.0	0.205	1.0	-1.0	1.0	0.0	0.0	-1.0	-1.0	-1.0	-1.0	0.0	0.0	0.774	0.733	1.0	0.66	0.0	0.0	0.765	0.0	-1.0	0.0	-1.0	-1.0	0.0	0.0	0.0	1.0	0.0	0.0	0.75	0.0	1.0	0.0	0.0	0.0	1.0	0.0	-1.0	0.0	0.0	0.0	0.0	-1.0	0.0	0.299	-1.0	1.0	1.0	0.348	0.0	0.0	0.474	-1.0	0.25	0.0	1.0	0.0	-1.0	0.0	0.671	0.0	0.0	1.0	1.0	0.0	0.349	1.0	0.0	0.0	0.0	0.308	0.0	-1.0	-1.0	-1.0	-1.0	-1.0	-1.0	-1.0	-1.0	-1.0	-1.0	-1.0	-1.0
gnl|Prokka|GCF_044361425.1_1|3856027|C	0.769	1.0	0.0	-1.0	-1.0	-1.0	-1.0	0.0	0.0	0.0	-1.0	-1.0	0.0	-1.0	-1.0	0.0	-1.0	0.0	1.0	0.0	-1.0	0.0	-1.0	-1.0	-1.0	0.0	0.0	-1.0	0.0	-1.0	0.56	0.0	1.0	0.0	0.0	0.976	0.0	1.0	-1.0	0.0	0.184	0.0	1.0	-1.0	1.0	0.0	-1.0	1.0	0.0	-1.0	-1.0	0.316	1.0	0.0	1.0	-1.0	1.0	0.0	1.0	0.0	1.0	0.0	0.0	0.0	-1.0	0.0	0.0	0.904	1.0	0.545	0.0	-1.0	0.17	1.0	1.0	0.0	0.0	0.0	-1.0	0.0	0.0	0.0	0.0	1.0	0.883	1.0	1.0	0.0	0.079	1.0	1.0	1.0	-1.0	0.0	1.0	0.0	1.0	-1.0	0.0	0.727	0.0	-1.0	0.0	-1.0	1.0	-1.0	0.0	1.0	0.218	1.0	-1.0	1.0	0.0	0.0	-1.0	-1.0	-1.0	-1.0	0.0	0.0	0.8	0.824	1.0	0.687	0.0	0.0	1.0	0.0	-1.0	0.0	-1.0	-1.0	0.0	0.0	0.0	1.0	0.0	0.0	0.636	0.0	1.0	0.0	0.0	0.0	1.0	0.0	-1.0	0.0	0.0	0.0	0.0	0.0	0.0	0.351	0.0	1.0	1.0	0.423	0.0	0.0	0.0	-1.0	0.333	0.0	1.0	0.0	-1.0	0.0	0.667	0.0	0.0	1.0	1.0	0.0	0.351	1.0	0.0	0.0	0.0	0.348	0.0	-1.0	-1.0	-1.0	-1.0	-1.0	-1.0	-1.0	-1.0	-1.0	-1.0	-1.0	-1.0
gnl|Prokka|GCF_044361425.1_1|3857746|T	1.0	0.0	0.438	-1.0	-1.0	-1.0	-1.0	0.0	0.0	-1.0	-1.0	-1.0	1.0	-1.0	-1.0	0.0	-1.0	1.0	1.0	1.0	-1.0	1.0	1.0	-1.0	-1.0	0.545	1.0	-1.0	0.0	-1.0	0.573	0.146	-1.0	1.0	1.0	0.021	1.0	0.0	0.353	0.0	0.783	1.0	1.0	-1.0	1.0	-1.0	-1.0	1.0	1.0	-1.0	-1.0	0.0	1.0	0.0	1.0	-1.0	0.0	1.0	1.0	0.0	1.0	0.556	0.0	0.0	-1.0	0.0	0.0	1.0	0.0	1.0	1.0	-1.0	1.0	1.0	0.0	0.0	-1.0	0.261	-1.0	0.0	0.618	1.0	0.0	0.0	0.077	0.0	0.0	0.0	1.0	1.0	0.0	0.0	-1.0	0.0	0.0	1.0	0.846	-1.0	1.0	0.231	0.972	-1.0	0.0	-1.0	-1.0	1.0	1.0	1.0	0.708	1.0	-1.0	1.0	0.0	0.4	-1.0	-1.0	-1.0	-1.0	0.143	0.0	0.814	0.161	0.0	0.768	0.0	1.0	1.0	1.0	-1.0	0.714	1.0	-1.0	-1.0	0.0	0.0	0.0	1.0	0.0	1.0	0.0	0.0	1.0	0.1	0.0	0.0	0.0	-1.0	0.0	1.0	0.0	1.0	1.0	-1.0	0.046	0.0	1.0	1.0	0.0	0.0	0.0	0.643	-1.0	0.0	0.6	0.0	1.0	-1.0	1.0	0.25	1.0	0.0	1.0	0.066	0.0	0.289	0.0	0.0	0.0	1.0	0.684	1.0	-1.0	-1.0	-1.0	-1.0	-1.0	-1.0	-1.0	-1.0	-1.0	-1.0	-1.0	-1.0
gnl|Prokka|GCF_044361425.1_1|3872546|C	0.0	0.0	0.368	-1.0	-1.0	-1.0	-1.0	0.0	0.0	1.0	-1.0	-1.0	0.0	-1.0	-1.0	1.0	0.0	0.0	0.0	1.0	1.0	1.0	0.571	-1.0	-1.0	-1.0	0.0	-1.0	0.727	-1.0	0.195	1.0	0.0	1.0	1.0	0.0	0.0	1.0	0.556	0.0	0.933	0.0	1.0	-1.0	1.0	0.0	-1.0	1.0	0.0	-1.0	-1.0	0.0	0.889	1.0	0.0	-1.0	1.0	0.0	1.0	0.0	1.0	0.0	0.0	0.0	-1.0	0.0	0.0	1.0	0.0	0.0	0.0	-1.0	0.214	-1.0	0.375	1.0	-1.0	0.0	-1.0	0.0	0.0	0.0	1.0	0.0	0.0	0.0	0.0	0.0	0.0	1.0	0.0	0.0	-1.0	0.133	1.0	0.0	0.453	-1.0	1.0	0.0	0.0	-1.0	0.0	-1.0	1.0	1.0	0.0	0.0	0.711	0.0	-1.0	0.0	0.909	0.32	-1.0	-1.0	-1.0	1.0	0.0	1.0	0.0	0.0	0.0	0.036	0.0	1.0	0.0	0.0	-1.0	0.559	-1.0	-1.0	0.0	1.0	1.0	0.0	1.0	0.0	0.0	1.0	0.0	0.0	0.0	-1.0	0.0	0.0	-1.0	0.0	1.0	1.0	1.0	0.0	-1.0	1.0	-1.0	0.0	1.0	0.526	0.0	0.0	0.714	-1.0	0.0	0.0	1.0	1.0	-1.0	1.0	0.0	0.0	1.0	1.0	0.0	0.0	0.0	0.0	0.0	0.0	1.0	0.71	1.0	-1.0	-1.0	-1.0	-1.0	-1.0	-1.0	-1.0	-1.0	-1.0	-1.0	-1.0	-1.0
gnl|Prokka|GCF_044361425.1_1|3884744|T	1.0	0.0	0.0	-1.0	-1.0	-1.0	-1.0	1.0	0.0	0.0	-1.0	-1.0	0.0	-1.0	-1.0	0.0	1.0	-1.0	1.0	1.0	-1.0	1.0	-1.0	-1.0	-1.0	-1.0	1.0	-1.0	0.0	-1.0	0.814	0.115	-1.0	1.0	1.0	1.0	1.0	0.0	0.0	0.0	0.0	1.0	0.0	-1.0	0.0	-1.0	-1.0	0.0	1.0	-1.0	-1.0	0.667	0.0	1.0	1.0	0.0	0.0	0.0	0.0	0.0	0.0	0.0	0.0	0.0	-1.0	0.0	0.0	0.041	1.0	0.667	1.0	-1.0	1.0	-1.0	1.0	1.0	-1.0	0.871	-1.0	1.0	0.0	1.0	0.0	-1.0	1.0	0.0	0.0	0.0	0.75	0.0	0.0	0.0	-1.0	1.0	0.0	1.0	0.918	-1.0	0.0	0.2	1.0	-1.0	1.0	-1.0	0.0	0.0	1.0	0.667	1.0	1.0	-1.0	0.0	1.0	0.647	-1.0	-1.0	-1.0	0.786	1.0	0.0	1.0	0.0	0.0	0.692	1.0	0.0	0.308	1.0	-1.0	0.538	-1.0	-1.0	-1.0	0.0	0.0	1.0	1.0	0.0	1.0	0.0	0.0	1.0	1.0	0.333	1.0	1.0	-1.0	0.0	1.0	0.0	0.0	0.321	0.0	0.033	0.7	0.0	0.0	0.895	0.0	0.0	0.0	-1.0	-1.0	0.0	1.0	0.0	-1.0	0.0	1.0	1.0	0.0	0.0	0.732	1.0	0.379	1.0	1.0	1.0	0.0	0.0	1.0	-1.0	-1.0	-1.0	-1.0	-1.0	-1.0	-1.0	-1.0	-1.0	-1.0	-1.0	-1.0
gnl|Prokka|GCF_044361425.1_1|3884978|G	0.0	1.0	0.308	-1.0	-1.0	-1.0	-1.0	1.0	0.0	0.0	-1.0	-1.0	0.925	-1.0	-1.0	0.429	-1.0	-1.0	0.0	1.0	-1.0	1.0	0.375	-1.0	-1.0	-1.0	1.0	-1.0	-1.0	-1.0	0.353	0.157	-1.0	1.0	1.0	1.0	1.0	0.0	1.0	0.0	0.844	1.0	0.0	-1.0	0.0	-1.0	-1.0	0.0	1.0	-1.0	-1.0	0.545	0.0	0.0	0.0	-1.0	1.0	0.0	0.0	0.0	0.0	0.0	0.0	0.0	-1.0	0.0	0.0	0.066	0.0	0.0	1.0	1.0	0.83	-1.0	0.0	0.0	1.0	0.0	-1.0	0.0	0.0	0.0	0.0	0.0	1.0	0.0	0.0	0.0	1.0	0.0	0.0	0.0	-1.0	0.0	1.0	1.0	0.481	-1.0	0.0	0.0	1.0	-1.0	1.0	-1.0	1.0	0.0	1.0	0.0	0.773	0.0	-1.0	0.0	0.0	0.595	-1.0	-1.0	-1.0	0.85	0.0	0.991	0.179	0.0	0.0	0.047	1.0	1.0	0.0	1.0	-1.0	0.684	0.0	-1.0	0.0	0.0	0.0	1.0	1.0	0.0	0.0	0.0	0.0	1.0	0.0	-1.0	1.0	1.0	-1.0	1.0	1.0	0.0	0.0	0.333	0.0	0.373	0.0	1.0	0.0	0.571	0.0	0.0	0.0	-1.0	0.0	0.0	-1.0	0.0	-1.0	0.0	0.268	0.0	0.0	0.0	0.0	0.0	0.0	0.0	0.0	0.0	1.0	0.0	0.0	-1.0	-1.0	-1.0	-1.0	-1.0	-1.0	-1.0	-1.0	-1.0	-1.0	-1.0	-1.0
gnl|Prokka|GCF_044361425.1_1|3887411|C	1.0	1.0	0.214	-1.0	-1.0	-1.0	-1.0	0.0	0.0	1.0	-1.0	-1.0	0.0	-1.0	-1.0	1.0	-1.0	0.0	1.0	1.0	-1.0	1.0	1.0	-1.0	-1.0	0.0	1.0	-1.0	1.0	-1.0	0.574	0.079	1.0	0.0	1.0	0.0	1.0	1.0	0.0	1.0	0.0	1.0	1.0	-1.0	1.0	-1.0	-1.0	0.0	1.0	-1.0	-1.0	1.0	0.0	0.0	1.0	-1.0	0.0	1.0	0.0	1.0	0.0	0.462	0.0	0.0	-1.0	0.273	0.0	0.06	1.0	-1.0	0.0	0.0	0.25	0.0	1.0	0.0	-1.0	0.093	-1.0	1.0	0.413	0.0	0.0	1.0	0.0	1.0	1.0	0.0	0.0	0.0	1.0	1.0	-1.0	1.0	0.0	1.0	0.608	-1.0	0.0	0.688	0.0	-1.0	0.0	-1.0	0.0	0.0	1.0	1.0	0.683	0.0	-1.0	1.0	0.0	0.0	-1.0	-1.0	-1.0	0.0	1.0	0.0	0.441	1.0	0.0	0.694	1.0	0.0	0.0	0.0	-1.0	0.0	-1.0	-1.0	0.0	0.0	0.0	0.033	0.0	0.0	1.0	0.0	1.0	0.0	1.0	1.0	1.0	0.0	-1.0	0.0	1.0	1.0	0.0	0.0	-1.0	0.0	0.0	1.0	0.0	0.667	0.0	0.0	0.0	-1.0	0.0	0.667	0.0	0.0	-1.0	0.0	0.279	1.0	1.0	0.0	0.329	1.0	0.545	0.0	1.0	1.0	0.0	0.0	0.0	-1.0	-1.0	-1.0	-1.0	-1.0	-1.0	-1.0	-1.0	-1.0	-1.0	-1.0	-1.0
gnl|Prokka|GCF_044361425.1_1|3919230|C	1.0	0.0	1.0	-1.0	-1.0	-1.0	-1.0	1.0	-1.0	-1.0	-1.0	-1.0	0.0	-1.0	-1.0	0.0	-1.0	1.0	0.0	0.0	-1.0	0.0	0.0	-1.0	-1.0	-1.0	1.0	-1.0	0.667	-1.0	0.0	0.912	0.0	0.0	1.0	1.0	0.0	0.0	1.0	1.0	0.0	1.0	0.0	-1.0	0.05	-1.0	-1.0	0.0	1.0	-1.0	-1.0	0.64	0.106	0.0	1.0	-1.0	1.0	1.0	0.0	0.0	0.0	-1.0	0.0	0.0	-1.0	0.192	1.0	0.942	0.0	-1.0	1.0	1.0	0.824	0.0	0.0	0.0	0.0	1.0	-1.0	0.0	0.0	1.0	1.0	-1.0	0.0	0.0	0.0	0.714	0.897	0.0	0.0	0.0	-1.0	1.0	1.0	1.0	0.967	-1.0	0.0	0.308	0.948	-1.0	1.0	-1.0	1.0	1.0	1.0	1.0	0.0	0.0	-1.0	0.0	0.0	1.0	-1.0	-1.0	-1.0	1.0	0.949	0.0	0.763	0.267	1.0	0.73	1.0	0.0	0.0	0.0	-1.0	0.857	-1.0	-1.0	-1.0	1.0	1.0	0.0	0.0	0.0	0.7	1.0	0.0	1.0	0.0	0.0	0.0	1.0	-1.0	0.0	0.0	0.0	0.0	1.0	0.0	1.0	0.0	0.0	1.0	0.0	1.0	0.0	0.0	-1.0	0.0	1.0	0.0	0.0	-1.0	0.0	1.0	1.0	0.0	0.0	0.0	0.0	1.0	0.0	0.0	0.0	0.0	0.0	-1.0	-1.0	-1.0	-1.0	-1.0	-1.0	-1.0	-1.0	-1.0	-1.0	-1.0	-1.0	-1.0
gnl|Prokka|GCF_044361425.1_1|3919421|C	1.0	0.0	0.714	-1.0	-1.0	-1.0	-1.0	0.0	-1.0	1.0	-1.0	-1.0	0.0	-1.0	-1.0	1.0	-1.0	1.0	0.0	0.0	-1.0	0.0	1.0	-1.0	-1.0	0.0	0.0	-1.0	0.0	-1.0	0.833	0.163	-1.0	1.0	1.0	0.0	1.0	0.0	0.688	1.0	1.0	0.0	0.0	-1.0	1.0	0.0	-1.0	0.0	0.0	-1.0	-1.0	0.304	0.086	0.0	1.0	-1.0	1.0	1.0	0.0	1.0	0.0	0.0	0.0	0.0	-1.0	1.0	0.0	0.933	0.0	0.0	0.0	0.0	0.0	0.0	0.625	0.0	-1.0	0.0	-1.0	1.0	0.0	0.0	0.0	0.0	0.0	1.0	0.0	0.0	0.0	0.0	0.0	1.0	-1.0	0.0	1.0	0.0	1.0	-1.0	0.0	0.706	0.0	-1.0	0.0	-1.0	1.0	0.0	0.0	1.0	0.236	0.0	-1.0	0.0	0.0	0.442	-1.0	-1.0	-1.0	1.0	0.099	1.0	0.705	0.704	0.0	0.612	0.0	0.0	0.0	0.0	-1.0	0.0	-1.0	-1.0	-1.0	1.0	0.0	0.0	1.0	0.0	1.0	0.0	1.0	0.0	1.0	0.0	1.0	0.0	-1.0	0.0	0.037	1.0	1.0	1.0	0.0	0.309	0.0	1.0	1.0	0.462	0.0	0.0	0.824	-1.0	0.0	0.647	0.0	1.0	-1.0	1.0	0.675	0.0	1.0	1.0	1.0	1.0	0.289	0.0	0.0	1.0	0.094	1.0	-1.0	-1.0	-1.0	-1.0	-1.0	-1.0	-1.0	-1.0	-1.0	-1.0	-1.0	-1.0	-1.0
gnl|Prokka|GCF_044361425.1_1|3919430|A	1.0	0.0	0.786	-1.0	-1.0	-1.0	-1.0	0.0	-1.0	1.0	-1.0	-1.0	0.0	-1.0	-1.0	1.0	-1.0	1.0	0.0	0.0	-1.0	0.0	1.0	-1.0	-1.0	0.0	0.0	-1.0	0.0	-1.0	0.859	0.152	0.0	1.0	1.0	0.0	1.0	0.0	0.722	1.0	1.0	1.0	0.0	-1.0	1.0	0.0	-1.0	0.0	1.0	-1.0	-1.0	0.36	0.107	0.0	1.0	-1.0	1.0	1.0	0.0	1.0	0.0	-1.0	0.0	0.0	-1.0	1.0	0.0	0.938	0.0	0.0	0.0	0.0	0.0	0.0	0.667	0.0	0.0	0.0	-1.0	1.0	0.0	0.0	0.0	0.0	0.0	1.0	0.0	0.0	0.0	0.0	0.0	1.0	-1.0	0.0	1.0	1.0	1.0	-1.0	0.0	0.72	0.0	-1.0	0.0	-1.0	1.0	0.0	1.0	1.0	0.245	0.0	-1.0	0.0	0.0	0.458	-1.0	-1.0	-1.0	1.0	0.106	1.0	0.625	0.692	0.0	0.613	0.0	0.0	0.0	0.0	-1.0	0.0	-1.0	-1.0	-1.0	1.0	0.0	0.0	1.0	0.0	1.0	0.0	1.0	0.0	1.0	0.0	1.0	0.0	-1.0	1.0	0.0	1.0	1.0	1.0	0.0	0.305	-1.0	1.0	1.0	0.458	0.0	0.0	1.0	-1.0	0.0	0.688	0.0	1.0	-1.0	1.0	1.0	0.0	1.0	1.0	1.0	1.0	0.263	0.0	0.0	1.0	0.097	1.0	-1.0	-1.0	-1.0	-1.0	-1.0	-1.0	-1.0	-1.0	-1.0	-1.0	-1.0	-1.0	-1.0
gnl|Prokka|GCF_044361425.1_1|3934081|A	0.0	1.0	0.0	-1.0	-1.0	-1.0	-1.0	0.0	0.0	0.0	-1.0	-1.0	1.0	-1.0	-1.0	0.0	-1.0	-1.0	1.0	-1.0	1.0	1.0	0.0	-1.0	-1.0	0.0	1.0	-1.0	-1.0	-1.0	0.0	0.0	0.0	0.0	0.14	1.0	0.0	1.0	0.727	1.0	0.891	0.0	1.0	-1.0	0.0	-1.0	-1.0	1.0	0.0	-1.0	-1.0	0.24	0.095	0.0	0.0	-1.0	1.0	0.0	0.0	1.0	0.0	-1.0	0.0	1.0	-1.0	0.0	0.0	0.0	1.0	0.3	0.0	-1.0	0.281	0.0	0.0	0.0	-1.0	0.0	-1.0	1.0	0.604	0.0	0.0	1.0	0.829	1.0	0.0	0.562	0.0	1.0	0.0	1.0	-1.0	0.0	1.0	0.0	0.0	-1.0	1.0	0.421	0.0	-1.0	0.0	-1.0	1.0	-1.0	0.0	0.0	0.0	0.0	-1.0	1.0	0.885	0.1	-1.0	-1.0	-1.0	0.0	0.0	0.0	0.203	0.783	0.0	0.025	1.0	1.0	1.0	0.0	-1.0	0.0	-1.0	-1.0	-1.0	0.0	0.0	0.0	0.0	0.0	0.0	1.0	1.0	0.0	1.0	-1.0	1.0	0.0	-1.0	0.0	0.075	0.0	0.0	0.0	0.0	0.351	0.0	0.0	0.0	0.0	0.0	1.0	1.0	-1.0	0.0	1.0	0.0	0.0	-1.0	0.0	0.0	0.0	0.0	1.0	0.356	1.0	0.0	1.0	0.0	1.0	1.0	0.0	0.0	-1.0	-1.0	-1.0	-1.0	-1.0	-1.0	-1.0	-1.0	-1.0	-1.0	-1.0	-1.0
gnl|Prokka|GCF_044361425.1_1|3935098|C	0.571	0.0	0.0	-1.0	-1.0	-1.0	-1.0	0.0	0.0	-1.0	-1.0	-1.0	0.0	-1.0	-1.0	0.0	0.0	1.0	-1.0	1.0	1.0	0.0	0.556	-1.0	-1.0	0.0	1.0	-1.0	0.278	-1.0	0.907	0.143	1.0	0.0	0.0	0.962	1.0	1.0	0.714	0.0	1.0	0.0	0.0	-1.0	0.0	-1.0	-1.0	1.0	0.0	-1.0	-1.0	0.783	0.0	0.0	1.0	0.0	1.0	0.0	1.0	0.0	0.0	-1.0	0.0	0.0	-1.0	0.0	1.0	0.073	0.0	0.455	0.0	0.0	0.209	1.0	1.0	0.0	-1.0	0.321	-1.0	1.0	0.0	1.0	0.0	0.0	0.0	0.0	1.0	0.0	0.0	0.0	0.0	0.0	-1.0	0.8	1.0	0.0	-1.0	-1.0	0.0	0.0	0.0	-1.0	0.0	-1.0	-1.0	1.0	0.0	1.0	1.0	0.0	-1.0	0.0	0.0	0.536	-1.0	-1.0	-1.0	0.0	0.88	0.0	0.615	0.0	1.0	0.569	0.0	1.0	0.75	0.0	-1.0	0.619	-1.0	-1.0	-1.0	1.0	0.0	0.0	0.0	0.0	-1.0	0.0	0.0	0.0	1.0	-1.0	0.0	0.0	-1.0	0.0	1.0	0.0	0.0	1.0	0.0	0.307	1.0	0.765	0.0	0.333	0.0	0.0	1.0	-1.0	0.0	0.0	0.0	0.0	-1.0	0.0	0.0	1.0	0.0	0.0	0.709	1.0	1.0	0.0	1.0	1.0	1.0	0.267	0.467	-1.0	-1.0	-1.0	-1.0	-1.0	-1.0	-1.0	-1.0	-1.0	-1.0	-1.0	-1.0
gnl|Prokka|GCF_044361425.1_1|3939394|A	-1.0	0.0	0.0	-1.0	-1.0	-1.0	-1.0	1.0	0.0	0.0	-1.0	-1.0	0.1	-1.0	-1.0	0.0	1.0	1.0	-1.0	0.0	-1.0	0.0	-1.0	-1.0	-1.0	0.0	0.0	-1.0	-1.0	-1.0	0.426	0.057	1.0	0.0	0.0	0.979	1.0	1.0	0.267	1.0	0.857	1.0	1.0	-1.0	1.0	-1.0	-1.0	1.0	1.0	-1.0	-1.0	0.793	0.0	0.0	0.059	-1.0	1.0	0.0	0.0	0.0	0.0	-1.0	0.0	0.0	-1.0	0.174	1.0	0.0	1.0	-1.0	0.0	-1.0	0.242	0.0	0.0	0.0	-1.0	1.0	-1.0	1.0	0.0	1.0	0.0	1.0	0.0	1.0	1.0	0.0	0.0	1.0	0.0	0.0	-1.0	0.821	1.0	1.0	0.051	-1.0	0.0	0.733	0.0	-1.0	1.0	-1.0	1.0	1.0	1.0	0.0	0.0	1.0	-1.0	1.0	1.0	0.634	-1.0	-1.0	-1.0	0.182	1.0	1.0	0.0	1.0	1.0	0.071	0.0	0.0	1.0	0.0	-1.0	0.0	-1.0	-1.0	-1.0	0.0	0.0	0.0	0.0	0.0	-1.0	0.897	0.0	0.0	1.0	0.0	0.0	1.0	-1.0	0.0	0.082	0.0	0.0	0.467	0.0	0.337	0.0	0.885	0.0	0.6	0.0	0.0	1.0	-1.0	0.0	1.0	0.0	0.0	-1.0	1.0	0.404	1.0	0.0	0.0	0.046	1.0	0.586	1.0	1.0	1.0	0.0	0.158	0.0	-1.0	-1.0	-1.0	-1.0	-1.0	-1.0	-1.0	-1.0	-1.0	-1.0	-1.0	-1.0
gnl|Prokka|GCF_044361425.1_1|3978615|A	1.0	1.0	0.0	-1.0	-1.0	-1.0	-1.0	0.0	0.0	0.0	-1.0	-1.0	0.0	-1.0	-1.0	0.0	-1.0	-1.0	1.0	1.0	-1.0	0.0	-1.0	-1.0	-1.0	0.0	1.0	-1.0	0.25	-1.0	0.589	0.0	1.0	0.0	1.0	0.0	0.0	0.0	0.526	1.0	0.111	0.0	0.0	-1.0	0.0	-1.0	-1.0	0.0	0.0	-1.0	-1.0	1.0	0.0	0.0	1.0	0.0	1.0	0.0	0.0	0.0	0.0	-1.0	0.0	0.0	-1.0	-1.0	0.0	0.053	1.0	0.3	0.0	-1.0	0.159	0.0	1.0	0.0	-1.0	0.0	-1.0	1.0	0.0	1.0	0.0	1.0	0.0	1.0	1.0	0.0	0.0	0.0	0.0	1.0	-1.0	1.0	1.0	0.0	1.0	-1.0	-1.0	0.607	0.0	-1.0	0.0	-1.0	1.0	0.0	0.0	-1.0	0.796	1.0	-1.0	0.0	1.0	0.528	-1.0	-1.0	-1.0	1.0	0.0	0.0	0.832	0.852	0.0	0.685	1.0	0.0	0.0	0.0	-1.0	1.0	0.0	-1.0	-1.0	0.0	0.176	0.0	0.0	0.0	-1.0	1.0	1.0	0.0	1.0	1.0	0.0	0.0	-1.0	0.0	1.0	0.0	0.0	0.435	-1.0	0.319	0.0	0.875	0.0	0.325	0.0	0.0	0.0	-1.0	0.0	0.706	0.0	0.0	-1.0	0.0	0.0	0.0	0.0	0.0	0.953	1.0	0.255	1.0	1.0	1.0	0.0	0.0	0.078	-1.0	-1.0	-1.0	-1.0	-1.0	-1.0	-1.0	-1.0	-1.0	-1.0	-1.0	-1.0
gnl|Prokka|GCF_044361425.1_1|3987847|A	1.0	1.0	0.533	-1.0	-1.0	-1.0	-1.0	0.0	0.0	1.0	-1.0	-1.0	0.0	-1.0	-1.0	1.0	-1.0	0.0	-1.0	1.0	-1.0	0.0	0.0	-1.0	-1.0	1.0	0.0	-1.0	0.0	-1.0	0.467	1.0	-1.0	0.0	0.887	1.0	1.0	0.0	0.286	0.0	0.0	1.0	0.0	-1.0	0.091	0.0	-1.0	1.0	1.0	-1.0	-1.0	0.6	0.0	1.0	1.0	-1.0	0.0	0.0	1.0	0.0	0.0	0.625	0.0	0.0	-1.0	0.0	1.0	0.054	0.0	1.0	1.0	1.0	1.0	1.0	0.0	1.0	1.0	0.281	-1.0	0.0	0.604	1.0	1.0	0.0	0.079	0.0	0.0	-1.0	1.0	0.0	0.0	0.0	-1.0	0.0	0.0	1.0	0.477	-1.0	1.0	0.538	1.0	-1.0	0.0	-1.0	0.0	1.0	1.0	1.0	0.743	1.0	-1.0	0.0	1.0	0.488	-1.0	-1.0	-1.0	0.0	0.053	0.007	0.768	0.143	1.0	0.692	1.0	0.0	0.75	0.0	-1.0	0.0	0.0	-1.0	1.0	1.0	1.0	0.0	0.0	0.0	1.0	0.914	0.0	1.0	0.0	0.0	0.0	0.0	-1.0	0.0	1.0	1.0	0.0	0.353	1.0	0.615	1.0	0.88	0.0	0.0	1.0	0.0	0.706	-1.0	0.0	0.409	0.0	0.0	-1.0	0.0	1.0	1.0	1.0	0.0	0.358	0.0	1.0	0.0	0.0	0.0	0.0	0.0	0.082	-1.0	-1.0	-1.0	-1.0	-1.0	-1.0	-1.0	-1.0	-1.0	-1.0	-1.0	-1.0
gnl|Prokka|GCF_044361425.1_1|3990725|C	-1.0	1.0	-1.0	-1.0	-1.0	-1.0	-1.0	0.0	0.0	-1.0	-1.0	-1.0	0.0	-1.0	-1.0	1.0	0.0	0.429	1.0	1.0	-1.0	0.0	1.0	-1.0	-1.0	0.4	1.0	-1.0	-1.0	-1.0	0.368	0.0	1.0	0.0	1.0	1.0	1.0	0.0	0.0	1.0	1.0	1.0	0.0	-1.0	1.0	-1.0	-1.0	1.0	1.0	-1.0	-1.0	1.0	1.0	0.0	1.0	0.0	0.0	1.0	1.0	0.0	1.0	0.0	0.0	0.0	-1.0	0.19	1.0	0.0	1.0	0.429	0.0	0.0	0.217	1.0	1.0	0.0	-1.0	0.276	-1.0	1.0	0.485	0.0	0.0	1.0	0.0	1.0	0.0	0.0	0.0	0.0	0.0	1.0	-1.0	0.886	0.0	1.0	0.469	-1.0	1.0	0.656	0.0	-1.0	0.0	-1.0	0.0	1.0	1.0	-1.0	0.838	1.0	-1.0	0.0	0.0	1.0	-1.0	-1.0	-1.0	1.0	1.0	0.008	0.297	0.739	1.0	0.0	0.0	0.0	0.0	0.0	-1.0	0.75	-1.0	-1.0	-1.0	1.0	0.0	0.0	0.0	0.0	0.0	0.812	1.0	0.0	1.0	0.0	1.0	0.0	-1.0	-1.0	1.0	1.0	0.0	0.4	0.0	0.0	0.0	1.0	0.0	0.645	0.0	0.0	-1.0	-1.0	0.0	0.826	0.0	0.0	-1.0	1.0	0.203	1.0	1.0	0.0	0.0	1.0	1.0	1.0	1.0	1.0	0.0	0.0	-1.0	-1.0	-1.0	-1.0	-1.0	-1.0	-1.0	-1.0	-1.0	-1.0	-1.0	-1.0	-1.0
gnl|Prokka|GCF_044361425.1_1|4000401|C	1.0	0.0	0.235	-1.0	-1.0	-1.0	-1.0	0.0	0.0	0.0	-1.0	-1.0	0.0	-1.0	-1.0	0.0	1.0	1.0	0.727	0.0	-1.0	0.0	-1.0	-1.0	-1.0	-1.0	0.0	-1.0	0.769	-1.0	0.155	0.0	-1.0	1.0	0.106	1.0	0.0	1.0	0.385	0.0	0.889	0.0	1.0	-1.0	0.0	-1.0	-1.0	1.0	0.0	-1.0	-1.0	0.762	0.0	0.0	1.0	0.0	0.0	0.0	0.0	0.0	0.0	-1.0	1.0	0.0	-1.0	0.619	1.0	0.0	0.0	0.4	1.0	-1.0	0.885	0.0	-1.0	0.0	-1.0	0.286	-1.0	1.0	0.667	0.0	0.0	-1.0	0.069	0.0	0.0	0.0	1.0	1.0	0.0	0.0	-1.0	1.0	0.0	0.0	1.0	-1.0	1.0	0.212	0.963	-1.0	0.0	-1.0	0.0	0.0	0.0	1.0	0.0	0.0	-1.0	0.0	1.0	0.458	-1.0	-1.0	-1.0	1.0	0.868	1.0	1.0	0.211	1.0	0.57	1.0	1.0	1.0	0.0	-1.0	0.84	-1.0	-1.0	-1.0	0.0	0.0	0.0	1.0	0.0	-1.0	0.0	0.0	1.0	1.0	1.0	0.0	0.0	-1.0	1.0	0.0	0.0	0.0	0.632	0.0	0.037	0.0	0.774	0.0	0.0	0.0	0.0	0.368	-1.0	0.0	0.286	0.0	0.0	-1.0	0.0	0.0	0.0	0.0	0.0	0.0	1.0	1.0	0.0	1.0	1.0	0.917	0.0	1.0	-1.0	-1.0	-1.0	-1.0	-1.0	-1.0	-1.0	-1.0	-1.0	-1.0	-1.0	-1.0
gnl|Prokka|GCF_044361425.1_1|4040171|C	0.0	0.0	0.357	-1.0	0.0	-1.0	-1.0	0.0	0.0	0.0	-1.0	-1.0	0.0	-1.0	-1.0	1.0	-1.0	-1.0	1.0	1.0	-1.0	0.0	0.0	-1.0	-1.0	0.0	0.0	-1.0	1.0	-1.0	0.184	0.0	0.667	0.0	1.0	0.022	0.0	1.0	0.2	0.0	0.0	0.0	0.0	-1.0	1.0	-1.0	-1.0	0.0	0.0	-1.0	-1.0	0.268	0.0	0.0	0.0	-1.0	0.0	0.0	0.928	0.0	0.0	-1.0	0.0	0.0	-1.0	-1.0	1.0	0.073	0.0	-1.0	1.0	-1.0	0.679	1.0	0.0	0.0	-1.0	0.321	-1.0	1.0	0.0	1.0	0.0	0.0	0.098	1.0	0.0	0.0	1.0	0.0	0.0	1.0	-1.0	0.871	0.0	0.0	1.0	-1.0	1.0	0.333	1.0	-1.0	0.0	-1.0	0.0	0.0	0.0	0.0	1.0	0.0	-1.0	1.0	0.0	1.0	-1.0	-1.0	-1.0	1.0	0.875	1.0	1.0	1.0	1.0	0.635	1.0	0.0	0.286	0.0	-1.0	0.722	-1.0	-1.0	-1.0	0.0	0.0	0.0	0.0	0.0	1.0	0.0	1.0	1.0	1.0	1.0	1.0	0.0	-1.0	0.0	1.0	1.0	0.0	0.333	-1.0	0.06	0.0	0.0	0.0	0.727	0.0	0.0	1.0	-1.0	0.0	0.304	0.0	0.0	-1.0	1.0	0.0	0.0	1.0	1.0	0.436	1.0	1.0	0.0	1.0	1.0	0.0	0.0	-1.0	-1.0	-1.0	-1.0	-1.0	-1.0	-1.0	-1.0	-1.0	-1.0	-1.0	-1.0	-1.0
gnl|Prokka|GCF_044361425.1_1|4050186|T	1.0	1.0	0.0	-1.0	-1.0	-1.0	-1.0	0.0	1.0	0.0	-1.0	-1.0	0.0	-1.0	-1.0	1.0	-1.0	-1.0	0.0	0.0	-1.0	1.0	-1.0	-1.0	-1.0	0.571	1.0	-1.0	0.429	-1.0	0.131	0.0	-1.0	0.0	0.0	1.0	0.0	0.0	0.0	0.0	0.833	0.0	0.0	-1.0	0.0	-1.0	-1.0	1.0	0.0	-1.0	-1.0	1.0	0.0	0.0	1.0	1.0	0.0	0.0	0.923	1.0	0.0	-1.0	1.0	1.0	-1.0	0.0	1.0	0.946	1.0	1.0	1.0	-1.0	1.0	1.0	1.0	0.0	-1.0	0.333	-1.0	0.0	1.0	1.0	0.0	1.0	0.111	0.0	0.0	0.0	1.0	0.0	0.0	0.0	-1.0	0.0	0.0	0.0	0.937	-1.0	0.0	0.238	0.978	-1.0	0.0	-1.0	0.0	-1.0	0.0	1.0	0.0	1.0	-1.0	0.0	1.0	0.917	-1.0	-1.0	-1.0	1.0	0.0	1.0	0.792	0.214	1.0	0.922	1.0	1.0	0.0	0.0	-1.0	1.0	1.0	-1.0	0.0	0.0	0.0	0.0	0.0	1.0	1.0	0.0	0.0	1.0	0.0	-1.0	0.0	0.0	-1.0	1.0	0.0	1.0	0.0	0.286	0.0	0.0	0.0	0.0	1.0	0.567	0.0	1.0	1.0	-1.0	-1.0	0.0	1.0	1.0	-1.0	0.0	0.0	0.0	1.0	0.0	0.0	0.0	1.0	1.0	0.0	0.0	1.0	0.231	1.0	-1.0	-1.0	-1.0	-1.0	-1.0	-1.0	-1.0	-1.0	-1.0	-1.0	-1.0	-1.0
gnl|Prokka|GCF_044361425.1_1|4050294|T	1.0	1.0	0.0	-1.0	-1.0	-1.0	-1.0	0.0	0.0	0.0	-1.0	-1.0	0.0	-1.0	-1.0	-1.0	-1.0	-1.0	0.0	-1.0	-1.0	1.0	0.0	-1.0	-1.0	0.0	1.0	-1.0	0.625	-1.0	0.534	0.0	0.0	0.0	0.059	0.97	0.0	0.0	0.455	0.0	1.0	0.0	0.0	-1.0	0.0	-1.0	-1.0	1.0	0.0	-1.0	-1.0	0.64	0.0	0.0	1.0	0.0	1.0	1.0	0.948	0.0	0.0	-1.0	0.0	0.0	-1.0	0.0	1.0	0.932	1.0	1.0	0.0	0.0	0.149	1.0	1.0	0.0	-1.0	0.44	-1.0	0.0	0.625	1.0	0.0	1.0	0.0	0.0	1.0	0.0	0.0	0.0	1.0	0.0	-1.0	0.0	1.0	0.0	0.96	-1.0	1.0	1.0	0.0	-1.0	-1.0	-1.0	1.0	0.667	0.0	1.0	0.305	1.0	-1.0	0.0	1.0	1.0	-1.0	-1.0	-1.0	1.0	0.0	1.0	0.707	0.0	0.692	0.656	1.0	1.0	0.0	0.0	-1.0	1.0	-1.0	-1.0	-1.0	0.0	0.0	0.0	0.0	0.0	-1.0	0.115	0.0	0.0	0.0	0.6	0.0	0.0	-1.0	-1.0	0.0	1.0	1.0	0.471	0.429	0.318	0.0	0.0	1.0	1.0	0.0	0.0	1.0	-1.0	0.0	0.0	0.0	1.0	-1.0	0.0	0.676	0.0	1.0	0.0	0.566	0.0	1.0	1.0	0.0	0.0	1.0	1.0	0.948	-1.0	-1.0	-1.0	-1.0	-1.0	-1.0	-1.0	-1.0	-1.0	-1.0	-1.0	-1.0
gnl|Prokka|GCF_044361425.1_1|4050321|T	1.0	1.0	0.0	-1.0	-1.0	-1.0	-1.0	0.0	0.0	0.0	-1.0	-1.0	0.0	-1.0	-1.0	-1.0	-1.0	0.0	0.0	-1.0	-1.0	1.0	0.375	-1.0	-1.0	0.0	1.0	-1.0	1.0	-1.0	0.577	0.0	0.0	1.0	0.065	0.967	0.0	0.0	0.455	0.0	1.0	0.0	0.0	-1.0	0.0	-1.0	-1.0	1.0	0.0	-1.0	-1.0	0.625	0.0	1.0	1.0	0.0	1.0	1.0	1.0	0.0	0.0	-1.0	0.0	0.0	-1.0	0.0	1.0	0.928	1.0	-1.0	0.0	-1.0	0.216	1.0	1.0	0.0	-1.0	0.417	-1.0	0.0	0.618	1.0	0.0	1.0	0.894	0.0	0.0	0.571	0.0	0.0	1.0	0.0	-1.0	0.0	1.0	0.0	0.944	-1.0	1.0	0.588	0.0	-1.0	-1.0	-1.0	1.0	1.0	0.0	1.0	0.313	1.0	-1.0	0.0	1.0	1.0	-1.0	-1.0	-1.0	1.0	0.0	1.0	0.71	0.0	0.706	0.649	1.0	1.0	0.0	1.0	-1.0	1.0	-1.0	-1.0	-1.0	0.0	0.0	0.0	1.0	0.0	1.0	1.0	0.0	0.0	0.0	0.667	0.0	0.0	-1.0	1.0	0.0	1.0	1.0	0.556	0.375	0.315	0.0	0.0	1.0	1.0	1.0	0.0	1.0	-1.0	0.0	0.0	0.0	1.0	-1.0	0.0	0.686	0.0	1.0	0.0	0.577	0.0	1.0	1.0	0.0	0.0	1.0	1.0	1.0	-1.0	-1.0	-1.0	-1.0	-1.0	-1.0	-1.0	-1.0	-1.0	-1.0	-1.0	-1.0
gnl|Prokka|GCF_044361425.1_1|4050823|C	0.615	1.0	0.0	-1.0	-1.0	-1.0	-1.0	0.0	0.0	0.0	-1.0	-1.0	0.0	-1.0	-1.0	-1.0	-1.0	1.0	0.0	0.0	-1.0	1.0	-1.0	-1.0	-1.0	0.0	1.0	-1.0	0.0	-1.0	0.479	0.0	-1.0	1.0	0.0	1.0	0.0	0.0	1.0	0.0	1.0	0.0	0.0	-1.0	0.0	0.0	-1.0	1.0	0.0	-1.0	-1.0	0.652	0.0	0.0	1.0	-1.0	1.0	1.0	1.0	0.0	0.0	-1.0	0.0	0.0	-1.0	0.0	1.0	0.957	1.0	1.0	0.0	1.0	0.178	1.0	1.0	0.0	-1.0	0.225	-1.0	1.0	0.652	1.0	0.0	1.0	0.037	0.0	1.0	0.429	0.0	0.0	1.0	0.0	-1.0	0.909	1.0	0.0	0.68	-1.0	-1.0	0.824	0.0	-1.0	0.0	-1.0	1.0	1.0	0.0	1.0	0.25	1.0	-1.0	0.0	1.0	1.0	-1.0	-1.0	-1.0	0.286	0.886	0.0	0.724	0.0	1.0	0.605	0.0	1.0	1.0	0.0	-1.0	1.0	-1.0	-1.0	0.0	0.0	0.0	0.0	0.903	0.0	1.0	1.0	0.0	0.0	1.0	-1.0	0.0	0.0	-1.0	1.0	0.0	1.0	1.0	0.87	0.0	0.323	0.333	0.75	1.0	1.0	1.0	0.0	1.0	-1.0	-1.0	0.0	1.0	1.0	-1.0	0.0	0.65	0.0	1.0	0.0	0.641	1.0	1.0	1.0	1.0	1.0	1.0	1.0	0.0	-1.0	-1.0	-1.0	-1.0	-1.0	-1.0	-1.0	-1.0	-1.0	-1.0	-1.0	-1.0
gnl|Prokka|GCF_044361425.1_1|4054548|G	0.0	1.0	-1.0	-1.0	-1.0	-1.0	-1.0	0.0	1.0	1.0	-1.0	-1.0	1.0	-1.0	-1.0	1.0	-1.0	0.0	0.231	0.0	-1.0	0.0	-1.0	-1.0	-1.0	0.0	1.0	-1.0	-1.0	-1.0	0.733	1.0	-1.0	0.0	0.0	0.0	0.0	0.0	0.526	1.0	0.105	0.0	0.0	-1.0	0.0	-1.0	-1.0	0.0	0.0	-1.0	-1.0	0.341	0.094	0.0	0.0	1.0	1.0	0.0	0.0	1.0	0.0	0.375	1.0	1.0	-1.0	0.333	0.0	0.925	0.0	0.0	0.0	-1.0	0.0	0.0	1.0	0.0	-1.0	0.0	-1.0	0.0	1.0	0.0	1.0	0.0	0.0	1.0	1.0	0.231	0.0	0.0	1.0	1.0	-1.0	0.0	1.0	0.0	0.066	-1.0	0.0	0.789	0.0	-1.0	0.0	-1.0	1.0	0.0	0.0	0.0	0.254	1.0	-1.0	0.0	0.0	0.172	-1.0	-1.0	-1.0	0.0	0.0	0.0	0.25	0.8	0.0	0.285	0.0	0.0	0.0	1.0	-1.0	0.0	-1.0	-1.0	-1.0	1.0	0.864	1.0	0.0	1.0	0.0	0.0	1.0	0.0	0.0	1.0	1.0	0.0	-1.0	1.0	0.056	1.0	0.0	0.478	1.0	0.96	0.0	0.0	1.0	0.276	0.0	1.0	0.0	-1.0	1.0	0.333	0.0	0.0	-1.0	0.0	0.885	0.0	1.0	0.0	1.0	0.0	0.0	1.0	0.0	0.0	0.0	0.385	1.0	-1.0	-1.0	-1.0	-1.0	-1.0	-1.0	-1.0	-1.0	-1.0	-1.0	-1.0	-1.0
gnl|Prokka|GCF_044361425.1_1|4054584|G	1.0	0.0	0.0	-1.0	-1.0	-1.0	-1.0	0.0	0.0	0.0	-1.0	-1.0	0.0	-1.0	-1.0	-1.0	-1.0	-1.0	0.0	0.0	-1.0	0.0	-1.0	-1.0	-1.0	1.0	0.0	-1.0	0.0	-1.0	0.391	0.0	-1.0	1.0	0.065	1.0	1.0	0.0	0.556	0.0	0.0	1.0	0.0	-1.0	1.0	-1.0	-1.0	1.0	1.0	-1.0	-1.0	0.0	0.906	0.0	1.0	0.0	0.0	0.0	1.0	0.0	1.0	0.0	0.0	0.0	-1.0	0.0	0.0	0.0	0.0	1.0	1.0	1.0	1.0	1.0	0.0	0.0	0.0	0.0	-1.0	1.0	0.0	0.0	0.0	0.0	0.05	0.0	0.0	0.0	1.0	0.0	0.0	0.0	-1.0	1.0	0.0	1.0	0.959	-1.0	1.0	0.273	1.0	-1.0	0.0	-1.0	0.0	-1.0	1.0	1.0	0.0	0.0	-1.0	0.0	0.0	0.394	-1.0	-1.0	-1.0	1.0	1.0	1.0	0.796	0.176	0.0	0.615	1.0	1.0	0.0	0.0	-1.0	0.85	-1.0	-1.0	-1.0	0.0	0.0	0.0	1.0	0.0	0.364	0.0	0.0	1.0	1.0	0.0	0.0	0.0	-1.0	0.0	0.0	0.0	0.0	0.25	0.0	0.036	0.214	0.917	0.0	-1.0	0.0	0.0	0.583	-1.0	0.0	0.6	1.0	0.0	-1.0	1.0	0.196	1.0	0.0	0.0	0.0	1.0	0.25	0.0	1.0	1.0	1.0	0.0	0.0	-1.0	-1.0	-1.0	-1.0	-1.0	-1.0	-1.0	-1.0	-1.0	-1.0	-1.0	-1.0
gnl|Prokka|GCF_044361425.1_1|4129613|C	0.0	1.0	0.0	-1.0	1.0	-1.0	-1.0	1.0	0.0	1.0	-1.0	-1.0	0.0	-1.0	-1.0	-1.0	-1.0	0.0	0.0	1.0	-1.0	0.0	-1.0	-1.0	-1.0	0.0	1.0	-1.0	-1.0	-1.0	0.391	0.0	1.0	1.0	0.889	0.0	1.0	0.0	0.682	0.0	0.0	1.0	1.0	-1.0	0.0	-1.0	-1.0	1.0	1.0	-1.0	-1.0	1.0	0.0	0.0	0.0	-1.0	1.0	1.0	0.033	0.0	0.0	1.0	0.0	0.0	-1.0	0.647	1.0	0.063	1.0	0.0	0.0	-1.0	0.0	0.0	1.0	0.0	-1.0	1.0	-1.0	0.0	0.0	1.0	0.0	-1.0	0.0	1.0	1.0	0.0	0.0	1.0	0.0	1.0	-1.0	0.0	1.0	1.0	0.424	-1.0	0.0	0.0	0.026	-1.0	1.0	-1.0	1.0	-1.0	1.0	0.0	0.778	0.0	-1.0	0.0	1.0	0.553	-1.0	-1.0	-1.0	1.0	0.0	1.0	0.0	1.0	1.0	0.102	1.0	0.0	0.0	0.0	-1.0	0.0	0.0	-1.0	-1.0	1.0	0.0	0.0	1.0	0.0	0.0	0.0	1.0	0.0	0.0	0.0	1.0	1.0	-1.0	0.0	1.0	1.0	0.0	0.316	0.545	0.309	0.0	0.222	0.0	0.357	0.0	0.0	0.0	-1.0	-1.0	0.0	0.0	0.0	-1.0	0.0	0.286	1.0	1.0	1.0	0.255	0.0	0.688	1.0	0.0	0.0	0.0	0.3	0.0	-1.0	-1.0	-1.0	-1.0	-1.0	-1.0	-1.0	-1.0	-1.0	-1.0	-1.0	-1.0
gnl|Prokka|GCF_044361425.1_1|4129647|G	0.0	1.0	0.0	-1.0	1.0	-1.0	-1.0	1.0	0.0	1.0	-1.0	-1.0	0.0	-1.0	-1.0	1.0	-1.0	0.0	0.0	1.0	-1.0	0.0	-1.0	-1.0	-1.0	0.0	1.0	-1.0	0.429	-1.0	0.434	0.0	1.0	1.0	0.86	0.0	1.0	0.0	0.667	0.0	0.0	1.0	1.0	-1.0	0.0	0.0	-1.0	1.0	1.0	-1.0	-1.0	1.0	0.0	0.0	0.0	0.0	1.0	1.0	0.032	0.0	0.0	0.667	0.0	0.0	-1.0	0.0	1.0	0.074	1.0	0.0	0.0	-1.0	0.0	0.0	1.0	0.0	-1.0	0.812	-1.0	0.0	0.0	0.0	0.0	1.0	0.0	1.0	0.0	0.0	0.0	1.0	0.0	1.0	-1.0	0.0	1.0	1.0	0.068	-1.0	0.0	0.0	0.024	-1.0	1.0	-1.0	1.0	-1.0	1.0	0.0	0.753	0.0	-1.0	0.0	1.0	0.535	-1.0	-1.0	-1.0	0.138	0.0	0.0	0.0	1.0	1.0	0.069	1.0	0.0	0.0	0.0	-1.0	0.0	0.0	-1.0	-1.0	1.0	0.0	0.0	1.0	0.0	0.2	0.0	1.0	0.0	0.0	0.0	0.909	1.0	-1.0	0.0	0.095	1.0	0.0	0.278	0.636	0.381	0.0	0.294	0.0	0.0	0.0	0.0	0.0	-1.0	0.0	-1.0	0.0	0.0	-1.0	0.0	0.279	1.0	1.0	1.0	0.267	0.0	0.675	1.0	0.0	0.0	0.0	0.294	0.0	-1.0	-1.0	-1.0	-1.0	-1.0	-1.0	-1.0	-1.0	-1.0	-1.0	-1.0	-1.0
gnl|Prokka|GCF_044361425.1_1|4129655|G	0.0	1.0	0.0	-1.0	1.0	-1.0	-1.0	1.0	0.0	1.0	-1.0	-1.0	0.0	-1.0	-1.0	-1.0	-1.0	-1.0	0.0	1.0	-1.0	0.0	-1.0	-1.0	-1.0	0.0	1.0	-1.0	0.429	-1.0	0.845	0.0	1.0	1.0	0.87	0.0	1.0	0.0	0.6	0.0	0.0	1.0	1.0	-1.0	0.0	0.0	-1.0	1.0	1.0	-1.0	-1.0	1.0	0.0	0.0	0.0	0.0	1.0	1.0	0.0	0.0	0.0	0.667	0.0	0.0	-1.0	0.0	1.0	0.074	1.0	0.0	0.0	-1.0	0.0	0.0	1.0	0.0	-1.0	0.8	-1.0	0.0	0.0	0.0	0.0	1.0	0.0	1.0	0.0	0.0	0.0	1.0	0.0	1.0	-1.0	0.0	1.0	1.0	0.071	-1.0	0.0	0.0	0.029	-1.0	1.0	-1.0	1.0	-1.0	1.0	0.0	0.77	0.0	-1.0	0.0	1.0	0.553	-1.0	-1.0	-1.0	0.156	0.0	0.0	0.321	1.0	1.0	0.065	1.0	0.0	0.0	0.0	-1.0	0.0	0.0	-1.0	-1.0	1.0	0.0	0.0	1.0	0.0	0.2	0.0	1.0	0.0	0.0	0.0	0.919	-1.0	-1.0	0.0	0.111	1.0	0.0	0.25	0.583	0.368	0.0	0.273	0.0	0.438	0.0	0.0	0.0	-1.0	0.0	-1.0	0.0	0.0	-1.0	0.0	0.3	1.0	1.0	1.0	0.966	0.0	0.632	1.0	0.0	0.0	0.0	0.263	0.0	-1.0	-1.0	-1.0	-1.0	-1.0	-1.0	-1.0	-1.0	-1.0	-1.0	-1.0	-1.0
gnl|Prokka|GCF_044361425.1_1|4130307|G	1.0	0.0	0.188	-1.0	-1.0	-1.0	-1.0	0.0	0.0	0.0	-1.0	-1.0	0.0	-1.0	-1.0	0.0	0.0	1.0	0.0	0.0	-1.0	0.0	-1.0	-1.0	-1.0	0.0	0.0	-1.0	-1.0	-1.0	0.544	0.0	1.0	0.214	0.115	0.0	1.0	1.0	0.333	0.0	0.902	1.0	0.0	-1.0	1.0	-1.0	-1.0	0.0	1.0	-1.0	-1.0	0.225	1.0	0.0	1.0	-1.0	1.0	0.0	0.0	0.0	1.0	-1.0	1.0	0.0	-1.0	1.0	1.0	0.919	0.938	0.444	0.0	1.0	0.0	0.0	1.0	0.0	0.0	0.267	-1.0	0.0	0.0	0.0	0.0	1.0	0.036	1.0	1.0	0.0	0.0	0.0	0.0	1.0	-1.0	0.0	1.0	1.0	0.441	-1.0	1.0	0.75	0.0	-1.0	0.0	-1.0	1.0	0.0	1.0	1.0	0.0	1.0	-1.0	0.0	0.0	1.0	-1.0	-1.0	-1.0	0.0	0.0	0.0	0.343	1.0	1.0	0.654	0.0	0.0	0.0	0.0	-1.0	0.844	0.0	-1.0	1.0	0.0	0.0	0.0	0.0	0.0	0.667	0.375	1.0	0.0	0.0	-1.0	1.0	0.0	-1.0	-1.0	1.0	0.0	0.0	0.737	0.0	0.385	0.0	0.0	1.0	0.0	0.0	0.0	0.0	-1.0	0.0	0.0	0.0	0.0	-1.0	0.0	0.26	1.0	0.0	0.0	0.439	0.0	0.289	1.0	0.0	0.0	0.0	0.0	-1.0	-1.0	-1.0	-1.0	-1.0	-1.0	-1.0	-1.0	-1.0	-1.0	-1.0	-1.0	-1.0
gnl|Prokka|GCF_044361425.1_1|4152119|A	1.0	1.0	0.65	-1.0	-1.0	-1.0	-1.0	1.0	-1.0	0.0	-1.0	-1.0	0.906	-1.0	-1.0	0.615	-1.0	-1.0	0.25	1.0	-1.0	1.0	1.0	-1.0	-1.0	0.0	1.0	-1.0	0.25	-1.0	0.365	0.0	0.0	0.0	1.0	0.969	0.0	0.0	0.0	0.0	0.0	0.0	1.0	-1.0	0.0	-1.0	-1.0	1.0	0.0	-1.0	-1.0	0.607	0.104	1.0	1.0	0.0	0.0	0.0	0.0	0.0	0.0	-1.0	1.0	0.0	-1.0	0.85	1.0	1.0	0.0	-1.0	0.0	1.0	0.169	0.0	0.176	1.0	1.0	1.0	-1.0	1.0	0.0	1.0	0.0	0.0	0.0	0.0	0.0	0.0	0.0	1.0	1.0	0.0	-1.0	1.0	0.0	0.0	0.89	-1.0	1.0	0.741	0.02	-1.0	1.0	-1.0	0.0	0.0	0.0	1.0	0.733	1.0	-1.0	0.0	1.0	0.632	-1.0	-1.0	-1.0	1.0	1.0	1.0	0.732	0.0	1.0	0.667	0.0	0.0	1.0	0.0	-1.0	0.0	0.692	-1.0	0.375	1.0	0.0	0.0	0.0	0.0	-1.0	1.0	0.0	0.0	1.0	0.0	0.0	1.0	-1.0	1.0	0.0	1.0	0.0	0.0	0.0	0.045	0.0	1.0	1.0	0.333	0.0	0.0	1.0	-1.0	0.0	0.0	0.0	1.0	-1.0	0.0	0.0	0.0	1.0	1.0	0.641	1.0	0.924	0.0	1.0	1.0	0.0	0.4	1.0	-1.0	-1.0	-1.0	-1.0	-1.0	-1.0	-1.0	-1.0	-1.0	-1.0	-1.0	-1.0
gnl|Prokka|GCF_044361425.1_1|4152131|T	1.0	1.0	0.619	-1.0	-1.0	-1.0	-1.0	1.0	-1.0	0.0	-1.0	-1.0	0.879	-1.0	-1.0	0.615	-1.0	-1.0	0.231	1.0	-1.0	0.0	0.0	-1.0	-1.0	0.0	1.0	-1.0	0.455	-1.0	0.297	0.0	0.0	0.0	0.925	0.968	0.0	0.0	0.0	0.0	0.0	0.0	1.0	-1.0	0.0	-1.0	-1.0	1.0	0.0	-1.0	-1.0	0.64	0.16	1.0	1.0	-1.0	0.0	0.0	0.0	0.0	0.0	-1.0	1.0	0.0	-1.0	1.0	1.0	1.0	0.0	0.625	0.0	1.0	0.16	0.0	0.176	1.0	1.0	1.0	-1.0	1.0	0.0	1.0	0.0	0.0	0.0	0.0	0.0	0.0	0.0	1.0	1.0	0.0	-1.0	1.0	0.0	0.0	0.88	-1.0	1.0	0.692	0.0	-1.0	1.0	-1.0	0.0	0.0	0.0	1.0	0.765	1.0	-1.0	0.0	1.0	0.625	-1.0	-1.0	-1.0	1.0	0.943	1.0	0.722	0.0	1.0	0.619	0.0	0.0	1.0	0.0	-1.0	0.0	0.0	-1.0	0.375	1.0	0.0	0.0	0.0	0.0	0.0	0.148	0.0	0.0	1.0	0.0	0.0	1.0	-1.0	1.0	0.0	1.0	0.0	0.0	0.0	0.0	0.0	0.182	1.0	0.294	0.0	0.0	1.0	-1.0	0.0	0.0	0.0	0.0	-1.0	0.0	0.0	0.0	1.0	1.0	0.637	1.0	0.939	0.0	1.0	1.0	0.0	0.381	1.0	-1.0	-1.0	-1.0	-1.0	-1.0	-1.0	-1.0	-1.0	-1.0	-1.0	-1.0	-1.0
gnl|Prokka|GCF_044361425.1_1|4177553|A	0.0	0.174	1.0	-1.0	-1.0	-1.0	-1.0	1.0	0.0	1.0	-1.0	-1.0	1.0	-1.0	-1.0	1.0	-1.0	0.0	0.0	1.0	-1.0	1.0	1.0	-1.0	-1.0	1.0	0.0	-1.0	1.0	-1.0	0.205	0.0	1.0	1.0	1.0	0.022	0.0	0.0	0.25	0.0	0.93	1.0	0.0	-1.0	0.0	-1.0	-1.0	0.0	1.0	-1.0	-1.0	0.679	0.0	1.0	0.0	-1.0	0.0	0.0	1.0	0.0	0.0	-1.0	0.0	0.0	-1.0	1.0	1.0	1.0	0.0	1.0	1.0	0.0	0.811	1.0	0.0	1.0	-1.0	1.0	-1.0	0.0	0.6	1.0	0.0	0.0	0.058	0.0	0.0	0.0	1.0	0.0	0.0	0.0	-1.0	0.0	0.0	0.0	0.538	-1.0	-1.0	0.194	1.0	-1.0	1.0	-1.0	0.0	0.0	1.0	0.0	0.744	0.0	-1.0	0.0	1.0	1.0	-1.0	-1.0	-1.0	1.0	0.0	0.0	0.343	0.235	1.0	0.062	1.0	1.0	0.0	0.0	-1.0	0.722	-1.0	-1.0	0.0	1.0	0.0	0.0	1.0	0.0	0.0	0.0	0.0	1.0	0.0	-1.0	0.0	1.0	-1.0	0.0	0.943	1.0	0.0	0.158	0.0	0.0	0.0	1.0	1.0	0.643	0.0	0.0	1.0	-1.0	-1.0	0.0	0.0	1.0	-1.0	0.0	0.267	0.0	1.0	1.0	0.0	0.0	0.854	0.0	0.0	0.0	0.846	0.278	1.0	-1.0	-1.0	-1.0	-1.0	-1.0	-1.0	-1.0	-1.0	-1.0	-1.0	-1.0	-1.0
gnl|Prokka|GCF_044361425.1_1|4191188|G	1.0	0.0	1.0	-1.0	-1.0	-1.0	-1.0	1.0	0.0	0.0	-1.0	-1.0	1.0	-1.0	-1.0	-1.0	0.0	-1.0	0.0	0.0	-1.0	0.0	-1.0	-1.0	-1.0	1.0	0.0	-1.0	-1.0	-1.0	0.424	0.0	0.0	0.0	0.0	1.0	0.0	0.0	0.278	0.0	1.0	0.0	0.0	-1.0	1.0	-1.0	-1.0	1.0	0.0	-1.0	-1.0	0.769	1.0	0.0	1.0	0.0	0.0	1.0	1.0	0.0	1.0	1.0	0.0	0.0	-1.0	0.783	1.0	0.952	0.0	1.0	1.0	1.0	1.0	1.0	0.0	0.0	0.0	1.0	-1.0	0.0	0.515	1.0	0.0	0.0	1.0	0.0	0.0	0.0	1.0	0.0	0.0	0.0	-1.0	0.125	0.0	0.0	0.893	-1.0	1.0	0.312	1.0	-1.0	1.0	-1.0	0.0	0.636	0.0	1.0	0.3	0.0	-1.0	0.0	0.0	0.704	-1.0	-1.0	-1.0	0.0	0.0	1.0	1.0	0.2	1.0	0.705	1.0	1.0	1.0	0.0	-1.0	0.0	-1.0	-1.0	-1.0	0.0	0.0	0.0	0.0	0.0	0.625	0.0	0.0	1.0	0.0	-1.0	0.0	0.0	-1.0	-1.0	0.0	0.0	1.0	0.167	0.0	0.036	0.214	0.0	1.0	0.25	0.0	0.0	1.0	-1.0	0.0	-1.0	1.0	1.0	-1.0	1.0	0.652	0.0	0.0	1.0	0.613	0.0	1.0	0.0	0.0	0.0	1.0	1.0	0.0	-1.0	-1.0	-1.0	-1.0	-1.0	-1.0	-1.0	-1.0	-1.0	-1.0	-1.0	-1.0
gnl|Prokka|GCF_044361425.1_1|4192384|A	0.0	1.0	0.0	-1.0	-1.0	-1.0	-1.0	0.0	0.0	0.0	-1.0	-1.0	0.0	-1.0	-1.0	0.0	-1.0	-1.0	0.333	-1.0	-1.0	1.0	-1.0	-1.0	-1.0	0.0	1.0	-1.0	0.0	-1.0	0.42	0.0	-1.0	0.0	0.882	0.969	1.0	0.0	0.529	1.0	0.0	1.0	1.0	-1.0	0.0	-1.0	-1.0	0.0	1.0	-1.0	-1.0	1.0	0.0	0.0	0.0	0.0	1.0	0.0	0.0	0.0	0.0	0.0	0.0	0.0	-1.0	0.0	1.0	0.105	1.0	-1.0	0.0	0.0	0.0	0.0	0.812	0.0	-1.0	0.25	-1.0	1.0	0.0	1.0	0.0	1.0	0.0	1.0	0.0	0.0	0.0	0.812	0.0	1.0	-1.0	1.0	1.0	1.0	0.13	-1.0	1.0	0.885	0.0	-1.0	0.0	-1.0	-1.0	0.0	1.0	0.0	0.585	1.0	-1.0	0.0	0.0	0.714	-1.0	-1.0	-1.0	0.0	1.0	0.0	0.0	0.792	1.0	0.0	0.0	0.0	0.0	0.0	-1.0	0.0	-1.0	-1.0	1.0	0.0	0.0	0.0	0.0	0.0	0.0	1.0	1.0	0.0	1.0	0.0	1.0	0.0	-1.0	0.0	1.0	0.0	0.0	0.538	0.0	0.438	1.0	0.0	0.0	-1.0	0.0	0.0	0.545	-1.0	0.0	0.583	0.0	0.0	-1.0	0.0	0.271	1.0	0.0	0.0	0.319	1.0	0.809	1.0	1.0	1.0	0.0	0.0	0.091	-1.0	-1.0	-1.0	-1.0	-1.0	-1.0	-1.0	-1.0	-1.0	-1.0	-1.0	-1.0
gnl|Prokka|GCF_044361425.1_1|4192400|A	0.0	1.0	0.0	-1.0	-1.0	-1.0	-1.0	0.0	0.0	0.0	-1.0	-1.0	0.0	-1.0	-1.0	0.0	-1.0	-1.0	0.333	1.0	-1.0	1.0	-1.0	-1.0	-1.0	0.0	1.0	-1.0	0.0	-1.0	0.468	0.0	-1.0	0.0	0.885	0.982	1.0	0.0	0.765	1.0	0.0	1.0	1.0	-1.0	0.0	-1.0	-1.0	0.0	1.0	-1.0	-1.0	1.0	0.0	0.0	0.0	0.0	1.0	0.0	0.0	0.0	0.0	-1.0	0.0	0.0	-1.0	0.0	1.0	0.096	1.0	-1.0	0.0	-1.0	0.0	0.0	0.75	0.0	-1.0	0.222	-1.0	1.0	0.0	1.0	0.0	1.0	0.0	1.0	0.0	0.0	0.0	0.824	0.0	1.0	-1.0	1.0	1.0	1.0	0.163	-1.0	1.0	0.815	0.0	-1.0	0.0	-1.0	-1.0	0.0	1.0	0.0	0.606	1.0	-1.0	0.0	0.0	0.692	-1.0	-1.0	-1.0	0.0	1.0	0.0	0.0	0.778	1.0	0.0	0.0	0.0	0.0	0.0	-1.0	0.0	-1.0	-1.0	1.0	0.0	0.0	0.0	0.0	0.0	0.0	1.0	1.0	0.0	1.0	0.0	1.0	0.0	-1.0	0.0	1.0	0.0	0.0	0.647	0.0	0.452	1.0	0.0	0.0	0.433	0.0	0.0	0.636	-1.0	0.0	0.462	0.0	0.0	-1.0	0.0	0.269	1.0	0.0	0.0	0.345	1.0	0.833	1.0	1.0	1.0	0.0	0.0	0.048	-1.0	-1.0	-1.0	-1.0	-1.0	-1.0	-1.0	-1.0	-1.0	-1.0	-1.0	-1.0
gnl|Prokka|GCF_044361425.1_1|4192408|C	0.0	1.0	0.0	-1.0	-1.0	-1.0	-1.0	0.0	0.0	0.0	-1.0	-1.0	0.0	-1.0	-1.0	-1.0	-1.0	1.0	0.417	1.0	-1.0	1.0	-1.0	-1.0	-1.0	0.0	1.0	-1.0	0.0	-1.0	0.436	0.0	-1.0	0.0	0.893	1.0	1.0	0.0	0.7	1.0	0.0	1.0	1.0	-1.0	0.0	-1.0	-1.0	0.0	1.0	-1.0	-1.0	1.0	0.091	0.0	0.0	0.0	1.0	0.0	0.0	0.0	0.0	0.0	0.0	0.0	-1.0	0.0	1.0	0.103	1.0	-1.0	0.0	-1.0	0.0	0.0	0.8	0.0	-1.0	0.185	-1.0	1.0	0.0	1.0	0.0	1.0	0.0	1.0	0.0	0.0	0.0	0.826	0.0	1.0	-1.0	1.0	1.0	1.0	0.183	-1.0	1.0	0.806	0.0	-1.0	0.0	-1.0	1.0	0.0	1.0	0.0	0.623	1.0	-1.0	0.0	0.0	0.765	-1.0	-1.0	-1.0	0.0	1.0	0.0	0.0	0.833	1.0	0.0	0.0	0.0	0.0	0.0	-1.0	0.0	-1.0	-1.0	1.0	0.0	0.0	0.0	0.0	0.0	-1.0	1.0	1.0	0.0	1.0	0.0	1.0	0.0	-1.0	0.0	1.0	0.0	0.0	0.562	0.0	0.463	1.0	0.0	0.0	0.429	0.0	0.0	0.636	-1.0	0.0	0.462	0.0	0.0	-1.0	0.0	0.288	1.0	0.0	0.0	0.338	1.0	0.833	1.0	1.0	1.0	0.0	0.0	1.0	-1.0	-1.0	-1.0	-1.0	-1.0	-1.0	-1.0	-1.0	-1.0	-1.0	-1.0	-1.0
gnl|Prokka|GCF_044361425.1_1|4192420|C	0.0	1.0	0.0	-1.0	-1.0	-1.0	-1.0	0.0	0.0	0.0	-1.0	-1.0	0.0	-1.0	-1.0	0.0	-1.0	1.0	0.333	1.0	-1.0	1.0	-1.0	-1.0	-1.0	-1.0	1.0	-1.0	0.0	-1.0	0.451	0.0	-1.0	0.0	0.893	0.982	1.0	0.0	0.667	1.0	0.0	1.0	1.0	-1.0	0.0	-1.0	-1.0	0.0	1.0	-1.0	-1.0	1.0	0.085	0.0	0.0	0.0	1.0	0.0	0.0	0.0	0.0	0.0	0.0	0.0	-1.0	0.0	1.0	0.099	1.0	-1.0	0.0	-1.0	0.0	0.0	1.0	0.0	-1.0	0.207	-1.0	1.0	0.0	1.0	0.0	1.0	0.0	1.0	0.0	0.0	0.0	0.826	0.0	1.0	-1.0	1.0	1.0	1.0	0.182	-1.0	1.0	0.781	0.0	-1.0	0.0	-1.0	1.0	0.0	1.0	0.0	0.649	1.0	-1.0	0.0	0.0	0.632	-1.0	-1.0	-1.0	0.0	1.0	0.0	0.0	0.864	1.0	0.024	0.0	0.0	0.0	0.0	-1.0	0.0	-1.0	-1.0	1.0	0.0	0.0	0.0	0.0	0.0	-1.0	1.0	1.0	0.0	1.0	0.0	1.0	0.0	-1.0	0.0	1.0	0.0	0.0	0.571	0.0	0.461	1.0	0.0	0.0	0.48	0.0	0.0	0.643	-1.0	0.0	0.429	0.0	0.0	-1.0	0.0	0.268	1.0	0.0	0.0	0.346	1.0	0.857	1.0	1.0	1.0	0.0	0.0	1.0	-1.0	-1.0	-1.0	-1.0	-1.0	-1.0	-1.0	-1.0	-1.0	-1.0	-1.0	-1.0
gnl|Prokka|GCF_044361425.1_1|4192421|G	0.0	1.0	0.0	-1.0	-1.0	-1.0	-1.0	0.0	0.0	0.0	-1.0	-1.0	0.0	-1.0	-1.0	0.0	-1.0	1.0	0.4	1.0	-1.0	1.0	-1.0	-1.0	-1.0	-1.0	1.0	-1.0	0.0	-1.0	0.438	0.0	-1.0	0.0	0.893	0.982	1.0	0.0	0.667	1.0	0.0	1.0	1.0	-1.0	0.0	-1.0	-1.0	0.0	1.0	-1.0	-1.0	1.0	0.083	0.0	0.0	0.0	1.0	0.0	0.0	0.0	0.0	0.0	0.0	0.0	-1.0	0.0	1.0	0.099	1.0	-1.0	0.0	-1.0	0.0	0.0	1.0	0.0	-1.0	0.2	-1.0	1.0	0.0	1.0	0.0	1.0	0.0	1.0	0.0	0.0	0.0	0.826	0.0	1.0	-1.0	1.0	1.0	1.0	0.171	-1.0	1.0	0.788	0.0	-1.0	0.0	-1.0	1.0	0.0	1.0	0.0	0.662	1.0	-1.0	0.0	0.0	0.632	-1.0	-1.0	-1.0	0.0	1.0	0.0	0.0	0.864	1.0	0.023	0.0	0.0	0.0	0.0	-1.0	0.0	-1.0	-1.0	1.0	0.0	0.0	0.0	0.0	0.0	-1.0	1.0	1.0	0.0	1.0	0.0	1.0	0.0	-1.0	0.0	1.0	0.0	0.0	0.6	0.0	0.435	1.0	0.0	0.0	0.429	0.0	0.0	0.714	-1.0	0.0	0.462	0.0	0.0	-1.0	0.0	0.272	1.0	0.0	0.0	0.325	1.0	0.857	1.0	1.0	1.0	0.0	0.0	1.0	-1.0	-1.0	-1.0	-1.0	-1.0	-1.0	-1.0	-1.0	-1.0	-1.0	-1.0	-1.0
gnl|Prokka|GCF_044361425.1_1|4214950|A	0.0	1.0	0.4	-1.0	0.0	-1.0	-1.0	1.0	-1.0	0.0	-1.0	-1.0	0.0	-1.0	-1.0	0.0	-1.0	0.0	0.0	1.0	1.0	1.0	-1.0	-1.0	-1.0	-1.0	0.0	-1.0	0.0	-1.0	0.125	0.0	1.0	-1.0	1.0	1.0	0.0	0.0	0.318	1.0	1.0	0.0	0.0	-1.0	1.0	0.0	-1.0	1.0	0.0	-1.0	-1.0	0.37	1.0	0.0	0.0	-1.0	0.0	1.0	1.0	0.0	1.0	-1.0	1.0	0.0	-1.0	1.0	0.0	0.092	1.0	1.0	1.0	-1.0	1.0	1.0	1.0	0.0	-1.0	0.8	-1.0	0.0	0.524	1.0	0.0	1.0	0.0	0.0	0.0	0.0	1.0	0.0	1.0	1.0	-1.0	1.0	0.0	0.0	0.538	-1.0	1.0	1.0	1.0	-1.0	1.0	-1.0	0.0	0.85	0.0	0.0	1.0	1.0	-1.0	0.615	0.0	0.393	-1.0	-1.0	-1.0	1.0	0.899	1.0	0.489	0.19	0.0	0.0	1.0	1.0	1.0	0.0	-1.0	0.222	1.0	-1.0	-1.0	0.0	0.0	0.0	1.0	0.0	0.0	0.0	1.0	1.0	0.0	1.0	1.0	0.0	-1.0	1.0	1.0	0.0	0.0	-1.0	-1.0	0.0	-1.0	0.0	0.0	-1.0	0.0	0.0	0.0	-1.0	0.0	1.0	0.0	1.0	-1.0	1.0	0.785	0.0	0.0	1.0	1.0	0.0	0.079	1.0	0.0	0.0	1.0	0.0	1.0	-1.0	-1.0	-1.0	-1.0	-1.0	-1.0	-1.0	-1.0	-1.0	-1.0	-1.0	-1.0
gnl|Prokka|GCF_044361425.1_1|4215000|T	0.0	0.75	0.286	-1.0	0.0	-1.0	-1.0	1.0	-1.0	0.0	-1.0	-1.0	0.0	-1.0	-1.0	-1.0	-1.0	0.0	0.0	-1.0	-1.0	1.0	1.0	-1.0	-1.0	-1.0	0.0	-1.0	0.0	-1.0	0.0	0.0	1.0	-1.0	1.0	1.0	0.0	0.0	0.25	1.0	1.0	0.0	0.0	-1.0	1.0	0.0	-1.0	1.0	0.0	-1.0	-1.0	0.448	1.0	0.0	0.0	-1.0	0.0	1.0	1.0	0.0	1.0	-1.0	1.0	0.0	-1.0	0.0	0.0	0.113	1.0	1.0	1.0	-1.0	1.0	1.0	1.0	0.0	1.0	0.733	-1.0	0.0	0.455	1.0	0.0	1.0	0.0	0.0	0.0	0.0	1.0	0.0	1.0	1.0	-1.0	1.0	0.0	0.0	0.13	-1.0	1.0	1.0	1.0	-1.0	1.0	-1.0	-1.0	1.0	0.0	0.0	1.0	1.0	-1.0	0.765	1.0	0.158	-1.0	-1.0	-1.0	0.0	0.935	1.0	0.514	0.357	0.0	0.055	0.0	0.0	1.0	0.0	-1.0	0.257	1.0	-1.0	0.556	0.0	0.0	0.0	1.0	0.0	0.0	0.0	1.0	1.0	0.0	0.0	1.0	0.0	-1.0	1.0	1.0	0.0	0.0	-1.0	-1.0	0.0	-1.0	0.0	0.0	-1.0	0.0	0.0	0.0	-1.0	0.0	1.0	0.0	1.0	-1.0	1.0	0.716	0.0	0.0	1.0	1.0	0.0	0.0	1.0	0.0	0.0	0.0	0.0	1.0	-1.0	-1.0	-1.0	-1.0	-1.0	-1.0	-1.0	-1.0	-1.0	-1.0	-1.0	-1.0
gnl|Prokka|GCF_044361425.1_1|4236910|A	-1.0	0.0	0.0	-1.0	-1.0	-1.0	-1.0	0.0	0.0	0.0	-1.0	-1.0	0.0	-1.0	-1.0	-1.0	1.0	-1.0	1.0	0.0	-1.0	0.0	-1.0	-1.0	-1.0	1.0	0.0	-1.0	0.25	-1.0	0.557	1.0	1.0	0.0	0.0	0.0	1.0	1.0	0.211	0.0	0.706	1.0	1.0	-1.0	1.0	0.0	-1.0	1.0	1.0	-1.0	-1.0	0.0	1.0	0.0	1.0	0.0	0.0	1.0	1.0	0.0	1.0	0.0	0.0	0.0	-1.0	-1.0	0.0	0.0	0.0	-1.0	1.0	1.0	1.0	-1.0	0.0	0.0	-1.0	0.0	-1.0	0.0	0.0	0.0	1.0	0.0	0.111	0.0	1.0	-1.0	1.0	1.0	1.0	0.0	-1.0	0.0	0.0	1.0	0.897	-1.0	0.0	0.216	1.0	-1.0	0.0	-1.0	0.0	0.769	1.0	1.0	0.0	0.0	-1.0	1.0	1.0	0.29	-1.0	-1.0	-1.0	0.786	0.073	1.0	0.826	0.154	0.0	0.574	1.0	1.0	0.0	0.0	-1.0	1.0	-1.0	-1.0	-1.0	0.0	1.0	0.0	0.0	0.0	1.0	0.0	0.0	1.0	0.0	-1.0	0.0	0.0	-1.0	0.0	0.0	0.0	0.0	0.0	0.0	0.466	0.125	1.0	0.0	0.0	1.0	0.0	0.0	-1.0	0.0	0.636	1.0	0.0	-1.0	1.0	0.29	1.0	0.0	0.0	0.0	0.0	0.304	1.0	0.0	0.0	1.0	0.0	0.763	-1.0	-1.0	-1.0	-1.0	-1.0	-1.0	-1.0	-1.0	-1.0	-1.0	-1.0	-1.0
gnl|Prokka|GCF_044361425.1_1|4252035|T	0.0	1.0	0.364	-1.0	-1.0	-1.0	-1.0	1.0	0.0	0.0	-1.0	-1.0	1.0	-1.0	-1.0	0.0	0.0	-1.0	0.0	0.0	-1.0	1.0	-1.0	-1.0	-1.0	-1.0	1.0	-1.0	0.4	-1.0	0.856	0.138	0.7	0.0	0.0	0.981	1.0	0.0	0.455	0.0	0.0	1.0	0.0	-1.0	0.0	-1.0	-1.0	1.0	1.0	-1.0	-1.0	1.0	0.0	0.0	0.0	-1.0	1.0	0.0	0.0	0.0	0.0	-1.0	0.0	0.0	-1.0	0.0	1.0	0.0	1.0	1.0	0.0	-1.0	0.198	0.0	1.0	0.0	-1.0	1.0	-1.0	1.0	0.0	0.0	0.0	1.0	0.901	1.0	1.0	0.0	0.0	0.0	1.0	1.0	-1.0	0.889	0.848	1.0	0.148	-1.0	0.0	0.579	0.036	-1.0	1.0	-1.0	1.0	-1.0	1.0	0.0	0.308	0.0	-1.0	0.765	0.0	0.59	-1.0	-1.0	-1.0	0.0	1.0	0.0	0.288	0.897	1.0	0.061	0.0	0.0	0.0	1.0	-1.0	0.0	-1.0	-1.0	-1.0	0.0	0.0	1.0	0.0	0.0	0.0	0.0	1.0	0.0	1.0	0.0	1.0	1.0	-1.0	0.0	0.0	0.0	0.0	0.714	-1.0	0.436	-1.0	0.0	0.0	0.294	0.0	0.0	0.0	-1.0	0.0	0.0	1.0	0.0	-1.0	0.0	1.0	1.0	0.0	1.0	1.0	1.0	0.717	1.0	1.0	1.0	0.0	0.0	0.0	-1.0	-1.0	-1.0	-1.0	-1.0	-1.0	-1.0	-1.0	-1.0	-1.0	-1.0	-1.0
gnl|Prokka|GCF_044361425.1_1|4252078|G	0.0	1.0	0.375	-1.0	-1.0	-1.0	-1.0	0.923	0.0	0.0	-1.0	-1.0	1.0	-1.0	-1.0	0.0	-1.0	-1.0	0.0	0.0	-1.0	1.0	-1.0	-1.0	-1.0	-1.0	1.0	-1.0	0.0	-1.0	0.876	0.132	-1.0	0.0	0.0	0.981	1.0	0.0	0.455	0.0	0.097	1.0	0.0	-1.0	0.0	-1.0	-1.0	1.0	1.0	-1.0	-1.0	1.0	0.0	0.0	0.0	0.0	1.0	0.0	0.0	0.0	0.0	-1.0	0.0	0.0	-1.0	0.0	1.0	0.0	1.0	1.0	0.0	-1.0	0.185	0.0	1.0	0.0	-1.0	1.0	-1.0	1.0	0.0	0.0	0.0	1.0	0.882	1.0	1.0	0.0	0.0	0.0	1.0	1.0	-1.0	0.886	0.868	1.0	0.127	-1.0	0.0	0.512	0.0	-1.0	1.0	-1.0	1.0	1.0	1.0	0.0	0.288	0.0	-1.0	0.722	0.0	0.639	-1.0	-1.0	-1.0	0.0	1.0	0.0	0.312	1.0	1.0	0.045	0.0	0.0	0.0	1.0	-1.0	0.0	-1.0	-1.0	0.0	0.0	0.0	1.0	0.0	0.0	0.0	0.0	1.0	0.0	1.0	0.0	1.0	1.0	-1.0	0.0	0.0	0.0	0.0	0.684	-1.0	0.356	0.0	0.0	0.0	0.263	0.0	0.0	0.0	-1.0	0.0	0.0	1.0	0.0	-1.0	0.0	1.0	1.0	0.0	1.0	1.0	1.0	0.76	1.0	1.0	1.0	0.0	0.0	0.958	-1.0	-1.0	-1.0	-1.0	-1.0	-1.0	-1.0	-1.0	-1.0	-1.0	-1.0	-1.0
gnl|Prokka|GCF_044361425.1_1|4316655|T	1.0	1.0	0.308	-1.0	0.0	-1.0	-1.0	1.0	0.0	0.0	-1.0	-1.0	0.0	-1.0	-1.0	0.429	-1.0	-1.0	0.444	0.0	-1.0	1.0	-1.0	-1.0	-1.0	0.0	1.0	-1.0	0.0	-1.0	0.867	0.0	1.0	0.0	0.0	1.0	1.0	1.0	0.727	1.0	0.267	1.0	0.0	-1.0	0.0	0.0	-1.0	1.0	1.0	-1.0	-1.0	1.0	0.0	0.0	0.943	-1.0	1.0	-1.0	0.0	0.0	0.0	-1.0	0.0	0.0	-1.0	0.2	1.0	0.0	1.0	0.571	0.0	-1.0	0.185	-1.0	1.0	0.0	-1.0	1.0	-1.0	1.0	0.0	0.0	0.0	-1.0	0.926	1.0	0.0	0.6	0.0	0.0	0.0	1.0	-1.0	1.0	1.0	1.0	0.514	-1.0	0.0	0.533	0.02	-1.0	1.0	-1.0	1.0	1.0	1.0	0.786	0.271	1.0	-1.0	1.0	0.0	0.583	-1.0	-1.0	-1.0	0.0	1.0	0.0	0.785	0.789	1.0	0.674	1.0	0.0	1.0	1.0	-1.0	1.0	0.0	-1.0	0.0	0.0	0.0	1.0	0.0	0.0	0.7	1.0	1.0	0.0	1.0	0.0	1.0	1.0	-1.0	0.0	0.0	0.0	0.0	0.458	0.3	0.389	0.0	0.875	0.0	0.34	1.0	0.023	0.35	-1.0	0.0	0.643	1.0	0.0	-1.0	0.0	1.0	1.0	0.0	1.0	1.0	1.0	1.0	1.0	1.0	1.0	0.0	0.269	0.0	-1.0	-1.0	-1.0	-1.0	-1.0	-1.0	-1.0	-1.0	-1.0	-1.0	-1.0	-1.0
gnl|Prokka|GCF_044361425.1_1|4326711|G	0.0	1.0	0.583	-1.0	-1.0	-1.0	-1.0	1.0	0.0	0.0	-1.0	-1.0	0.0	-1.0	-1.0	-1.0	-1.0	-1.0	0.0	0.0	-1.0	1.0	0.333	-1.0	-1.0	0.545	1.0	-1.0	0.333	-1.0	0.674	0.118	-1.0	1.0	0.0	1.0	1.0	0.0	1.0	0.893	0.929	1.0	0.0	-1.0	1.0	0.0	-1.0	1.0	1.0	-1.0	-1.0	0.6	1.0	0.0	0.103	-1.0	1.0	0.0	0.0	0.0	1.0	0.0	0.0	0.0	-1.0	0.0	0.0	0.916	1.0	1.0	1.0	0.0	1.0	-1.0	0.0	0.0	0.0	0.7	-1.0	1.0	0.641	0.0	0.0	1.0	0.0	0.0	0.0	0.0	1.0	0.0	0.0	1.0	-1.0	1.0	1.0	1.0	0.549	-1.0	0.0	1.0	1.0	-1.0	1.0	-1.0	1.0	1.0	1.0	0.0	0.0	1.0	-1.0	0.0	0.0	0.103	-1.0	-1.0	-1.0	1.0	1.0	0.0	0.243	0.29	0.15	0.077	1.0	0.0	1.0	0.0	-1.0	0.0	-1.0	-1.0	-1.0	0.0	0.0	0.0	1.0	0.0	0.0	0.871	1.0	1.0	1.0	1.0	1.0	1.0	-1.0	0.0	0.0	0.0	0.0	0.211	0.0	0.433	0.312	0.0	1.0	0.0	0.0	0.0	0.0	-1.0	0.0	1.0	0.0	0.0	-1.0	1.0	0.289	1.0	0.0	1.0	0.0	1.0	0.0	1.0	1.0	1.0	0.0	0.0	0.809	-1.0	-1.0	-1.0	-1.0	-1.0	-1.0	-1.0	-1.0	-1.0	-1.0	-1.0	-1.0
gnl|Prokka|GCF_044361425.1_1|4336259|T	1.0	0.0	0.727	-1.0	-1.0	-1.0	-1.0	1.0	0.0	1.0	-1.0	-1.0	0.0	-1.0	-1.0	0.571	1.0	0.0	0.688	0.0	1.0	0.0	-1.0	-1.0	-1.0	0.0	0.0	-1.0	-1.0	-1.0	0.54	0.0	0.0	1.0	0.111	0.973	0.0	1.0	0.0	0.0	1.0	0.0	0.0	-1.0	0.0	-1.0	-1.0	1.0	0.0	-1.0	-1.0	0.72	0.0	1.0	1.0	0.0	0.0	1.0	0.0	0.0	0.0	-1.0	0.0	0.0	-1.0	0.778	1.0	0.0	0.0	-1.0	0.0	-1.0	0.15	0.0	0.0	1.0	0.0	1.0	-1.0	0.0	0.0	0.0	0.0	0.0	0.069	0.0	1.0	-1.0	0.0	0.0	1.0	0.0	-1.0	0.0	0.0	0.0	1.0	-1.0	0.0	0.0	0.029	-1.0	1.0	-1.0	0.0	1.0	0.0	1.0	0.309	0.0	-1.0	1.0	1.0	1.0	-1.0	-1.0	-1.0	0.844	0.0	1.0	0.79	0.0	1.0	0.68	1.0	0.0	0.0	0.0	-1.0	1.0	-1.0	-1.0	0.0	1.0	0.0	0.0	1.0	0.0	-1.0	0.0	0.0	0.0	0.0	1.0	0.0	1.0	-1.0	-1.0	0.0	1.0	0.0	0.0	1.0	0.0	-1.0	1.0	0.0	0.844	1.0	0.0	0.533	-1.0	0.0	0.0	0.0	0.0	-1.0	0.0	0.776	0.0	1.0	1.0	0.568	0.0	0.875	0.0	0.0	0.0	0.0	0.0	0.941	-1.0	-1.0	-1.0	-1.0	-1.0	-1.0	-1.0	-1.0	-1.0	-1.0	-1.0	-1.0
gnl|Prokka|GCF_044361425.1_1|4336268|C	1.0	0.0	0.737	-1.0	1.0	-1.0	-1.0	1.0	0.0	1.0	-1.0	-1.0	0.0	-1.0	-1.0	0.571	1.0	0.0	0.615	0.0	1.0	0.0	-1.0	-1.0	-1.0	0.0	0.0	-1.0	-1.0	-1.0	0.533	0.0	0.0	1.0	0.118	0.973	0.0	1.0	0.0	0.0	1.0	0.0	0.0	-1.0	0.0	-1.0	-1.0	1.0	0.0	-1.0	-1.0	0.708	0.0	1.0	1.0	0.0	0.0	0.0	0.0	0.0	0.0	-1.0	0.0	0.0	-1.0	0.714	1.0	0.0	0.0	1.0	0.0	1.0	0.155	0.0	0.0	1.0	0.0	1.0	-1.0	0.0	0.0	0.0	0.0	0.0	0.072	0.0	1.0	-1.0	0.0	0.0	1.0	0.0	-1.0	0.0	0.0	0.0	1.0	-1.0	0.0	0.0	0.037	-1.0	1.0	-1.0	0.0	1.0	0.0	1.0	0.282	0.0	-1.0	1.0	1.0	1.0	-1.0	-1.0	-1.0	0.853	0.0	1.0	0.773	0.0	1.0	0.687	0.0	0.0	0.0	0.0	-1.0	1.0	-1.0	-1.0	0.0	1.0	0.0	0.0	1.0	0.0	-1.0	0.0	0.0	0.0	0.0	1.0	0.0	1.0	-1.0	-1.0	0.0	1.0	0.0	0.0	1.0	0.0	0.571	1.0	0.0	0.143	1.0	0.0	0.0	-1.0	0.0	0.0	0.0	0.0	-1.0	0.0	0.789	0.0	1.0	1.0	0.558	0.0	0.882	0.0	0.0	0.0	0.0	0.0	0.0	-1.0	-1.0	-1.0	-1.0	-1.0	-1.0	-1.0	-1.0	-1.0	-1.0	-1.0	-1.0
gnl|Prokka|GCF_044361425.1_1|4355786|A	1.0	1.0	0.0	-1.0	-1.0	-1.0	-1.0	0.0	0.0	0.0	-1.0	-1.0	0.0	-1.0	-1.0	0.0	0.0	0.0	1.0	0.0	-1.0	1.0	-1.0	-1.0	-1.0	-1.0	0.0	-1.0	0.0	-1.0	0.347	0.1	1.0	1.0	1.0	0.0	0.0	1.0	0.273	0.932	0.224	0.0	0.0	-1.0	0.0	-1.0	-1.0	0.0	0.0	-1.0	-1.0	0.0	0.0	1.0	1.0	-1.0	1.0	1.0	0.0	0.0	0.0	-1.0	0.0	0.0	-1.0	1.0	0.0	0.0	1.0	0.0	0.0	-1.0	0.187	0.0	0.0	1.0	0.0	0.0	-1.0	1.0	0.0	1.0	0.0	1.0	0.0	1.0	0.0	0.0	0.0	0.0	0.0	0.0	-1.0	1.0	1.0	0.0	1.0	-1.0	1.0	0.652	0.0	-1.0	0.0	-1.0	1.0	-1.0	0.0	1.0	0.167	0.0	-1.0	0.8	1.0	0.724	-1.0	-1.0	-1.0	1.0	0.901	0.0	0.805	0.7	0.0	0.672	1.0	1.0	0.0	0.0	-1.0	0.0	0.333	-1.0	1.0	0.0	0.0	0.0	1.0	0.0	1.0	1.0	0.0	0.0	0.846	0.0	1.0	0.0	-1.0	0.0	0.0	0.0	0.0	0.0	0.4	0.398	1.0	0.8	0.0	1.0	0.0	0.0	0.0	-1.0	0.0	1.0	1.0	1.0	-1.0	0.0	0.724	0.0	0.0	0.0	1.0	1.0	0.317	1.0	-1.0	1.0	1.0	0.556	0.895	-1.0	-1.0	-1.0	-1.0	-1.0	-1.0	-1.0	-1.0	-1.0	-1.0	-1.0	-1.0
gnl|Prokka|GCF_044361425.1_1|4355821|G	1.0	1.0	0.0	-1.0	-1.0	-1.0	-1.0	0.0	0.0	0.0	-1.0	-1.0	0.0	-1.0	-1.0	0.0	0.0	0.0	1.0	0.0	-1.0	0.936	-1.0	-1.0	-1.0	-1.0	0.0	-1.0	0.0	-1.0	0.366	0.091	1.0	1.0	1.0	0.0	0.0	1.0	0.308	0.917	1.0	0.0	0.0	-1.0	0.0	0.0	-1.0	0.0	0.0	-1.0	-1.0	0.0	0.0	1.0	1.0	0.0	1.0	1.0	0.0	0.0	0.0	0.0	0.0	0.0	-1.0	0.4	0.0	0.0	1.0	0.3	0.0	1.0	0.225	0.0	0.0	1.0	0.0	0.0	-1.0	1.0	0.0	1.0	0.0	1.0	0.0	1.0	0.0	0.0	0.0	0.0	0.0	0.0	-1.0	1.0	1.0	0.0	1.0	-1.0	-1.0	0.739	0.0	-1.0	0.0	-1.0	1.0	-1.0	0.0	1.0	0.19	0.0	-1.0	1.0	1.0	0.556	-1.0	-1.0	-1.0	1.0	0.908	0.988	0.774	0.68	0.0	0.669	1.0	1.0	0.0	0.0	-1.0	0.0	0.417	-1.0	-1.0	0.0	0.0	0.0	1.0	0.0	-1.0	1.0	0.0	0.0	0.8	0.0	1.0	0.0	-1.0	0.0	0.0	0.0	1.0	0.0	0.375	0.385	1.0	0.806	0.0	0.342	0.0	0.0	0.0	-1.0	0.0	0.769	0.0	1.0	-1.0	0.0	0.7	0.0	0.0	0.0	1.0	1.0	0.283	1.0	1.0	1.0	1.0	0.56	0.875	-1.0	-1.0	-1.0	-1.0	-1.0	-1.0	-1.0	-1.0	-1.0	-1.0	-1.0	-1.0
gnl|Prokka|GCF_044361425.1_1|4355828|A	1.0	1.0	0.0	-1.0	0.0	-1.0	-1.0	0.0	0.0	0.0	-1.0	-1.0	0.0	-1.0	-1.0	0.0	0.0	0.0	-1.0	0.0	-1.0	0.939	1.0	-1.0	-1.0	-1.0	0.0	-1.0	0.0	-1.0	0.386	0.057	1.0	1.0	1.0	0.0	0.0	1.0	0.357	0.907	1.0	0.0	0.0	-1.0	0.0	0.0	-1.0	0.0	0.0	-1.0	-1.0	0.0	0.0	1.0	1.0	0.0	1.0	1.0	0.0	0.0	0.0	-1.0	0.0	0.0	-1.0	1.0	0.0	0.0	1.0	0.333	0.0	1.0	0.232	0.0	0.0	1.0	0.0	0.0	-1.0	1.0	0.0	1.0	0.0	1.0	0.0	1.0	0.0	0.0	0.0	0.0	0.0	0.0	-1.0	1.0	1.0	0.0	1.0	-1.0	1.0	0.708	0.0	-1.0	0.0	-1.0	1.0	-1.0	0.0	1.0	0.2	0.0	-1.0	1.0	1.0	0.55	-1.0	-1.0	-1.0	1.0	0.909	0.989	0.765	0.696	0.0	0.672	1.0	1.0	0.0	0.0	-1.0	0.0	0.417	-1.0	-1.0	0.0	0.0	0.0	1.0	0.0	-1.0	1.0	0.0	0.0	0.789	0.0	1.0	0.0	-1.0	0.0	0.0	0.0	1.0	0.0	0.375	0.394	1.0	0.794	0.0	1.0	0.0	0.0	0.0	-1.0	-1.0	1.0	1.0	1.0	-1.0	0.0	0.717	0.0	0.0	0.0	1.0	1.0	0.3	1.0	1.0	1.0	1.0	1.0	0.875	-1.0	-1.0	-1.0	-1.0	-1.0	-1.0	-1.0	-1.0	-1.0	-1.0	-1.0	-1.0
gnl|Prokka|GCF_044361425.1_1|4355832|G	1.0	1.0	0.0	-1.0	0.0	-1.0	-1.0	0.0	0.0	0.0	-1.0	-1.0	0.0	-1.0	-1.0	0.0	0.0	0.0	1.0	0.0	-1.0	0.938	1.0	-1.0	-1.0	-1.0	0.0	-1.0	0.0	-1.0	0.345	0.0	-1.0	1.0	1.0	0.0	0.0	1.0	0.357	0.886	0.188	0.0	0.0	-1.0	0.0	0.0	-1.0	0.0	0.0	-1.0	-1.0	0.0	0.0	1.0	1.0	0.0	1.0	1.0	0.0	0.0	0.0	-1.0	0.0	0.0	-1.0	0.333	0.0	0.0	1.0	0.273	0.0	1.0	0.226	0.0	0.0	1.0	0.0	0.0	-1.0	1.0	0.0	1.0	0.0	1.0	0.0	1.0	0.0	0.0	0.0	0.0	0.0	0.0	-1.0	1.0	1.0	0.0	1.0	-1.0	1.0	0.708	0.0	-1.0	0.0	-1.0	1.0	-1.0	0.0	1.0	0.212	0.0	-1.0	1.0	1.0	0.553	-1.0	-1.0	-1.0	1.0	0.897	0.0	0.768	0.68	0.0	0.672	1.0	1.0	0.0	0.0	-1.0	0.0	0.333	-1.0	-1.0	0.0	0.0	0.0	1.0	0.0	-1.0	1.0	0.0	0.0	0.833	0.0	1.0	0.0	-1.0	0.0	0.0	0.0	0.0	0.0	0.375	0.374	1.0	0.812	0.0	0.297	0.0	0.0	0.0	-1.0	-1.0	1.0	0.0	1.0	-1.0	0.0	0.73	0.0	0.0	0.0	1.0	1.0	0.277	1.0	1.0	1.0	1.0	0.0	0.0	-1.0	-1.0	-1.0	-1.0	-1.0	-1.0	-1.0	-1.0	-1.0	-1.0	-1.0	-1.0
gnl|Prokka|GCF_044361425.1_1|4356872|C	0.429	0.0	0.0	-1.0	1.0	-1.0	-1.0	0.0	1.0	1.0	-1.0	-1.0	0.0	-1.0	-1.0	1.0	-1.0	-1.0	0.0	1.0	-1.0	0.0	0.0	-1.0	-1.0	0.556	0.0	-1.0	0.75	-1.0	0.162	0.886	0.0	0.0	0.906	0.0	0.0	0.0	0.188	0.0	0.0	0.0	0.0	-1.0	1.0	-1.0	-1.0	0.0	0.0	-1.0	-1.0	0.656	0.871	0.0	0.0	1.0	0.0	0.0	1.0	1.0	1.0	-1.0	1.0	1.0	-1.0	0.842	1.0	1.0	0.0	0.0	0.0	-1.0	0.0	1.0	0.786	0.0	-1.0	0.226	-1.0	0.0	0.381	0.0	1.0	0.0	0.0	0.0	1.0	1.0	0.0	0.0	1.0	0.0	-1.0	0.0	0.0	0.0	0.0	-1.0	1.0	0.0	0.0	-1.0	0.0	-1.0	0.0	0.0	0.0	0.0	0.722	0.0	-1.0	0.0	0.0	0.545	-1.0	-1.0	-1.0	0.0	0.0	0.0	0.0	0.0	1.0	0.361	0.0	0.0	1.0	0.0	-1.0	0.286	-1.0	-1.0	0.444	1.0	1.0	0.0	0.0	1.0	0.0	0.0	0.0	0.0	0.0	1.0	0.0	0.0	-1.0	1.0	1.0	1.0	1.0	0.6	0.667	0.644	0.0	0.154	1.0	0.879	1.0	1.0	0.0	-1.0	1.0	0.0	1.0	0.0	-1.0	1.0	0.0	0.0	1.0	0.0	0.0	0.0	0.732	0.0	0.0	0.0	0.0	1.0	1.0	-1.0	-1.0	-1.0	-1.0	-1.0	-1.0	-1.0	-1.0	-1.0	-1.0	-1.0	-1.0
gnl|Prokka|GCF_044361425.1_1|4377551|G	1.0	1.0	0.333	-1.0	-1.0	-1.0	-1.0	1.0	-1.0	0.0	-1.0	-1.0	0.0	-1.0	-1.0	0.0	-1.0	-1.0	0.0	0.0	-1.0	0.0	-1.0	-1.0	-1.0	0.0	0.0	-1.0	-1.0	-1.0	0.523	0.0	1.0	0.0	0.0	1.0	0.0	1.0	0.6	1.0	1.0	0.0	0.0	-1.0	1.0	-1.0	-1.0	0.0	0.0	-1.0	-1.0	-1.0	1.0	1.0	1.0	-1.0	1.0	1.0	1.0	0.0	1.0	-1.0	0.0	0.0	-1.0	1.0	0.0	0.0	1.0	0.333	0.0	1.0	0.184	1.0	0.75	1.0	-1.0	0.577	-1.0	1.0	0.0	1.0	0.0	1.0	0.0	1.0	0.0	0.0	0.0	0.0	0.0	1.0	-1.0	1.0	1.0	0.0	1.0	-1.0	1.0	0.0	0.0	-1.0	1.0	-1.0	1.0	0.0	0.0	1.0	0.303	1.0	-1.0	0.0	1.0	0.0	-1.0	-1.0	-1.0	1.0	0.946	1.0	0.662	0.824	0.0	0.712	1.0	0.0	1.0	0.0	-1.0	0.0	-1.0	-1.0	-1.0	0.0	0.0	0.0	0.0	0.0	1.0	1.0	1.0	0.0	0.833	-1.0	1.0	1.0	-1.0	0.0	0.0	0.103	1.0	1.0	0.273	0.458	1.0	0.84	0.0	0.167	0.0	0.0	0.467	-1.0	0.0	0.704	1.0	0.0	-1.0	1.0	0.692	0.0	0.0	1.0	0.946	1.0	0.345	1.0	1.0	1.0	0.0	1.0	-1.0	-1.0	-1.0	-1.0	-1.0	-1.0	-1.0	-1.0	-1.0	-1.0	-1.0	-1.0	-1.0
gnl|Prokka|GCF_044361425.1_1|4379197|T	0.824	1.0	0.444	-1.0	-1.0	-1.0	-1.0	0.0	0.0	0.0	-1.0	-1.0	0.0	-1.0	-1.0	0.0	-1.0	1.0	0.643	0.0	1.0	0.0	-1.0	-1.0	-1.0	0.0	0.0	-1.0	0.0	-1.0	0.387	0.0	1.0	0.0	0.0	0.0	0.0	1.0	0.478	0.0	0.0	0.0	0.0	-1.0	0.0	0.0	-1.0	0.0	0.0	-1.0	-1.0	0.405	0.0	0.0	1.0	0.0	1.0	0.0	1.0	0.0	0.0	-1.0	0.0	0.0	-1.0	0.0	0.0	0.0	1.0	0.0	0.0	0.0	0.186	1.0	1.0	0.0	-1.0	0.0	-1.0	1.0	0.685	0.0	0.0	1.0	0.043	1.0	0.0	0.0	0.0	0.0	0.0	1.0	-1.0	1.0	1.0	0.0	0.438	-1.0	0.0	0.0	0.0	-1.0	0.0	-1.0	1.0	-1.0	0.0	1.0	0.333	1.0	-1.0	0.0	0.0	0.0	-1.0	-1.0	-1.0	0.0	0.921	0.0	0.755	0.875	0.0	0.669	1.0	1.0	1.0	0.0	-1.0	0.0	0.0	-1.0	0.0	0.0	0.0	0.0	0.0	0.0	1.0	0.0	1.0	0.0	1.0	0.0	1.0	0.0	-1.0	1.0	0.0	0.0	0.0	1.0	0.0	0.364	-1.0	1.0	0.0	0.64	0.0	0.019	0.318	-1.0	0.0	0.0	1.0	0.0	-1.0	0.0	0.8	0.0	0.0	1.0	1.0	1.0	0.3	1.0	1.0	1.0	1.0	-1.0	0.0	-1.0	-1.0	-1.0	-1.0	-1.0	-1.0	-1.0	-1.0	-1.0	-1.0	-1.0	-1.0
gnl|Prokka|GCF_044361425.1_1|4379248|A	1.0	1.0	0.6	-1.0	-1.0	-1.0	-1.0	1.0	0.0	0.0	-1.0	-1.0	0.0	-1.0	-1.0	0.0	0.0	0.0	0.211	0.0	-1.0	0.0	0.0	-1.0	-1.0	0.0	1.0	-1.0	0.0	-1.0	0.322	0.0	1.0	0.0	0.0	0.982	0.033	1.0	0.577	0.0	1.0	0.0	0.0	-1.0	0.0	0.0	-1.0	1.0	0.0	-1.0	-1.0	0.368	0.0	1.0	1.0	0.0	1.0	0.0	1.0	0.0	0.0	-1.0	0.0	0.0	-1.0	0.0	0.0	0.0	1.0	0.0	0.0	0.0	0.176	-1.0	1.0	1.0	-1.0	0.833	-1.0	1.0	0.667	0.0	0.0	1.0	0.037	1.0	0.0	0.0	0.0	0.0	0.0	1.0	-1.0	1.0	1.0	0.0	0.442	-1.0	-1.0	0.0	0.046	-1.0	1.0	-1.0	1.0	-1.0	0.0	1.0	0.345	1.0	-1.0	0.0	1.0	0.0	-1.0	-1.0	-1.0	0.0	0.871	1.0	0.77	0.852	0.0	0.689	1.0	1.0	1.0	0.0	-1.0	0.0	0.0	-1.0	0.0	0.0	0.0	0.0	0.0	0.0	0.556	0.073	1.0	0.0	1.0	0.0	1.0	1.0	-1.0	1.0	0.0	0.0	0.0	1.0	0.0	0.406	1.0	1.0	0.0	0.682	0.0	0.019	0.324	-1.0	0.0	0.0	1.0	0.0	-1.0	0.0	0.753	0.0	0.0	1.0	1.0	1.0	0.256	1.0	1.0	1.0	1.0	0.435	0.75	-1.0	-1.0	-1.0	-1.0	-1.0	-1.0	-1.0	-1.0	-1.0	-1.0	-1.0	-1.0
gnl|Prokka|GCF_044361425.1_1|4382759|A	1.0	1.0	0.375	-1.0	-1.0	-1.0	-1.0	0.0	0.0	0.0	-1.0	-1.0	0.0	-1.0	-1.0	0.0	-1.0	1.0	0.667	0.0	0.0	0.0	0.0	-1.0	-1.0	-1.0	0.0	-1.0	0.0	-1.0	0.382	0.0	1.0	0.0	0.0	0.0	0.0	1.0	0.294	0.0	1.0	0.0	1.0	-1.0	0.948	0.0	-1.0	1.0	0.0	-1.0	-1.0	1.0	1.0	0.0	1.0	0.0	1.0	0.0	1.0	0.0	1.0	-1.0	0.0	0.0	-1.0	0.0	1.0	0.909	1.0	-1.0	0.0	-1.0	0.153	1.0	1.0	0.0	-1.0	0.48	-1.0	1.0	0.659	1.0	0.0	1.0	0.961	1.0	0.0	0.667	0.0	1.0	0.0	1.0	-1.0	1.0	1.0	0.0	0.551	-1.0	0.0	0.862	0.0	-1.0	0.0	-1.0	1.0	1.0	0.0	1.0	0.274	1.0	-1.0	0.0	0.0	0.61	-1.0	-1.0	-1.0	0.0	0.884	1.0	0.726	1.0	1.0	0.696	1.0	0.0	0.0	1.0	-1.0	0.0	-1.0	-1.0	0.0	0.0	0.0	1.0	0.0	0.0	1.0	0.844	1.0	0.0	1.0	-1.0	0.0	0.0	-1.0	1.0	0.0	0.0	0.0	1.0	0.0	0.379	-1.0	0.889	1.0	0.903	1.0	0.0	0.393	-1.0	-1.0	0.0	1.0	0.0	-1.0	1.0	0.662	0.0	0.0	0.0	0.946	1.0	1.0	1.0	1.0	1.0	0.0	0.241	0.0	-1.0	-1.0	-1.0	-1.0	-1.0	-1.0	-1.0	-1.0	-1.0	-1.0	-1.0	-1.0
gnl|Prokka|GCF_044361425.1_1|4389643|A	1.0	0.0	0.0	-1.0	-1.0	-1.0	-1.0	0.0	0.0	0.0	-1.0	-1.0	0.0	-1.0	-1.0	-1.0	1.0	-1.0	1.0	0.0	-1.0	1.0	0.769	-1.0	-1.0	0.75	1.0	-1.0	0.833	-1.0	1.0	1.0	-1.0	1.0	0.158	0.053	1.0	1.0	1.0	0.0	1.0	1.0	0.0	-1.0	1.0	-1.0	-1.0	0.0	1.0	-1.0	-1.0	0.0	0.909	0.0	1.0	0.0	1.0	0.0	1.0	0.0	1.0	-1.0	0.0	0.012	-1.0	0.0	0.0	0.934	0.075	-1.0	1.0	1.0	0.767	1.0	0.0	0.0	0.0	0.0	-1.0	0.039	0.0	1.0	1.0	0.0	0.127	0.0	1.0	0.6	1.0	0.0	0.0	0.0	-1.0	0.0	1.0	1.0	0.934	-1.0	0.0	0.37	1.0	-1.0	0.0	-1.0	1.0	0.0	1.0	1.0	0.241	1.0	-1.0	0.0	1.0	0.368	-1.0	-1.0	-1.0	0.85	0.062	0.013	1.0	0.16	0.15	0.664	1.0	0.0	0.0	0.0	-1.0	0.893	-1.0	-1.0	-1.0	0.0	1.0	0.0	1.0	0.0	0.769	0.875	0.02	1.0	0.0	1.0	0.0	0.0	-1.0	1.0	0.0	0.0	0.0	0.188	0.0	1.0	0.0	0.909	1.0	1.0	1.0	0.0	0.273	-1.0	-1.0	-1.0	0.0	1.0	-1.0	1.0	1.0	1.0	0.019	0.0	0.662	0.0	0.382	0.0	0.0	0.136	0.12	0.333	0.951	-1.0	-1.0	-1.0	-1.0	-1.0	-1.0	-1.0	-1.0	-1.0	-1.0	-1.0	-1.0
gnl|Prokka|GCF_044361425.1_1|4394360|G	0.0	1.0	0.0	-1.0	-1.0	-1.0	-1.0	1.0	-1.0	-1.0	-1.0	-1.0	1.0	-1.0	-1.0	0.0	0.0	1.0	1.0	0.0	-1.0	1.0	1.0	-1.0	-1.0	0.0	0.0	-1.0	0.0	-1.0	0.477	0.917	1.0	0.0	0.0	0.0	0.0	1.0	0.588	0.0	1.0	0.0	1.0	-1.0	1.0	-1.0	-1.0	1.0	0.0	-1.0	-1.0	0.174	1.0	0.0	0.0	0.0	1.0	1.0	0.0	0.0	1.0	-1.0	0.0	0.0	-1.0	1.0	0.0	0.0	1.0	0.4	0.0	-1.0	0.172	0.0	1.0	0.0	0.0	1.0	-1.0	0.0	0.0	1.0	1.0	-1.0	0.918	1.0	0.0	0.0	0.0	1.0	0.0	1.0	-1.0	0.0	1.0	0.0	0.6	-1.0	1.0	0.704	0.025	-1.0	1.0	-1.0	1.0	1.0	0.0	0.0	0.278	1.0	-1.0	0.0	1.0	0.0	-1.0	-1.0	-1.0	0.0	0.0	0.0	0.712	0.861	0.0	0.769	1.0	1.0	1.0	1.0	-1.0	0.0	1.0	-1.0	-1.0	0.0	1.0	1.0	0.0	0.0	1.0	0.9	1.0	0.0	0.0	0.0	1.0	1.0	-1.0	-1.0	0.053	0.0	0.0	1.0	-1.0	1.0	0.0	1.0	0.0	1.0	0.0	-1.0	0.769	-1.0	0.0	0.0	1.0	1.0	-1.0	1.0	0.581	0.0	0.0	1.0	1.0	0.0	0.317	1.0	0.0	0.0	1.0	0.0	0.0	-1.0	-1.0	-1.0	-1.0	-1.0	-1.0	-1.0	-1.0	-1.0	-1.0	-1.0	-1.0
gnl|Prokka|GCF_044361425.1_1|4409281|G	0.812	1.0	0.0	-1.0	-1.0	-1.0	-1.0	1.0	0.0	0.0	-1.0	-1.0	0.0	-1.0	-1.0	0.0	-1.0	1.0	0.0	0.0	-1.0	0.0	-1.0	-1.0	-1.0	0.545	1.0	-1.0	0.0	-1.0	0.429	0.164	1.0	0.0	0.0	1.0	1.0	1.0	1.0	1.0	0.0	1.0	0.0	-1.0	1.0	-1.0	-1.0	1.0	1.0	-1.0	-1.0	0.393	1.0	0.0	1.0	0.0	1.0	1.0	0.0	0.0	1.0	0.0	0.0	0.0	-1.0	1.0	0.0	0.0	1.0	1.0	1.0	-1.0	1.0	0.0	1.0	0.0	0.0	0.846	-1.0	0.0	0.0	0.0	0.0	1.0	0.964	1.0	1.0	0.0	1.0	0.0	0.0	1.0	-1.0	0.0	1.0	1.0	0.07	-1.0	0.0	1.0	1.0	-1.0	1.0	-1.0	1.0	1.0	1.0	1.0	0.0	0.0	-1.0	1.0	0.0	0.0	-1.0	-1.0	-1.0	1.0	0.115	0.0	0.314	1.0	0.0	0.088	1.0	0.0	1.0	1.0	-1.0	0.0	-1.0	-1.0	0.0	0.0	0.0	1.0	0.0	0.0	0.0	1.0	1.0	1.0	0.0	-1.0	1.0	1.0	-1.0	-1.0	0.0	0.0	0.0	-1.0	-1.0	0.311	0.0	0.0	0.0	0.767	0.0	0.0	1.0	-1.0	0.0	1.0	1.0	0.0	-1.0	1.0	0.342	1.0	0.0	1.0	0.337	0.0	0.0	1.0	0.0	0.0	0.0	0.0	0.0	-1.0	-1.0	-1.0	-1.0	-1.0	-1.0	-1.0	-1.0	-1.0	-1.0	-1.0	-1.0
gnl|Prokka|GCF_044361425.1_1|4450175|C	1.0	1.0	0.429	-1.0	-1.0	-1.0	-1.0	0.0	0.0	1.0	-1.0	-1.0	0.0	-1.0	-1.0	0.583	0.0	0.0	1.0	-1.0	-1.0	0.0	0.727	-1.0	-1.0	0.0	0.0	-1.0	0.0	-1.0	0.0	0.848	1.0	0.0	1.0	0.0	0.0	1.0	0.75	1.0	0.0	0.0	1.0	-1.0	0.0	0.0	-1.0	0.0	0.0	-1.0	-1.0	1.0	0.114	1.0	1.0	1.0	1.0	0.0	1.0	1.0	0.0	-1.0	1.0	0.0	-1.0	1.0	1.0	0.049	1.0	0.0	0.0	-1.0	0.0	1.0	1.0	1.0	0.0	0.276	-1.0	1.0	0.0	0.0	1.0	1.0	0.0	1.0	0.0	0.0	0.0	1.0	0.0	1.0	-1.0	1.0	1.0	0.0	0.551	-1.0	0.0	0.733	0.0	-1.0	0.0	-1.0	-1.0	0.0	0.0	1.0	0.671	0.0	-1.0	0.0	0.0	0.629	-1.0	-1.0	-1.0	0.143	0.938	0.0	0.441	1.0	1.0	0.738	0.0	0.0	0.0	0.0	-1.0	0.0	0.0	-1.0	0.0	1.0	0.75	0.0	0.0	0.0	0.667	0.882	1.0	0.0	1.0	0.0	1.0	0.0	-1.0	0.0	0.0	1.0	0.0	0.194	-1.0	1.0	1.0	0.0	0.0	0.0	0.0	0.0	0.0	-1.0	-1.0	0.467	0.0	0.0	-1.0	0.0	0.0	0.0	1.0	0.0	0.357	1.0	0.9	0.0	1.0	1.0	0.0	0.0	1.0	-1.0	-1.0	-1.0	-1.0	-1.0	-1.0	-1.0	-1.0	-1.0	-1.0	-1.0	-1.0
gnl|Prokka|GCF_044361425.1_1|4450262|T	1.0	1.0	0.429	-1.0	-1.0	-1.0	-1.0	0.0	0.0	1.0	-1.0	-1.0	0.0	-1.0	-1.0	1.0	0.0	-1.0	0.636	1.0	-1.0	0.0	-1.0	-1.0	-1.0	0.25	0.0	-1.0	0.0	-1.0	0.129	0.723	1.0	0.0	1.0	0.0	0.0	1.0	0.8	1.0	0.0	0.0	1.0	-1.0	0.0	0.0	-1.0	0.0	0.0	-1.0	-1.0	1.0	0.115	1.0	0.907	-1.0	1.0	0.0	1.0	1.0	0.0	-1.0	1.0	0.0	-1.0	1.0	1.0	0.029	1.0	0.0	0.0	0.0	0.0	1.0	1.0	1.0	0.0	0.172	-1.0	1.0	0.0	0.0	1.0	1.0	0.049	1.0	0.0	0.0	0.0	1.0	0.0	1.0	-1.0	1.0	1.0	0.0	1.0	-1.0	0.0	0.52	0.0	-1.0	-1.0	-1.0	1.0	0.0	0.0	1.0	0.738	0.0	-1.0	0.0	0.0	0.568	-1.0	-1.0	-1.0	1.0	0.905	0.0	0.393	0.8	1.0	0.682	0.0	0.0	0.0	0.0	-1.0	1.0	-1.0	-1.0	0.0	1.0	1.0	0.0	0.0	0.0	0.625	1.0	1.0	0.0	1.0	0.0	1.0	0.0	-1.0	0.0	0.0	1.0	0.0	0.3	-1.0	1.0	1.0	0.0	0.0	0.0	0.0	0.0	0.0	-1.0	0.0	0.571	0.0	0.0	-1.0	0.0	0.0	0.0	1.0	0.0	0.338	1.0	0.906	0.0	1.0	1.0	0.0	0.0	0.061	-1.0	-1.0	-1.0	-1.0	-1.0	-1.0	-1.0	-1.0	-1.0	-1.0	-1.0	-1.0
gnl|Prokka|GCF_044361425.1_1|4450278|A	1.0	1.0	0.429	-1.0	-1.0	-1.0	-1.0	0.0	0.0	1.0	-1.0	-1.0	0.0	-1.0	-1.0	1.0	-1.0	-1.0	0.667	1.0	-1.0	0.0	0.538	-1.0	-1.0	0.25	0.0	-1.0	-1.0	-1.0	0.13	0.739	1.0	0.0	1.0	0.0	0.0	1.0	0.75	1.0	0.0	0.0	1.0	-1.0	0.0	0.0	-1.0	0.0	0.0	-1.0	-1.0	1.0	0.192	1.0	0.909	1.0	1.0	0.0	0.0	1.0	0.0	-1.0	1.0	0.0	-1.0	0.304	1.0	0.028	1.0	-1.0	0.0	0.0	0.0	0.0	1.0	1.0	0.0	0.182	-1.0	1.0	0.0	0.0	1.0	1.0	0.045	1.0	0.0	0.0	0.0	1.0	0.0	1.0	-1.0	1.0	1.0	0.0	1.0	-1.0	0.0	0.593	0.0	-1.0	0.0	-1.0	1.0	0.0	0.0	1.0	0.77	0.0	-1.0	0.0	0.0	0.609	-1.0	-1.0	-1.0	1.0	0.941	0.0	0.419	0.857	1.0	0.697	0.079	0.0	0.0	0.0	-1.0	1.0	-1.0	-1.0	0.0	1.0	1.0	0.0	0.0	0.0	0.667	1.0	1.0	0.0	1.0	0.0	1.0	0.0	-1.0	0.0	0.0	1.0	0.0	0.321	1.0	1.0	1.0	0.0	0.0	0.0	0.0	0.0	0.0	-1.0	0.0	0.643	0.0	0.0	-1.0	0.0	0.0	0.0	1.0	0.0	0.356	1.0	0.912	0.0	1.0	1.0	0.0	0.0	1.0	-1.0	-1.0	-1.0	-1.0	-1.0	-1.0	-1.0	-1.0	-1.0	-1.0	-1.0	-1.0
gnl|Prokka|GCF_044361425.1_1|4469200|G	1.0	1.0	0.375	-1.0	-1.0	-1.0	-1.0	1.0	0.0	0.0	-1.0	-1.0	0.0	-1.0	-1.0	-1.0	-1.0	0.0	-1.0	0.0	-1.0	1.0	0.444	-1.0	-1.0	0.0	0.0	-1.0	0.462	-1.0	1.0	0.0	1.0	0.0	0.227	0.97	1.0	1.0	0.706	1.0	0.1	1.0	0.0	-1.0	0.0	-1.0	-1.0	0.0	1.0	-1.0	-1.0	0.333	0.114	0.0	1.0	-1.0	1.0	0.0	1.0	0.0	0.0	0.0	0.0	0.0	-1.0	1.0	0.0	0.917	0.0	0.571	0.0	0.0	0.189	-1.0	1.0	0.0	-1.0	0.667	-1.0	1.0	0.0	0.0	0.0	-1.0	0.052	1.0	1.0	0.0	0.0	0.0	1.0	1.0	-1.0	1.0	1.0	1.0	1.0	-1.0	0.0	0.617	0.038	-1.0	1.0	-1.0	1.0	0.0	1.0	1.0	0.284	0.0	-1.0	1.0	0.0	0.312	-1.0	-1.0	-1.0	1.0	0.925	1.0	0.8	0.739	0.0	0.737	0.0	0.0	1.0	1.0	-1.0	0.545	0.0	-1.0	0.0	0.0	0.0	1.0	0.0	0.0	1.0	1.0	1.0	0.0	1.0	1.0	1.0	1.0	-1.0	1.0	0.0	0.0	0.0	0.542	0.625	0.367	0.0	1.0	1.0	-1.0	0.0	0.0	0.0	-1.0	0.0	0.562	0.0	0.0	-1.0	0.0	1.0	1.0	0.0	0.0	1.0	1.0	0.246	1.0	1.0	1.0	0.0	0.0	-1.0	-1.0	-1.0	-1.0	-1.0	-1.0	-1.0	-1.0	-1.0	-1.0	-1.0	-1.0	-1.0
gnl|Prokka|GCF_044361425.1_1|4503054|T	0.842	0.0	0.467	-1.0	-1.0	-1.0	-1.0	0.0	0.0	0.0	-1.0	-1.0	0.0	-1.0	-1.0	0.0	-1.0	0.0	1.0	0.0	-1.0	1.0	-1.0	-1.0	-1.0	0.364	1.0	-1.0	-1.0	-1.0	0.589	0.0	1.0	1.0	0.193	1.0	1.0	1.0	1.0	1.0	0.0	1.0	1.0	-1.0	0.062	-1.0	-1.0	1.0	1.0	-1.0	-1.0	0.435	0.0	0.0	1.0	0.0	1.0	0.0	1.0	0.0	0.0	-1.0	0.0	0.0	-1.0	0.0	0.0	0.883	1.0	0.692	1.0	-1.0	1.0	1.0	1.0	0.0	0.0	0.0	-1.0	1.0	0.614	1.0	0.0	1.0	0.104	0.0	0.0	0.0	1.0	1.0	0.0	1.0	-1.0	0.9	1.0	1.0	1.0	-1.0	0.0	1.0	0.975	-1.0	0.0	-1.0	1.0	1.0	1.0	1.0	0.0	0.0	-1.0	0.0	0.0	0.262	-1.0	-1.0	-1.0	1.0	1.0	0.0	0.8	0.133	0.136	0.686	0.0	0.0	0.727	0.0	-1.0	0.842	1.0	-1.0	-1.0	0.0	0.0	0.0	1.0	0.0	1.0	1.0	1.0	1.0	1.0	1.0	1.0	0.0	-1.0	0.0	0.0	0.0	0.0	0.533	0.0	0.337	0.0	0.583	1.0	0.129	0.0	0.0	0.286	-1.0	0.0	1.0	0.0	1.0	-1.0	0.0	0.357	1.0	0.0	1.0	0.279	1.0	0.298	1.0	1.0	1.0	0.0	0.0	0.0	-1.0	-1.0	-1.0	-1.0	-1.0	-1.0	-1.0	-1.0	-1.0	-1.0	-1.0	-1.0
gnl|Prokka|GCF_044361425.1_1|4503113|T	1.0	0.0	0.467	-1.0	-1.0	-1.0	-1.0	0.0	0.0	0.0	-1.0	-1.0	0.0	-1.0	-1.0	0.0	-1.0	0.0	1.0	0.0	-1.0	1.0	1.0	-1.0	-1.0	0.364	1.0	-1.0	-1.0	-1.0	0.527	0.0	1.0	1.0	0.0	1.0	1.0	1.0	1.0	1.0	0.0	1.0	1.0	-1.0	0.051	-1.0	-1.0	1.0	1.0	-1.0	-1.0	0.364	0.0	0.0	1.0	0.0	1.0	0.0	1.0	0.0	0.0	-1.0	0.0	0.0	-1.0	0.0	0.0	0.884	1.0	0.636	1.0	-1.0	1.0	1.0	1.0	0.0	-1.0	0.0	-1.0	1.0	0.0	1.0	0.0	1.0	0.141	0.0	0.0	0.0	1.0	1.0	0.0	1.0	-1.0	1.0	1.0	1.0	0.566	-1.0	0.0	1.0	1.0	-1.0	0.0	-1.0	1.0	1.0	1.0	1.0	0.0	0.0	-1.0	0.0	0.0	0.0	-1.0	-1.0	-1.0	0.0	1.0	0.0	0.758	0.222	0.0	0.667	0.0	0.0	1.0	0.0	-1.0	0.0	0.556	-1.0	-1.0	0.0	0.0	0.0	1.0	0.0	1.0	1.0	1.0	1.0	1.0	0.0	1.0	0.0	-1.0	0.0	0.0	0.0	0.0	0.615	0.0	0.412	0.0	0.619	1.0	0.0	0.0	0.0	0.333	-1.0	0.0	1.0	0.429	1.0	-1.0	0.0	0.347	1.0	0.0	1.0	0.284	1.0	0.321	1.0	1.0	1.0	0.0	0.0	0.0	-1.0	-1.0	-1.0	-1.0	-1.0	-1.0	-1.0	-1.0	-1.0	-1.0	-1.0	-1.0
gnl|Prokka|GCF_044361425.1_1|4503127|A	1.0	0.0	-1.0	-1.0	-1.0	-1.0	-1.0	0.0	0.0	0.0	-1.0	-1.0	0.0	-1.0	-1.0	0.0	-1.0	0.0	1.0	0.0	-1.0	1.0	1.0	-1.0	-1.0	0.364	1.0	-1.0	-1.0	-1.0	0.567	0.0	1.0	1.0	0.0	0.017	1.0	1.0	1.0	1.0	0.0	1.0	1.0	-1.0	0.052	-1.0	-1.0	0.0	1.0	-1.0	-1.0	0.32	0.075	0.0	1.0	0.0	1.0	0.0	1.0	0.0	0.0	-1.0	0.0	0.0	-1.0	0.0	0.0	0.879	1.0	0.333	1.0	-1.0	0.826	1.0	1.0	0.0	-1.0	0.0	-1.0	1.0	0.642	1.0	0.0	1.0	0.125	0.0	0.0	0.0	1.0	1.0	0.0	1.0	-1.0	1.0	1.0	1.0	1.0	-1.0	0.0	1.0	1.0	-1.0	0.0	-1.0	1.0	0.0	1.0	1.0	0.0	0.0	-1.0	0.0	0.0	0.0	-1.0	-1.0	-1.0	1.0	1.0	0.0	0.773	0.222	0.0	0.648	0.0	0.0	1.0	0.0	-1.0	0.739	1.0	-1.0	-1.0	0.0	0.0	0.0	1.0	0.0	1.0	0.889	1.0	1.0	1.0	1.0	1.0	0.0	-1.0	0.0	0.0	0.0	0.0	0.615	0.0	0.354	0.0	0.737	1.0	0.0	0.0	0.0	0.308	-1.0	0.0	1.0	-1.0	1.0	-1.0	0.0	0.353	1.0	0.0	1.0	0.28	1.0	0.393	1.0	1.0	1.0	0.0	0.0	0.0	-1.0	-1.0	-1.0	-1.0	-1.0	-1.0	-1.0	-1.0	-1.0	-1.0	-1.0	-1.0
gnl|Prokka|GCF_044361425.1_1|4515729|T	1.0	1.0	0.538	-1.0	-1.0	-1.0	-1.0	1.0	0.0	1.0	-1.0	-1.0	0.0	-1.0	-1.0	1.0	-1.0	0.0	1.0	-1.0	-1.0	1.0	1.0	-1.0	-1.0	-1.0	0.0	-1.0	1.0	-1.0	0.606	0.0	0.0	1.0	0.939	0.035	0.0	1.0	0.217	0.0	0.174	0.0	1.0	-1.0	0.075	-1.0	-1.0	0.0	0.0	-1.0	-1.0	0.6	0.0	0.0	1.0	-1.0	0.0	0.0	0.0	0.0	0.0	0.0	0.0	0.0	-1.0	0.808	1.0	1.0	0.0	1.0	1.0	1.0	0.787	0.0	0.0	0.0	1.0	1.0	-1.0	0.0	0.667	1.0	0.0	-1.0	1.0	0.0	1.0	0.0	0.917	1.0	0.0	0.0	-1.0	0.0	0.0	0.0	0.483	-1.0	0.0	0.352	1.0	-1.0	1.0	-1.0	0.0	0.0	0.0	1.0	1.0	0.0	-1.0	1.0	1.0	0.634	-1.0	-1.0	-1.0	0.0	0.0	1.0	1.0	0.206	1.0	0.727	1.0	0.0	1.0	1.0	-1.0	0.84	1.0	-1.0	0.0	1.0	0.0	1.0	1.0	0.0	1.0	1.0	0.0	1.0	0.0	1.0	0.0	1.0	-1.0	1.0	1.0	1.0	0.0	0.0	0.0	0.086	0.0	1.0	1.0	0.7	0.0	0.0	0.0	-1.0	0.0	0.32	1.0	1.0	-1.0	0.0	0.711	0.0	1.0	1.0	0.516	0.0	1.0	0.0	0.0	0.0	0.0	0.0	1.0	-1.0	-1.0	-1.0	-1.0	-1.0	-1.0	-1.0	-1.0	-1.0	-1.0	-1.0	-1.0
gnl|Prokka|GCF_044361425.1_1|4517028|A	1.0	0.0	0.75	-1.0	-1.0	-1.0	-1.0	0.0	0.0	1.0	-1.0	-1.0	0.0	-1.0	-1.0	1.0	-1.0	0.0	1.0	-1.0	-1.0	1.0	0.333	-1.0	-1.0	0.182	1.0	-1.0	-1.0	-1.0	1.0	0.118	1.0	1.0	0.0	0.982	1.0	1.0	0.565	1.0	0.0	1.0	1.0	-1.0	0.0	0.0	-1.0	1.0	1.0	-1.0	-1.0	1.0	0.083	0.0	1.0	0.0	1.0	0.0	0.0	0.0	0.0	0.0	0.0	0.0	-1.0	1.0	1.0	0.0	1.0	-1.0	0.0	1.0	0.219	0.0	1.0	0.0	-1.0	0.545	-1.0	0.0	0.0	0.0	0.0	1.0	0.039	1.0	0.0	0.0	0.0	1.0	1.0	1.0	-1.0	0.0	0.7	1.0	0.927	-1.0	0.0	0.625	0.0	-1.0	0.0	-1.0	1.0	1.0	1.0	1.0	0.0	1.0	-1.0	1.0	0.0	1.0	-1.0	-1.0	-1.0	1.0	0.066	0.0	0.797	0.692	1.0	0.673	1.0	0.0	0.0	1.0	-1.0	0.722	-1.0	-1.0	-1.0	0.0	0.222	0.0	1.0	0.0	1.0	0.068	1.0	0.0	0.0	-1.0	1.0	0.0	-1.0	0.0	0.04	1.0	0.0	0.75	0.643	0.421	0.211	0.083	0.0	1.0	0.0	0.0	0.0	-1.0	0.0	0.444	0.0	1.0	-1.0	0.0	1.0	1.0	1.0	1.0	1.0	0.0	1.0	1.0	0.0	0.0	0.0	0.0	1.0	-1.0	-1.0	-1.0	-1.0	-1.0	-1.0	-1.0	-1.0	-1.0	-1.0	-1.0	-1.0
gnl|Prokka|GCF_044361425.1_1|4565133|G	1.0	0.0	1.0	-1.0	-1.0	-1.0	-1.0	0.0	-1.0	1.0	-1.0	-1.0	0.0	-1.0	-1.0	1.0	-1.0	0.75	1.0	1.0	-1.0	1.0	1.0	-1.0	-1.0	-1.0	0.0	-1.0	0.0	-1.0	0.403	0.0	1.0	0.0	1.0	0.973	0.0	0.0	0.0	1.0	0.152	0.0	0.0	-1.0	1.0	0.0	-1.0	0.0	0.0	-1.0	-1.0	1.0	1.0	0.0	1.0	0.0	0.0	0.0	0.0	0.0	1.0	-1.0	1.0	0.0	-1.0	0.143	1.0	0.068	1.0	-1.0	0.0	-1.0	0.161	0.0	1.0	0.0	-1.0	0.261	-1.0	1.0	0.0	0.0	0.0	-1.0	0.06	1.0	0.0	0.0	0.0	0.0	0.0	1.0	-1.0	1.0	0.0	0.0	0.518	-1.0	1.0	0.775	0.0	-1.0	0.0	-1.0	0.0	0.0	0.0	1.0	1.0	0.0	-1.0	0.0	0.0	0.385	-1.0	-1.0	-1.0	0.0	0.938	0.008	0.714	0.821	1.0	0.65	0.0	0.0	0.346	0.0	-1.0	0.0	-1.0	-1.0	-1.0	0.0	0.0	0.0	0.0	0.0	1.0	0.0	1.0	0.0	1.0	0.0	0.0	0.0	-1.0	0.0	1.0	1.0	0.0	1.0	1.0	0.0	0.0	1.0	0.0	0.783	0.0	0.0	0.0	-1.0	0.417	0.385	0.0	1.0	-1.0	1.0	0.705	0.0	1.0	0.0	0.963	1.0	1.0	1.0	1.0	1.0	0.064	0.0	0.129	-1.0	-1.0	-1.0	-1.0	-1.0	-1.0	-1.0	-1.0	-1.0	-1.0	-1.0	-1.0
gnl|Prokka|GCF_044361425.1_1|4565151|T	1.0	0.0	1.0	-1.0	-1.0	-1.0	-1.0	0.0	-1.0	1.0	-1.0	-1.0	0.0	-1.0	-1.0	1.0	-1.0	0.727	1.0	1.0	-1.0	1.0	1.0	-1.0	-1.0	-1.0	0.0	-1.0	0.0	-1.0	0.447	0.0	1.0	0.0	1.0	0.974	0.0	0.0	0.0	1.0	1.0	0.0	0.0	-1.0	1.0	0.25	-1.0	0.0	0.0	-1.0	-1.0	1.0	1.0	0.0	1.0	-1.0	0.0	0.0	0.0	0.0	1.0	-1.0	1.0	0.0	-1.0	0.211	1.0	0.07	1.0	0.571	0.0	-1.0	0.202	0.0	1.0	0.0	-1.0	0.28	-1.0	1.0	0.0	0.0	0.0	-1.0	0.057	1.0	0.0	0.0	0.0	0.0	0.0	1.0	-1.0	1.0	0.0	0.0	0.519	-1.0	1.0	0.805	0.0	-1.0	0.0	-1.0	0.0	0.0	0.0	1.0	1.0	0.0	-1.0	0.0	0.0	0.391	-1.0	-1.0	-1.0	0.24	0.937	0.0	0.732	0.833	1.0	0.653	0.0	0.0	0.321	0.0	-1.0	0.0	-1.0	-1.0	0.6	0.0	0.0	0.0	0.0	0.0	1.0	0.0	1.0	0.0	1.0	0.0	0.0	0.0	-1.0	1.0	1.0	1.0	0.0	1.0	-1.0	0.0	0.0	1.0	0.0	0.75	0.0	0.0	0.0	-1.0	0.333	0.462	0.0	1.0	-1.0	1.0	0.721	0.0	1.0	0.0	0.965	1.0	1.0	1.0	1.0	1.0	0.0	0.0	1.0	-1.0	-1.0	-1.0	-1.0	-1.0	-1.0	-1.0	-1.0	-1.0	-1.0	-1.0	-1.0
gnl|Prokka|GCF_044361425.1_1|4565460|C	1.0	0.0	1.0	-1.0	-1.0	-1.0	-1.0	1.0	0.0	0.0	-1.0	-1.0	1.0	-1.0	-1.0	0.0	-1.0	0.0	1.0	-1.0	-1.0	0.0	0.615	-1.0	-1.0	0.0	0.0	-1.0	0.0	-1.0	0.319	0.0	0.333	0.0	0.897	0.0	0.0	1.0	0.0	0.071	0.175	0.0	1.0	-1.0	0.0	-1.0	-1.0	0.0	0.0	-1.0	-1.0	0.679	0.0	0.0	1.0	-1.0	0.0	0.0	0.0	0.0	0.0	-1.0	1.0	0.0	-1.0	0.0	1.0	1.0	0.0	1.0	0.0	0.0	0.233	0.0	0.0	1.0	-1.0	1.0	-1.0	1.0	0.0	0.0	0.0	-1.0	0.07	0.0	1.0	0.0	0.0	1.0	1.0	0.0	-1.0	1.0	0.125	0.0	0.462	-1.0	0.0	0.0	0.032	-1.0	1.0	-1.0	0.0	0.0	0.0	1.0	1.0	1.0	-1.0	1.0	1.0	1.0	-1.0	-1.0	-1.0	0.0	0.915	0.0	0.667	0.0	1.0	0.762	1.0	0.0	1.0	0.0	-1.0	0.0	-1.0	-1.0	0.0	0.0	0.0	0.0	0.0	0.0	1.0	0.0	0.0	0.0	1.0	0.0	0.0	1.0	-1.0	0.0	1.0	0.0	1.0	0.0	1.0	0.0	1.0	1.0	1.0	0.879	0.0	0.0	1.0	-1.0	-1.0	0.0	0.0	0.0	-1.0	0.0	0.595	0.0	0.0	1.0	0.694	1.0	1.0	0.0	1.0	1.0	0.0	1.0	0.157	-1.0	-1.0	-1.0	-1.0	-1.0	-1.0	-1.0	-1.0	-1.0	-1.0	-1.0	-1.0
gnl|Prokka|GCF_044361425.1_1|4569000|A	0.0	1.0	0.471	-1.0	-1.0	-1.0	-1.0	0.0	0.0	1.0	-1.0	-1.0	0.0	-1.0	-1.0	1.0	0.0	1.0	0.0	1.0	0.0	0.0	-1.0	-1.0	-1.0	0.0	1.0	-1.0	0.231	-1.0	0.855	0.065	1.0	0.0	0.922	0.981	1.0	1.0	0.533	0.0	0.116	1.0	0.0	-1.0	0.0	-1.0	-1.0	0.0	1.0	-1.0	-1.0	1.0	0.0	0.0	0.0	-1.0	1.0	1.0	0.0	0.0	0.0	0.0	1.0	0.0	-1.0	0.217	1.0	0.047	0.0	0.636	0.0	-1.0	0.194	0.0	0.0	0.0	-1.0	0.172	-1.0	1.0	0.0	0.0	0.0	0.0	0.0	-1.0	0.0	0.0	0.0	0.0	0.0	1.0	-1.0	0.103	1.0	1.0	0.067	-1.0	0.0	0.824	0.0	-1.0	0.0	-1.0	1.0	-1.0	1.0	0.0	1.0	1.0	-1.0	0.0	0.0	0.6	-1.0	-1.0	-1.0	0.217	1.0	0.008	0.344	0.75	1.0	0.0	1.0	1.0	0.0	0.0	-1.0	1.0	-1.0	-1.0	-1.0	0.0	0.0	0.0	0.0	0.0	0.0	0.0	1.0	0.0	1.0	0.0	0.0	0.0	-1.0	0.0	1.0	1.0	1.0	1.0	1.0	0.356	0.0	0.722	0.0	1.0	0.0	0.0	1.0	-1.0	0.0	0.667	0.0	0.0	-1.0	0.0	1.0	1.0	1.0	0.0	0.959	1.0	0.686	0.0	1.0	1.0	0.927	0.783	1.0	-1.0	-1.0	-1.0	-1.0	-1.0	-1.0	-1.0	-1.0	-1.0	-1.0	-1.0	-1.0
gnl|Prokka|GCF_044361425.1_1|4653623|C	1.0	1.0	-1.0	-1.0	-1.0	-1.0	-1.0	1.0	1.0	1.0	-1.0	-1.0	0.0	-1.0	-1.0	1.0	1.0	1.0	1.0	1.0	-1.0	0.0	-1.0	-1.0	-1.0	0.0	0.0	-1.0	0.0	-1.0	0.784	0.182	0.273	1.0	1.0	1.0	1.0	1.0	-1.0	0.0	0.171	1.0	0.0	-1.0	0.0	1.0	-1.0	0.0	1.0	-1.0	-1.0	0.216	0.0	0.0	0.946	-1.0	1.0	0.0	0.0	1.0	0.0	-1.0	1.0	1.0	-1.0	0.0	0.0	0.124	1.0	0.0	0.0	0.0	0.0	0.0	1.0	0.0	-1.0	0.0	-1.0	0.0	0.333	0.0	0.0	1.0	0.968	0.0	1.0	1.0	0.0	0.0	0.0	1.0	-1.0	0.0	1.0	1.0	0.506	-1.0	0.0	0.0	0.0	-1.0	0.0	-1.0	1.0	-1.0	1.0	1.0	1.0	1.0	-1.0	0.0	1.0	0.0	-1.0	-1.0	-1.0	0.0	0.08	0.0	0.884	0.0	0.0	0.907	1.0	0.0	0.0	1.0	-1.0	0.15	0.0	-1.0	-1.0	0.0	0.0	1.0	1.0	1.0	0.583	1.0	1.0	0.0	0.0	0.0	0.0	0.0	-1.0	0.0	1.0	1.0	0.0	0.778	0.7	0.632	0.0	1.0	0.0	0.333	1.0	0.0	0.417	-1.0	1.0	0.0	1.0	0.0	-1.0	0.0	1.0	1.0	1.0	1.0	0.766	0.0	0.237	1.0	0.0	0.0	0.0	0.0	0.079	-1.0	-1.0	-1.0	-1.0	-1.0	-1.0	-1.0	-1.0	-1.0	-1.0	-1.0	-1.0
gnl|Prokka|GCF_044361425.1_1|4657415|T	0.0	0.0	0.571	-1.0	-1.0	-1.0	-1.0	1.0	1.0	0.0	-1.0	-1.0	0.0	-1.0	-1.0	0.833	-1.0	-1.0	0.375	1.0	-1.0	1.0	-1.0	-1.0	-1.0	0.444	0.0	-1.0	0.0	-1.0	0.928	0.088	0.375	0.0	0.872	0.0	1.0	0.0	0.588	0.0	0.1	1.0	1.0	-1.0	1.0	1.0	-1.0	1.0	1.0	-1.0	-1.0	0.241	0.943	1.0	0.0	-1.0	1.0	0.0	0.0	1.0	1.0	1.0	1.0	1.0	-1.0	0.0	1.0	1.0	0.0	0.0	0.0	0.0	0.0	0.0	-1.0	0.889	-1.0	1.0	-1.0	0.0	0.595	1.0	0.0	0.0	0.0	0.0	0.0	0.333	0.0	1.0	0.0	1.0	-1.0	0.0	1.0	1.0	0.0	-1.0	1.0	0.0	0.029	-1.0	1.0	-1.0	1.0	1.0	1.0	0.0	1.0	1.0	-1.0	0.267	0.0	0.667	-1.0	-1.0	-1.0	0.0	0.103	1.0	0.273	0.0	1.0	0.339	1.0	1.0	0.0	0.0	-1.0	0.0	-1.0	-1.0	-1.0	0.0	0.0	0.0	0.0	1.0	0.308	0.0	1.0	0.0	0.0	0.0	0.0	1.0	-1.0	1.0	1.0	1.0	0.0	0.0	0.0	0.359	1.0	0.0	1.0	0.606	0.0	0.0	0.0	-1.0	1.0	0.0	1.0	1.0	-1.0	1.0	1.0	1.0	1.0	0.0	0.676	0.0	0.722	0.0	0.0	0.0	1.0	0.273	1.0	-1.0	-1.0	-1.0	-1.0	-1.0	-1.0	-1.0	-1.0	-1.0	-1.0	-1.0	-1.0
gnl|Prokka|GCF_044361425.1_1|4693430|C	0.429	0.0	0.625	-1.0	-1.0	-1.0	-1.0	0.0	0.0	0.0	-1.0	-1.0	0.0	-1.0	-1.0	0.0	-1.0	1.0	0.667	0.0	-1.0	0.0	1.0	-1.0	-1.0	-1.0	0.0	-1.0	0.0	-1.0	0.381	0.0	0.0	1.0	0.0	0.039	1.0	0.0	0.308	0.0	1.0	0.0	0.0	-1.0	1.0	-1.0	-1.0	0.0	0.0	-1.0	-1.0	0.0	1.0	0.0	1.0	0.0	0.0	1.0	1.0	0.0	1.0	-1.0	0.0	0.0	-1.0	0.667	0.0	0.875	0.0	0.667	1.0	1.0	0.862	1.0	0.0	0.0	-1.0	0.0	-1.0	0.0	0.0	0.0	0.0	0.0	1.0	0.0	1.0	0.0	1.0	0.0	1.0	0.0	-1.0	0.0	0.0	0.0	0.309	-1.0	1.0	0.3	0.971	-1.0	0.0	-1.0	0.0	0.0	0.0	1.0	0.196	1.0	-1.0	1.0	0.0	0.581	-1.0	-1.0	-1.0	0.0	0.0	1.0	1.0	0.179	0.0	0.555	1.0	0.0	0.789	1.0	-1.0	0.0	1.0	-1.0	-1.0	0.0	0.0	1.0	1.0	0.0	1.0	0.0	1.0	1.0	0.0	0.0	0.0	0.0	-1.0	0.0	0.0	0.0	0.0	0.417	0.0	0.0	0.0	0.69	1.0	0.375	0.0	0.0	0.556	-1.0	-1.0	0.0	1.0	0.0	-1.0	1.0	0.628	0.0	0.0	0.0	0.658	0.0	0.239	0.0	0.0	0.0	0.0	0.15	-1.0	-1.0	-1.0	-1.0	-1.0	-1.0	-1.0	-1.0	-1.0	-1.0	-1.0	-1.0	-1.0
gnl|Prokka|GCF_044361425.1_1|4703875|A	1.0	0.0	1.0	-1.0	-1.0	-1.0	-1.0	0.0	-1.0	1.0	-1.0	-1.0	0.0	-1.0	-1.0	1.0	-1.0	-1.0	1.0	0.0	-1.0	1.0	-1.0	-1.0	-1.0	-1.0	0.0	-1.0	-1.0	-1.0	0.424	0.0	0.0	1.0	0.093	0.0	0.0	1.0	0.421	1.0	1.0	0.0	1.0	-1.0	0.0	-1.0	-1.0	0.0	0.0	-1.0	-1.0	0.0	0.047	0.0	0.957	0.0	0.0	0.0	1.0	0.0	0.0	1.0	0.0	0.0	-1.0	1.0	0.0	0.0	0.0	0.625	1.0	1.0	0.713	1.0	-1.0	0.0	0.0	0.0	-1.0	1.0	0.0	0.0	0.0	0.0	0.132	0.0	0.0	-1.0	1.0	1.0	0.0	0.0	-1.0	0.881	0.0	0.0	0.922	-1.0	0.0	0.255	1.0	-1.0	0.0	-1.0	0.0	0.0	0.0	1.0	0.212	1.0	-1.0	1.0	1.0	0.491	-1.0	-1.0	-1.0	1.0	0.922	1.0	1.0	0.235	0.0	0.627	-1.0	1.0	1.0	0.0	-1.0	0.864	0.636	-1.0	0.0	1.0	0.0	0.0	0.882	0.0	0.692	0.091	0.0	1.0	1.0	0.0	0.0	0.0	-1.0	1.0	0.0	1.0	1.0	0.0	1.0	0.0	0.0	1.0	0.0	-1.0	0.0	0.0	0.0	-1.0	0.0	1.0	0.0	1.0	-1.0	0.0	0.714	0.0	1.0	1.0	0.662	1.0	0.217	0.0	1.0	1.0	1.0	0.0	0.0	-1.0	-1.0	-1.0	-1.0	-1.0	-1.0	-1.0	-1.0	-1.0	-1.0	-1.0	-1.0
gnl|Prokka|GCF_044361425.1_1|4704111|G	1.0	0.0	0.667	-1.0	-1.0	-1.0	-1.0	0.0	-1.0	1.0	-1.0	-1.0	0.0	-1.0	-1.0	1.0	0.0	-1.0	0.8	0.0	-1.0	0.0	0.0	-1.0	-1.0	-1.0	0.0	-1.0	0.4	-1.0	0.483	0.0	0.0	1.0	0.115	0.023	0.0	1.0	0.412	1.0	0.069	0.0	1.0	-1.0	0.0	-1.0	-1.0	0.0	0.0	-1.0	-1.0	0.0	0.0	0.0	1.0	0.0	0.0	0.0	0.0	0.0	0.0	0.0	0.0	0.0	-1.0	0.25	0.0	0.0	0.0	0.364	1.0	1.0	0.839	0.0	0.0	0.0	0.0	0.0	-1.0	1.0	0.0	0.0	0.0	0.0	0.109	0.0	0.0	0.0	1.0	1.0	0.0	0.0	-1.0	0.7	0.0	0.0	0.917	-1.0	0.0	0.25	1.0	-1.0	0.0	-1.0	0.0	0.0	0.0	1.0	0.184	1.0	-1.0	-1.0	0.0	0.49	-1.0	-1.0	-1.0	1.0	0.899	1.0	1.0	0.176	0.0	0.529	-1.0	1.0	-1.0	0.0	-1.0	0.75	0.0	-1.0	0.0	1.0	0.0	0.0	-1.0	0.0	0.562	0.158	0.0	1.0	1.0	0.0	0.0	0.0	-1.0	0.0	0.0	1.0	0.0	0.0	1.0	0.0	-1.0	1.0	0.0	0.333	0.0	0.0	0.333	-1.0	0.0	1.0	0.0	0.0	-1.0	0.0	0.691	0.0	1.0	1.0	0.628	1.0	0.109	0.0	1.0	1.0	1.0	0.0	-1.0	-1.0	-1.0	-1.0	-1.0	-1.0	-1.0	-1.0	-1.0	-1.0	-1.0	-1.0	-1.0
gnl|Prokka|GCF_018279895.1_1|693469|A	-1.0	1.0	-1.0	0.0	-1.0	0.0	-1.0	1.0	-1.0	-1.0	0.0	-1.0	-1.0	-1.0	-1.0	0.0	-1.0	0.0	0.0	-1.0	-1.0	1.0	-1.0	-1.0	-1.0	-1.0	1.0	-1.0	-1.0	-1.0	1.0	0.25	0.885	-1.0	1.0	-1.0	0.0	-1.0	0.0	1.0	0.0	0.0	-1.0	-1.0	1.0	0.727	-1.0	0.0	1.0	-1.0	1.0	0.0	-1.0	1.0	1.0	1.0	1.0	0.0	1.0	0.0	0.0	-1.0	0.316	1.0	1.0	0.0	1.0	0.0	0.0	-1.0	0.419	0.0	1.0	1.0	1.0	1.0	-1.0	0.0	0.545	1.0	-1.0	-1.0	0.476	1.0	1.0	0.87	0.0	1.0	0.667	1.0	0.0	1.0	0.0	-1.0	1.0	-1.0	1.0	-1.0	1.0	0.0	0.0	-1.0	1.0	0.192	-1.0	0.0	1.0	0.0	-1.0	0.0	1.0	1.0	0.0	0.364	-1.0	-1.0	-1.0	0.333	0.0	1.0	1.0	-1.0	-1.0	0.625	1.0	-1.0	-1.0	-1.0	-1.0	-1.0	-1.0	-1.0	-1.0	-1.0	-1.0	0.0	1.0	0.0	0.0	0.0	1.0	0.0	0.0	0.0	0.0	0.0	0.0	1.0	-1.0	-1.0	0.0	-1.0	-1.0	-1.0	0.0	0.0	0.0	-1.0	1.0	-1.0	-1.0	-1.0	0.0	-1.0	-1.0	0.0	-1.0	1.0	0.0	-1.0	-1.0	0.136	0.0	1.0	1.0	0.0	1.0	0.0	1.0	0.0	1.0	0.0	0.0	-1.0	-1.0	-1.0	0.0	1.0	-1.0	-1.0	-1.0	1.0	-1.0
gnl|Prokka|GCF_018279895.1_1|752622|G	0.0	0.815	1.0	-1.0	-1.0	1.0	-1.0	1.0	-1.0	-1.0	0.0	-1.0	0.0	-1.0	-1.0	0.0	-1.0	0.0	0.0	-1.0	-1.0	1.0	-1.0	-1.0	-1.0	-1.0	0.0	-1.0	-1.0	-1.0	1.0	0.375	0.08	-1.0	1.0	-1.0	1.0	-1.0	0.0	0.0	0.0	1.0	-1.0	-1.0	1.0	0.0	-1.0	0.0	0.0	-1.0	1.0	0.0	-1.0	1.0	1.0	1.0	1.0	1.0	1.0	1.0	0.0	-1.0	0.0	1.0	1.0	0.0	1.0	0.628	0.0	0.0	0.389	-1.0	1.0	1.0	1.0	1.0	-1.0	0.0	0.0	-1.0	0.0	-1.0	0.593	0.0	1.0	1.0	0.0	1.0	1.0	0.0	0.0	1.0	1.0	1.0	1.0	-1.0	1.0	-1.0	0.0	1.0	0.0	-1.0	1.0	0.0	-1.0	1.0	1.0	0.0	-1.0	0.0	0.0	0.0	1.0	-1.0	-1.0	-1.0	-1.0	0.0	0.0	0.0	1.0	1.0	-1.0	0.0	0.109	-1.0	-1.0	-1.0	-1.0	0.0	-1.0	-1.0	-1.0	-1.0	-1.0	0.0	-1.0	1.0	-1.0	0.0	0.0	-1.0	1.0	-1.0	0.0	1.0	0.0	0.0	1.0	-1.0	0.0	0.467	-1.0	1.0	-1.0	0.0	-1.0	-1.0	0.0	-1.0	-1.0	-1.0	-1.0	-1.0	-1.0	0.0	-1.0	0.0	0.0	-1.0	-1.0	1.0	0.0	0.0	0.0	0.0	1.0	0.0	1.0	0.0	1.0	1.0	1.0	-1.0	-1.0	-1.0	0.0	1.0	-1.0	-1.0	-1.0	0.0	-1.0
gnl|Prokka|GCF_018279895.1_1|869988|C	0.0	1.0	-1.0	0.0	-1.0	-1.0	-1.0	0.879	-1.0	-1.0	0.0	-1.0	-1.0	-1.0	-1.0	0.0	-1.0	-1.0	0.0	-1.0	-1.0	1.0	-1.0	-1.0	-1.0	-1.0	1.0	-1.0	-1.0	-1.0	1.0	0.333	0.0	-1.0	1.0	-1.0	0.0	0.0	-1.0	0.0	0.0	0.0	-1.0	-1.0	1.0	-1.0	-1.0	0.0	0.0	-1.0	1.0	0.0	-1.0	1.0	0.0	0.0	1.0	1.0	1.0	0.0	0.0	-1.0	0.333	1.0	0.0	0.0	1.0	0.0	0.0	0.0	1.0	0.0	1.0	1.0	1.0	1.0	-1.0	1.0	0.0	1.0	0.0	-1.0	0.68	0.0	1.0	1.0	0.0	1.0	-1.0	1.0	0.0	0.0	0.0	1.0	1.0	-1.0	0.0	-1.0	1.0	0.4	1.0	-1.0	1.0	0.107	-1.0	0.0	1.0	1.0	-1.0	0.0	0.0	1.0	0.0	-1.0	-1.0	-1.0	-1.0	1.0	0.0	0.0	1.0	1.0	-1.0	0.652	0.2	-1.0	-1.0	-1.0	-1.0	0.167	-1.0	-1.0	-1.0	0.0	-1.0	1.0	1.0	0.0	0.0	0.583	0.0	0.0	0.333	0.0	-1.0	0.0	1.0	1.0	-1.0	-1.0	0.0	0.0	-1.0	1.0	1.0	1.0	-1.0	-1.0	0.0	-1.0	-1.0	-1.0	0.6	-1.0	-1.0	0.0	-1.0	1.0	-1.0	-1.0	-1.0	0.0	0.0	1.0	0.0	0.0	1.0	0.0	0.0	1.0	0.0	-1.0	0.0	-1.0	-1.0	-1.0	1.0	0.0	-1.0	-1.0	-1.0	0.0	-1.0
gnl|Prokka|GCF_018279895.1_1|1001487|T	0.0	1.0	-1.0	0.0	-1.0	1.0	-1.0	0.654	-1.0	-1.0	0.0	-1.0	1.0	-1.0	-1.0	0.0	-1.0	0.0	0.0	-1.0	-1.0	1.0	-1.0	-1.0	-1.0	-1.0	1.0	-1.0	-1.0	-1.0	1.0	0.312	0.0	-1.0	1.0	-1.0	0.0	-1.0	0.0	0.0	0.0	0.0	-1.0	-1.0	1.0	1.0	-1.0	0.0	0.0	-1.0	1.0	0.0	-1.0	0.0	1.0	1.0	1.0	1.0	0.792	0.0	0.0	-1.0	0.0	1.0	1.0	0.0	1.0	0.429	0.0	0.0	1.0	0.0	1.0	1.0	1.0	1.0	-1.0	1.0	0.0	1.0	0.0	-1.0	0.692	0.0	1.0	1.0	0.0	-1.0	-1.0	1.0	0.0	-1.0	0.0	1.0	1.0	-1.0	0.0	-1.0	0.0	0.375	1.0	-1.0	1.0	0.0	-1.0	-1.0	1.0	1.0	-1.0	0.0	0.0	1.0	0.0	0.0	-1.0	-1.0	-1.0	1.0	0.0	0.0	0.0	1.0	-1.0	0.833	0.277	-1.0	-1.0	-1.0	-1.0	-1.0	-1.0	-1.0	-1.0	-1.0	-1.0	1.0	1.0	0.0	0.0	0.375	0.0	0.0	0.364	0.0	-1.0	0.0	1.0	1.0	1.0	-1.0	0.0	0.0	-1.0	1.0	1.0	1.0	0.0	-1.0	0.0	-1.0	-1.0	-1.0	-1.0	-1.0	-1.0	0.0	-1.0	0.0	1.0	-1.0	-1.0	0.0	-1.0	1.0	0.0	0.0	1.0	0.0	0.0	1.0	0.0	0.0	0.0	-1.0	-1.0	-1.0	1.0	1.0	-1.0	-1.0	-1.0	0.0	-1.0
gnl|Prokka|GCF_018279895.1_1|1047036|G	0.0	0.846	1.0	0.0	-1.0	1.0	-1.0	0.696	-1.0	-1.0	0.0	-1.0	-1.0	-1.0	-1.0	0.0	-1.0	0.0	1.0	-1.0	-1.0	1.0	-1.0	-1.0	-1.0	-1.0	1.0	-1.0	-1.0	-1.0	1.0	-1.0	1.0	-1.0	1.0	-1.0	1.0	-1.0	-1.0	0.0	0.0	0.0	-1.0	-1.0	1.0	0.0	-1.0	0.0	0.0	-1.0	1.0	0.0	-1.0	0.0	1.0	-1.0	1.0	1.0	1.0	1.0	0.0	-1.0	0.28	1.0	1.0	0.0	1.0	0.59	0.0	0.0	0.312	1.0	1.0	1.0	1.0	1.0	-1.0	0.0	0.0	1.0	0.0	-1.0	0.618	0.0	1.0	0.7	0.0	-1.0	-1.0	1.0	0.0	1.0	1.0	-1.0	1.0	-1.0	1.0	-1.0	0.0	1.0	0.0	-1.0	1.0	0.0	-1.0	1.0	1.0	0.0	-1.0	0.0	0.0	1.0	1.0	0.0	-1.0	-1.0	-1.0	0.235	0.0	0.0	0.0	1.0	-1.0	0.655	0.217	-1.0	-1.0	-1.0	-1.0	0.0	-1.0	-1.0	-1.0	0.0	-1.0	0.0	1.0	1.0	0.0	0.0	0.0	0.0	0.556	1.0	-1.0	-1.0	0.0	1.0	1.0	-1.0	0.0	0.0	-1.0	0.0	0.0	0.0	-1.0	-1.0	0.75	-1.0	-1.0	-1.0	0.235	-1.0	-1.0	0.727	-1.0	0.0	0.0	-1.0	-1.0	0.0	0.0	1.0	0.0	0.0	1.0	0.0	1.0	0.0	1.0	1.0	1.0	-1.0	-1.0	-1.0	0.0	0.0	-1.0	-1.0	-1.0	0.0	-1.0
gnl|Prokka|GCF_018279895.1_1|1047068|C	0.0	0.867	1.0	0.0	-1.0	1.0	-1.0	0.741	-1.0	-1.0	0.0	-1.0	-1.0	-1.0	-1.0	-1.0	-1.0	0.0	1.0	-1.0	-1.0	1.0	-1.0	-1.0	-1.0	-1.0	1.0	-1.0	-1.0	-1.0	1.0	0.0	1.0	-1.0	1.0	-1.0	1.0	0.0	-1.0	0.0	0.0	0.0	-1.0	-1.0	1.0	0.0	-1.0	0.0	0.0	-1.0	1.0	0.0	-1.0	0.0	1.0	-1.0	1.0	1.0	1.0	1.0	0.0	-1.0	0.286	1.0	1.0	0.0	1.0	0.545	0.0	0.0	0.379	1.0	1.0	1.0	1.0	1.0	-1.0	0.0	0.0	1.0	0.0	-1.0	0.625	0.0	1.0	0.579	0.0	-1.0	-1.0	0.0	0.0	1.0	1.0	-1.0	1.0	-1.0	1.0	-1.0	0.0	1.0	0.0	-1.0	1.0	0.0	-1.0	1.0	1.0	0.0	-1.0	0.0	0.0	1.0	1.0	0.0	-1.0	-1.0	-1.0	0.167	0.0	0.0	0.0	1.0	-1.0	0.0	0.259	-1.0	-1.0	-1.0	-1.0	0.273	-1.0	-1.0	-1.0	0.0	-1.0	0.0	1.0	1.0	0.0	0.0	0.0	0.0	0.556	-1.0	-1.0	-1.0	0.0	1.0	1.0	-1.0	0.0	0.0	-1.0	0.0	0.0	0.0	-1.0	-1.0	0.7	-1.0	-1.0	-1.0	0.222	-1.0	-1.0	0.727	-1.0	0.0	0.0	-1.0	-1.0	0.0	0.0	0.0	0.0	0.0	1.0	0.0	1.0	0.0	1.0	1.0	1.0	-1.0	-1.0	-1.0	0.0	0.0	-1.0	-1.0	-1.0	0.0	-1.0
gnl|Prokka|GCF_018279895.1_1|1066812|A	1.0	0.75	1.0	1.0	-1.0	0.0	-1.0	0.455	-1.0	-1.0	1.0	-1.0	0.0	-1.0	-1.0	1.0	-1.0	1.0	1.0	-1.0	-1.0	0.0	-1.0	-1.0	-1.0	-1.0	0.0	-1.0	-1.0	-1.0	0.0	1.0	0.06	-1.0	0.0	-1.0	1.0	-1.0	1.0	1.0	1.0	1.0	-1.0	-1.0	0.061	-1.0	-1.0	1.0	1.0	-1.0	0.0	1.0	-1.0	1.0	0.0	-1.0	0.0	0.0	0.0	0.0	1.0	-1.0	0.0	0.0	0.0	1.0	0.0	1.0	1.0	1.0	0.0	1.0	0.0	0.0	0.0	1.0	-1.0	0.0	-1.0	0.0	-1.0	-1.0	0.36	1.0	0.0	0.0	1.0	-1.0	-1.0	0.174	1.0	0.0	1.0	0.0	0.0	-1.0	0.316	-1.0	0.0	-1.0	0.0	-1.0	0.0	0.875	-1.0	1.0	0.0	0.0	-1.0	1.0	1.0	0.0	0.0	1.0	-1.0	-1.0	-1.0	0.0	1.0	1.0	1.0	0.0	-1.0	0.217	1.0	-1.0	-1.0	-1.0	-1.0	0.0	-1.0	-1.0	-1.0	-1.0	-1.0	0.0	1.0	1.0	-1.0	0.0	1.0	1.0	0.533	1.0	0.0	1.0	0.0	0.0	-1.0	-1.0	0.0	1.0	-1.0	0.0	0.0	0.0	1.0	-1.0	0.625	-1.0	-1.0	-1.0	0.444	-1.0	-1.0	0.364	-1.0	0.0	0.0	-1.0	-1.0	0.0	1.0	0.0	1.0	1.0	0.0	1.0	1.0	0.0	0.0	0.0	1.0	-1.0	-1.0	-1.0	0.0	0.0	-1.0	-1.0	-1.0	0.0	-1.0
gnl|Prokka|GCF_018279895.1_1|1179863|C	0.0	1.0	-1.0	0.0	-1.0	-1.0	-1.0	0.636	-1.0	-1.0	0.0	-1.0	0.0	-1.0	-1.0	-1.0	-1.0	-1.0	0.0	-1.0	-1.0	1.0	-1.0	-1.0	-1.0	-1.0	1.0	-1.0	-1.0	-1.0	1.0	0.214	0.837	-1.0	1.0	-1.0	0.0	-1.0	-1.0	1.0	0.0	0.0	-1.0	-1.0	1.0	1.0	-1.0	0.0	1.0	-1.0	1.0	0.0	-1.0	0.0	1.0	1.0	1.0	1.0	1.0	1.0	0.0	-1.0	1.0	1.0	1.0	0.0	1.0	0.0	0.0	0.0	0.684	0.0	1.0	1.0	1.0	1.0	-1.0	0.0	0.0	1.0	0.0	-1.0	0.588	1.0	1.0	1.0	0.0	1.0	-1.0	1.0	-1.0	1.0	0.0	-1.0	1.0	-1.0	1.0	-1.0	0.0	0.0	0.0	-1.0	1.0	0.0	-1.0	1.0	1.0	0.0	-1.0	0.0	0.0	1.0	1.0	-1.0	-1.0	-1.0	-1.0	0.333	0.0	0.0	0.0	1.0	-1.0	0.696	1.0	-1.0	-1.0	-1.0	-1.0	0.4	-1.0	-1.0	-1.0	1.0	-1.0	0.0	1.0	0.0	1.0	0.0	0.0	0.0	0.455	0.0	0.0	0.0	0.0	1.0	-1.0	-1.0	1.0	1.0	-1.0	-1.0	0.0	0.0	0.0	-1.0	1.0	-1.0	-1.0	-1.0	0.0	-1.0	-1.0	0.4	-1.0	0.0	0.0	-1.0	-1.0	0.0	0.0	1.0	-1.0	1.0	1.0	0.0	0.0	0.0	1.0	0.0	0.0	-1.0	-1.0	-1.0	0.0	0.0	-1.0	-1.0	-1.0	0.0	-1.0
gnl|Prokka|GCF_018279895.1_1|1217781|A	1.0	-1.0	-1.0	-1.0	-1.0	1.0	-1.0	0.0	-1.0	-1.0	1.0	-1.0	0.0	-1.0	-1.0	1.0	-1.0	1.0	0.0	-1.0	-1.0	0.0	-1.0	-1.0	-1.0	-1.0	0.0	-1.0	-1.0	-1.0	0.0	0.7	1.0	-1.0	0.0	-1.0	1.0	1.0	1.0	1.0	1.0	1.0	-1.0	-1.0	0.953	1.0	-1.0	1.0	1.0	-1.0	0.0	1.0	-1.0	1.0	1.0	-1.0	0.0	1.0	0.0	1.0	1.0	-1.0	1.0	0.0	1.0	1.0	0.0	0.219	1.0	1.0	0.0	1.0	0.0	0.0	0.0	0.0	-1.0	0.0	1.0	0.0	-1.0	-1.0	0.441	1.0	0.0	0.0	1.0	0.0	-1.0	0.0	1.0	1.0	0.0	0.0	0.0	-1.0	1.0	-1.0	1.0	0.0	0.0	-1.0	0.0	1.0	-1.0	-1.0	0.0	-1.0	-1.0	1.0	1.0	0.0	1.0	-1.0	-1.0	-1.0	-1.0	0.0	1.0	0.0	1.0	0.0	-1.0	0.56	0.774	-1.0	-1.0	-1.0	-1.0	0.7	-1.0	-1.0	-1.0	1.0	-1.0	0.0	0.0	0.0	1.0	0.0	0.0	0.0	1.0	0.0	0.0	0.0	0.0	0.0	0.0	-1.0	1.0	-1.0	-1.0	-1.0	-1.0	0.0	-1.0	-1.0	1.0	-1.0	-1.0	-1.0	0.0	-1.0	-1.0	0.0	-1.0	0.0	0.0	-1.0	-1.0	1.0	1.0	0.0	1.0	1.0	0.0	1.0	0.0	0.0	1.0	1.0	0.0	-1.0	-1.0	-1.0	0.0	1.0	-1.0	-1.0	-1.0	0.0	-1.0
gnl|Prokka|GCF_018279895.1_1|1217782|A	1.0	0.0	-1.0	-1.0	-1.0	1.0	-1.0	0.0	-1.0	-1.0	1.0	-1.0	0.0	-1.0	-1.0	1.0	-1.0	1.0	0.0	-1.0	-1.0	0.0	-1.0	-1.0	-1.0	-1.0	0.0	-1.0	-1.0	-1.0	0.0	1.0	1.0	-1.0	0.0	-1.0	1.0	1.0	1.0	1.0	1.0	1.0	-1.0	-1.0	0.955	1.0	-1.0	1.0	1.0	-1.0	0.0	1.0	-1.0	1.0	1.0	-1.0	0.0	1.0	0.0	1.0	1.0	-1.0	1.0	0.0	1.0	1.0	0.0	0.212	1.0	1.0	0.0	1.0	0.0	0.0	0.0	0.0	-1.0	0.0	1.0	0.0	-1.0	-1.0	0.424	1.0	0.0	0.0	1.0	0.0	-1.0	0.0	1.0	1.0	0.0	0.0	0.0	-1.0	1.0	-1.0	1.0	0.0	0.0	-1.0	0.0	1.0	-1.0	-1.0	0.0	-1.0	-1.0	1.0	1.0	0.0	1.0	-1.0	-1.0	-1.0	-1.0	0.0	1.0	0.0	1.0	0.0	-1.0	0.56	0.774	-1.0	-1.0	-1.0	-1.0	0.727	-1.0	-1.0	-1.0	1.0	-1.0	0.0	0.0	0.0	1.0	0.0	0.0	0.0	1.0	0.0	0.0	0.0	0.0	0.0	0.0	-1.0	1.0	-1.0	-1.0	-1.0	-1.0	0.0	-1.0	-1.0	1.0	-1.0	-1.0	-1.0	0.0	-1.0	-1.0	0.0	-1.0	0.0	0.0	-1.0	-1.0	1.0	1.0	0.0	1.0	1.0	0.0	1.0	0.0	0.0	1.0	1.0	0.0	-1.0	-1.0	-1.0	0.0	1.0	-1.0	-1.0	-1.0	0.0	-1.0
gnl|Prokka|GCF_018279895.1_1|1356215|A	1.0	0.259	-1.0	1.0	-1.0	0.0	-1.0	0.68	-1.0	-1.0	1.0	-1.0	-1.0	-1.0	-1.0	1.0	-1.0	1.0	0.0	-1.0	-1.0	0.0	-1.0	-1.0	-1.0	-1.0	1.0	-1.0	-1.0	-1.0	1.0	1.0	0.0	-1.0	1.0	-1.0	1.0	-1.0	1.0	1.0	1.0	0.0	-1.0	-1.0	1.0	1.0	-1.0	1.0	1.0	-1.0	1.0	1.0	-1.0	0.0	1.0	-1.0	0.0	0.0	1.0	0.0	1.0	-1.0	0.292	1.0	1.0	1.0	1.0	0.436	1.0	1.0	0.684	1.0	0.0	1.0	0.357	0.0	-1.0	0.0	1.0	0.0	-1.0	-1.0	0.471	1.0	1.0	1.0	1.0	0.0	-1.0	0.0	1.0	0.0	0.0	-1.0	0.0	-1.0	0.0	-1.0	1.0	-1.0	0.0	-1.0	-1.0	0.923	-1.0	1.0	1.0	0.0	-1.0	0.0	0.0	0.0	0.0	-1.0	-1.0	-1.0	-1.0	0.0	1.0	0.0	0.0	1.0	-1.0	0.4	0.773	-1.0	-1.0	-1.0	-1.0	-1.0	-1.0	-1.0	-1.0	0.0	-1.0	0.0	0.0	0.0	0.0	0.0	0.0	0.0	0.667	1.0	0.0	0.0	0.0	1.0	1.0	-1.0	0.0	1.0	-1.0	0.0	0.0	0.0	0.0	-1.0	1.0	-1.0	-1.0	-1.0	-1.0	-1.0	-1.0	0.0	-1.0	0.0	0.0	-1.0	-1.0	0.0	0.0	0.0	1.0	0.0	1.0	1.0	0.0	0.0	0.0	0.0	0.0	-1.0	-1.0	-1.0	0.0	0.0	-1.0	-1.0	-1.0	0.0	-1.0
gnl|Prokka|GCF_018279895.1_1|1526001|A	-1.0	1.0	-1.0	-1.0	-1.0	1.0	-1.0	0.618	-1.0	-1.0	0.0	-1.0	0.0	-1.0	-1.0	0.0	-1.0	0.0	1.0	-1.0	-1.0	1.0	-1.0	-1.0	-1.0	-1.0	1.0	-1.0	-1.0	-1.0	1.0	0.0	1.0	-1.0	1.0	-1.0	0.0	-1.0	0.0	1.0	0.0	0.0	-1.0	-1.0	1.0	1.0	-1.0	0.0	1.0	-1.0	1.0	0.0	-1.0	0.0	1.0	1.0	1.0	1.0	1.0	0.0	0.0	-1.0	0.158	1.0	1.0	0.0	1.0	0.0	0.0	0.0	0.679	0.0	1.0	1.0	1.0	1.0	-1.0	0.0	0.0	1.0	0.0	-1.0	0.423	1.0	1.0	0.647	0.0	1.0	1.0	1.0	-1.0	0.0	0.0	-1.0	1.0	-1.0	0.0	-1.0	0.0	0.0	0.0	-1.0	1.0	0.182	-1.0	0.0	1.0	0.0	-1.0	0.0	0.0	1.0	-1.0	1.0	-1.0	-1.0	-1.0	0.0	0.0	0.0	0.0	-1.0	-1.0	1.0	0.219	-1.0	-1.0	-1.0	-1.0	0.462	-1.0	-1.0	-1.0	0.571	-1.0	0.0	1.0	0.0	1.0	0.0	0.0	1.0	1.0	0.0	0.0	0.0	0.0	1.0	1.0	-1.0	0.0	-1.0	-1.0	-1.0	0.0	0.0	-1.0	-1.0	-1.0	-1.0	-1.0	-1.0	0.0	-1.0	-1.0	0.0	-1.0	1.0	0.0	-1.0	-1.0	0.0	0.0	1.0	1.0	1.0	1.0	0.0	1.0	0.0	0.0	-1.0	0.0	-1.0	-1.0	-1.0	0.0	0.0	-1.0	-1.0	-1.0	0.0	-1.0
gnl|Prokka|GCF_018279895.1_1|1526023|T	0.0	1.0	1.0	0.0	-1.0	1.0	-1.0	1.0	-1.0	-1.0	0.0	-1.0	0.0	-1.0	-1.0	0.0	-1.0	0.0	1.0	-1.0	-1.0	1.0	-1.0	-1.0	-1.0	-1.0	1.0	-1.0	-1.0	-1.0	1.0	0.0	1.0	-1.0	1.0	-1.0	0.0	-1.0	0.0	1.0	0.0	0.0	-1.0	-1.0	1.0	1.0	-1.0	0.0	1.0	-1.0	1.0	0.0	-1.0	1.0	1.0	1.0	1.0	1.0	1.0	0.0	0.0	-1.0	0.259	1.0	1.0	0.0	1.0	0.0	0.0	0.0	0.583	0.0	1.0	1.0	1.0	1.0	-1.0	0.0	0.0	1.0	0.0	-1.0	0.444	1.0	1.0	0.556	0.0	1.0	1.0	1.0	1.0	0.0	0.0	-1.0	1.0	-1.0	0.0	-1.0	0.0	0.0	0.0	-1.0	1.0	0.186	-1.0	0.0	1.0	0.0	-1.0	0.0	0.0	1.0	-1.0	1.0	-1.0	-1.0	-1.0	0.0	0.0	0.0	0.0	1.0	-1.0	1.0	0.233	-1.0	-1.0	-1.0	-1.0	0.312	-1.0	-1.0	-1.0	-1.0	-1.0	0.0	1.0	0.0	1.0	0.0	0.0	1.0	1.0	0.0	0.0	0.0	0.0	1.0	1.0	-1.0	0.0	-1.0	-1.0	-1.0	0.0	0.0	-1.0	-1.0	-1.0	-1.0	-1.0	-1.0	0.0	-1.0	-1.0	0.0	-1.0	1.0	0.0	-1.0	-1.0	0.0	0.0	1.0	1.0	1.0	1.0	0.0	1.0	0.0	0.0	-1.0	0.0	-1.0	-1.0	-1.0	0.0	0.0	-1.0	-1.0	-1.0	0.0	-1.0
gnl|Prokka|GCF_018279895.1_1|1527857|A	0.0	1.0	1.0	0.0	-1.0	1.0	-1.0	0.783	-1.0	-1.0	0.0	-1.0	0.0	-1.0	-1.0	0.0	-1.0	0.0	1.0	-1.0	-1.0	1.0	-1.0	-1.0	-1.0	-1.0	1.0	-1.0	-1.0	-1.0	1.0	0.4	0.948	-1.0	1.0	-1.0	0.0	-1.0	-1.0	0.0	0.0	0.0	-1.0	-1.0	1.0	1.0	-1.0	0.0	0.0	-1.0	1.0	-1.0	-1.0	0.0	1.0	-1.0	1.0	1.0	1.0	0.0	0.0	-1.0	0.25	1.0	1.0	0.0	1.0	0.0	0.0	0.0	0.2	0.0	1.0	1.0	1.0	1.0	-1.0	0.0	0.0	1.0	-1.0	-1.0	0.607	0.0	1.0	0.643	0.0	1.0	-1.0	1.0	0.571	0.0	0.0	1.0	1.0	-1.0	0.0	-1.0	0.0	0.0	0.0	-1.0	1.0	0.167	-1.0	-1.0	1.0	0.0	-1.0	0.0	1.0	1.0	0.0	-1.0	-1.0	-1.0	-1.0	0.0	0.0	0.0	1.0	1.0	-1.0	0.565	0.185	-1.0	-1.0	-1.0	-1.0	0.333	-1.0	-1.0	-1.0	1.0	-1.0	0.0	1.0	0.0	0.643	-1.0	0.0	1.0	0.462	0.0	0.0	-1.0	0.0	1.0	1.0	-1.0	0.0	0.0	-1.0	1.0	0.0	0.0	-1.0	-1.0	0.0	-1.0	-1.0	-1.0	0.0	-1.0	-1.0	0.0	-1.0	1.0	0.0	-1.0	-1.0	0.0	0.0	1.0	0.0	1.0	1.0	0.0	0.0	0.0	0.0	0.0	0.0	-1.0	-1.0	-1.0	0.0	0.0	-1.0	-1.0	-1.0	0.0	-1.0
gnl|Prokka|GCF_018279895.1_1|1547949|T	0.0	1.0	1.0	0.0	-1.0	1.0	-1.0	0.815	-1.0	-1.0	-1.0	-1.0	-1.0	-1.0	-1.0	0.0	-1.0	0.0	0.0	-1.0	-1.0	1.0	-1.0	-1.0	-1.0	-1.0	1.0	-1.0	-1.0	-1.0	1.0	0.0	1.0	-1.0	1.0	-1.0	1.0	-1.0	-1.0	1.0	0.0	0.0	-1.0	-1.0	1.0	1.0	-1.0	0.0	1.0	-1.0	1.0	0.0	-1.0	0.0	1.0	1.0	1.0	1.0	1.0	0.0	0.0	-1.0	0.0	1.0	1.0	0.0	1.0	0.486	0.0	0.0	0.538	1.0	1.0	1.0	1.0	1.0	-1.0	0.0	0.0	1.0	-1.0	-1.0	0.533	1.0	1.0	0.6	0.0	-1.0	-1.0	1.0	0.0	-1.0	0.0	1.0	1.0	-1.0	0.0	-1.0	1.0	0.0	0.0	-1.0	1.0	0.867	-1.0	1.0	1.0	0.0	-1.0	1.0	0.0	1.0	-1.0	-1.0	-1.0	-1.0	-1.0	0.0	0.0	0.0	0.0	1.0	-1.0	0.765	0.289	-1.0	-1.0	-1.0	-1.0	0.571	-1.0	-1.0	-1.0	0.0	-1.0	0.0	1.0	0.0	0.0	0.0	0.0	0.0	0.429	1.0	0.0	0.0	0.0	1.0	1.0	-1.0	0.0	0.0	-1.0	1.0	0.0	0.0	0.0	-1.0	0.0	-1.0	-1.0	-1.0	0.455	-1.0	-1.0	0.0	-1.0	0.0	0.0	-1.0	-1.0	0.0	0.0	1.0	1.0	0.0	1.0	0.0	0.0	0.0	0.0	0.0	0.0	-1.0	-1.0	-1.0	0.0	0.0	-1.0	-1.0	-1.0	0.0	-1.0
gnl|Prokka|GCF_018279895.1_1|1549921|T	-1.0	1.0	-1.0	0.0	-1.0	0.0	-1.0	0.645	-1.0	-1.0	0.0	-1.0	0.0	-1.0	-1.0	0.0	-1.0	0.0	1.0	-1.0	-1.0	1.0	-1.0	-1.0	-1.0	-1.0	1.0	-1.0	-1.0	-1.0	1.0	0.0	1.0	-1.0	1.0	-1.0	1.0	0.0	0.0	0.0	0.0	0.0	-1.0	-1.0	0.0	0.0	-1.0	1.0	0.0	-1.0	1.0	0.0	-1.0	0.0	1.0	-1.0	1.0	0.0	1.0	1.0	0.0	-1.0	0.0	1.0	1.0	0.0	1.0	0.778	0.0	0.0	0.333	1.0	1.0	1.0	1.0	1.0	-1.0	0.0	0.0	0.0	0.0	-1.0	0.552	0.0	1.0	1.0	0.0	-1.0	-1.0	1.0	0.0	1.0	1.0	0.273	1.0	-1.0	1.0	-1.0	0.0	0.0	0.0	-1.0	1.0	0.0	-1.0	0.0	1.0	0.0	-1.0	1.0	1.0	0.0	1.0	-1.0	-1.0	-1.0	-1.0	0.0	0.0	0.0	0.0	1.0	-1.0	0.4	0.209	-1.0	-1.0	-1.0	-1.0	0.357	-1.0	-1.0	-1.0	0.0	-1.0	0.0	1.0	1.0	0.0	0.0	0.0	-1.0	0.0	1.0	0.0	1.0	0.0	1.0	1.0	-1.0	0.0	0.0	-1.0	1.0	0.0	0.0	0.625	-1.0	0.0	-1.0	-1.0	-1.0	0.0	-1.0	-1.0	-1.0	-1.0	1.0	0.0	-1.0	-1.0	0.0	1.0	1.0	0.0	0.0	1.0	0.0	0.0	0.0	1.0	-1.0	1.0	-1.0	-1.0	-1.0	0.0	0.0	-1.0	-1.0	-1.0	1.0	-1.0
gnl|Prokka|GCF_018279895.1_1|1555501|G	0.0	1.0	0.0	-1.0	-1.0	-1.0	-1.0	0.568	-1.0	-1.0	0.0	-1.0	-1.0	-1.0	-1.0	0.0	-1.0	0.0	1.0	-1.0	-1.0	1.0	-1.0	-1.0	-1.0	-1.0	0.0	-1.0	-1.0	-1.0	1.0	-1.0	0.18	-1.0	1.0	-1.0	1.0	1.0	0.0	1.0	0.0	0.0	-1.0	-1.0	1.0	1.0	-1.0	1.0	1.0	-1.0	1.0	0.0	-1.0	0.0	1.0	1.0	1.0	1.0	1.0	0.0	0.0	-1.0	0.1	1.0	1.0	0.0	1.0	0.562	0.0	0.0	0.593	1.0	1.0	1.0	1.0	1.0	-1.0	0.0	0.0	1.0	0.0	-1.0	0.541	1.0	1.0	0.682	0.0	1.0	1.0	1.0	0.0	0.0	1.0	0.545	1.0	-1.0	0.0	-1.0	1.0	0.0	0.0	-1.0	1.0	0.896	-1.0	0.0	1.0	0.0	-1.0	0.0	1.0	1.0	0.0	1.0	-1.0	-1.0	-1.0	0.0	0.0	0.0	0.0	1.0	-1.0	0.562	1.0	-1.0	-1.0	-1.0	-1.0	0.353	-1.0	-1.0	-1.0	-1.0	-1.0	0.0	1.0	1.0	-1.0	-1.0	0.0	0.0	0.583	1.0	0.0	-1.0	0.0	0.0	1.0	-1.0	0.0	0.0	-1.0	1.0	-1.0	-1.0	-1.0	-1.0	0.7	-1.0	-1.0	-1.0	0.316	-1.0	-1.0	0.0	-1.0	0.0	0.0	-1.0	-1.0	1.0	1.0	1.0	-1.0	0.0	1.0	0.0	0.0	0.0	0.0	0.0	1.0	-1.0	-1.0	-1.0	0.0	0.0	-1.0	-1.0	-1.0	0.0	-1.0
gnl|Prokka|GCF_018279895.1_1|1555508|A	0.0	1.0	0.0	-1.0	-1.0	-1.0	-1.0	0.545	-1.0	-1.0	0.0	-1.0	-1.0	-1.0	-1.0	0.0	-1.0	0.0	1.0	-1.0	-1.0	1.0	-1.0	-1.0	-1.0	-1.0	0.0	-1.0	-1.0	-1.0	1.0	0.333	0.175	-1.0	1.0	-1.0	1.0	1.0	0.0	1.0	0.0	0.0	-1.0	-1.0	1.0	1.0	-1.0	1.0	1.0	-1.0	1.0	0.0	-1.0	0.0	1.0	1.0	1.0	1.0	1.0	0.0	0.0	-1.0	0.121	1.0	1.0	0.0	1.0	0.606	0.0	0.0	0.667	1.0	1.0	1.0	1.0	1.0	-1.0	0.0	0.0	1.0	0.0	-1.0	0.541	1.0	1.0	0.708	0.0	1.0	1.0	1.0	0.0	0.0	1.0	0.545	1.0	-1.0	0.0	-1.0	1.0	0.0	0.0	-1.0	1.0	0.9	-1.0	0.0	1.0	0.0	-1.0	0.0	1.0	1.0	0.0	1.0	-1.0	-1.0	-1.0	0.0	0.0	0.0	0.0	1.0	-1.0	0.562	1.0	-1.0	-1.0	-1.0	-1.0	0.294	-1.0	-1.0	-1.0	0.0	-1.0	0.0	1.0	1.0	-1.0	-1.0	0.0	0.0	0.6	1.0	0.0	-1.0	0.0	0.0	1.0	-1.0	0.0	0.0	-1.0	1.0	-1.0	0.0	-1.0	-1.0	0.7	-1.0	-1.0	-1.0	0.333	-1.0	-1.0	0.0	-1.0	0.0	0.0	-1.0	-1.0	1.0	1.0	1.0	-1.0	0.0	1.0	0.0	0.0	0.0	0.0	0.0	1.0	-1.0	-1.0	-1.0	0.0	0.0	-1.0	-1.0	-1.0	0.0	-1.0
gnl|Prokka|GCF_018279895.1_1|1559390|A	0.0	0.0	0.0	0.0	-1.0	1.0	-1.0	1.0	-1.0	-1.0	0.0	-1.0	0.0	-1.0	-1.0	0.0	-1.0	0.0	1.0	-1.0	-1.0	0.0	-1.0	-1.0	-1.0	-1.0	0.0	-1.0	-1.0	-1.0	1.0	-1.0	0.109	-1.0	1.0	-1.0	1.0	1.0	-1.0	1.0	0.0	0.0	-1.0	-1.0	1.0	0.571	-1.0	1.0	1.0	-1.0	1.0	-1.0	-1.0	1.0	1.0	-1.0	0.0	1.0	1.0	0.0	0.0	-1.0	0.143	1.0	1.0	0.0	1.0	1.0	0.0	0.0	0.25	1.0	0.0	1.0	0.533	0.0	-1.0	0.0	-1.0	1.0	-1.0	-1.0	0.0	1.0	1.0	0.632	0.0	0.0	0.0	1.0	0.0	0.0	1.0	0.0	0.0	-1.0	0.0	-1.0	-1.0	-1.0	0.0	-1.0	1.0	1.0	-1.0	0.0	1.0	0.0	-1.0	0.0	1.0	1.0	-1.0	-1.0	-1.0	-1.0	-1.0	0.0	0.0	0.0	1.0	1.0	-1.0	0.6	0.735	-1.0	-1.0	-1.0	-1.0	0.571	-1.0	-1.0	-1.0	-1.0	-1.0	0.0	0.0	1.0	0.0	-1.0	0.0	1.0	0.4	1.0	0.0	1.0	0.0	0.0	1.0	-1.0	0.0	0.688	-1.0	0.0	0.0	0.0	1.0	-1.0	0.0	-1.0	-1.0	-1.0	0.308	-1.0	-1.0	0.4	-1.0	1.0	0.0	-1.0	-1.0	1.0	1.0	1.0	1.0	0.0	1.0	0.0	1.0	0.071	0.0	0.0	1.0	-1.0	-1.0	-1.0	0.0	0.0	-1.0	-1.0	-1.0	0.0	-1.0
gnl|Prokka|GCF_018279895.1_1|1610268|T	0.0	0.0	1.0	0.0	-1.0	1.0	-1.0	0.622	-1.0	-1.0	-1.0	-1.0	-1.0	-1.0	-1.0	0.0	-1.0	0.0	0.0	-1.0	-1.0	1.0	-1.0	-1.0	-1.0	-1.0	0.0	-1.0	-1.0	-1.0	1.0	0.308	0.163	-1.0	1.0	-1.0	1.0	0.0	0.0	0.0	0.0	0.0	-1.0	-1.0	1.0	1.0	-1.0	0.0	-1.0	-1.0	1.0	0.0	-1.0	0.0	-1.0	-1.0	1.0	1.0	1.0	0.0	0.0	-1.0	0.0	1.0	-1.0	0.0	1.0	1.0	0.0	0.0	1.0	1.0	1.0	1.0	1.0	0.0	-1.0	1.0	0.0	0.0	-1.0	-1.0	0.556	0.0	1.0	1.0	0.0	1.0	1.0	1.0	0.0	0.0	1.0	1.0	1.0	-1.0	0.0	-1.0	0.0	0.0	1.0	-1.0	1.0	0.0	-1.0	0.0	1.0	1.0	-1.0	0.0	0.0	1.0	0.0	-1.0	-1.0	-1.0	-1.0	1.0	0.0	0.0	0.0	1.0	-1.0	0.68	0.0	-1.0	-1.0	-1.0	-1.0	0.647	-1.0	-1.0	-1.0	0.0	-1.0	1.0	0.0	1.0	-1.0	0.0	0.0	-1.0	-1.0	1.0	1.0	1.0	1.0	0.0	-1.0	-1.0	0.0	0.0	-1.0	-1.0	1.0	1.0	0.0	-1.0	0.0	-1.0	-1.0	-1.0	1.0	-1.0	-1.0	0.0	-1.0	0.0	1.0	-1.0	-1.0	0.0	0.0	1.0	0.0	0.0	1.0	0.0	1.0	1.0	0.0	0.0	1.0	-1.0	-1.0	-1.0	1.0	0.0	-1.0	-1.0	-1.0	0.0	-1.0
gnl|Prokka|GCF_018279895.1_1|1614099|C	0.0	1.0	1.0	0.0	-1.0	1.0	-1.0	0.724	-1.0	-1.0	-1.0	-1.0	-1.0	-1.0	-1.0	0.0	-1.0	0.0	0.0	-1.0	-1.0	1.0	-1.0	-1.0	-1.0	-1.0	1.0	-1.0	-1.0	-1.0	1.0	0.0	0.927	-1.0	1.0	-1.0	-1.0	-1.0	0.0	0.0	0.0	0.0	-1.0	-1.0	1.0	1.0	-1.0	0.0	0.0	-1.0	1.0	0.0	-1.0	0.0	1.0	-1.0	1.0	1.0	1.0	0.0	0.0	-1.0	0.167	1.0	1.0	0.0	1.0	0.257	0.0	0.0	1.0	1.0	1.0	1.0	1.0	1.0	-1.0	1.0	0.0	1.0	0.0	-1.0	-1.0	0.0	1.0	1.0	0.0	-1.0	0.0	1.0	0.0	0.0	0.0	1.0	1.0	-1.0	0.0	-1.0	0.0	1.0	1.0	-1.0	1.0	0.0	-1.0	0.0	1.0	1.0	-1.0	0.0	0.0	1.0	0.0	-1.0	-1.0	-1.0	-1.0	1.0	0.0	0.0	0.0	1.0	-1.0	0.409	0.0	-1.0	-1.0	-1.0	-1.0	1.0	-1.0	-1.0	-1.0	0.0	-1.0	1.0	-1.0	0.0	0.0	0.0	0.0	0.0	0.417	0.0	1.0	0.0	1.0	1.0	1.0	-1.0	0.0	0.0	-1.0	-1.0	1.0	1.0	-1.0	-1.0	0.0	-1.0	-1.0	-1.0	-1.0	-1.0	-1.0	0.0	-1.0	0.0	1.0	-1.0	-1.0	1.0	1.0	1.0	-1.0	0.0	1.0	0.0	0.0	1.0	0.0	0.0	0.0	-1.0	-1.0	-1.0	1.0	0.0	-1.0	-1.0	-1.0	0.0	-1.0
gnl|Prokka|GCF_018279895.1_1|1614450|A	0.0	0.794	1.0	0.0	-1.0	1.0	-1.0	0.636	-1.0	-1.0	0.0	-1.0	1.0	-1.0	-1.0	0.0	-1.0	0.0	0.0	-1.0	-1.0	1.0	-1.0	-1.0	-1.0	-1.0	0.0	-1.0	-1.0	-1.0	1.0	0.0	0.0	-1.0	1.0	-1.0	-1.0	-1.0	0.0	0.0	0.0	0.0	-1.0	-1.0	1.0	1.0	-1.0	1.0	0.0	-1.0	1.0	0.0	-1.0	0.0	0.0	-1.0	1.0	1.0	1.0	1.0	0.0	-1.0	0.0	1.0	0.0	0.0	1.0	0.0	0.0	-1.0	1.0	0.0	1.0	1.0	0.6	1.0	-1.0	1.0	-1.0	1.0	0.0	-1.0	0.464	0.0	1.0	1.0	0.0	1.0	-1.0	1.0	0.0	-1.0	0.0	1.0	1.0	-1.0	1.0	-1.0	1.0	0.0	1.0	-1.0	1.0	1.0	-1.0	0.0	1.0	1.0	-1.0	0.0	0.0	1.0	1.0	-1.0	-1.0	-1.0	-1.0	1.0	0.0	0.0	0.0	1.0	-1.0	0.423	0.171	-1.0	-1.0	-1.0	-1.0	0.0	-1.0	-1.0	-1.0	0.0	-1.0	1.0	1.0	0.0	0.0	-1.0	0.0	-1.0	0.0	0.0	1.0	0.0	1.0	1.0	1.0	-1.0	0.0	0.0	-1.0	1.0	1.0	1.0	1.0	-1.0	0.0	-1.0	-1.0	-1.0	0.6	-1.0	-1.0	0.625	-1.0	0.0	1.0	-1.0	-1.0	1.0	0.0	1.0	-1.0	0.0	1.0	0.0	0.0	0.889	1.0	0.0	0.0	-1.0	-1.0	-1.0	1.0	0.0	-1.0	-1.0	-1.0	0.0	-1.0
gnl|Prokka|GCF_018279895.1_1|1642269|C	0.0	0.0	0.0	0.0	-1.0	0.0	-1.0	0.742	-1.0	-1.0	-1.0	-1.0	0.0	-1.0	-1.0	0.0	-1.0	-1.0	0.0	-1.0	-1.0	1.0	-1.0	-1.0	-1.0	-1.0	0.0	-1.0	-1.0	-1.0	1.0	0.4	1.0	-1.0	1.0	-1.0	1.0	1.0	0.0	1.0	0.0	0.0	-1.0	-1.0	1.0	0.0	-1.0	1.0	1.0	-1.0	1.0	0.0	-1.0	0.0	0.0	-1.0	1.0	0.0	1.0	1.0	0.0	-1.0	0.0	0.0	0.0	0.0	1.0	0.523	0.0	0.0	0.484	1.0	1.0	0.0	0.733	0.0	-1.0	0.0	0.0	0.0	0.0	-1.0	0.633	1.0	1.0	0.4	0.0	1.0	-1.0	1.0	-1.0	1.0	1.0	-1.0	1.0	-1.0	1.0	-1.0	1.0	0.0	0.0	-1.0	1.0	1.0	-1.0	0.0	1.0	0.0	-1.0	0.0	1.0	0.0	1.0	-1.0	-1.0	-1.0	-1.0	0.429	0.0	1.0	0.0	1.0	-1.0	0.7	0.872	-1.0	-1.0	-1.0	-1.0	0.0	-1.0	-1.0	-1.0	1.0	-1.0	0.0	0.0	1.0	-1.0	0.0	-1.0	0.0	0.25	1.0	0.0	-1.0	0.0	1.0	1.0	-1.0	0.0	1.0	-1.0	0.0	0.214	0.0	0.0	-1.0	-1.0	-1.0	-1.0	-1.0	0.583	-1.0	-1.0	0.0	-1.0	1.0	0.0	-1.0	-1.0	0.0	-1.0	1.0	1.0	1.0	1.0	0.0	1.0	0.0	1.0	0.333	1.0	-1.0	-1.0	-1.0	0.0	1.0	-1.0	-1.0	-1.0	0.0	-1.0
gnl|Prokka|GCF_018279895.1_1|1642272|T	0.0	0.0	0.0	0.0	-1.0	0.0	-1.0	0.7	-1.0	-1.0	-1.0	-1.0	0.0	-1.0	-1.0	0.0	-1.0	-1.0	0.0	-1.0	-1.0	1.0	-1.0	-1.0	-1.0	-1.0	0.0	-1.0	-1.0	-1.0	1.0	0.4	0.943	-1.0	1.0	-1.0	1.0	1.0	0.0	1.0	0.0	0.0	-1.0	-1.0	1.0	0.0	-1.0	1.0	1.0	-1.0	1.0	0.0	-1.0	0.0	0.0	-1.0	1.0	0.0	1.0	1.0	0.0	-1.0	0.0	0.0	0.0	0.0	1.0	0.562	0.0	-1.0	0.517	1.0	1.0	0.0	0.824	0.0	-1.0	0.0	0.0	0.0	0.0	-1.0	0.645	0.944	1.0	0.429	0.0	1.0	-1.0	1.0	-1.0	1.0	1.0	-1.0	0.931	-1.0	1.0	-1.0	1.0	0.0	0.0	-1.0	1.0	1.0	-1.0	0.0	1.0	0.0	-1.0	0.0	1.0	0.0	1.0	-1.0	-1.0	-1.0	-1.0	0.429	0.0	1.0	0.0	1.0	-1.0	0.684	0.86	-1.0	-1.0	-1.0	-1.0	0.0	-1.0	-1.0	-1.0	1.0	-1.0	0.0	0.0	1.0	-1.0	0.0	-1.0	0.0	0.294	1.0	0.0	-1.0	0.0	1.0	1.0	-1.0	0.0	1.0	-1.0	0.0	0.2	0.0	0.0	-1.0	-1.0	-1.0	-1.0	-1.0	0.583	-1.0	-1.0	0.0	-1.0	1.0	0.0	-1.0	-1.0	0.0	-1.0	1.0	1.0	1.0	1.0	0.0	1.0	0.0	1.0	0.308	1.0	-1.0	-1.0	-1.0	0.0	1.0	-1.0	-1.0	-1.0	0.0	-1.0
gnl|Prokka|GCF_018279895.1_1|1642275|T	0.0	0.0	0.0	0.0	-1.0	0.0	-1.0	0.719	-1.0	-1.0	-1.0	-1.0	0.0	-1.0	-1.0	0.0	-1.0	-1.0	0.0	-1.0	-1.0	1.0	-1.0	-1.0	-1.0	-1.0	0.0	-1.0	-1.0	-1.0	1.0	0.357	1.0	-1.0	1.0	-1.0	1.0	1.0	0.0	1.0	0.0	0.0	-1.0	-1.0	1.0	0.0	-1.0	1.0	1.0	-1.0	1.0	0.0	-1.0	0.0	0.0	-1.0	1.0	0.0	1.0	1.0	0.0	-1.0	0.0	0.0	0.0	0.0	1.0	0.574	0.0	0.0	0.469	1.0	1.0	0.0	0.778	0.0	-1.0	0.0	0.0	0.0	0.0	-1.0	0.667	1.0	1.0	-1.0	0.0	1.0	-1.0	1.0	-1.0	1.0	1.0	-1.0	1.0	-1.0	1.0	-1.0	1.0	0.0	0.0	-1.0	1.0	1.0	-1.0	0.0	1.0	0.0	-1.0	0.0	1.0	0.0	-1.0	-1.0	-1.0	-1.0	-1.0	0.375	0.0	1.0	0.0	1.0	-1.0	0.722	0.902	-1.0	-1.0	-1.0	-1.0	0.0	-1.0	-1.0	-1.0	1.0	-1.0	0.0	0.0	1.0	-1.0	0.0	-1.0	0.0	0.25	1.0	0.0	-1.0	0.0	1.0	1.0	-1.0	0.0	1.0	-1.0	0.0	0.188	0.0	0.0	-1.0	-1.0	-1.0	-1.0	-1.0	0.583	-1.0	-1.0	0.0	-1.0	1.0	0.0	-1.0	-1.0	0.0	0.0	1.0	1.0	1.0	1.0	0.0	1.0	0.0	1.0	0.25	1.0	-1.0	-1.0	-1.0	0.0	1.0	-1.0	-1.0	-1.0	0.0	-1.0
gnl|Prokka|GCF_018279895.1_1|1642419|G	0.0	0.0	0.0	0.0	-1.0	0.0	-1.0	0.522	-1.0	-1.0	0.0	-1.0	0.0	-1.0	-1.0	-1.0	-1.0	0.0	0.0	-1.0	-1.0	1.0	-1.0	-1.0	-1.0	-1.0	0.0	-1.0	-1.0	-1.0	1.0	0.533	1.0	-1.0	1.0	-1.0	-1.0	1.0	0.0	1.0	0.0	0.0	-1.0	-1.0	1.0	0.571	-1.0	1.0	1.0	-1.0	1.0	0.0	-1.0	0.0	0.0	-1.0	1.0	0.0	1.0	1.0	0.0	-1.0	1.0	0.0	0.0	0.0	1.0	0.62	0.0	0.0	0.407	1.0	1.0	0.0	0.6	0.0	-1.0	0.0	-1.0	0.0	0.0	-1.0	0.676	1.0	1.0	0.75	0.0	1.0	1.0	1.0	0.625	1.0	1.0	-1.0	1.0	-1.0	1.0	-1.0	1.0	0.0	0.0	-1.0	1.0	1.0	-1.0	0.0	1.0	0.0	-1.0	0.0	0.0	0.0	1.0	-1.0	-1.0	-1.0	-1.0	0.0	0.0	1.0	0.0	1.0	-1.0	0.69	0.897	-1.0	-1.0	-1.0	-1.0	0.0	-1.0	-1.0	-1.0	1.0	-1.0	0.0	0.0	1.0	0.556	0.0	1.0	0.0	0.429	1.0	0.0	1.0	0.0	1.0	1.0	-1.0	1.0	-1.0	-1.0	-1.0	0.0	0.0	-1.0	-1.0	1.0	-1.0	-1.0	-1.0	-1.0	-1.0	-1.0	0.0	-1.0	1.0	0.0	-1.0	-1.0	0.0	0.0	1.0	1.0	1.0	1.0	0.0	1.0	0.0	1.0	0.0	1.0	-1.0	-1.0	-1.0	0.0	0.0	-1.0	-1.0	-1.0	1.0	-1.0
gnl|Prokka|GCF_018279895.1_1|1642428|A	0.0	0.0	0.0	0.0	-1.0	0.0	-1.0	0.545	-1.0	-1.0	0.0	-1.0	0.0	-1.0	-1.0	0.0	-1.0	0.0	0.0	-1.0	-1.0	1.0	-1.0	-1.0	-1.0	-1.0	0.0	-1.0	-1.0	-1.0	1.0	0.545	1.0	-1.0	1.0	-1.0	-1.0	1.0	0.0	1.0	0.0	0.0	-1.0	-1.0	1.0	0.571	-1.0	1.0	1.0	-1.0	1.0	0.0	-1.0	0.0	0.0	-1.0	1.0	0.0	1.0	1.0	0.0	-1.0	1.0	0.0	0.0	0.0	1.0	0.565	0.0	0.0	0.462	1.0	1.0	0.0	0.615	0.0	-1.0	0.0	-1.0	0.0	0.0	-1.0	0.632	1.0	1.0	0.706	0.0	1.0	-1.0	1.0	1.0	1.0	1.0	-1.0	1.0	-1.0	1.0	-1.0	1.0	0.0	0.0	-1.0	1.0	1.0	-1.0	0.0	1.0	0.0	-1.0	0.0	0.0	0.0	1.0	-1.0	-1.0	-1.0	-1.0	0.0	0.0	1.0	0.0	1.0	-1.0	0.704	0.9	-1.0	-1.0	-1.0	-1.0	0.0	-1.0	-1.0	-1.0	1.0	-1.0	0.0	0.0	1.0	-1.0	0.0	1.0	0.0	0.429	1.0	0.0	1.0	0.0	1.0	1.0	-1.0	1.0	-1.0	-1.0	0.0	0.0	0.0	-1.0	-1.0	1.0	-1.0	-1.0	-1.0	-1.0	-1.0	-1.0	0.0	-1.0	1.0	0.0	-1.0	-1.0	0.0	0.0	1.0	1.0	1.0	1.0	0.0	1.0	0.0	1.0	0.0	1.0	-1.0	-1.0	-1.0	0.0	0.0	-1.0	-1.0	-1.0	1.0	-1.0
gnl|Prokka|GCF_018279895.1_1|1756277|C	0.0	0.172	-1.0	0.0	-1.0	1.0	-1.0	0.656	-1.0	-1.0	0.0	-1.0	-1.0	-1.0	-1.0	0.0	-1.0	0.0	0.0	-1.0	-1.0	1.0	-1.0	-1.0	-1.0	-1.0	1.0	-1.0	-1.0	-1.0	1.0	0.0	0.088	-1.0	1.0	-1.0	1.0	-1.0	0.0	0.0	0.0	0.0	-1.0	-1.0	1.0	0.0	-1.0	0.0	0.0	-1.0	1.0	0.0	-1.0	0.0	1.0	1.0	1.0	1.0	1.0	1.0	0.0	-1.0	0.241	1.0	1.0	0.0	1.0	0.553	0.0	-1.0	0.583	1.0	1.0	1.0	1.0	0.0	-1.0	0.0	0.0	1.0	-1.0	-1.0	0.452	0.0	1.0	1.0	0.0	1.0	-1.0	0.897	0.0	1.0	1.0	0.75	1.0	-1.0	1.0	-1.0	0.692	1.0	0.0	-1.0	1.0	0.0	-1.0	0.0	1.0	0.0	-1.0	1.0	0.0	1.0	-1.0	-1.0	-1.0	-1.0	-1.0	0.0	0.0	0.0	0.0	1.0	-1.0	0.667	0.0	-1.0	-1.0	-1.0	-1.0	0.312	-1.0	-1.0	-1.0	0.0	-1.0	0.0	0.0	1.0	-1.0	0.0	0.0	0.0	0.364	-1.0	0.0	1.0	0.0	1.0	1.0	-1.0	0.0	0.0	-1.0	1.0	0.0	0.0	-1.0	-1.0	0.0	-1.0	-1.0	-1.0	0.0	-1.0	-1.0	-1.0	-1.0	0.0	0.0	-1.0	-1.0	0.0	0.625	1.0	0.0	0.0	1.0	0.0	0.0	0.0	1.0	0.0	1.0	-1.0	-1.0	-1.0	0.0	0.0	-1.0	-1.0	-1.0	0.0	-1.0
gnl|Prokka|GCF_018279895.1_1|1768299|T	0.0	1.0	1.0	0.0	-1.0	1.0	-1.0	1.0	-1.0	-1.0	0.0	-1.0	0.0	-1.0	-1.0	-1.0	-1.0	-1.0	0.0	-1.0	-1.0	1.0	-1.0	-1.0	-1.0	-1.0	1.0	-1.0	-1.0	-1.0	1.0	0.0	0.0	-1.0	1.0	-1.0	-1.0	-1.0	0.0	1.0	0.0	0.0	-1.0	-1.0	1.0	-1.0	-1.0	0.0	-1.0	-1.0	1.0	0.0	-1.0	0.0	1.0	1.0	1.0	1.0	1.0	0.0	0.0	-1.0	0.188	1.0	1.0	0.0	1.0	0.0	0.0	0.0	0.476	0.0	1.0	1.0	1.0	1.0	-1.0	0.0	0.0	1.0	0.0	-1.0	0.774	1.0	1.0	0.571	0.0	-1.0	0.429	1.0	0.0	0.0	0.0	0.571	1.0	-1.0	0.0	-1.0	0.0	-1.0	0.0	-1.0	1.0	1.0	-1.0	-1.0	1.0	0.0	-1.0	0.0	0.0	1.0	0.0	-1.0	-1.0	-1.0	-1.0	0.333	0.0	1.0	1.0	-1.0	-1.0	0.562	1.0	-1.0	-1.0	-1.0	-1.0	0.636	-1.0	-1.0	-1.0	0.0	-1.0	0.0	1.0	0.0	-1.0	0.0	1.0	1.0	1.0	0.0	0.0	0.0	0.0	1.0	1.0	-1.0	0.0	1.0	-1.0	1.0	0.0	0.0	-1.0	-1.0	1.0	-1.0	-1.0	-1.0	0.0	-1.0	-1.0	0.375	-1.0	1.0	0.0	-1.0	-1.0	1.0	0.0	1.0	1.0	0.0	1.0	0.0	0.0	0.0	0.0	0.0	0.0	-1.0	-1.0	-1.0	0.0	0.0	-1.0	-1.0	-1.0	0.0	-1.0
gnl|Prokka|GCF_018279895.1_1|1768305|T	0.0	1.0	1.0	0.0	-1.0	1.0	-1.0	1.0	-1.0	-1.0	0.0	-1.0	0.0	-1.0	-1.0	-1.0	-1.0	0.0	0.0	-1.0	-1.0	1.0	-1.0	-1.0	-1.0	-1.0	1.0	-1.0	-1.0	-1.0	1.0	0.0	0.0	-1.0	1.0	-1.0	-1.0	-1.0	0.0	1.0	0.0	0.0	-1.0	-1.0	1.0	-1.0	-1.0	0.0	-1.0	-1.0	1.0	0.0	-1.0	0.0	1.0	1.0	1.0	1.0	1.0	0.0	0.0	-1.0	0.222	1.0	1.0	0.0	1.0	0.0	0.0	0.0	0.524	0.0	1.0	1.0	1.0	1.0	-1.0	0.0	0.0	1.0	0.0	-1.0	0.697	1.0	1.0	0.6	0.0	-1.0	0.429	1.0	0.0	0.0	0.0	0.625	1.0	-1.0	0.0	-1.0	0.0	-1.0	0.0	-1.0	1.0	1.0	-1.0	-1.0	1.0	0.0	-1.0	0.0	0.0	1.0	0.0	-1.0	-1.0	-1.0	-1.0	0.333	0.0	1.0	1.0	-1.0	-1.0	0.588	1.0	-1.0	-1.0	-1.0	-1.0	0.583	-1.0	-1.0	-1.0	0.0	-1.0	0.0	1.0	0.0	0.0	0.0	1.0	1.0	1.0	0.0	0.0	0.0	0.0	1.0	1.0	-1.0	0.0	1.0	-1.0	1.0	0.0	0.0	-1.0	-1.0	1.0	-1.0	-1.0	-1.0	0.0	-1.0	-1.0	0.375	-1.0	1.0	0.0	-1.0	-1.0	1.0	0.0	1.0	1.0	0.0	1.0	0.0	0.0	0.0	0.0	0.0	0.0	-1.0	-1.0	-1.0	0.0	0.0	-1.0	-1.0	-1.0	0.0	-1.0
gnl|Prokka|GCF_018279895.1_1|1825871|T	0.0	0.0	-1.0	0.0	-1.0	-1.0	-1.0	0.75	-1.0	-1.0	0.0	-1.0	0.0	-1.0	-1.0	0.0	-1.0	1.0	0.0	-1.0	-1.0	0.0	-1.0	-1.0	-1.0	-1.0	0.0	-1.0	-1.0	-1.0	1.0	0.0	1.0	-1.0	1.0	-1.0	1.0	1.0	0.0	1.0	0.0	0.0	-1.0	-1.0	0.0	1.0	-1.0	1.0	1.0	-1.0	1.0	-1.0	-1.0	0.0	1.0	-1.0	0.0	0.0	1.0	1.0	0.0	-1.0	0.821	0.0	1.0	0.0	1.0	1.0	0.0	0.0	0.435	1.0	0.0	0.0	0.0	0.0	-1.0	1.0	-1.0	1.0	-1.0	-1.0	0.0	1.0	1.0	1.0	0.0	0.0	-1.0	0.0	0.0	1.0	1.0	0.0	0.0	-1.0	1.0	-1.0	1.0	0.0	1.0	-1.0	1.0	1.0	-1.0	1.0	1.0	0.0	-1.0	1.0	0.0	0.0	1.0	1.0	-1.0	-1.0	-1.0	1.0	0.0	1.0	0.0	1.0	-1.0	0.0	0.774	-1.0	-1.0	-1.0	-1.0	0.0	-1.0	-1.0	-1.0	1.0	-1.0	0.0	0.0	1.0	-1.0	0.429	1.0	0.0	0.0	-1.0	0.0	1.0	0.0	0.0	-1.0	-1.0	1.0	1.0	-1.0	1.0	0.0	1.0	0.0	-1.0	1.0	-1.0	-1.0	-1.0	0.571	-1.0	-1.0	1.0	-1.0	0.0	0.0	-1.0	-1.0	0.0	1.0	0.0	1.0	1.0	1.0	0.0	1.0	0.0	1.0	1.0	1.0	-1.0	-1.0	-1.0	0.0	1.0	-1.0	-1.0	-1.0	0.0	-1.0
gnl|Prokka|GCF_018279895.1_1|1840098|C	1.0	0.0	1.0	1.0	-1.0	0.0	-1.0	0.0	-1.0	-1.0	1.0	-1.0	0.0	-1.0	-1.0	1.0	-1.0	1.0	0.0	-1.0	-1.0	1.0	-1.0	-1.0	-1.0	-1.0	0.0	-1.0	-1.0	-1.0	0.0	1.0	0.0	-1.0	0.0	-1.0	-1.0	1.0	1.0	1.0	1.0	0.0	-1.0	-1.0	0.929	1.0	-1.0	0.0	1.0	-1.0	0.0	-1.0	-1.0	0.0	0.0	0.0	1.0	0.0	0.0	1.0	1.0	-1.0	0.259	0.0	0.0	1.0	0.0	0.0	1.0	1.0	0.0	0.0	1.0	0.0	0.588	0.0	-1.0	0.0	-1.0	0.0	-1.0	-1.0	1.0	1.0	0.0	0.0	1.0	1.0	0.0	1.0	1.0	1.0	0.0	1.0	1.0	-1.0	1.0	-1.0	0.0	-1.0	0.0	-1.0	0.0	1.0	-1.0	0.6	0.0	0.0	-1.0	0.0	1.0	0.879	1.0	-1.0	-1.0	-1.0	-1.0	0.0	1.0	1.0	0.0	0.0	-1.0	1.0	0.778	-1.0	-1.0	-1.0	-1.0	0.778	-1.0	-1.0	-1.0	-1.0	-1.0	0.0	0.0	0.0	1.0	0.0	1.0	1.0	1.0	0.0	0.0	-1.0	0.0	0.0	0.0	-1.0	0.0	1.0	-1.0	-1.0	0.0	0.0	1.0	-1.0	1.0	-1.0	-1.0	-1.0	0.0	-1.0	-1.0	0.3	-1.0	1.0	0.0	-1.0	-1.0	1.0	1.0	1.0	1.0	1.0	0.0	1.0	0.0	0.0	1.0	0.0	0.0	-1.0	-1.0	-1.0	0.0	1.0	-1.0	-1.0	-1.0	0.0	-1.0
gnl|Prokka|GCF_018279895.1_1|1840401|T	0.0	1.0	1.0	0.0	-1.0	1.0	-1.0	0.6	-1.0	-1.0	0.0	-1.0	-1.0	-1.0	-1.0	-1.0	-1.0	0.0	0.0	-1.0	-1.0	1.0	-1.0	-1.0	-1.0	-1.0	1.0	-1.0	-1.0	-1.0	1.0	0.0	0.0	-1.0	1.0	-1.0	0.0	0.0	0.0	0.0	0.0	0.0	-1.0	-1.0	1.0	1.0	-1.0	0.0	0.0	-1.0	1.0	-1.0	-1.0	0.0	1.0	1.0	1.0	1.0	1.0	0.0	0.0	-1.0	0.15	1.0	1.0	0.0	1.0	0.368	0.0	0.0	1.0	0.0	1.0	1.0	1.0	1.0	-1.0	1.0	0.0	1.0	0.0	-1.0	0.385	0.0	1.0	1.0	-1.0	1.0	0.0	1.0	-1.0	0.0	0.0	1.0	1.0	-1.0	0.0	-1.0	0.0	-1.0	1.0	-1.0	1.0	1.0	-1.0	0.0	1.0	1.0	-1.0	0.0	0.0	1.0	-1.0	0.0	-1.0	-1.0	-1.0	1.0	0.0	1.0	0.0	1.0	-1.0	0.542	0.417	-1.0	-1.0	-1.0	-1.0	0.379	-1.0	-1.0	-1.0	0.0	-1.0	1.0	1.0	0.0	0.0	0.727	1.0	0.0	0.429	0.0	-1.0	-1.0	1.0	1.0	1.0	-1.0	0.0	0.364	-1.0	-1.0	0.714	1.0	0.0	-1.0	0.0	-1.0	-1.0	-1.0	-1.0	-1.0	-1.0	0.0	-1.0	0.0	1.0	-1.0	-1.0	0.0	1.0	1.0	-1.0	0.0	1.0	0.0	0.0	1.0	0.0	0.0	0.0	-1.0	-1.0	-1.0	1.0	0.0	-1.0	-1.0	-1.0	0.0	-1.0
gnl|Prokka|GCF_018279895.1_1|1879864|G	0.0	1.0	1.0	0.0	-1.0	1.0	-1.0	0.652	-1.0	-1.0	0.0	-1.0	0.0	-1.0	-1.0	0.0	-1.0	0.0	0.0	-1.0	-1.0	1.0	-1.0	-1.0	-1.0	-1.0	1.0	-1.0	-1.0	-1.0	1.0	0.273	0.919	-1.0	1.0	-1.0	1.0	1.0	-1.0	1.0	0.0	1.0	-1.0	-1.0	1.0	1.0	-1.0	0.0	-1.0	-1.0	1.0	-1.0	-1.0	1.0	0.0	-1.0	1.0	1.0	1.0	1.0	0.0	-1.0	1.0	1.0	0.0	0.0	1.0	0.0	0.0	0.0	0.438	1.0	1.0	1.0	0.769	1.0	-1.0	0.0	0.0	1.0	0.0	-1.0	0.708	1.0	1.0	0.812	0.0	1.0	0.0	1.0	0.0	1.0	0.0	-1.0	1.0	-1.0	1.0	-1.0	0.0	0.0	0.0	-1.0	1.0	0.898	-1.0	0.0	1.0	0.0	-1.0	1.0	1.0	1.0	1.0	-1.0	-1.0	-1.0	-1.0	0.0	0.0	0.0	0.0	1.0	-1.0	0.4	1.0	-1.0	-1.0	-1.0	-1.0	0.304	-1.0	-1.0	-1.0	0.0	-1.0	0.0	-1.0	0.0	0.0	0.0	0.0	1.0	0.2	0.0	0.0	0.0	0.0	1.0	1.0	-1.0	1.0	1.0	-1.0	-1.0	-1.0	0.0	0.0	-1.0	1.0	-1.0	-1.0	-1.0	0.0	-1.0	-1.0	0.667	-1.0	0.0	0.0	-1.0	-1.0	1.0	0.0	1.0	1.0	0.0	1.0	0.0	0.0	0.0	1.0	0.0	0.0	-1.0	-1.0	-1.0	0.0	0.0	-1.0	-1.0	-1.0	1.0	-1.0
gnl|Prokka|GCF_018279895.1_1|1906990|G	0.0	1.0	1.0	0.0	-1.0	-1.0	-1.0	0.517	-1.0	-1.0	0.0	-1.0	-1.0	-1.0	-1.0	0.0	-1.0	0.0	0.0	-1.0	-1.0	1.0	-1.0	-1.0	-1.0	-1.0	1.0	-1.0	-1.0	-1.0	1.0	0.25	0.857	-1.0	1.0	-1.0	0.0	-1.0	0.0	1.0	0.0	0.0	-1.0	-1.0	1.0	-1.0	-1.0	0.0	-1.0	-1.0	1.0	0.0	-1.0	0.0	1.0	1.0	1.0	1.0	1.0	1.0	0.0	-1.0	0.107	1.0	1.0	0.0	1.0	0.0	0.0	0.0	0.417	0.0	1.0	1.0	1.0	1.0	-1.0	0.0	0.0	1.0	0.0	-1.0	0.318	1.0	1.0	0.737	0.0	1.0	-1.0	1.0	0.0	1.0	0.0	-1.0	1.0	-1.0	1.0	-1.0	0.0	-1.0	0.0	-1.0	1.0	0.0	-1.0	1.0	1.0	0.0	-1.0	0.0	1.0	1.0	1.0	-1.0	-1.0	-1.0	-1.0	0.0	0.0	0.0	0.0	1.0	-1.0	0.733	0.265	-1.0	-1.0	-1.0	-1.0	0.25	-1.0	-1.0	-1.0	1.0	-1.0	0.0	1.0	0.0	1.0	0.0	0.0	1.0	0.0	0.0	0.0	-1.0	0.0	1.0	1.0	-1.0	0.0	0.412	-1.0	1.0	0.0	0.0	0.0	-1.0	0.0	-1.0	-1.0	-1.0	0.0	-1.0	-1.0	0.0	-1.0	1.0	0.0	-1.0	-1.0	1.0	0.0	1.0	1.0	1.0	1.0	0.0	0.0	0.0	1.0	-1.0	0.0	-1.0	-1.0	-1.0	0.0	1.0	-1.0	-1.0	-1.0	0.0	-1.0
gnl|Prokka|GCF_018279895.1_1|1922581|C	0.0	1.0	0.0	-1.0	-1.0	1.0	-1.0	0.814	-1.0	-1.0	0.0	-1.0	0.0	-1.0	-1.0	0.0	-1.0	0.0	0.0	-1.0	-1.0	1.0	-1.0	-1.0	-1.0	-1.0	1.0	-1.0	-1.0	-1.0	1.0	0.25	0.0	-1.0	1.0	-1.0	0.0	-1.0	-1.0	0.0	0.0	1.0	-1.0	-1.0	0.0	0.429	-1.0	0.0	-1.0	-1.0	1.0	0.0	-1.0	0.0	0.0	0.0	1.0	1.0	1.0	1.0	0.0	-1.0	1.0	0.0	0.0	0.0	1.0	1.0	0.0	0.0	0.421	0.0	0.871	0.0	0.412	1.0	-1.0	0.0	-1.0	1.0	-1.0	-1.0	-1.0	0.0	1.0	0.75	0.0	1.0	-1.0	1.0	0.0	1.0	0.0	1.0	1.0	-1.0	1.0	-1.0	1.0	-1.0	1.0	-1.0	1.0	0.192	-1.0	0.0	1.0	0.0	-1.0	0.0	0.0	1.0	1.0	-1.0	-1.0	-1.0	-1.0	1.0	0.0	0.0	0.0	1.0	-1.0	0.588	0.333	-1.0	-1.0	-1.0	-1.0	0.0	-1.0	-1.0	-1.0	1.0	-1.0	0.0	1.0	0.0	1.0	0.0	0.0	0.0	0.0	0.0	0.0	0.0	0.0	1.0	1.0	-1.0	1.0	1.0	-1.0	0.0	0.0	1.0	-1.0	-1.0	0.0	-1.0	-1.0	-1.0	0.0	-1.0	-1.0	0.0	-1.0	1.0	0.0	-1.0	-1.0	1.0	0.545	1.0	-1.0	1.0	1.0	0.0	0.0	0.0	1.0	0.0	0.0	-1.0	-1.0	-1.0	0.0	1.0	-1.0	-1.0	-1.0	1.0	-1.0
gnl|Prokka|GCF_018279895.1_1|1929151|A	-1.0	0.0	-1.0	1.0	-1.0	-1.0	-1.0	0.81	-1.0	-1.0	-1.0	-1.0	-1.0	-1.0	-1.0	1.0	-1.0	0.556	0.0	-1.0	-1.0	1.0	-1.0	-1.0	-1.0	-1.0	0.0	-1.0	-1.0	-1.0	1.0	0.769	0.0	-1.0	1.0	-1.0	1.0	0.0	1.0	0.0	1.0	0.0	-1.0	-1.0	1.0	1.0	-1.0	1.0	0.0	-1.0	1.0	1.0	-1.0	0.0	1.0	1.0	1.0	1.0	1.0	0.0	1.0	-1.0	0.333	1.0	1.0	1.0	1.0	0.0	1.0	1.0	0.261	1.0	1.0	1.0	1.0	-1.0	-1.0	0.0	0.333	1.0	1.0	-1.0	1.0	0.0	1.0	0.684	1.0	1.0	-1.0	1.0	0.0	0.0	0.0	0.571	1.0	-1.0	0.0	-1.0	0.231	0.0	0.0	-1.0	1.0	0.0	-1.0	0.0	1.0	0.0	-1.0	0.0	0.0	1.0	0.0	0.0	-1.0	-1.0	-1.0	-1.0	1.0	0.0	0.0	1.0	-1.0	1.0	0.0	-1.0	-1.0	-1.0	-1.0	1.0	-1.0	-1.0	-1.0	0.0	-1.0	0.0	-1.0	0.0	0.0	0.0	0.0	0.0	0.267	0.0	0.0	0.0	-1.0	1.0	1.0	-1.0	0.0	0.0	-1.0	-1.0	0.0	0.0	0.0	-1.0	0.0	-1.0	-1.0	-1.0	0.0	-1.0	-1.0	0.0	-1.0	0.0	0.0	-1.0	-1.0	0.0	-1.0	1.0	0.0	0.0	1.0	1.0	1.0	0.0	0.0	0.0	0.0	-1.0	-1.0	-1.0	0.0	-1.0	-1.0	-1.0	-1.0	1.0	-1.0
gnl|Prokka|GCF_018279895.1_1|1951106|C	-1.0	0.765	0.0	1.0	-1.0	0.0	-1.0	0.686	-1.0	-1.0	0.667	-1.0	0.0	-1.0	-1.0	-1.0	-1.0	-1.0	0.0	-1.0	-1.0	1.0	-1.0	-1.0	-1.0	-1.0	0.0	-1.0	-1.0	-1.0	1.0	0.812	0.0	-1.0	1.0	-1.0	0.0	0.0	-1.0	0.0	1.0	0.0	-1.0	-1.0	0.0	0.556	-1.0	0.0	-1.0	-1.0	1.0	1.0	-1.0	0.0	1.0	1.0	1.0	0.0	1.0	1.0	1.0	-1.0	0.0	1.0	1.0	1.0	1.0	0.0	1.0	1.0	0.389	0.0	1.0	1.0	1.0	1.0	-1.0	0.0	-1.0	1.0	1.0	-1.0	1.0	0.0	1.0	0.571	1.0	1.0	-1.0	1.0	1.0	1.0	0.0	0.0	1.0	-1.0	1.0	-1.0	1.0	0.0	0.0	-1.0	1.0	0.2	-1.0	0.0	1.0	0.0	-1.0	0.0	1.0	0.0	1.0	0.0	-1.0	-1.0	-1.0	0.0	1.0	0.0	0.0	-1.0	-1.0	1.0	0.233	-1.0	-1.0	-1.0	-1.0	-1.0	-1.0	-1.0	-1.0	0.0	-1.0	0.0	1.0	0.0	0.0	0.0	0.0	1.0	0.429	0.0	0.0	0.0	0.0	1.0	1.0	-1.0	0.0	0.0	-1.0	-1.0	0.0	0.0	0.0	-1.0	0.0	-1.0	-1.0	-1.0	0.0	-1.0	-1.0	0.0	-1.0	1.0	0.0	-1.0	-1.0	0.0	-1.0	1.0	-1.0	0.0	1.0	1.0	0.0	0.0	1.0	0.0	0.0	-1.0	-1.0	-1.0	0.0	0.0	-1.0	-1.0	-1.0	0.0	-1.0
gnl|Prokka|GCF_018279895.1_1|1953212|T	0.0	0.258	0.0	0.0	-1.0	-1.0	-1.0	0.644	-1.0	-1.0	-1.0	-1.0	-1.0	-1.0	-1.0	0.0	-1.0	0.0	1.0	-1.0	-1.0	1.0	-1.0	-1.0	-1.0	-1.0	1.0	-1.0	-1.0	-1.0	1.0	0.267	0.064	-1.0	1.0	-1.0	0.0	-1.0	0.0	0.0	0.0	1.0	-1.0	-1.0	1.0	0.0	-1.0	0.0	0.0	-1.0	1.0	-1.0	-1.0	0.0	1.0	1.0	1.0	1.0	1.0	1.0	0.0	-1.0	0.4	0.0	1.0	0.0	1.0	1.0	0.0	0.0	0.556	0.0	1.0	0.0	0.68	0.0	-1.0	0.0	-1.0	1.0	0.0	-1.0	0.613	0.0	1.0	0.571	0.0	-1.0	0.375	1.0	0.0	1.0	1.0	-1.0	1.0	-1.0	1.0	-1.0	0.0	0.0	0.0	-1.0	1.0	1.0	-1.0	0.0	1.0	0.0	-1.0	1.0	1.0	1.0	1.0	-1.0	-1.0	-1.0	-1.0	0.0	0.0	0.0	0.0	1.0	-1.0	0.481	0.0	-1.0	-1.0	-1.0	-1.0	0.636	-1.0	-1.0	-1.0	1.0	-1.0	0.0	0.0	1.0	-1.0	0.0	0.0	1.0	0.0	1.0	0.0	1.0	0.0	1.0	1.0	-1.0	0.0	0.0	-1.0	-1.0	0.0	0.0	-1.0	-1.0	1.0	-1.0	-1.0	-1.0	-1.0	-1.0	-1.0	1.0	-1.0	1.0	0.0	-1.0	-1.0	1.0	0.0	1.0	0.0	1.0	1.0	0.0	1.0	0.0	1.0	1.0	1.0	-1.0	-1.0	-1.0	0.0	0.0	-1.0	-1.0	-1.0	1.0	-1.0
gnl|Prokka|GCF_018279895.1_1|1953365|T	1.0	0.0	0.0	1.0	-1.0	1.0	-1.0	0.76	-1.0	-1.0	1.0	-1.0	-1.0	-1.0	-1.0	1.0	-1.0	1.0	0.0	-1.0	-1.0	1.0	-1.0	-1.0	-1.0	-1.0	0.0	-1.0	-1.0	-1.0	1.0	1.0	0.0	-1.0	1.0	-1.0	0.0	-1.0	1.0	0.0	1.0	0.0	-1.0	-1.0	1.0	-1.0	-1.0	0.0	-1.0	-1.0	1.0	1.0	-1.0	0.0	1.0	-1.0	1.0	1.0	1.0	0.0	1.0	-1.0	0.192	1.0	1.0	1.0	1.0	0.432	1.0	1.0	0.542	0.0	1.0	1.0	1.0	0.0	-1.0	1.0	-1.0	1.0	1.0	-1.0	1.0	0.0	1.0	0.85	1.0	1.0	-1.0	1.0	-1.0	0.0	0.0	-1.0	1.0	-1.0	0.0	-1.0	0.0	0.0	1.0	-1.0	1.0	0.0	-1.0	0.0	1.0	0.0	-1.0	0.0	0.0	1.0	0.0	-1.0	-1.0	-1.0	-1.0	1.0	1.0	0.0	0.0	1.0	-1.0	1.0	0.0	-1.0	-1.0	-1.0	-1.0	1.0	-1.0	-1.0	-1.0	0.0	-1.0	0.0	0.0	0.0	-1.0	0.3	0.0	0.0	0.0	0.0	0.0	0.0	0.0	-1.0	1.0	-1.0	0.0	0.0	-1.0	1.0	0.0	1.0	-1.0	-1.0	0.0	-1.0	-1.0	-1.0	0.0	-1.0	-1.0	0.0	-1.0	0.0	0.0	-1.0	-1.0	0.0	0.0	1.0	0.0	0.0	1.0	1.0	0.0	0.0	0.0	0.0	0.0	-1.0	-1.0	-1.0	0.0	0.0	-1.0	-1.0	-1.0	0.0	-1.0
gnl|Prokka|GCF_018279895.1_1|1984540|G	-1.0	1.0	-1.0	0.0	-1.0	1.0	-1.0	0.714	-1.0	-1.0	-1.0	-1.0	0.0	-1.0	-1.0	0.0	-1.0	0.0	0.0	-1.0	-1.0	0.0	-1.0	-1.0	-1.0	-1.0	1.0	-1.0	-1.0	-1.0	1.0	0.0	0.86	-1.0	1.0	-1.0	0.0	-1.0	0.0	0.0	0.0	1.0	-1.0	-1.0	1.0	1.0	-1.0	1.0	0.0	-1.0	1.0	0.375	-1.0	0.0	1.0	-1.0	0.0	1.0	1.0	1.0	0.0	-1.0	1.0	1.0	1.0	0.0	1.0	0.0	0.0	0.0	0.455	0.0	0.0	1.0	0.294	1.0	-1.0	1.0	-1.0	1.0	0.0	-1.0	0.0	0.0	1.0	0.762	0.0	-1.0	0.0	1.0	-1.0	1.0	0.0	0.0	0.0	-1.0	1.0	-1.0	0.0	1.0	1.0	-1.0	1.0	1.0	-1.0	0.75	1.0	0.0	-1.0	0.0	1.0	1.0	1.0	-1.0	-1.0	-1.0	-1.0	1.0	0.0	1.0	0.0	1.0	-1.0	0.793	0.2	-1.0	-1.0	-1.0	-1.0	-1.0	-1.0	-1.0	-1.0	-1.0	-1.0	0.0	1.0	0.0	0.0	0.0	1.0	0.0	0.0	0.0	0.0	0.0	0.0	1.0	1.0	-1.0	1.0	1.0	-1.0	0.0	-1.0	1.0	0.0	-1.0	1.0	-1.0	-1.0	-1.0	0.0	-1.0	-1.0	0.667	-1.0	0.0	0.0	-1.0	-1.0	0.0	0.733	1.0	-1.0	0.0	1.0	0.0	0.0	0.0	1.0	1.0	0.0	-1.0	-1.0	-1.0	0.0	0.0	-1.0	-1.0	-1.0	0.0	-1.0
gnl|Prokka|GCF_018279895.1_1|1991637|C	-1.0	1.0	1.0	1.0	-1.0	0.0	-1.0	0.657	-1.0	-1.0	-1.0	-1.0	0.0	-1.0	-1.0	1.0	-1.0	1.0	0.0	-1.0	-1.0	1.0	-1.0	-1.0	-1.0	-1.0	1.0	-1.0	-1.0	-1.0	1.0	1.0	0.926	-1.0	1.0	-1.0	1.0	0.0	-1.0	0.0	1.0	0.0	-1.0	-1.0	0.0	1.0	-1.0	0.0	-1.0	-1.0	1.0	1.0	-1.0	0.0	1.0	-1.0	1.0	0.0	1.0	0.0	1.0	-1.0	0.0	1.0	1.0	1.0	1.0	0.0	1.0	1.0	0.296	1.0	1.0	1.0	0.821	1.0	-1.0	0.0	0.556	0.0	1.0	-1.0	1.0	0.0	1.0	0.667	-1.0	-1.0	-1.0	1.0	1.0	0.0	0.0	0.375	1.0	-1.0	0.0	-1.0	0.158	0.0	0.0	-1.0	1.0	0.0	-1.0	1.0	1.0	0.0	-1.0	0.0	0.0	0.0	0.0	-1.0	-1.0	-1.0	-1.0	0.0	1.0	0.0	0.0	1.0	-1.0	1.0	0.158	-1.0	-1.0	-1.0	-1.0	0.727	-1.0	-1.0	-1.0	-1.0	-1.0	0.0	1.0	0.0	0.0	0.0	0.0	0.0	0.0	1.0	0.0	0.0	0.0	1.0	1.0	-1.0	0.0	0.0	-1.0	-1.0	0.0	0.0	0.0	-1.0	0.0	-1.0	-1.0	-1.0	-1.0	-1.0	-1.0	0.0	-1.0	0.0	0.0	-1.0	-1.0	0.088	0.231	1.0	0.0	0.0	1.0	1.0	0.0	0.0	0.0	0.0	0.0	-1.0	-1.0	-1.0	0.0	0.0	-1.0	-1.0	-1.0	0.0	-1.0
gnl|Prokka|GCF_018279895.1_1|1993443|C	-1.0	0.914	0.0	-1.0	-1.0	0.0	-1.0	0.481	-1.0	-1.0	1.0	-1.0	0.0	-1.0	-1.0	1.0	-1.0	1.0	0.0	-1.0	-1.0	1.0	-1.0	-1.0	-1.0	-1.0	0.0	-1.0	-1.0	-1.0	1.0	1.0	0.877	-1.0	1.0	-1.0	0.0	-1.0	1.0	1.0	1.0	0.0	-1.0	-1.0	0.0	-1.0	-1.0	1.0	1.0	-1.0	1.0	1.0	-1.0	1.0	1.0	1.0	1.0	0.0	1.0	0.0	1.0	-1.0	0.0	0.0	1.0	1.0	1.0	0.0	1.0	1.0	0.588	0.0	1.0	0.0	0.538	1.0	-1.0	0.0	-1.0	1.0	1.0	-1.0	1.0	1.0	1.0	0.722	1.0	1.0	-1.0	1.0	1.0	0.0	0.0	-1.0	1.0	-1.0	0.0	-1.0	0.0	0.0	0.0	-1.0	1.0	0.178	-1.0	0.0	1.0	0.0	-1.0	0.0	0.0	0.0	0.0	1.0	-1.0	-1.0	-1.0	0.0	1.0	0.0	0.0	1.0	-1.0	1.0	0.195	-1.0	-1.0	-1.0	-1.0	0.611	-1.0	-1.0	-1.0	0.0	-1.0	0.0	1.0	0.0	-1.0	1.0	0.0	1.0	0.0	0.0	0.0	0.0	0.0	0.0	1.0	-1.0	0.0	0.385	-1.0	-1.0	0.0	0.0	1.0	-1.0	1.0	-1.0	-1.0	-1.0	-1.0	-1.0	-1.0	0.0	-1.0	1.0	0.0	-1.0	-1.0	0.0	0.0	1.0	1.0	0.0	1.0	1.0	0.0	0.0	0.0	0.0	0.0	-1.0	-1.0	-1.0	0.0	0.0	-1.0	-1.0	-1.0	0.0	-1.0
gnl|Prokka|GCF_018279895.1_1|2014223|C	-1.0	0.806	-1.0	0.0	-1.0	1.0	-1.0	0.565	-1.0	-1.0	-1.0	-1.0	0.0	-1.0	-1.0	0.0	-1.0	0.0	1.0	-1.0	-1.0	1.0	-1.0	-1.0	-1.0	-1.0	0.0	-1.0	-1.0	-1.0	1.0	0.455	0.123	-1.0	1.0	-1.0	1.0	-1.0	0.0	0.0	0.0	0.0	-1.0	-1.0	1.0	0.0	-1.0	0.0	0.0	-1.0	1.0	0.0	-1.0	0.0	1.0	1.0	1.0	1.0	1.0	0.0	0.0	-1.0	0.273	0.0	1.0	0.0	1.0	0.575	0.0	0.0	0.632	1.0	1.0	0.0	0.562	1.0	-1.0	0.0	0.0	0.0	-1.0	-1.0	0.667	0.0	1.0	0.789	0.0	1.0	-1.0	1.0	0.0	0.0	1.0	-1.0	1.0	-1.0	0.0	-1.0	0.0	-1.0	1.0	-1.0	1.0	0.163	-1.0	-1.0	1.0	0.0	-1.0	1.0	0.0	0.862	0.0	0.0	-1.0	-1.0	-1.0	1.0	0.0	0.0	0.0	1.0	-1.0	0.536	0.291	-1.0	-1.0	-1.0	-1.0	0.308	-1.0	-1.0	-1.0	-1.0	-1.0	0.0	0.842	1.0	-1.0	0.0	0.0	-1.0	0.333	0.0	0.0	1.0	0.0	0.0	1.0	-1.0	0.0	0.0	-1.0	1.0	0.0	1.0	0.0	-1.0	0.0	-1.0	-1.0	-1.0	0.0	-1.0	-1.0	0.0	-1.0	1.0	0.0	-1.0	-1.0	1.0	0.0	1.0	0.0	1.0	1.0	0.0	0.0	0.0	0.0	0.0	1.0	-1.0	-1.0	-1.0	0.0	1.0	-1.0	-1.0	-1.0	1.0	-1.0
gnl|Prokka|GCF_018279895.1_1|2030759|G	-1.0	0.0	-1.0	0.0	-1.0	1.0	-1.0	1.0	-1.0	-1.0	-1.0	-1.0	0.0	-1.0	-1.0	0.0	-1.0	0.0	1.0	-1.0	-1.0	1.0	-1.0	-1.0	-1.0	-1.0	0.0	-1.0	-1.0	-1.0	1.0	0.333	1.0	-1.0	1.0	-1.0	0.0	-1.0	-1.0	1.0	0.0	0.0	-1.0	-1.0	0.0	-1.0	-1.0	0.0	1.0	-1.0	1.0	0.0	-1.0	1.0	1.0	1.0	1.0	1.0	1.0	1.0	0.0	-1.0	0.846	0.0	1.0	0.0	1.0	1.0	-1.0	0.0	0.667	0.0	1.0	0.0	0.682	0.0	-1.0	0.0	1.0	0.0	-1.0	-1.0	0.758	1.0	1.0	0.824	0.0	1.0	1.0	0.875	0.0	1.0	1.0	0.375	1.0	-1.0	1.0	-1.0	1.0	0.0	0.0	-1.0	1.0	0.0	-1.0	0.0	1.0	0.0	-1.0	1.0	1.0	1.0	-1.0	-1.0	-1.0	-1.0	-1.0	0.0	0.0	1.0	1.0	1.0	-1.0	0.688	1.0	-1.0	-1.0	-1.0	-1.0	0.0	-1.0	-1.0	-1.0	-1.0	-1.0	0.0	0.0	1.0	0.0	0.0	1.0	0.0	0.0	0.0	0.0	1.0	0.0	0.0	-1.0	-1.0	1.0	1.0	-1.0	0.0	0.0	0.0	0.0	-1.0	1.0	-1.0	-1.0	-1.0	0.0	-1.0	-1.0	-1.0	-1.0	0.0	0.0	-1.0	-1.0	0.0	0.0	1.0	1.0	0.0	1.0	0.0	1.0	0.0	1.0	0.7	1.0	-1.0	-1.0	-1.0	0.0	1.0	-1.0	-1.0	-1.0	1.0	-1.0
gnl|Prokka|GCF_018279895.1_1|2057025|T	1.0	1.0	1.0	-1.0	-1.0	1.0	-1.0	0.609	-1.0	-1.0	1.0	-1.0	0.0	-1.0	-1.0	1.0	-1.0	0.625	1.0	-1.0	-1.0	0.0	-1.0	-1.0	-1.0	-1.0	1.0	-1.0	-1.0	-1.0	1.0	0.6	0.0	-1.0	1.0	-1.0	0.0	-1.0	1.0	0.0	1.0	0.0	-1.0	-1.0	0.915	-1.0	-1.0	1.0	0.0	-1.0	1.0	1.0	-1.0	0.0	1.0	1.0	0.0	1.0	1.0	0.0	1.0	-1.0	1.0	0.0	1.0	1.0	1.0	0.273	1.0	1.0	0.571	0.0	0.0	0.0	0.0	1.0	-1.0	0.0	-1.0	0.0	1.0	-1.0	0.286	0.0	1.0	0.792	1.0	0.0	0.667	1.0	-1.0	-1.0	0.0	0.0	0.0	-1.0	0.0	-1.0	1.0	0.0	0.0	-1.0	1.0	0.0	-1.0	0.0	1.0	0.0	-1.0	0.0	0.0	1.0	0.0	-1.0	-1.0	-1.0	-1.0	0.0	1.0	0.0	0.0	1.0	-1.0	1.0	0.227	-1.0	-1.0	-1.0	-1.0	1.0	-1.0	-1.0	-1.0	0.0	-1.0	0.0	1.0	0.0	-1.0	0.294	0.0	0.0	0.333	0.0	0.0	0.0	0.0	1.0	1.0	-1.0	1.0	0.0	-1.0	-1.0	0.0	0.0	0.0	-1.0	0.0	-1.0	-1.0	-1.0	0.0	-1.0	-1.0	0.0	-1.0	0.0	0.0	-1.0	-1.0	0.0	1.0	1.0	0.0	0.0	1.0	1.0	0.0	0.0	0.0	0.0	0.0	-1.0	-1.0	-1.0	0.0	0.0	-1.0	-1.0	-1.0	0.0	-1.0
gnl|Prokka|GCF_018279895.1_1|2061631|A	0.0	0.25	1.0	-1.0	-1.0	1.0	-1.0	1.0	-1.0	-1.0	0.0	-1.0	-1.0	-1.0	-1.0	0.0	-1.0	1.0	0.0	-1.0	-1.0	1.0	-1.0	-1.0	-1.0	-1.0	1.0	-1.0	-1.0	-1.0	1.0	0.0	0.9	-1.0	1.0	-1.0	-1.0	-1.0	-1.0	0.0	0.0	1.0	-1.0	-1.0	1.0	0.769	-1.0	1.0	-1.0	-1.0	1.0	0.0	-1.0	1.0	1.0	1.0	1.0	1.0	1.0	0.0	0.0	-1.0	0.2	1.0	1.0	0.0	1.0	0.289	0.0	0.0	0.395	0.0	1.0	1.0	1.0	0.0	-1.0	0.0	0.0	1.0	0.0	-1.0	0.6	0.0	1.0	1.0	0.0	1.0	-1.0	1.0	0.231	-1.0	0.0	1.0	1.0	-1.0	0.0	-1.0	0.0	-1.0	0.0	-1.0	1.0	1.0	-1.0	1.0	1.0	0.0	-1.0	1.0	0.0	1.0	0.0	0.0	-1.0	-1.0	-1.0	0.231	0.0	1.0	1.0	1.0	-1.0	0.655	0.872	-1.0	-1.0	-1.0	-1.0	0.667	-1.0	-1.0	-1.0	-1.0	-1.0	0.0	0.0	0.0	-1.0	0.0	1.0	-1.0	1.0	0.0	0.0	0.0	0.0	1.0	1.0	-1.0	0.0	0.0	-1.0	0.0	0.0	0.0	1.0	-1.0	0.0	-1.0	-1.0	-1.0	0.0	-1.0	-1.0	0.0	-1.0	1.0	0.0	-1.0	-1.0	1.0	-1.0	1.0	0.0	1.0	1.0	0.0	0.0	0.0	0.0	0.0	0.0	-1.0	-1.0	-1.0	0.0	1.0	-1.0	-1.0	-1.0	0.0	-1.0
gnl|Prokka|GCF_018279895.1_1|2063697|C	0.0	1.0	1.0	0.0	-1.0	1.0	-1.0	0.524	-1.0	-1.0	0.0	-1.0	0.0	-1.0	-1.0	0.0	-1.0	0.0	1.0	-1.0	-1.0	1.0	-1.0	-1.0	-1.0	-1.0	1.0	-1.0	-1.0	-1.0	1.0	0.0	0.896	-1.0	1.0	-1.0	0.0	1.0	0.0	1.0	0.0	0.0	-1.0	-1.0	1.0	0.0	-1.0	1.0	1.0	-1.0	1.0	-1.0	-1.0	0.0	0.0	-1.0	1.0	1.0	1.0	1.0	0.0	-1.0	0.242	0.0	0.0	0.0	1.0	0.0	0.0	0.0	0.273	0.0	1.0	0.0	0.364	1.0	-1.0	0.0	-1.0	1.0	-1.0	-1.0	0.538	1.0	1.0	0.688	0.0	1.0	-1.0	1.0	0.0	1.0	0.0	0.7	1.0	-1.0	1.0	-1.0	0.0	-1.0	0.0	-1.0	1.0	0.903	-1.0	0.0	1.0	0.0	-1.0	0.0	0.0	1.0	1.0	1.0	-1.0	-1.0	-1.0	0.0	0.0	1.0	0.0	1.0	-1.0	0.474	0.263	-1.0	-1.0	-1.0	-1.0	0.769	-1.0	-1.0	-1.0	-1.0	-1.0	0.0	1.0	0.0	0.0	0.0	1.0	-1.0	0.333	0.0	0.0	0.0	0.0	1.0	1.0	-1.0	0.0	0.571	-1.0	1.0	0.0	0.0	-1.0	-1.0	1.0	-1.0	-1.0	-1.0	0.0	-1.0	-1.0	0.0	-1.0	0.0	0.0	-1.0	-1.0	0.0	1.0	1.0	-1.0	0.0	1.0	0.0	0.0	0.0	1.0	0.0	0.0	-1.0	-1.0	-1.0	0.0	0.0	-1.0	-1.0	-1.0	0.0	-1.0
gnl|Prokka|GCF_018279895.1_1|2063805|G	0.0	1.0	-1.0	0.0	-1.0	1.0	-1.0	-1.0	-1.0	-1.0	0.0	-1.0	0.0	-1.0	-1.0	0.0	-1.0	0.0	0.0	-1.0	-1.0	1.0	-1.0	-1.0	-1.0	-1.0	1.0	-1.0	-1.0	-1.0	1.0	0.25	0.127	-1.0	1.0	-1.0	1.0	0.0	0.0	0.0	0.0	1.0	-1.0	-1.0	1.0	0.0	-1.0	0.0	0.0	-1.0	1.0	-1.0	-1.0	0.0	0.0	-1.0	1.0	1.0	1.0	0.0	0.0	-1.0	0.136	0.0	0.0	0.0	1.0	0.529	0.0	0.0	0.345	1.0	1.0	0.0	0.667	1.0	-1.0	0.0	0.0	1.0	0.0	-1.0	0.486	0.0	1.0	0.545	0.0	1.0	-1.0	1.0	-1.0	0.0	1.0	1.0	1.0	-1.0	0.0	-1.0	0.0	-1.0	0.0	-1.0	1.0	0.125	-1.0	0.0	1.0	0.0	-1.0	0.0	1.0	1.0	0.0	-1.0	-1.0	-1.0	-1.0	0.25	0.0	0.0	0.0	1.0	-1.0	0.562	0.205	-1.0	-1.0	-1.0	-1.0	0.471	-1.0	-1.0	-1.0	-1.0	-1.0	0.0	1.0	1.0	-1.0	0.0	0.0	1.0	0.0	1.0	0.0	1.0	0.0	1.0	-1.0	-1.0	0.0	0.333	-1.0	1.0	0.0	0.0	-1.0	-1.0	0.0	-1.0	-1.0	-1.0	0.438	-1.0	-1.0	0.0	-1.0	1.0	0.0	-1.0	-1.0	0.0	0.0	1.0	0.0	1.0	1.0	0.0	1.0	0.0	0.0	0.0	1.0	-1.0	-1.0	-1.0	0.0	1.0	-1.0	-1.0	-1.0	0.0	-1.0
gnl|Prokka|GCF_018279895.1_1|2180858|T	0.0	1.0	1.0	-1.0	-1.0	1.0	-1.0	0.609	-1.0	-1.0	0.0	-1.0	-1.0	-1.0	-1.0	0.4	-1.0	0.0	0.0	-1.0	-1.0	1.0	-1.0	-1.0	-1.0	-1.0	1.0	-1.0	-1.0	-1.0	1.0	0.0	0.076	-1.0	1.0	-1.0	0.0	0.0	0.0	0.0	0.0	0.0	-1.0	-1.0	1.0	-1.0	-1.0	0.0	0.0	-1.0	1.0	0.0	-1.0	0.0	1.0	-1.0	1.0	1.0	1.0	1.0	0.0	-1.0	0.0	1.0	1.0	0.0	1.0	0.0	0.0	0.0	0.48	-1.0	1.0	1.0	1.0	1.0	-1.0	0.0	0.0	1.0	0.0	-1.0	0.583	0.0	1.0	1.0	0.0	1.0	-1.0	1.0	0.0	1.0	1.0	0.455	1.0	-1.0	1.0	-1.0	0.0	0.0	0.0	-1.0	1.0	0.147	-1.0	-1.0	1.0	0.0	-1.0	0.0	1.0	1.0	1.0	0.0	-1.0	-1.0	-1.0	0.2	0.0	1.0	0.0	1.0	-1.0	-1.0	0.194	-1.0	-1.0	-1.0	-1.0	0.267	-1.0	-1.0	-1.0	0.0	-1.0	0.0	1.0	1.0	0.0	0.0	1.0	1.0	0.0	0.0	0.0	1.0	0.0	1.0	-1.0	-1.0	0.0	1.0	-1.0	1.0	0.0	-1.0	-1.0	-1.0	0.0	-1.0	-1.0	-1.0	0.0	-1.0	-1.0	0.0	-1.0	1.0	0.0	-1.0	-1.0	0.0	0.0	1.0	-1.0	0.0	1.0	0.0	0.0	0.0	1.0	0.0	0.0	-1.0	-1.0	-1.0	0.0	0.0	-1.0	-1.0	-1.0	0.0	-1.0
gnl|Prokka|GCF_018279895.1_1|2180870|T	0.0	1.0	1.0	0.0	-1.0	1.0	-1.0	0.652	-1.0	-1.0	0.0	-1.0	-1.0	-1.0	-1.0	0.364	-1.0	0.0	0.0	-1.0	-1.0	1.0	-1.0	-1.0	-1.0	-1.0	1.0	-1.0	-1.0	-1.0	1.0	0.0	0.09	-1.0	1.0	-1.0	-1.0	-1.0	0.0	0.0	0.0	0.0	-1.0	-1.0	1.0	-1.0	-1.0	0.0	0.0	-1.0	1.0	0.0	-1.0	0.0	1.0	-1.0	1.0	1.0	1.0	1.0	0.0	-1.0	0.0	1.0	1.0	0.0	1.0	0.0	0.0	0.0	0.36	-1.0	1.0	1.0	0.85	1.0	-1.0	0.0	0.0	1.0	0.0	-1.0	0.542	0.0	1.0	1.0	0.0	1.0	0.429	1.0	0.0	1.0	1.0	0.455	1.0	-1.0	1.0	-1.0	0.0	0.0	0.0	-1.0	1.0	0.156	-1.0	-1.0	1.0	0.0	-1.0	0.0	1.0	1.0	1.0	0.0	-1.0	-1.0	-1.0	0.2	0.0	1.0	0.0	1.0	-1.0	0.632	0.194	-1.0	-1.0	-1.0	-1.0	0.267	-1.0	-1.0	-1.0	0.0	-1.0	0.0	1.0	1.0	0.0	0.0	1.0	1.0	0.0	0.0	0.0	1.0	0.0	1.0	-1.0	-1.0	0.0	1.0	-1.0	1.0	0.0	-1.0	-1.0	-1.0	0.0	-1.0	-1.0	-1.0	0.0	-1.0	-1.0	0.0	-1.0	1.0	0.0	-1.0	-1.0	0.0	0.0	1.0	-1.0	0.0	1.0	0.0	0.0	0.0	1.0	0.0	0.0	-1.0	-1.0	-1.0	0.0	0.0	-1.0	-1.0	-1.0	0.0	-1.0
gnl|Prokka|GCF_018279895.1_1|2180903|T	0.0	1.0	-1.0	0.0	-1.0	1.0	-1.0	0.667	-1.0	-1.0	0.0	-1.0	-1.0	-1.0	-1.0	0.0	-1.0	0.0	0.0	-1.0	-1.0	1.0	-1.0	-1.0	-1.0	-1.0	1.0	-1.0	-1.0	-1.0	1.0	0.0	0.088	-1.0	1.0	-1.0	0.0	-1.0	0.0	0.0	0.0	0.0	-1.0	-1.0	1.0	-1.0	-1.0	0.0	0.0	-1.0	1.0	0.0	-1.0	0.0	1.0	-1.0	1.0	1.0	1.0	1.0	0.0	-1.0	0.158	1.0	1.0	0.0	1.0	0.0	0.0	0.0	0.417	0.0	1.0	1.0	1.0	1.0	-1.0	0.0	0.0	1.0	0.0	-1.0	0.455	0.0	1.0	1.0	0.0	1.0	-1.0	1.0	0.0	1.0	1.0	0.556	1.0	-1.0	1.0	-1.0	0.0	0.0	0.0	-1.0	1.0	0.179	-1.0	0.0	1.0	0.0	-1.0	0.0	1.0	1.0	1.0	0.0	-1.0	-1.0	-1.0	0.273	0.0	1.0	0.0	1.0	-1.0	0.588	0.281	-1.0	-1.0	-1.0	-1.0	0.25	-1.0	-1.0	-1.0	0.0	-1.0	0.0	1.0	1.0	0.0	0.0	1.0	1.0	0.0	0.0	0.0	1.0	0.0	1.0	-1.0	-1.0	0.0	1.0	-1.0	1.0	0.0	-1.0	-1.0	-1.0	0.0	-1.0	-1.0	-1.0	0.0	-1.0	-1.0	0.0	-1.0	1.0	0.0	-1.0	-1.0	0.0	-1.0	1.0	-1.0	0.0	1.0	0.0	0.0	0.0	1.0	0.0	0.0	-1.0	-1.0	-1.0	0.0	0.0	-1.0	-1.0	-1.0	0.0	-1.0
gnl|Prokka|GCF_018279895.1_1|2214527|C	1.0	1.0	-1.0	1.0	-1.0	-1.0	-1.0	0.667	-1.0	-1.0	-1.0	-1.0	0.0	-1.0	-1.0	1.0	-1.0	0.556	0.0	-1.0	-1.0	1.0	-1.0	-1.0	-1.0	-1.0	1.0	-1.0	-1.0	-1.0	1.0	-1.0	0.0	-1.0	1.0	-1.0	0.0	0.0	1.0	0.0	1.0	1.0	-1.0	-1.0	0.0	1.0	-1.0	0.0	0.0	-1.0	1.0	1.0	-1.0	0.0	1.0	1.0	1.0	1.0	1.0	0.0	1.0	-1.0	0.0	1.0	1.0	1.0	1.0	0.0	1.0	-1.0	0.455	0.0	1.0	1.0	1.0	1.0	-1.0	0.0	0.333	0.0	1.0	-1.0	1.0	0.0	1.0	1.0	1.0	-1.0	-1.0	1.0	-1.0	0.0	0.0	-1.0	1.0	-1.0	0.0	-1.0	0.0	0.0	0.0	-1.0	1.0	0.0	-1.0	-1.0	1.0	0.0	-1.0	0.0	1.0	0.0	0.0	-1.0	-1.0	-1.0	-1.0	0.0	1.0	0.0	1.0	1.0	-1.0	1.0	0.081	-1.0	-1.0	-1.0	-1.0	1.0	-1.0	-1.0	-1.0	0.0	-1.0	0.0	1.0	0.0	0.0	0.0	0.0	1.0	0.0	-1.0	0.0	0.0	0.0	1.0	1.0	-1.0	0.0	0.556	-1.0	-1.0	0.0	0.0	1.0	-1.0	0.0	-1.0	-1.0	-1.0	0.0	-1.0	-1.0	0.0	-1.0	0.0	0.0	-1.0	-1.0	0.0	1.0	1.0	0.0	0.0	1.0	1.0	1.0	0.0	0.0	0.0	0.0	-1.0	-1.0	-1.0	0.0	0.0	-1.0	-1.0	-1.0	0.0	-1.0
gnl|Prokka|GCF_018279895.1_1|2225392|A	0.0	1.0	1.0	0.0	-1.0	1.0	-1.0	0.767	-1.0	-1.0	0.4	-1.0	0.0	-1.0	-1.0	-1.0	-1.0	-1.0	1.0	-1.0	-1.0	1.0	-1.0	-1.0	-1.0	-1.0	1.0	-1.0	-1.0	-1.0	1.0	0.0	0.0	-1.0	1.0	-1.0	0.0	-1.0	-1.0	0.0	0.0	0.0	-1.0	-1.0	1.0	1.0	-1.0	1.0	-1.0	-1.0	1.0	0.0	-1.0	0.0	1.0	1.0	1.0	1.0	1.0	1.0	0.0	-1.0	0.353	1.0	1.0	0.0	1.0	0.256	0.0	0.0	0.435	0.0	1.0	1.0	1.0	1.0	-1.0	0.0	-1.0	1.0	0.0	-1.0	0.684	0.0	1.0	1.0	0.0	1.0	-1.0	1.0	0.0	1.0	0.0	-1.0	1.0	-1.0	1.0	-1.0	1.0	0.0	0.0	-1.0	1.0	1.0	-1.0	0.0	1.0	0.0	-1.0	0.0	1.0	1.0	1.0	-1.0	-1.0	-1.0	-1.0	0.0	0.0	1.0	0.0	1.0	-1.0	0.824	0.156	-1.0	-1.0	-1.0	-1.0	0.444	-1.0	-1.0	-1.0	0.429	-1.0	0.0	1.0	0.0	0.0	0.0	1.0	-1.0	0.267	0.0	0.0	0.0	0.0	1.0	1.0	-1.0	0.0	-1.0	-1.0	-1.0	0.0	0.0	-1.0	-1.0	0.0	-1.0	-1.0	-1.0	0.0	-1.0	-1.0	0.0	-1.0	1.0	0.0	-1.0	-1.0	1.0	0.0	1.0	0.0	0.0	1.0	0.0	0.0	0.0	1.0	0.0	0.0	-1.0	-1.0	-1.0	0.0	0.0	-1.0	-1.0	-1.0	0.0	-1.0
gnl|Prokka|GCF_018279895.1_1|2272764|C	1.0	0.852	0.0	-1.0	-1.0	-1.0	-1.0	1.0	-1.0	-1.0	-1.0	-1.0	0.0	-1.0	-1.0	1.0	-1.0	1.0	0.0	-1.0	-1.0	1.0	-1.0	-1.0	-1.0	-1.0	0.0	-1.0	-1.0	-1.0	1.0	1.0	1.0	-1.0	1.0	-1.0	1.0	-1.0	1.0	0.0	1.0	0.0	-1.0	-1.0	0.0	1.0	-1.0	1.0	0.0	-1.0	1.0	1.0	-1.0	1.0	0.0	-1.0	1.0	0.0	1.0	0.0	1.0	-1.0	0.0	1.0	0.0	1.0	1.0	0.652	1.0	1.0	0.55	1.0	1.0	1.0	0.875	1.0	-1.0	1.0	1.0	1.0	1.0	-1.0	1.0	0.0	1.0	0.842	1.0	-1.0	-1.0	1.0	1.0	0.0	0.0	-1.0	1.0	-1.0	0.0	-1.0	0.0	-1.0	0.0	-1.0	0.0	1.0	-1.0	0.0	0.0	0.0	-1.0	0.0	0.0	0.0	0.0	0.0	-1.0	-1.0	-1.0	0.0	1.0	0.0	1.0	1.0	-1.0	1.0	0.176	-1.0	-1.0	-1.0	-1.0	1.0	-1.0	-1.0	-1.0	0.0	-1.0	0.0	1.0	0.0	0.429	-1.0	0.0	-1.0	0.0	1.0	0.0	0.0	0.0	0.0	1.0	-1.0	0.0	0.0	-1.0	1.0	0.0	0.0	0.4	-1.0	0.0	-1.0	-1.0	-1.0	-1.0	-1.0	-1.0	0.0	-1.0	0.0	0.0	-1.0	-1.0	0.0	-1.0	1.0	0.0	0.0	1.0	1.0	0.0	0.0	0.0	1.0	1.0	-1.0	-1.0	-1.0	0.0	1.0	-1.0	-1.0	-1.0	0.0	-1.0
gnl|Prokka|GCF_018279895.1_1|2367457|C	1.0	0.792	-1.0	1.0	-1.0	0.571	-1.0	0.35	-1.0	-1.0	-1.0	-1.0	0.0	-1.0	-1.0	1.0	-1.0	1.0	1.0	-1.0	-1.0	1.0	-1.0	-1.0	-1.0	-1.0	0.0	-1.0	-1.0	-1.0	0.0	0.667	0.909	-1.0	0.0	-1.0	1.0	0.0	1.0	0.0	1.0	0.0	-1.0	-1.0	1.0	1.0	-1.0	0.0	0.0	-1.0	0.0	1.0	-1.0	1.0	1.0	-1.0	1.0	1.0	0.0	1.0	1.0	-1.0	0.0	1.0	1.0	1.0	0.0	0.386	1.0	1.0	0.0	1.0	1.0	1.0	1.0	1.0	-1.0	0.0	1.0	1.0	1.0	-1.0	1.0	0.0	0.0	0.0	1.0	0.667	0.0	1.0	-1.0	1.0	0.0	0.0	1.0	-1.0	1.0	-1.0	0.0	-1.0	0.0	-1.0	0.0	0.875	-1.0	1.0	0.0	0.0	-1.0	0.0	1.0	1.0	1.0	0.0	-1.0	-1.0	-1.0	0.0	1.0	1.0	1.0	0.0	-1.0	1.0	0.152	-1.0	-1.0	-1.0	-1.0	1.0	-1.0	-1.0	-1.0	0.0	-1.0	0.0	1.0	0.0	0.3	0.0	1.0	0.0	-1.0	0.0	0.0	0.0	0.0	0.0	-1.0	-1.0	0.0	0.286	-1.0	0.0	0.0	0.0	-1.0	-1.0	0.0	-1.0	-1.0	-1.0	0.0	-1.0	-1.0	0.375	-1.0	0.0	0.0	-1.0	-1.0	0.0	-1.0	1.0	0.0	0.0	0.0	1.0	0.0	0.0	1.0	0.0	0.0	-1.0	-1.0	-1.0	0.0	0.0	-1.0	-1.0	-1.0	1.0	-1.0
gnl|Prokka|GCF_018279895.1_1|2469900|T	1.0	0.741	1.0	-1.0	-1.0	1.0	-1.0	0.0	-1.0	-1.0	-1.0	-1.0	0.0	-1.0	-1.0	1.0	-1.0	1.0	1.0	-1.0	-1.0	1.0	-1.0	-1.0	-1.0	-1.0	0.0	-1.0	-1.0	-1.0	0.0	0.692	0.0	-1.0	0.0	-1.0	0.0	1.0	1.0	1.0	1.0	0.0	-1.0	-1.0	1.0	1.0	-1.0	0.0	1.0	-1.0	0.0	1.0	-1.0	1.0	0.0	0.0	1.0	1.0	0.0	0.0	1.0	-1.0	0.0	1.0	0.0	1.0	0.0	0.611	1.0	1.0	0.0	0.0	1.0	1.0	1.0	1.0	-1.0	0.0	-1.0	0.0	1.0	-1.0	1.0	1.0	0.0	0.0	1.0	1.0	-1.0	1.0	1.0	0.0	0.0	0.545	1.0	-1.0	0.0	-1.0	0.0	-1.0	0.0	-1.0	1.0	0.111	-1.0	-1.0	1.0	0.0	-1.0	0.0	1.0	1.0	-1.0	-1.0	-1.0	-1.0	-1.0	0.0	1.0	0.0	0.0	0.0	-1.0	1.0	0.45	-1.0	-1.0	-1.0	-1.0	1.0	-1.0	-1.0	-1.0	0.556	-1.0	0.0	1.0	0.0	-1.0	0.0	0.0	1.0	1.0	0.0	0.0	0.0	0.0	0.0	0.0	-1.0	0.0	0.0	-1.0	0.0	0.0	0.0	1.0	-1.0	1.0	-1.0	-1.0	-1.0	0.0	-1.0	-1.0	0.0	-1.0	1.0	0.0	-1.0	-1.0	1.0	1.0	1.0	-1.0	1.0	0.0	1.0	0.0	0.0	0.0	-1.0	1.0	-1.0	-1.0	-1.0	0.0	0.0	-1.0	-1.0	-1.0	0.0	-1.0
gnl|Prokka|GCF_018279895.1_1|2570590|T	0.0	0.562	-1.0	0.0	-1.0	1.0	-1.0	0.762	-1.0	-1.0	0.0	-1.0	-1.0	-1.0	-1.0	0.0	-1.0	0.0	0.0	-1.0	-1.0	1.0	-1.0	-1.0	-1.0	-1.0	0.0	-1.0	-1.0	-1.0	1.0	0.429	0.078	-1.0	1.0	-1.0	-1.0	1.0	0.0	1.0	0.0	0.0	-1.0	-1.0	1.0	0.571	-1.0	0.0	1.0	-1.0	1.0	0.0	-1.0	0.0	1.0	1.0	1.0	1.0	1.0	0.0	0.0	-1.0	0.174	1.0	1.0	0.0	1.0	0.449	0.0	0.0	0.545	0.0	1.0	1.0	1.0	1.0	-1.0	1.0	0.0	1.0	0.0	-1.0	0.769	1.0	1.0	1.0	0.0	1.0	1.0	0.0	0.0	0.0	1.0	1.0	1.0	-1.0	0.0	-1.0	0.0	0.625	0.0	-1.0	1.0	0.143	-1.0	0.0	1.0	0.0	-1.0	0.0	0.0	1.0	0.0	1.0	-1.0	-1.0	-1.0	0.0	0.0	0.0	0.0	1.0	-1.0	0.0	0.231	-1.0	-1.0	-1.0	-1.0	1.0	-1.0	-1.0	-1.0	0.0	-1.0	0.0	1.0	1.0	0.0	0.455	0.0	0.0	1.0	0.0	-1.0	1.0	0.0	1.0	1.0	-1.0	0.0	0.0	-1.0	1.0	0.0	0.0	0.727	-1.0	1.0	-1.0	-1.0	-1.0	0.0	-1.0	-1.0	-1.0	-1.0	1.0	0.0	-1.0	-1.0	0.1	0.0	0.0	1.0	0.0	1.0	0.0	0.0	0.0	0.0	0.0	0.0	-1.0	-1.0	-1.0	0.0	1.0	-1.0	-1.0	-1.0	0.0	-1.0
gnl|Prokka|GCF_018279895.1_1|2581686|A	0.0	1.0	1.0	0.0	-1.0	-1.0	-1.0	0.583	-1.0	-1.0	-1.0	-1.0	0.0	-1.0	-1.0	0.0	-1.0	0.333	0.0	-1.0	-1.0	1.0	-1.0	-1.0	-1.0	-1.0	1.0	-1.0	-1.0	-1.0	1.0	0.214	0.0	-1.0	1.0	-1.0	0.0	1.0	0.0	1.0	0.0	1.0	-1.0	-1.0	1.0	0.0	-1.0	1.0	-1.0	-1.0	1.0	0.0	-1.0	0.0	1.0	1.0	1.0	1.0	1.0	1.0	0.0	-1.0	1.0	1.0	1.0	0.0	1.0	0.0	0.0	0.0	0.421	0.385	1.0	0.0	0.611	1.0	-1.0	0.0	0.0	1.0	0.0	-1.0	0.548	1.0	1.0	0.727	0.0	1.0	-1.0	1.0	0.0	1.0	0.0	0.571	1.0	-1.0	1.0	-1.0	0.0	0.0	0.0	-1.0	0.0	1.0	-1.0	0.0	0.0	0.0	-1.0	1.0	1.0	1.0	1.0	-1.0	-1.0	-1.0	-1.0	-1.0	0.0	1.0	1.0	1.0	-1.0	0.579	0.263	-1.0	-1.0	-1.0	-1.0	0.0	-1.0	-1.0	-1.0	0.0	-1.0	0.0	1.0	0.0	0.0	0.0	1.0	0.0	0.294	0.0	0.0	0.0	0.0	0.0	1.0	-1.0	1.0	0.444	-1.0	-1.0	-1.0	0.0	0.0	-1.0	1.0	-1.0	-1.0	-1.0	0.0	-1.0	-1.0	-1.0	-1.0	1.0	0.0	-1.0	-1.0	0.0	0.385	1.0	1.0	0.0	1.0	0.0	1.0	0.0	1.0	1.0	0.0	-1.0	-1.0	-1.0	0.0	0.0	-1.0	-1.0	-1.0	1.0	-1.0
gnl|Prokka|GCF_018279895.1_1|2589985|C	-1.0	1.0	1.0	0.0	-1.0	1.0	-1.0	0.346	-1.0	-1.0	0.0	-1.0	-1.0	-1.0	-1.0	-1.0	-1.0	0.0	1.0	-1.0	-1.0	0.0	-1.0	-1.0	-1.0	-1.0	1.0	-1.0	-1.0	-1.0	0.0	0.0	1.0	-1.0	0.0	-1.0	1.0	-1.0	0.0	1.0	0.0	1.0	-1.0	-1.0	1.0	0.0	-1.0	1.0	1.0	-1.0	0.0	0.0	-1.0	1.0	0.0	-1.0	0.0	1.0	0.0	1.0	0.0	-1.0	0.0	0.0	0.0	0.0	0.0	1.0	0.0	0.0	0.16	1.0	0.0	1.0	0.333	1.0	-1.0	0.0	1.0	1.0	-1.0	-1.0	0.0	1.0	0.0	0.0	-1.0	0.0	-1.0	0.0	0.0	1.0	1.0	-1.0	0.0	-1.0	1.0	-1.0	0.0	-1.0	1.0	-1.0	1.0	0.88	-1.0	1.0	1.0	0.0	-1.0	1.0	1.0	1.0	1.0	1.0	-1.0	-1.0	-1.0	1.0	0.0	0.0	1.0	0.0	-1.0	0.0	1.0	-1.0	-1.0	-1.0	-1.0	0.6	-1.0	-1.0	-1.0	1.0	-1.0	0.0	1.0	1.0	1.0	0.0	0.0	1.0	1.0	1.0	0.0	1.0	0.0	1.0	0.0	-1.0	0.0	0.571	-1.0	1.0	0.0	1.0	-1.0	-1.0	1.0	-1.0	-1.0	-1.0	0.0	-1.0	-1.0	-1.0	-1.0	0.0	0.0	-1.0	-1.0	0.0	0.7	0.0	1.0	1.0	0.0	0.0	1.0	0.0	1.0	0.0	1.0	-1.0	-1.0	-1.0	0.0	0.0	-1.0	-1.0	-1.0	1.0	-1.0
gnl|Prokka|GCF_018279895.1_1|2604900|A	1.0	1.0	-1.0	-1.0	-1.0	-1.0	-1.0	0.423	-1.0	-1.0	-1.0	-1.0	0.0	-1.0	-1.0	1.0	-1.0	1.0	1.0	-1.0	-1.0	1.0	-1.0	-1.0	-1.0	-1.0	1.0	-1.0	-1.0	-1.0	1.0	1.0	0.0	-1.0	1.0	-1.0	0.0	0.0	1.0	0.0	1.0	0.0	-1.0	-1.0	1.0	-1.0	-1.0	1.0	0.0	-1.0	1.0	-1.0	-1.0	0.0	1.0	1.0	1.0	1.0	1.0	0.0	1.0	-1.0	0.375	1.0	1.0	1.0	1.0	0.0	1.0	1.0	0.28	0.0	1.0	1.0	1.0	1.0	-1.0	0.0	0.357	-1.0	1.0	-1.0	1.0	0.0	1.0	0.7	1.0	1.0	0.0	1.0	-1.0	0.0	0.0	-1.0	1.0	-1.0	0.0	-1.0	0.0	-1.0	0.0	-1.0	1.0	0.0	-1.0	0.0	1.0	0.0	-1.0	0.0	0.0	1.0	0.0	-1.0	-1.0	-1.0	-1.0	0.0	1.0	0.0	0.0	1.0	-1.0	1.0	0.243	-1.0	-1.0	-1.0	-1.0	1.0	-1.0	-1.0	-1.0	0.0	-1.0	0.0	1.0	0.0	0.375	0.0	0.0	0.0	0.333	0.0	0.0	0.0	0.0	1.0	-1.0	-1.0	0.0	0.0	-1.0	-1.0	0.0	0.0	0.0	-1.0	0.0	-1.0	-1.0	-1.0	0.0	-1.0	-1.0	0.0	-1.0	0.0	0.0	-1.0	-1.0	0.0	0.0	1.0	0.0	0.0	1.0	1.0	0.0	0.0	0.0	1.0	0.0	-1.0	-1.0	-1.0	0.0	0.0	-1.0	-1.0	-1.0	0.0	-1.0
gnl|Prokka|GCF_018279895.1_1|2747750|T	0.0	0.0	0.0	0.0	-1.0	0.0	-1.0	1.0	-1.0	-1.0	0.0	-1.0	0.0	-1.0	-1.0	0.0	-1.0	1.0	1.0	-1.0	-1.0	1.0	-1.0	-1.0	-1.0	-1.0	0.0	-1.0	-1.0	-1.0	1.0	0.0	1.0	-1.0	1.0	-1.0	1.0	1.0	0.0	1.0	0.0	0.0	-1.0	-1.0	0.048	-1.0	-1.0	1.0	1.0	-1.0	1.0	0.0	-1.0	0.0	0.0	0.0	1.0	0.0	1.0	1.0	0.0	-1.0	0.87	0.0	0.0	0.0	1.0	1.0	0.0	0.0	0.565	1.0	1.0	0.0	0.727	0.0	-1.0	0.0	1.0	1.0	-1.0	-1.0	0.455	1.0	1.0	0.667	0.0	1.0	0.0	1.0	0.0	1.0	1.0	1.0	1.0	-1.0	1.0	-1.0	0.0	-1.0	0.0	-1.0	1.0	1.0	-1.0	0.0	1.0	0.0	-1.0	1.0	0.0	0.0	-1.0	1.0	-1.0	-1.0	-1.0	0.0	0.0	0.0	1.0	-1.0	-1.0	0.7	0.609	-1.0	-1.0	-1.0	-1.0	0.0	-1.0	-1.0	-1.0	1.0	-1.0	0.0	0.0	1.0	1.0	0.0	0.0	0.0	0.625	1.0	0.0	1.0	0.0	0.0	-1.0	-1.0	1.0	0.375	-1.0	-1.0	0.0	0.0	-1.0	-1.0	1.0	-1.0	-1.0	-1.0	0.222	-1.0	-1.0	1.0	-1.0	1.0	0.0	-1.0	-1.0	1.0	1.0	1.0	-1.0	1.0	1.0	0.0	1.0	0.0	1.0	0.0	1.0	-1.0	-1.0	-1.0	0.0	1.0	-1.0	-1.0	-1.0	0.0	-1.0
gnl|Prokka|GCF_018279895.1_1|2759127|T	0.0	0.697	0.0	0.0	-1.0	-1.0	-1.0	0.667	-1.0	-1.0	0.0	-1.0	0.0	-1.0	-1.0	0.0	-1.0	1.0	1.0	-1.0	-1.0	1.0	-1.0	-1.0	-1.0	-1.0	0.0	-1.0	-1.0	-1.0	1.0	0.0	0.14	-1.0	1.0	-1.0	1.0	-1.0	0.0	1.0	0.0	0.0	-1.0	-1.0	0.922	0.0	-1.0	0.0	-1.0	-1.0	1.0	0.0	-1.0	1.0	1.0	1.0	1.0	1.0	1.0	0.0	0.0	-1.0	0.2	1.0	1.0	0.0	1.0	0.0	0.0	0.0	0.52	1.0	1.0	1.0	1.0	1.0	-1.0	0.0	-1.0	1.0	0.0	-1.0	0.65	1.0	1.0	1.0	0.0	1.0	-1.0	1.0	-1.0	0.0	1.0	1.0	1.0	-1.0	0.0	-1.0	0.0	0.0	0.0	-1.0	1.0	1.0	-1.0	-1.0	1.0	0.0	-1.0	0.0	0.0	0.0	0.0	-1.0	-1.0	-1.0	-1.0	0.0	0.0	0.0	1.0	1.0	-1.0	0.6	1.0	-1.0	-1.0	-1.0	-1.0	0.125	-1.0	-1.0	-1.0	0.0	-1.0	0.0	1.0	1.0	0.75	0.0	0.0	1.0	0.0	0.0	0.0	1.0	0.0	1.0	-1.0	-1.0	0.0	0.0	-1.0	1.0	0.0	0.0	-1.0	-1.0	1.0	-1.0	-1.0	-1.0	0.0	-1.0	-1.0	-1.0	-1.0	1.0	0.0	-1.0	-1.0	0.0	0.0	1.0	-1.0	1.0	1.0	0.0	1.0	0.0	0.0	0.0	0.0	-1.0	-1.0	-1.0	0.0	0.0	-1.0	-1.0	-1.0	0.0	-1.0
gnl|Prokka|GCF_018279895.1_1|2759154|G	0.0	0.633	-1.0	0.0	-1.0	1.0	-1.0	0.735	-1.0	-1.0	0.0	-1.0	0.0	-1.0	-1.0	-1.0	-1.0	1.0	1.0	-1.0	-1.0	1.0	-1.0	-1.0	-1.0	-1.0	0.0	-1.0	-1.0	-1.0	1.0	0.0	0.132	-1.0	1.0	-1.0	1.0	-1.0	0.0	1.0	0.0	0.0	-1.0	-1.0	0.941	0.0	-1.0	0.0	-1.0	-1.0	1.0	0.0	-1.0	1.0	1.0	1.0	1.0	1.0	1.0	0.0	0.0	-1.0	0.24	1.0	1.0	0.0	1.0	0.0	0.0	0.0	0.538	1.0	1.0	1.0	1.0	1.0	-1.0	0.0	-1.0	1.0	0.0	-1.0	0.724	1.0	1.0	1.0	0.0	1.0	-1.0	1.0	-1.0	0.0	1.0	1.0	1.0	-1.0	0.0	-1.0	0.0	0.0	0.0	-1.0	1.0	1.0	-1.0	0.0	1.0	0.0	-1.0	0.0	0.0	0.0	0.0	-1.0	-1.0	-1.0	-1.0	0.0	0.0	0.0	1.0	1.0	-1.0	0.632	1.0	-1.0	-1.0	-1.0	-1.0	0.0	-1.0	-1.0	-1.0	0.571	-1.0	0.0	1.0	1.0	0.727	0.0	0.0	1.0	0.0	0.0	0.0	1.0	0.0	1.0	-1.0	-1.0	0.0	0.0	-1.0	-1.0	0.0	0.0	-1.0	-1.0	1.0	-1.0	-1.0	-1.0	0.0	-1.0	-1.0	0.0	-1.0	1.0	0.0	-1.0	-1.0	0.0	0.0	1.0	-1.0	1.0	1.0	0.0	1.0	0.0	0.0	0.0	0.0	-1.0	-1.0	-1.0	0.0	0.0	-1.0	-1.0	-1.0	0.0	-1.0
gnl|Prokka|GCF_018279895.1_1|2759175|C	0.0	0.667	-1.0	0.0	-1.0	1.0	-1.0	0.639	-1.0	-1.0	0.0	-1.0	0.0	-1.0	-1.0	0.0	-1.0	1.0	1.0	-1.0	-1.0	1.0	-1.0	-1.0	-1.0	-1.0	0.0	-1.0	-1.0	-1.0	1.0	0.0	0.195	-1.0	1.0	-1.0	1.0	-1.0	0.0	1.0	0.0	0.0	-1.0	-1.0	0.934	0.0	-1.0	0.0	-1.0	-1.0	1.0	0.0	-1.0	1.0	1.0	1.0	1.0	1.0	1.0	0.0	0.0	-1.0	0.292	1.0	1.0	0.0	1.0	0.0	0.0	0.0	0.382	1.0	1.0	1.0	1.0	1.0	-1.0	0.0	1.0	1.0	0.0	-1.0	0.69	1.0	1.0	1.0	0.0	1.0	-1.0	1.0	-1.0	0.0	1.0	1.0	1.0	-1.0	0.0	-1.0	0.0	0.0	0.0	-1.0	1.0	1.0	-1.0	0.0	1.0	0.0	-1.0	0.0	0.0	0.0	0.0	-1.0	-1.0	-1.0	-1.0	0.0	0.0	0.0	1.0	1.0	-1.0	0.611	1.0	-1.0	-1.0	-1.0	-1.0	0.0	-1.0	-1.0	-1.0	0.333	-1.0	0.0	1.0	1.0	0.636	0.0	0.0	1.0	0.0	0.0	0.0	1.0	0.0	1.0	1.0	-1.0	0.0	0.0	-1.0	-1.0	0.0	0.0	-1.0	-1.0	-1.0	-1.0	-1.0	-1.0	0.0	-1.0	-1.0	0.0	-1.0	1.0	0.0	-1.0	-1.0	0.0	0.0	1.0	-1.0	1.0	1.0	0.0	1.0	0.0	0.0	0.0	0.0	-1.0	-1.0	-1.0	0.0	0.0	-1.0	-1.0	-1.0	0.0	-1.0
gnl|Prokka|GCF_018279895.1_1|2801970|T	0.0	0.64	1.0	0.0	-1.0	1.0	-1.0	0.708	-1.0	-1.0	0.0	-1.0	0.0	-1.0	-1.0	-1.0	-1.0	-1.0	0.0	-1.0	-1.0	1.0	-1.0	-1.0	-1.0	-1.0	0.0	-1.0	-1.0	-1.0	1.0	0.0	1.0	-1.0	1.0	-1.0	-1.0	0.0	0.0	0.0	0.0	1.0	-1.0	-1.0	1.0	0.625	-1.0	0.0	0.0	-1.0	1.0	0.0	-1.0	0.0	1.0	1.0	1.0	1.0	1.0	0.0	0.0	-1.0	1.0	1.0	1.0	0.0	1.0	1.0	0.0	0.0	0.44	0.0	1.0	1.0	1.0	1.0	-1.0	1.0	-1.0	1.0	-1.0	-1.0	0.565	0.0	1.0	0.75	-1.0	1.0	-1.0	1.0	-1.0	0.0	0.0	0.625	1.0	-1.0	0.0	-1.0	0.0	-1.0	1.0	-1.0	1.0	0.0	-1.0	-1.0	1.0	0.0	-1.0	0.0	1.0	1.0	0.0	0.0	-1.0	-1.0	-1.0	1.0	0.0	0.0	0.0	1.0	-1.0	0.579	0.0	-1.0	-1.0	-1.0	-1.0	0.0	-1.0	-1.0	-1.0	0.0	-1.0	0.0	1.0	0.0	0.0	0.0	0.0	0.0	-1.0	0.0	0.0	0.0	0.0	1.0	1.0	-1.0	1.0	0.4	-1.0	1.0	0.0	1.0	-1.0	-1.0	1.0	-1.0	-1.0	-1.0	0.0	-1.0	-1.0	0.0	-1.0	0.0	0.0	-1.0	-1.0	1.0	0.667	1.0	0.0	0.0	1.0	0.0	0.0	0.0	0.0	0.625	0.0	-1.0	-1.0	-1.0	0.0	1.0	-1.0	-1.0	-1.0	0.0	-1.0
gnl|Prokka|GCF_018279895.1_1|3261617|C	0.0	1.0	-1.0	-1.0	-1.0	-1.0	-1.0	0.562	-1.0	-1.0	-1.0	-1.0	-1.0	-1.0	-1.0	0.3	-1.0	0.333	0.0	-1.0	-1.0	1.0	-1.0	-1.0	-1.0	-1.0	1.0	-1.0	-1.0	-1.0	1.0	0.0	0.0	-1.0	1.0	-1.0	0.0	1.0	-1.0	1.0	0.0	0.0	-1.0	-1.0	1.0	1.0	-1.0	0.0	1.0	-1.0	1.0	0.0	-1.0	1.0	1.0	-1.0	1.0	1.0	1.0	1.0	0.0	-1.0	0.3	1.0	1.0	0.0	1.0	0.0	0.0	0.0	0.438	0.0	1.0	1.0	1.0	1.0	-1.0	0.0	0.0	1.0	-1.0	-1.0	-1.0	1.0	1.0	0.667	0.0	1.0	0.0	1.0	0.0	1.0	0.0	1.0	1.0	-1.0	1.0	-1.0	0.0	-1.0	0.0	-1.0	1.0	0.0	-1.0	0.0	1.0	0.0	-1.0	1.0	1.0	1.0	1.0	0.545	-1.0	-1.0	-1.0	0.214	0.0	1.0	1.0	1.0	-1.0	0.588	1.0	-1.0	-1.0	-1.0	-1.0	0.524	-1.0	-1.0	-1.0	0.0	-1.0	0.0	-1.0	0.0	0.0	0.0	-1.0	0.0	0.417	0.0	0.0	0.0	0.0	1.0	1.0	-1.0	0.0	1.0	-1.0	1.0	-1.0	0.0	0.0	-1.0	1.0	-1.0	-1.0	-1.0	0.0	-1.0	-1.0	0.0	-1.0	0.0	0.0	-1.0	-1.0	1.0	0.0	1.0	1.0	0.0	1.0	0.0	0.0	0.0	1.0	0.0	0.0	-1.0	-1.0	-1.0	0.0	0.0	-1.0	-1.0	-1.0	0.0	-1.0
gnl|Prokka|GCF_018279895.1_1|4190771|G	-1.0	1.0	-1.0	0.0	-1.0	1.0	-1.0	0.583	-1.0	-1.0	0.0	-1.0	0.0	-1.0	-1.0	0.0	-1.0	0.0	0.0	-1.0	-1.0	1.0	-1.0	-1.0	-1.0	-1.0	1.0	-1.0	-1.0	-1.0	1.0	-1.0	0.0	-1.0	1.0	-1.0	0.0	-1.0	0.0	1.0	0.0	1.0	-1.0	-1.0	0.891	-1.0	-1.0	0.0	1.0	-1.0	1.0	-1.0	-1.0	1.0	0.0	0.0	1.0	1.0	1.0	0.0	0.0	-1.0	1.0	1.0	0.0	0.0	1.0	0.0	0.0	0.0	0.333	0.0	1.0	1.0	1.0	1.0	-1.0	0.0	-1.0	1.0	0.0	-1.0	-1.0	1.0	1.0	1.0	0.0	1.0	0.0	1.0	0.444	0.0	0.0	0.571	1.0	-1.0	0.0	-1.0	1.0	1.0	0.0	-1.0	1.0	0.19	-1.0	0.0	1.0	0.0	-1.0	0.0	1.0	1.0	0.0	1.0	-1.0	-1.0	-1.0	0.273	0.0	1.0	0.0	1.0	-1.0	0.526	0.136	-1.0	-1.0	-1.0	-1.0	0.6	-1.0	-1.0	-1.0	0.556	-1.0	0.0	1.0	0.0	1.0	-1.0	1.0	1.0	0.412	0.0	0.0	0.0	0.0	1.0	1.0	-1.0	1.0	0.0	-1.0	-1.0	0.0	0.0	-1.0	-1.0	0.0	-1.0	-1.0	-1.0	0.0	-1.0	-1.0	-1.0	-1.0	1.0	0.0	-1.0	-1.0	0.0	0.0	1.0	-1.0	1.0	1.0	0.0	1.0	0.0	0.0	0.0	0.0	-1.0	-1.0	-1.0	0.0	0.0	-1.0	-1.0	-1.0	0.0	-1.0
gnl|Prokka|GCF_001314995.1_1|8514|G	-1.0	-1.0	0.0	-1.0	0.0	-1.0	-1.0	0.0	-1.0	0.0	-1.0	-1.0	0.0	-1.0	-1.0	-1.0	0.308	-1.0	-1.0	0.294	0.0	0.87	-1.0	-1.0	-1.0	-1.0	0.917	-1.0	-1.0	-1.0	-1.0	0.018	1.0	0.4	0.943	0.15	0.0	0.39	-1.0	0.697	0.921	-1.0	0.0	0.75	-1.0	-1.0	0.0	0.0	0.961	-1.0	0.0	-1.0	0.364	-1.0	0.0	0.238	0.423	0.0	-1.0	0.474	0.273	0.0	0.0	-1.0	0.0	-1.0	-1.0	0.205	-1.0	-1.0	0.0	-1.0	0.421	-1.0	-1.0	-1.0	-1.0	-1.0	0.0	0.727	-1.0	0.176	0.0	-1.0	0.731	0.843	0.39	-1.0	0.182	-1.0	-1.0	0.0	-1.0	-1.0	0.167	-1.0	0.0	-1.0	-1.0	-1.0	0.158	-1.0	-1.0	0.0	0.0	0.0	0.0	0.838	1.0	-1.0	0.548	-1.0	0.761	1.0	-1.0	1.0	1.0	1.0	1.0	-1.0	0.615	1.0	0.0	0.806	-1.0	1.0	0.0	-1.0	-1.0	-1.0	-1.0	-1.0	-1.0	-1.0	-1.0	0.0	0.111	0.0	-1.0	0.286	-1.0	0.0	0.0	-1.0	0.0	0.0	0.053	0.059	0.214	-1.0	-1.0	-1.0	-1.0	-1.0	-1.0	0.0	1.0	0.615	-1.0	0.259	0.692	-1.0	-1.0	0.0	0.452	-1.0	-1.0	0.821	0.0	-1.0	-1.0	-1.0	-1.0	1.0	0.429	0.0	0.0	0.0	0.222	0.36	-1.0	-1.0	0.0	0.481	-1.0	-1.0	0.0	0.135	-1.0	-1.0	-1.0	0.25	-1.0
gnl|Prokka|GCF_001314995.1_1|8563|C	-1.0	-1.0	0.615	-1.0	0.308	-1.0	-1.0	0.0	-1.0	0.235	-1.0	-1.0	0.0	-1.0	-1.0	-1.0	1.0	-1.0	-1.0	0.25	0.0	1.0	-1.0	-1.0	-1.0	-1.0	0.917	-1.0	-1.0	-1.0	-1.0	0.888	1.0	1.0	0.667	0.176	0.0	0.442	0.625	0.708	1.0	-1.0	0.375	0.762	-1.0	-1.0	0.571	0.0	0.974	-1.0	0.182	-1.0	0.571	-1.0	0.852	0.129	0.0	0.84	-1.0	1.0	0.222	0.538	0.0	-1.0	0.0	-1.0	-1.0	0.756	-1.0	-1.0	1.0	-1.0	1.0	0.743	-1.0	-1.0	-1.0	0.0	0.083	0.24	-1.0	0.733	0.0	-1.0	0.423	0.873	0.938	-1.0	1.0	-1.0	-1.0	0.174	-1.0	-1.0	0.0	-1.0	0.0	-1.0	-1.0	-1.0	1.0	-1.0	-1.0	0.0	0.0	0.0	0.0	0.0	0.956	-1.0	0.547	-1.0	0.603	0.75	-1.0	1.0	1.0	0.8	1.0	-1.0	0.556	1.0	0.0	0.714	-1.0	1.0	0.333	-1.0	-1.0	-1.0	-1.0	-1.0	-1.0	-1.0	-1.0	0.0	0.109	0.0	-1.0	0.4	-1.0	0.0	0.444	-1.0	0.256	0.48	0.368	0.0	1.0	0.744	-1.0	-1.0	-1.0	-1.0	-1.0	0.0	1.0	-1.0	-1.0	0.2	1.0	-1.0	-1.0	0.615	0.481	-1.0	-1.0	0.844	0.0	-1.0	-1.0	-1.0	-1.0	0.486	0.524	0.48	0.0	0.407	0.293	0.222	-1.0	-1.0	0.0	1.0	-1.0	-1.0	0.0	0.123	-1.0	-1.0	-1.0	0.136	-1.0
gnl|Prokka|GCF_001314995.1_1|98423|C	-1.0	-1.0	0.359	-1.0	1.0	-1.0	-1.0	0.0	-1.0	0.762	-1.0	-1.0	0.0	-1.0	-1.0	-1.0	1.0	-1.0	-1.0	1.0	0.0	1.0	-1.0	-1.0	-1.0	-1.0	0.0	-1.0	-1.0	-1.0	-1.0	0.058	0.636	-1.0	0.31	0.286	0.333	0.0	0.0	0.696	0.279	-1.0	0.0	0.0	-1.0	-1.0	0.464	0.597	0.961	-1.0	0.75	-1.0	0.615	-1.0	0.932	0.0	0.357	0.458	-1.0	0.359	0.0	0.0	0.0	-1.0	0.0	-1.0	-1.0	0.125	-1.0	0.625	0.071	-1.0	0.0	0.404	-1.0	-1.0	-1.0	0.0	0.0	0.611	0.0	0.476	0.0	-1.0	0.524	0.0	0.552	-1.0	0.0	-1.0	-1.0	0.271	-1.0	-1.0	0.0	-1.0	0.0	-1.0	-1.0	-1.0	0.0	-1.0	-1.0	0.0	0.111	1.0	0.0	0.051	1.0	-1.0	0.0	-1.0	0.679	1.0	-1.0	0.0	1.0	0.176	0.0	-1.0	0.75	0.0	0.0	0.0	-1.0	0.0	0.0	-1.0	-1.0	-1.0	-1.0	-1.0	0.0	0.472	-1.0	0.182	0.0	0.0	-1.0	0.625	-1.0	0.225	0.0	-1.0	0.047	0.0	0.0	0.088	0.2	0.286	-1.0	-1.0	-1.0	-1.0	-1.0	0.429	-1.0	0.4	-1.0	0.0	0.722	-1.0	-1.0	0.0	0.0	0.0	-1.0	0.0	1.0	-1.0	-1.0	-1.0	-1.0	0.0	0.35	0.0	0.0	1.0	0.247	1.0	-1.0	-1.0	0.583	0.568	-1.0	-1.0	0.0	0.01	-1.0	-1.0	-1.0	0.0	-1.0
gnl|Prokka|GCF_001314995.1_1|203955|T	-1.0	-1.0	0.655	-1.0	0.0	-1.0	-1.0	0.0	-1.0	0.0	-1.0	-1.0	1.0	-1.0	-1.0	-1.0	1.0	-1.0	-1.0	0.0	0.0	1.0	-1.0	-1.0	-1.0	1.0	0.548	-1.0	-1.0	-1.0	-1.0	0.0	1.0	1.0	0.444	0.0	0.308	1.0	1.0	0.812	0.86	-1.0	-1.0	0.0	-1.0	-1.0	0.25	0.551	0.957	-1.0	0.0	-1.0	0.333	-1.0	0.897	1.0	0.536	0.611	-1.0	0.481	0.188	0.0	1.0	-1.0	0.0	-1.0	-1.0	0.125	-1.0	-1.0	0.0	-1.0	0.0	0.278	-1.0	-1.0	-1.0	-1.0	0.0	0.308	-1.0	0.0	0.0	-1.0	1.0	1.0	0.449	-1.0	0.0	-1.0	-1.0	0.0	-1.0	-1.0	0.0	-1.0	1.0	-1.0	-1.0	-1.0	0.273	-1.0	-1.0	0.604	0.0	1.0	0.0	0.157	1.0	0.8	1.0	-1.0	0.571	1.0	-1.0	1.0	1.0	0.0	0.0	-1.0	1.0	0.705	1.0	0.615	-1.0	0.0	0.0	-1.0	-1.0	-1.0	-1.0	-1.0	0.0	1.0	-1.0	0.0	0.0	0.882	-1.0	1.0	-1.0	0.0	0.0	-1.0	0.763	0.462	0.0	0.0	0.625	0.0	-1.0	-1.0	-1.0	-1.0	-1.0	0.333	-1.0	0.0	-1.0	0.0	1.0	-1.0	-1.0	-1.0	0.0	-1.0	-1.0	1.0	0.381	-1.0	-1.0	-1.0	-1.0	1.0	0.571	0.0	0.0	0.585	0.426	1.0	-1.0	-1.0	0.4	1.0	-1.0	-1.0	0.0	0.127	-1.0	-1.0	-1.0	0.0	-1.0
gnl|Prokka|GCF_001314995.1_1|266017|T	-1.0	-1.0	0.075	-1.0	1.0	-1.0	-1.0	0.571	-1.0	1.0	-1.0	-1.0	-1.0	-1.0	-1.0	-1.0	1.0	-1.0	-1.0	0.0	0.0	1.0	-1.0	-1.0	-1.0	-1.0	1.0	-1.0	-1.0	-1.0	-1.0	0.895	1.0	-1.0	0.698	0.235	0.188	0.556	-1.0	0.75	1.0	-1.0	0.0	-1.0	-1.0	-1.0	1.0	1.0	0.972	-1.0	0.0	-1.0	1.0	-1.0	0.919	0.135	0.409	1.0	-1.0	0.548	0.0	0.0	1.0	-1.0	0.0	-1.0	-1.0	1.0	-1.0	-1.0	1.0	-1.0	0.0	0.783	-1.0	-1.0	-1.0	0.0	0.239	0.0	-1.0	-1.0	0.0	-1.0	1.0	0.0	1.0	-1.0	0.0	-1.0	-1.0	0.257	-1.0	-1.0	0.0	-1.0	0.0	-1.0	-1.0	-1.0	1.0	-1.0	-1.0	1.0	0.641	1.0	0.0	0.149	1.0	0.0	1.0	-1.0	1.0	1.0	-1.0	0.34	1.0	-1.0	0.118	-1.0	0.636	0.0	0.0	0.432	-1.0	0.0	0.35	-1.0	-1.0	-1.0	-1.0	-1.0	-1.0	0.0	-1.0	1.0	0.0	0.889	-1.0	0.692	-1.0	0.608	-1.0	-1.0	0.887	0.0	0.271	0.0	1.0	0.0	-1.0	-1.0	-1.0	-1.0	-1.0	0.263	0.545	0.0	-1.0	0.0	0.571	-1.0	-1.0	0.0	0.0	0.0	-1.0	1.0	0.258	-1.0	-1.0	-1.0	-1.0	0.0	1.0	0.306	1.0	0.581	0.469	1.0	-1.0	-1.0	0.927	0.549	-1.0	-1.0	0.0	0.0	-1.0	-1.0	-1.0	0.12	-1.0
gnl|Prokka|GCF_001314995.1_1|296907|T	-1.0	-1.0	0.903	-1.0	0.214	-1.0	-1.0	0.0	-1.0	0.214	-1.0	-1.0	0.0	-1.0	-1.0	-1.0	1.0	-1.0	-1.0	1.0	0.0	1.0	-1.0	-1.0	-1.0	0.0	0.422	-1.0	-1.0	-1.0	-1.0	0.0	-1.0	1.0	0.414	0.75	0.143	0.352	0.429	1.0	0.857	-1.0	-1.0	1.0	-1.0	-1.0	0.647	0.0	1.0	-1.0	1.0	-1.0	0.176	-1.0	1.0	0.864	0.182	0.625	-1.0	1.0	0.154	0.375	0.0	-1.0	0.0	-1.0	-1.0	0.897	-1.0	0.0	0.892	-1.0	1.0	0.423	-1.0	-1.0	-1.0	-1.0	0.0	0.737	-1.0	0.545	0.734	-1.0	0.0	0.71	0.901	-1.0	0.0	-1.0	-1.0	0.812	-1.0	-1.0	0.0	-1.0	-1.0	-1.0	-1.0	-1.0	1.0	-1.0	-1.0	1.0	0.732	-1.0	0.0	0.14	0.058	1.0	1.0	-1.0	0.154	0.0	-1.0	1.0	0.0	1.0	1.0	-1.0	0.0	1.0	0.0	1.0	-1.0	0.0	0.268	-1.0	-1.0	-1.0	-1.0	-1.0	0.0	0.771	-1.0	0.529	1.0	0.833	-1.0	-1.0	-1.0	0.514	-1.0	-1.0	1.0	0.333	0.26	0.0	0.0	0.529	-1.0	-1.0	-1.0	-1.0	-1.0	0.207	0.0	0.0	-1.0	0.227	-1.0	-1.0	-1.0	-1.0	0.75	0.778	-1.0	0.0	0.515	-1.0	-1.0	-1.0	-1.0	1.0	0.308	0.324	1.0	0.438	0.235	0.192	-1.0	-1.0	0.059	0.909	-1.0	-1.0	0.0	0.099	-1.0	-1.0	-1.0	1.0	-1.0
gnl|Prokka|GCF_001314995.1_1|348907|T	-1.0	-1.0	0.679	-1.0	0.0	-1.0	-1.0	0.0	-1.0	0.0	-1.0	-1.0	0.556	-1.0	-1.0	-1.0	1.0	-1.0	-1.0	1.0	0.0	1.0	-1.0	-1.0	-1.0	-1.0	0.86	-1.0	-1.0	-1.0	-1.0	0.0	0.357	1.0	0.333	0.0	0.769	0.605	1.0	0.809	1.0	-1.0	-1.0	1.0	-1.0	-1.0	0.0	0.0	1.0	-1.0	0.833	-1.0	0.667	-1.0	1.0	0.115	-1.0	0.333	-1.0	1.0	0.0	0.0	1.0	-1.0	0.0	-1.0	-1.0	0.85	-1.0	-1.0	0.076	-1.0	0.375	0.245	-1.0	-1.0	-1.0	-1.0	0.844	0.0	-1.0	0.174	0.0	-1.0	1.0	1.0	0.53	-1.0	0.333	-1.0	-1.0	0.775	-1.0	-1.0	0.0	-1.0	0.0	-1.0	-1.0	-1.0	1.0	-1.0	-1.0	0.0	0.0	0.8	0.0	0.0	1.0	0.0	0.429	-1.0	0.821	1.0	-1.0	0.787	1.0	1.0	0.0	-1.0	0.667	0.656	1.0	0.622	-1.0	1.0	0.0	-1.0	-1.0	-1.0	-1.0	-1.0	-1.0	0.714	-1.0	0.571	0.238	0.0	-1.0	0.571	-1.0	0.0	-1.0	-1.0	0.0	0.0	0.111	0.097	0.333	0.0	-1.0	-1.0	-1.0	-1.0	-1.0	0.0	-1.0	-1.0	-1.0	0.0	0.438	-1.0	-1.0	0.0	0.0	0.0	-1.0	0.412	0.9	-1.0	-1.0	-1.0	-1.0	1.0	0.286	0.0	-1.0	0.0	0.736	0.55	-1.0	-1.0	0.851	0.618	-1.0	-1.0	0.0	0.187	-1.0	-1.0	-1.0	0.0	-1.0
gnl|Prokka|GCF_001314995.1_1|665588|G	-1.0	-1.0	0.7	-1.0	1.0	-1.0	-1.0	0.0	-1.0	0.778	-1.0	-1.0	1.0	-1.0	-1.0	-1.0	1.0	-1.0	-1.0	1.0	0.0	1.0	-1.0	-1.0	-1.0	1.0	1.0	-1.0	-1.0	-1.0	-1.0	0.901	1.0	1.0	0.3	0.0	1.0	0.8	1.0	0.866	1.0	-1.0	0.0	-1.0	-1.0	-1.0	0.368	0.739	0.968	-1.0	1.0	-1.0	1.0	-1.0	0.895	0.188	1.0	0.0	-1.0	0.522	0.0	0.0	1.0	-1.0	0.0	-1.0	-1.0	1.0	-1.0	1.0	0.073	-1.0	0.214	0.769	-1.0	-1.0	-1.0	1.0	0.0	-1.0	0.0	0.0	0.0	-1.0	1.0	1.0	0.677	-1.0	1.0	-1.0	-1.0	0.0	-1.0	-1.0	0.182	-1.0	0.0	-1.0	-1.0	-1.0	1.0	-1.0	-1.0	0.854	0.742	1.0	0.0	0.0	1.0	0.0	0.0	-1.0	0.885	0.783	-1.0	0.828	1.0	-1.0	0.0	-1.0	-1.0	0.694	-1.0	0.861	-1.0	1.0	0.0	-1.0	-1.0	-1.0	-1.0	-1.0	0.0	1.0	-1.0	0.0	0.0	1.0	-1.0	1.0	-1.0	0.0	-1.0	-1.0	0.0	0.0	0.0	0.093	0.0	0.333	-1.0	-1.0	-1.0	-1.0	-1.0	0.692	0.0	0.571	-1.0	0.0	-1.0	-1.0	-1.0	0.273	0.0	0.556	-1.0	0.0	0.737	-1.0	-1.0	-1.0	-1.0	1.0	0.571	0.0	-1.0	1.0	0.339	1.0	-1.0	-1.0	1.0	0.817	-1.0	-1.0	0.0	0.016	-1.0	-1.0	-1.0	0.167	-1.0
gnl|Prokka|GCF_001314995.1_1|665589|C	-1.0	-1.0	0.654	-1.0	1.0	-1.0	-1.0	0.0	-1.0	0.778	-1.0	-1.0	1.0	-1.0	-1.0	-1.0	1.0	-1.0	-1.0	1.0	0.0	1.0	-1.0	-1.0	-1.0	1.0	1.0	-1.0	-1.0	-1.0	-1.0	0.907	1.0	1.0	0.333	0.0	1.0	0.78	1.0	0.889	1.0	-1.0	0.0	-1.0	-1.0	-1.0	0.294	0.714	0.967	-1.0	1.0	-1.0	1.0	-1.0	0.897	0.222	1.0	0.0	-1.0	-1.0	0.0	0.0	1.0	-1.0	0.0	-1.0	-1.0	1.0	-1.0	1.0	0.071	-1.0	0.214	0.704	-1.0	-1.0	-1.0	-1.0	0.0	-1.0	0.0	0.0	0.0	-1.0	1.0	1.0	0.679	-1.0	1.0	-1.0	-1.0	0.0	-1.0	-1.0	0.182	-1.0	0.0	-1.0	-1.0	-1.0	1.0	-1.0	-1.0	0.854	0.758	1.0	0.0	0.0	1.0	0.0	0.0	-1.0	0.846	0.8	-1.0	0.852	1.0	-1.0	0.0	-1.0	-1.0	0.694	-1.0	0.865	-1.0	1.0	0.0	-1.0	-1.0	-1.0	-1.0	-1.0	0.0	1.0	-1.0	0.0	0.0	1.0	-1.0	1.0	-1.0	0.0	0.0	-1.0	0.0	0.0	0.0	0.1	0.0	0.333	-1.0	-1.0	-1.0	-1.0	-1.0	0.692	0.3	0.571	-1.0	0.0	-1.0	-1.0	-1.0	0.3	0.0	-1.0	-1.0	0.0	0.7	-1.0	-1.0	-1.0	-1.0	1.0	0.538	0.0	-1.0	1.0	0.328	1.0	-1.0	-1.0	1.0	0.803	-1.0	-1.0	0.0	0.02	-1.0	-1.0	-1.0	0.167	-1.0
gnl|Prokka|GCF_001314995.1_1|814265|G	-1.0	-1.0	1.0	-1.0	0.0	-1.0	-1.0	0.333	-1.0	0.0	-1.0	-1.0	-1.0	-1.0	-1.0	-1.0	0.0	-1.0	-1.0	0.769	1.0	0.0	-1.0	-1.0	-1.0	0.0	0.0	-1.0	-1.0	-1.0	-1.0	0.033	1.0	0.0	0.229	0.0	0.611	0.375	0.0	0.289	0.667	-1.0	0.0	-1.0	-1.0	-1.0	0.615	0.0	0.0	-1.0	1.0	-1.0	0.0	-1.0	0.0	0.0	0.567	0.0	-1.0	0.407	0.438	-1.0	0.0	-1.0	1.0	-1.0	-1.0	0.0	-1.0	-1.0	0.0	-1.0	0.0	0.0	-1.0	-1.0	-1.0	0.0	0.0	-1.0	-1.0	-1.0	0.175	-1.0	0.2	1.0	0.0	-1.0	0.238	-1.0	-1.0	0.0	-1.0	-1.0	1.0	-1.0	1.0	-1.0	-1.0	-1.0	0.333	-1.0	-1.0	0.0	0.188	0.0	1.0	0.69	0.0	-1.0	0.0	-1.0	0.0	0.812	-1.0	0.697	0.0	-1.0	1.0	-1.0	1.0	0.621	1.0	0.568	-1.0	1.0	1.0	-1.0	-1.0	-1.0	-1.0	-1.0	0.0	0.467	-1.0	0.0	1.0	0.146	-1.0	0.0	-1.0	0.377	0.75	-1.0	0.176	0.333	0.432	1.0	0.0	0.765	-1.0	-1.0	-1.0	-1.0	-1.0	1.0	-1.0	1.0	-1.0	0.762	0.273	-1.0	-1.0	0.0	0.6	0.0	-1.0	0.0	1.0	-1.0	-1.0	-1.0	-1.0	0.0	0.0	0.481	0.0	0.402	0.0	0.0	-1.0	-1.0	0.231	0.482	-1.0	-1.0	1.0	0.98	-1.0	-1.0	-1.0	0.0	-1.0
gnl|Prokka|GCF_001314995.1_1|852778|C	-1.0	-1.0	0.308	-1.0	0.75	-1.0	-1.0	0.444	-1.0	0.696	-1.0	-1.0	1.0	-1.0	-1.0	-1.0	1.0	-1.0	-1.0	1.0	0.0	1.0	-1.0	-1.0	-1.0	0.0	-1.0	-1.0	-1.0	-1.0	-1.0	0.926	1.0	0.0	1.0	0.0	1.0	1.0	0.429	0.812	0.815	-1.0	0.364	-1.0	-1.0	-1.0	1.0	0.511	1.0	-1.0	1.0	-1.0	0.0	-1.0	1.0	0.0	0.583	1.0	-1.0	1.0	0.0	0.0	1.0	-1.0	0.0	-1.0	-1.0	0.294	-1.0	-1.0	0.0	-1.0	0.458	0.393	-1.0	-1.0	-1.0	0.0	0.893	0.0	-1.0	0.455	0.0	-1.0	1.0	0.315	1.0	-1.0	0.0	-1.0	-1.0	1.0	-1.0	-1.0	0.0	-1.0	0.0	-1.0	-1.0	-1.0	0.0	-1.0	-1.0	0.488	0.16	0.333	0.0	0.032	0.071	1.0	1.0	-1.0	1.0	1.0	-1.0	0.207	0.0	-1.0	0.952	-1.0	0.0	0.365	1.0	0.0	-1.0	1.0	0.348	-1.0	-1.0	-1.0	-1.0	-1.0	1.0	0.0	-1.0	0.333	0.0	0.0	-1.0	0.3	-1.0	0.0	-1.0	-1.0	0.826	0.476	0.0	0.0	-1.0	0.278	-1.0	-1.0	-1.0	-1.0	-1.0	0.333	0.0	1.0	-1.0	0.081	0.556	-1.0	-1.0	0.0	0.25	-1.0	-1.0	1.0	1.0	-1.0	-1.0	-1.0	-1.0	-1.0	0.0	0.0	1.0	0.578	0.738	1.0	-1.0	-1.0	0.833	0.51	-1.0	-1.0	0.0	0.0	-1.0	-1.0	-1.0	0.0	-1.0
gnl|Prokka|GCF_001314995.1_1|855147|T	-1.0	-1.0	0.342	-1.0	0.0	-1.0	-1.0	0.286	-1.0	0.0	-1.0	-1.0	0.0	-1.0	-1.0	-1.0	0.0	-1.0	-1.0	0.556	0.0	1.0	-1.0	-1.0	-1.0	-1.0	1.0	-1.0	-1.0	-1.0	-1.0	0.0	1.0	-1.0	1.0	0.8	0.0	0.0	1.0	1.0	0.889	-1.0	-1.0	-1.0	-1.0	-1.0	0.737	0.512	0.973	-1.0	0.793	-1.0	1.0	-1.0	0.0	1.0	0.609	0.0	-1.0	0.286	0.167	1.0	0.0	-1.0	0.0	-1.0	-1.0	0.485	-1.0	-1.0	0.0	-1.0	0.667	0.559	-1.0	-1.0	-1.0	-1.0	0.192	1.0	0.0	1.0	0.688	-1.0	0.333	0.886	0.379	-1.0	0.214	-1.0	-1.0	0.75	-1.0	-1.0	1.0	-1.0	1.0	-1.0	-1.0	-1.0	0.789	-1.0	-1.0	1.0	0.062	0.4	0.0	0.208	1.0	0.467	1.0	-1.0	0.333	0.8	-1.0	0.711	1.0	-1.0	0.0	-1.0	1.0	0.547	-1.0	0.488	-1.0	1.0	0.0	-1.0	-1.0	-1.0	-1.0	-1.0	0.0	0.636	-1.0	0.619	1.0	1.0	-1.0	0.556	-1.0	0.692	0.0	-1.0	0.143	0.0	0.0	0.0	0.438	0.312	-1.0	-1.0	-1.0	-1.0	-1.0	0.0	-1.0	0.0	-1.0	0.0	-1.0	-1.0	-1.0	0.385	0.571	-1.0	-1.0	0.0	0.467	-1.0	-1.0	-1.0	-1.0	1.0	0.321	0.0	0.0	1.0	0.119	1.0	-1.0	-1.0	0.649	0.471	-1.0	-1.0	0.0	0.0	-1.0	-1.0	-1.0	1.0	-1.0
gnl|Prokka|GCF_001314995.1_1|856542|C	-1.0	-1.0	0.674	-1.0	0.0	-1.0	-1.0	0.0	-1.0	0.0	-1.0	-1.0	-1.0	-1.0	-1.0	-1.0	0.0	-1.0	-1.0	0.0	0.0	1.0	-1.0	-1.0	-1.0	-1.0	0.0	-1.0	-1.0	-1.0	-1.0	0.937	1.0	-1.0	1.0	1.0	0.0	0.0	0.471	1.0	0.708	-1.0	0.444	-1.0	-1.0	-1.0	0.7	0.459	0.979	-1.0	0.138	-1.0	1.0	-1.0	0.111	0.0	0.387	0.0	-1.0	0.455	0.0	0.0	0.0	-1.0	0.0	-1.0	-1.0	0.0	-1.0	0.0	0.0	-1.0	0.0	0.548	-1.0	-1.0	-1.0	0.0	0.0	1.0	0.571	1.0	0.758	-1.0	0.0	0.0	0.379	-1.0	0.0	-1.0	-1.0	-1.0	-1.0	-1.0	0.0	-1.0	0.0	-1.0	-1.0	-1.0	0.0	-1.0	-1.0	0.474	0.0	0.65	0.0	0.132	0.0	0.545	1.0	-1.0	0.864	0.75	-1.0	0.143	0.0	-1.0	0.108	-1.0	-1.0	0.083	0.0	0.375	-1.0	1.0	0.591	-1.0	-1.0	-1.0	-1.0	-1.0	0.25	0.0	-1.0	0.737	1.0	0.915	-1.0	-1.0	-1.0	0.769	-1.0	-1.0	1.0	0.0	0.0	0.125	1.0	0.19	-1.0	-1.0	-1.0	-1.0	-1.0	0.0	0.571	0.0	-1.0	0.0	-1.0	-1.0	-1.0	0.417	0.0	-1.0	-1.0	0.0	0.091	-1.0	-1.0	-1.0	-1.0	1.0	0.667	0.0	1.0	0.583	1.0	1.0	-1.0	-1.0	0.156	0.952	-1.0	-1.0	0.0	0.017	-1.0	-1.0	-1.0	0.0	-1.0
gnl|Prokka|GCF_001314995.1_1|856605|G	-1.0	-1.0	0.351	-1.0	0.0	-1.0	-1.0	0.364	-1.0	0.0	-1.0	-1.0	-1.0	-1.0	-1.0	-1.0	0.0	-1.0	-1.0	1.0	0.0	1.0	-1.0	-1.0	-1.0	-1.0	0.75	-1.0	-1.0	-1.0	-1.0	0.0	0.0	-1.0	0.265	0.0	0.667	0.408	0.583	0.783	0.323	-1.0	0.429	-1.0	-1.0	-1.0	0.235	0.576	0.98	-1.0	0.885	-1.0	-1.0	-1.0	0.0	0.0	0.567	0.536	-1.0	0.0	0.0	0.727	0.0	-1.0	0.0	-1.0	-1.0	0.0	-1.0	1.0	1.0	-1.0	0.684	0.462	-1.0	-1.0	-1.0	-1.0	0.0	0.0	0.0	1.0	0.0	-1.0	-1.0	1.0	0.405	-1.0	0.238	-1.0	-1.0	0.0	-1.0	-1.0	1.0	-1.0	0.833	-1.0	-1.0	-1.0	0.0	-1.0	-1.0	0.0	0.041	0.0	0.0	0.047	1.0	0.364	0.0	-1.0	0.3	1.0	-1.0	0.844	1.0	-1.0	0.812	-1.0	-1.0	0.639	0.7	0.704	-1.0	0.0	0.0	-1.0	-1.0	-1.0	-1.0	-1.0	1.0	0.586	-1.0	0.188	0.0	0.0	-1.0	-1.0	-1.0	0.0	0.0	-1.0	0.0	0.0	0.364	0.1	0.385	0.0	-1.0	-1.0	-1.0	-1.0	-1.0	0.0	0.0	0.625	-1.0	0.0	1.0	-1.0	-1.0	0.0	0.308	0.0	-1.0	0.176	1.0	-1.0	-1.0	-1.0	-1.0	1.0	0.385	0.541	0.0	0.404	0.246	0.36	-1.0	-1.0	0.158	0.558	-1.0	-1.0	0.0	0.0	-1.0	-1.0	-1.0	0.0	-1.0
gnl|Prokka|GCF_001314995.1_1|856609|T	-1.0	-1.0	0.343	-1.0	0.0	-1.0	-1.0	0.3	-1.0	0.0	-1.0	-1.0	-1.0	-1.0	-1.0	-1.0	0.0	-1.0	-1.0	1.0	0.0	1.0	-1.0	-1.0	-1.0	-1.0	0.727	-1.0	-1.0	-1.0	-1.0	0.0	-1.0	-1.0	0.273	0.0	0.609	0.434	0.636	0.765	0.345	-1.0	0.429	-1.0	-1.0	-1.0	0.235	0.55	0.98	-1.0	0.88	-1.0	-1.0	-1.0	0.0	0.0	0.6	0.538	-1.0	0.0	0.0	0.75	0.0	-1.0	0.0	-1.0	-1.0	0.0	-1.0	1.0	1.0	-1.0	0.667	0.474	-1.0	-1.0	-1.0	-1.0	0.0	0.0	0.0	1.0	0.0	-1.0	-1.0	1.0	0.42	-1.0	0.238	-1.0	-1.0	0.0	-1.0	-1.0	1.0	-1.0	0.833	-1.0	-1.0	-1.0	0.0	-1.0	-1.0	0.0	0.039	0.0	0.0	0.046	1.0	0.364	0.0	-1.0	0.368	1.0	-1.0	0.844	1.0	-1.0	0.841	-1.0	-1.0	0.627	0.625	0.704	-1.0	0.0	0.0	-1.0	-1.0	-1.0	-1.0	-1.0	1.0	0.556	-1.0	0.2	0.0	0.0	-1.0	-1.0	-1.0	0.0	0.0	-1.0	0.0	0.0	0.364	0.097	0.333	0.0	-1.0	-1.0	-1.0	-1.0	-1.0	0.0	0.0	0.625	-1.0	0.0	1.0	-1.0	-1.0	0.0	0.333	0.0	-1.0	0.2	1.0	-1.0	-1.0	-1.0	-1.0	1.0	0.304	0.515	0.0	0.387	0.242	0.32	-1.0	-1.0	0.139	0.528	-1.0	-1.0	0.0	0.0	-1.0	-1.0	-1.0	0.0	-1.0
gnl|Prokka|GCF_001314995.1_1|861127|T	-1.0	-1.0	0.643	-1.0	0.0	-1.0	-1.0	0.625	-1.0	0.0	-1.0	-1.0	-1.0	-1.0	-1.0	-1.0	0.667	-1.0	-1.0	-1.0	0.0	0.769	-1.0	-1.0	-1.0	0.0	0.118	-1.0	-1.0	-1.0	-1.0	0.0	1.0	0.4	0.755	0.0	0.333	1.0	0.333	0.73	0.846	-1.0	-1.0	-1.0	-1.0	-1.0	1.0	1.0	0.954	-1.0	0.0	-1.0	-1.0	-1.0	0.792	1.0	0.667	0.0	-1.0	0.9	0.542	0.556	1.0	-1.0	0.0	-1.0	-1.0	0.895	-1.0	0.444	0.09	-1.0	0.0	0.0	-1.0	-1.0	-1.0	-1.0	1.0	0.0	-1.0	-1.0	0.0	-1.0	0.318	1.0	0.444	-1.0	0.0	-1.0	-1.0	0.857	-1.0	-1.0	0.0	-1.0	1.0	-1.0	-1.0	-1.0	0.571	-1.0	-1.0	0.612	0.635	1.0	0.0	0.0	0.0	0.545	0.0	-1.0	0.391	0.6	-1.0	0.523	0.0	-1.0	1.0	-1.0	0.0	0.957	1.0	0.887	-1.0	1.0	0.188	-1.0	-1.0	-1.0	-1.0	-1.0	0.364	0.0	-1.0	0.0	0.0	1.0	-1.0	0.75	-1.0	0.0	0.462	-1.0	0.683	0.31	0.0	0.0	0.0	0.0	-1.0	-1.0	-1.0	-1.0	-1.0	0.421	0.0	1.0	-1.0	0.0	-1.0	-1.0	-1.0	-1.0	0.429	1.0	-1.0	0.88	0.098	-1.0	-1.0	-1.0	-1.0	0.0	0.778	0.0	0.0	0.581	0.271	0.786	-1.0	-1.0	0.857	0.907	-1.0	-1.0	0.0	0.0	-1.0	-1.0	-1.0	0.0	-1.0
gnl|Prokka|GCF_001314995.1_1|861184|T	-1.0	-1.0	0.31	-1.0	0.0	-1.0	-1.0	0.667	-1.0	0.0	-1.0	-1.0	-1.0	-1.0	-1.0	-1.0	1.0	-1.0	-1.0	-1.0	0.0	1.0	-1.0	-1.0	-1.0	1.0	0.0	-1.0	-1.0	-1.0	-1.0	0.0	0.0	0.273	0.34	0.733	0.263	0.479	0.0	1.0	0.107	-1.0	-1.0	-1.0	-1.0	-1.0	1.0	0.566	0.963	-1.0	0.8	-1.0	0.3	-1.0	0.849	1.0	0.0	1.0	-1.0	0.0	0.0	0.545	0.0	-1.0	0.0	-1.0	-1.0	0.733	-1.0	1.0	1.0	-1.0	1.0	0.49	-1.0	-1.0	-1.0	1.0	0.0	1.0	0.0	0.0	0.774	-1.0	0.375	0.204	0.951	-1.0	0.294	-1.0	-1.0	0.0	-1.0	-1.0	0.0	-1.0	0.0	-1.0	-1.0	-1.0	0.789	-1.0	-1.0	0.0	0.795	0.0	0.0	0.093	1.0	1.0	1.0	-1.0	0.8	0.333	-1.0	0.0	1.0	-1.0	1.0	-1.0	1.0	0.0	0.571	0.571	-1.0	1.0	0.188	-1.0	-1.0	-1.0	-1.0	-1.0	1.0	0.733	-1.0	1.0	1.0	0.078	-1.0	0.0	-1.0	0.736	0.0	-1.0	0.082	0.0	0.0	0.0	0.0	0.0	-1.0	-1.0	-1.0	-1.0	-1.0	0.0	0.7	1.0	-1.0	0.118	-1.0	-1.0	-1.0	0.0	1.0	0.0	-1.0	0.0	1.0	-1.0	-1.0	-1.0	-1.0	0.0	1.0	0.516	0.0	0.455	0.186	0.0	-1.0	-1.0	0.278	0.462	-1.0	-1.0	0.0	0.0	-1.0	-1.0	-1.0	1.0	-1.0
gnl|Prokka|GCF_001314995.1_1|973323|A	-1.0	-1.0	0.295	-1.0	-1.0	-1.0	-1.0	0.6	-1.0	0.0	-1.0	-1.0	0.3	-1.0	-1.0	-1.0	-1.0	-1.0	-1.0	0.706	0.0	0.0	-1.0	-1.0	-1.0	-1.0	0.735	-1.0	-1.0	-1.0	-1.0	0.021	-1.0	0.0	0.129	0.706	0.636	1.0	0.0	0.241	1.0	-1.0	0.0	0.222	-1.0	-1.0	0.2	1.0	0.0	-1.0	0.727	-1.0	0.412	-1.0	1.0	1.0	0.0	0.32	-1.0	0.579	0.0	0.0	1.0	-1.0	0.0	-1.0	-1.0	0.0	-1.0	-1.0	0.038	-1.0	0.368	1.0	-1.0	-1.0	-1.0	-1.0	0.0	-1.0	-1.0	0.0	0.836	-1.0	0.533	0.188	0.0	-1.0	0.0	-1.0	-1.0	0.0	-1.0	-1.0	0.0	-1.0	0.0	-1.0	-1.0	-1.0	0.25	-1.0	-1.0	0.433	0.0	1.0	0.0	0.118	1.0	0.0	0.333	-1.0	0.545	0.3	-1.0	0.0	1.0	0.0	0.081	-1.0	0.0	0.443	0.0	0.0	-1.0	0.103	0.0	-1.0	-1.0	-1.0	-1.0	-1.0	-1.0	0.0	-1.0	0.81	0.867	0.0	-1.0	0.583	-1.0	0.696	0.0	-1.0	0.122	0.429	0.0	0.109	1.0	0.0	-1.0	-1.0	-1.0	-1.0	-1.0	0.0	0.0	-1.0	-1.0	0.0	-1.0	-1.0	-1.0	0.0	0.0	0.429	-1.0	0.81	1.0	-1.0	-1.0	-1.0	-1.0	0.542	0.222	0.0	0.824	0.4	0.231	1.0	-1.0	-1.0	1.0	0.485	-1.0	-1.0	0.0	0.088	-1.0	-1.0	-1.0	0.0	-1.0
gnl|Prokka|GCF_001314995.1_1|1010083|G	-1.0	-1.0	0.649	-1.0	0.0	-1.0	-1.0	1.0	-1.0	0.0	-1.0	-1.0	-1.0	-1.0	-1.0	-1.0	0.0	-1.0	-1.0	0.308	0.0	1.0	-1.0	-1.0	-1.0	-1.0	0.385	-1.0	-1.0	-1.0	-1.0	0.917	0.455	-1.0	0.778	0.778	0.0	-1.0	0.0	1.0	0.161	-1.0	0.333	1.0	-1.0	-1.0	1.0	0.469	1.0	-1.0	0.148	-1.0	0.526	-1.0	0.093	0.852	0.114	0.818	-1.0	0.65	0.304	0.0	0.0	-1.0	0.0	-1.0	-1.0	0.771	-1.0	-1.0	1.0	-1.0	1.0	1.0	-1.0	-1.0	-1.0	0.0	0.094	1.0	0.0	0.357	0.74	-1.0	0.0	0.0	0.931	-1.0	0.579	-1.0	-1.0	0.261	-1.0	-1.0	0.0	-1.0	0.0	-1.0	-1.0	-1.0	1.0	-1.0	-1.0	1.0	0.812	0.0	0.0	0.051	1.0	1.0	1.0	-1.0	0.409	1.0	-1.0	0.312	1.0	1.0	0.043	-1.0	1.0	0.345	0.0	0.455	-1.0	0.0	0.136	-1.0	-1.0	-1.0	-1.0	-1.0	0.545	0.0	-1.0	-1.0	1.0	0.889	-1.0	0.0	-1.0	0.786	0.727	-1.0	1.0	0.542	0.362	0.0	-1.0	0.308	-1.0	-1.0	-1.0	-1.0	-1.0	0.0	-1.0	-1.0	-1.0	0.0	1.0	-1.0	-1.0	0.643	0.652	0.429	-1.0	0.857	0.086	-1.0	-1.0	-1.0	-1.0	0.862	1.0	0.217	-1.0	0.0	0.492	0.0	-1.0	-1.0	0.14	1.0	-1.0	-1.0	0.0	0.092	-1.0	-1.0	-1.0	0.789	-1.0
gnl|Prokka|GCF_001314995.1_1|1034194|C	-1.0	-1.0	0.368	-1.0	0.609	-1.0	-1.0	0.0	-1.0	1.0	-1.0	-1.0	-1.0	-1.0	-1.0	-1.0	0.667	-1.0	-1.0	1.0	0.0	1.0	-1.0	-1.0	-1.0	-1.0	0.941	-1.0	-1.0	-1.0	-1.0	0.0	1.0	-1.0	0.324	0.0	1.0	0.438	1.0	0.74	1.0	-1.0	-1.0	1.0	-1.0	-1.0	0.0	0.438	1.0	-1.0	0.75	-1.0	1.0	-1.0	0.851	0.0	0.528	0.0	-1.0	0.457	0.0	0.0	1.0	-1.0	0.0	-1.0	-1.0	0.351	-1.0	-1.0	0.0	-1.0	0.182	0.429	-1.0	-1.0	-1.0	-1.0	0.0	0.0	0.0	0.25	0.0	-1.0	1.0	1.0	0.421	-1.0	0.0	-1.0	-1.0	0.0	-1.0	-1.0	0.0	-1.0	0.0	-1.0	-1.0	-1.0	0.0	-1.0	-1.0	0.0	0.076	1.0	0.0	0.0	1.0	0.214	0.364	-1.0	0.707	0.786	-1.0	0.794	1.0	0.571	0.0	-1.0	-1.0	0.597	-1.0	1.0	-1.0	0.0	0.0	-1.0	-1.0	-1.0	-1.0	-1.0	0.0	0.677	-1.0	0.0	0.075	0.098	-1.0	0.733	-1.0	0.0	0.0	-1.0	0.088	0.0	0.0	0.073	0.0	-1.0	-1.0	-1.0	-1.0	-1.0	-1.0	0.4	-1.0	-1.0	-1.0	0.0	0.571	-1.0	-1.0	0.0	0.0	0.238	-1.0	0.0	0.532	-1.0	-1.0	-1.0	-1.0	1.0	0.654	0.0	0.385	1.0	0.362	1.0	-1.0	-1.0	0.241	0.529	-1.0	-1.0	0.0	0.161	-1.0	-1.0	-1.0	0.0	-1.0
gnl|Prokka|GCF_001314995.1_1|1117710|T	-1.0	-1.0	0.389	-1.0	0.0	-1.0	-1.0	-1.0	-1.0	0.0	-1.0	-1.0	-1.0	-1.0	-1.0	-1.0	1.0	-1.0	-1.0	0.682	1.0	1.0	-1.0	-1.0	-1.0	1.0	0.095	-1.0	-1.0	-1.0	-1.0	0.132	0.455	0.0	0.216	0.0	0.0	0.423	-1.0	0.818	1.0	-1.0	0.0	0.0	-1.0	-1.0	0.643	0.0	0.969	-1.0	0.818	-1.0	0.0	-1.0	0.843	1.0	0.25	0.0	-1.0	0.455	0.0	0.375	1.0	-1.0	0.0	-1.0	-1.0	0.216	-1.0	1.0	0.0	-1.0	0.136	0.308	-1.0	-1.0	-1.0	0.0	0.846	0.0	0.0	0.0	0.0	-1.0	0.692	0.161	0.353	-1.0	0.417	-1.0	-1.0	0.778	-1.0	-1.0	0.15	-1.0	0.0	-1.0	-1.0	-1.0	0.0	-1.0	-1.0	0.0	0.093	0.545	0.0	0.0	1.0	0.417	0.0	-1.0	0.571	0.818	-1.0	0.0	1.0	0.0	0.866	-1.0	-1.0	0.048	-1.0	0.7	-1.0	1.0	0.0	-1.0	-1.0	-1.0	-1.0	-1.0	-1.0	0.857	-1.0	0.0	0.056	0.14	-1.0	0.0	-1.0	0.308	-1.0	-1.0	0.0	0.0	0.0	0.0	0.4	0.214	-1.0	-1.0	-1.0	-1.0	-1.0	0.333	1.0	-1.0	-1.0	0.0	-1.0	-1.0	-1.0	0.0	0.0	0.0	-1.0	0.0	0.586	-1.0	-1.0	-1.0	-1.0	0.222	0.4	0.529	-1.0	1.0	0.556	0.783	-1.0	-1.0	0.904	0.477	-1.0	-1.0	0.0	0.029	-1.0	-1.0	-1.0	0.0	-1.0
gnl|Prokka|GCF_001314995.1_1|1356942|A	-1.0	-1.0	0.0	-1.0	0.0	-1.0	-1.0	-1.0	-1.0	0.0	-1.0	-1.0	-1.0	-1.0	-1.0	-1.0	1.0	-1.0	-1.0	0.4	0.0	0.0	-1.0	-1.0	-1.0	0.0	0.682	-1.0	-1.0	-1.0	-1.0	0.321	-1.0	-1.0	1.0	0.0	0.0	0.0	0.81	0.389	0.738	-1.0	-1.0	1.0	-1.0	-1.0	1.0	0.0	0.0	-1.0	0.0	-1.0	0.643	-1.0	1.0	0.267	0.688	0.0	-1.0	1.0	0.636	-1.0	0.0	-1.0	1.0	-1.0	-1.0	1.0	-1.0	-1.0	1.0	-1.0	0.0	0.0	-1.0	-1.0	-1.0	1.0	0.0	1.0	1.0	1.0	0.842	-1.0	0.0	0.0	0.0	-1.0	0.667	-1.0	-1.0	0.0	-1.0	-1.0	0.125	-1.0	1.0	-1.0	-1.0	-1.0	1.0	-1.0	-1.0	0.0	0.176	0.0	1.0	0.925	0.0	0.0	0.0	-1.0	0.84	1.0	-1.0	0.0	0.0	0.824	0.882	-1.0	-1.0	0.167	0.0	1.0	-1.0	1.0	1.0	-1.0	-1.0	-1.0	-1.0	-1.0	0.0	0.824	-1.0	0.0	1.0	0.233	-1.0	0.0	-1.0	1.0	0.0	-1.0	0.0	1.0	1.0	1.0	0.0	1.0	-1.0	-1.0	-1.0	-1.0	-1.0	0.688	1.0	0.0	-1.0	1.0	0.0	-1.0	-1.0	1.0	0.667	-1.0	-1.0	0.273	0.0	-1.0	-1.0	-1.0	-1.0	0.148	0.676	0.45	-1.0	0.013	0.618	0.526	-1.0	-1.0	0.0	0.517	-1.0	-1.0	1.0	0.891	-1.0	-1.0	-1.0	-1.0	-1.0
gnl|Prokka|GCF_001314995.1_1|1364429|G	-1.0	-1.0	0.679	-1.0	1.0	-1.0	-1.0	0.0	-1.0	0.706	-1.0	-1.0	1.0	-1.0	-1.0	-1.0	1.0	-1.0	-1.0	0.778	0.0	1.0	-1.0	-1.0	-1.0	-1.0	0.0	-1.0	-1.0	-1.0	-1.0	0.0	1.0	1.0	0.528	0.0	1.0	0.452	0.2	0.757	1.0	-1.0	0.375	0.0	-1.0	-1.0	0.333	0.598	0.971	-1.0	0.875	-1.0	0.652	-1.0	0.949	0.0	0.393	0.353	-1.0	0.462	0.312	0.0	1.0	-1.0	0.0	-1.0	-1.0	0.0	-1.0	0.0	0.0	-1.0	0.0	0.674	-1.0	-1.0	-1.0	1.0	0.0	-1.0	0.0	0.697	0.0	-1.0	0.318	1.0	0.486	-1.0	0.0	-1.0	-1.0	0.524	-1.0	-1.0	0.0	-1.0	0.0	-1.0	-1.0	-1.0	0.286	-1.0	-1.0	0.0	0.261	1.0	0.0	0.0	1.0	-1.0	0.412	-1.0	0.842	1.0	-1.0	0.634	1.0	0.0	0.943	-1.0	-1.0	-1.0	-1.0	0.683	-1.0	0.0	0.0	-1.0	-1.0	-1.0	-1.0	-1.0	-1.0	0.389	-1.0	0.353	0.0	0.0	-1.0	0.737	-1.0	0.0	0.0	-1.0	0.0	0.0	0.0	0.0	0.667	0.741	-1.0	-1.0	-1.0	-1.0	-1.0	0.158	0.636	1.0	-1.0	0.0	0.4	-1.0	-1.0	0.0	0.357	0.0	-1.0	0.111	0.892	-1.0	-1.0	-1.0	-1.0	0.586	0.382	0.0	0.0	0.549	0.811	0.667	-1.0	-1.0	0.321	0.699	-1.0	-1.0	0.0	0.067	-1.0	-1.0	-1.0	0.0	-1.0
gnl|Prokka|GCF_001314995.1_1|1534490|A	-1.0	-1.0	0.545	-1.0	1.0	-1.0	-1.0	0.0	-1.0	0.7	-1.0	-1.0	0.7	-1.0	-1.0	-1.0	0.769	-1.0	-1.0	1.0	0.0	0.879	-1.0	-1.0	-1.0	1.0	0.128	-1.0	-1.0	-1.0	-1.0	0.022	-1.0	1.0	0.421	0.0	1.0	0.529	1.0	0.73	1.0	-1.0	0.0	-1.0	-1.0	-1.0	0.438	0.486	0.974	-1.0	1.0	-1.0	1.0	-1.0	0.855	0.0	0.432	0.304	-1.0	0.308	0.107	0.0	0.966	-1.0	0.0	-1.0	-1.0	0.303	-1.0	1.0	0.0	-1.0	0.0	-1.0	-1.0	-1.0	-1.0	0.0	0.0	-1.0	0.0	-1.0	0.0	-1.0	0.526	1.0	0.467	-1.0	0.174	-1.0	-1.0	0.806	-1.0	-1.0	0.0	-1.0	0.0	-1.0	-1.0	-1.0	0.222	-1.0	-1.0	0.0	0.056	0.625	0.0	0.054	1.0	0.0	0.0	-1.0	0.606	1.0	-1.0	1.0	1.0	-1.0	0.0	-1.0	0.545	0.629	-1.0	0.603	-1.0	1.0	0.0	-1.0	-1.0	-1.0	-1.0	-1.0	0.0	0.812	-1.0	0.237	0.0	0.228	-1.0	0.583	-1.0	0.0	0.0	-1.0	0.0	0.0	0.0	0.075	0.0	0.565	-1.0	-1.0	-1.0	-1.0	-1.0	0.462	0.417	1.0	-1.0	0.0	-1.0	-1.0	-1.0	0.0	0.0	0.0	-1.0	0.0	0.878	-1.0	-1.0	-1.0	-1.0	1.0	0.37	0.0	0.0	1.0	0.805	1.0	-1.0	-1.0	0.652	0.52	-1.0	-1.0	0.0	0.033	-1.0	-1.0	-1.0	0.0	-1.0
gnl|Prokka|GCF_001314995.1_1|1727642|G	-1.0	-1.0	0.417	-1.0	0.0	-1.0	-1.0	0.0	-1.0	0.16	-1.0	-1.0	-1.0	-1.0	-1.0	-1.0	0.3	-1.0	-1.0	1.0	0.0	1.0	-1.0	-1.0	-1.0	0.0	1.0	-1.0	-1.0	-1.0	-1.0	0.025	0.0	1.0	0.061	1.0	0.529	0.456	0.692	1.0	0.0	-1.0	-1.0	-1.0	-1.0	-1.0	0.647	0.03	1.0	-1.0	1.0	-1.0	0.0	-1.0	0.0	0.0	0.108	1.0	-1.0	0.743	0.3	0.0	1.0	-1.0	0.0	-1.0	-1.0	1.0	-1.0	-1.0	0.929	-1.0	1.0	0.0	-1.0	-1.0	-1.0	-1.0	0.875	1.0	0.0	0.0	0.829	-1.0	0.524	1.0	0.953	-1.0	0.385	-1.0	-1.0	0.575	-1.0	-1.0	0.0	-1.0	0.211	-1.0	-1.0	-1.0	0.6	-1.0	-1.0	0.455	0.93	0.429	0.0	0.086	0.0	-1.0	1.0	-1.0	0.103	0.333	-1.0	1.0	0.0	-1.0	0.19	-1.0	0.0	1.0	0.583	1.0	-1.0	1.0	0.0	-1.0	-1.0	-1.0	-1.0	-1.0	0.0	0.786	-1.0	0.2	1.0	0.929	-1.0	-1.0	-1.0	0.492	0.0	-1.0	1.0	0.0	0.0	0.0	0.375	0.308	-1.0	-1.0	-1.0	-1.0	-1.0	-1.0	0.0	-1.0	-1.0	0.12	1.0	-1.0	-1.0	0.0	0.615	1.0	-1.0	0.16	0.886	-1.0	-1.0	-1.0	-1.0	1.0	0.65	0.343	0.0	0.433	0.703	0.0	-1.0	-1.0	0.761	0.504	-1.0	-1.0	0.021	0.049	-1.0	-1.0	-1.0	0.0	-1.0
gnl|Prokka|GCF_001314995.1_1|1776381|A	-1.0	-1.0	0.536	-1.0	0.3	-1.0	-1.0	0.0	-1.0	0.0	-1.0	-1.0	-1.0	-1.0	-1.0	-1.0	1.0	-1.0	-1.0	1.0	1.0	1.0	-1.0	-1.0	-1.0	1.0	0.815	-1.0	-1.0	-1.0	-1.0	0.109	-1.0	0.0	0.263	0.0	0.0	0.0	0.0	0.73	0.371	-1.0	-1.0	1.0	-1.0	-1.0	0.318	0.0	1.0	-1.0	1.0	-1.0	0.571	-1.0	0.94	0.0	0.536	0.0	-1.0	0.438	0.8	1.0	0.0	-1.0	1.0	-1.0	-1.0	0.0	-1.0	-1.0	0.08	-1.0	0.0	0.483	-1.0	-1.0	-1.0	1.0	0.0	0.2	-1.0	1.0	0.277	-1.0	0.667	0.0	0.45	-1.0	0.0	-1.0	-1.0	0.0	-1.0	-1.0	1.0	-1.0	1.0	-1.0	-1.0	-1.0	0.0	-1.0	-1.0	0.0	0.349	0.0	1.0	0.891	1.0	0.0	0.507	-1.0	0.783	0.0	-1.0	0.0	1.0	1.0	0.849	-1.0	0.0	0.0	-1.0	0.0	-1.0	1.0	0.556	-1.0	-1.0	-1.0	-1.0	-1.0	-1.0	0.0	-1.0	0.0	0.089	0.155	-1.0	0.0	-1.0	0.443	-1.0	-1.0	0.0	0.222	0.72	1.0	0.714	1.0	-1.0	-1.0	-1.0	-1.0	-1.0	-1.0	0.625	0.0	-1.0	1.0	-1.0	-1.0	-1.0	0.571	0.217	0.0	-1.0	0.0	0.575	-1.0	-1.0	-1.0	-1.0	0.696	0.379	0.619	0.375	0.366	0.226	0.375	-1.0	-1.0	0.0	0.482	-1.0	-1.0	1.0	0.982	-1.0	-1.0	-1.0	0.0	-1.0
gnl|Prokka|GCF_001314995.1_1|1776537|T	-1.0	-1.0	0.0	-1.0	0.0	-1.0	-1.0	0.6	-1.0	0.0	-1.0	-1.0	0.545	-1.0	-1.0	-1.0	1.0	-1.0	-1.0	0.0	1.0	0.875	-1.0	-1.0	-1.0	-1.0	0.0	-1.0	-1.0	-1.0	-1.0	0.062	-1.0	0.0	0.356	0.0	0.0	0.0	-1.0	0.67	0.262	-1.0	0.556	0.0	-1.0	-1.0	0.0	0.0	1.0	-1.0	0.091	-1.0	0.0	-1.0	0.894	0.0	0.588	0.0	-1.0	0.438	0.524	-1.0	0.0	-1.0	1.0	-1.0	-1.0	0.0	-1.0	1.0	0.0	-1.0	0.0	0.613	-1.0	-1.0	-1.0	1.0	0.0	0.0	0.333	0.733	0.212	-1.0	0.333	0.0	0.552	-1.0	0.0	-1.0	-1.0	0.0	-1.0	-1.0	1.0	-1.0	1.0	-1.0	-1.0	-1.0	0.0	-1.0	-1.0	0.0	0.174	0.0	1.0	0.856	1.0	0.0	0.311	-1.0	0.552	0.0	-1.0	0.0	1.0	0.0	0.852	-1.0	0.0	0.0	0.333	0.0	-1.0	0.886	0.484	-1.0	-1.0	-1.0	-1.0	-1.0	0.0	0.0	-1.0	0.0	0.0	0.135	-1.0	0.0	-1.0	0.292	0.375	-1.0	0.0	0.435	0.696	0.895	0.333	0.412	-1.0	-1.0	-1.0	-1.0	-1.0	0.615	-1.0	0.0	-1.0	0.76	-1.0	-1.0	-1.0	0.538	0.294	0.0	-1.0	0.147	0.0	-1.0	-1.0	-1.0	-1.0	0.0	0.4	0.522	0.0	0.427	0.228	0.24	-1.0	-1.0	0.0	0.469	-1.0	-1.0	1.0	0.948	-1.0	-1.0	-1.0	0.0	-1.0
gnl|Prokka|GCF_001314995.1_1|1776615|C	-1.0	-1.0	0.333	-1.0	0.0	-1.0	-1.0	0.571	-1.0	0.0	-1.0	-1.0	0.429	-1.0	-1.0	-1.0	1.0	-1.0	-1.0	1.0	1.0	1.0	-1.0	-1.0	-1.0	-1.0	0.381	-1.0	-1.0	-1.0	-1.0	0.083	1.0	0.0	0.306	0.0	0.0	0.0	-1.0	0.674	0.262	-1.0	-1.0	0.75	-1.0	-1.0	0.286	0.0	1.0	-1.0	1.0	-1.0	0.733	-1.0	0.904	0.0	0.571	0.0	-1.0	0.562	0.8	1.0	0.0	-1.0	1.0	-1.0	-1.0	0.0	-1.0	0.571	0.0	-1.0	0.0	0.714	-1.0	-1.0	-1.0	1.0	0.0	0.333	0.556	1.0	0.222	-1.0	0.385	0.0	0.874	-1.0	0.0	-1.0	-1.0	0.0	-1.0	-1.0	1.0	-1.0	1.0	-1.0	-1.0	-1.0	0.0	-1.0	-1.0	0.0	0.182	0.0	1.0	0.867	1.0	0.556	0.333	-1.0	0.61	0.0	-1.0	0.188	1.0	0.812	0.9	-1.0	0.3	0.0	0.0	0.0	-1.0	0.889	0.464	-1.0	-1.0	-1.0	-1.0	-1.0	0.267	0.0	-1.0	0.0	0.0	0.129	-1.0	0.0	-1.0	0.368	0.364	-1.0	0.0	0.526	0.843	1.0	-1.0	0.538	-1.0	-1.0	-1.0	-1.0	-1.0	-1.0	-1.0	-1.0	-1.0	0.7	-1.0	-1.0	-1.0	0.6	0.167	-1.0	-1.0	0.138	0.591	-1.0	-1.0	-1.0	-1.0	0.705	0.389	0.714	0.0	0.434	0.219	0.4	-1.0	-1.0	0.065	0.479	-1.0	-1.0	1.0	0.964	-1.0	-1.0	-1.0	0.0	-1.0
gnl|Prokka|GCF_001314995.1_1|1777273|A	-1.0	-1.0	0.167	-1.0	0.0	-1.0	-1.0	0.0	-1.0	0.0	-1.0	-1.0	0.0	-1.0	-1.0	-1.0	1.0	-1.0	-1.0	1.0	1.0	0.842	-1.0	-1.0	-1.0	0.0	0.909	-1.0	-1.0	-1.0	-1.0	0.052	-1.0	0.0	0.162	0.0	0.0	0.0	0.0	0.691	0.0	-1.0	0.571	1.0	-1.0	-1.0	0.0	0.0	1.0	-1.0	0.739	-1.0	0.4	-1.0	0.758	0.125	0.667	0.0	-1.0	0.0	0.524	0.556	0.0	-1.0	1.0	-1.0	-1.0	0.0	-1.0	0.0	0.05	-1.0	0.0	0.0	-1.0	-1.0	-1.0	1.0	0.0	0.0	0.0	0.333	0.226	-1.0	-1.0	0.0	0.372	-1.0	0.0	-1.0	-1.0	0.0	-1.0	-1.0	1.0	-1.0	1.0	-1.0	-1.0	-1.0	0.231	-1.0	-1.0	0.0	0.245	0.0	1.0	0.846	0.0	0.231	0.41	-1.0	0.238	0.667	-1.0	0.0	0.0	1.0	0.787	-1.0	-1.0	0.0	0.0	0.0	-1.0	0.643	0.6	-1.0	-1.0	-1.0	-1.0	-1.0	0.0	0.0	-1.0	0.0	0.047	0.085	-1.0	0.0	-1.0	0.214	0.0	-1.0	0.0	0.476	0.736	0.9	0.0	0.769	-1.0	-1.0	-1.0	-1.0	-1.0	0.522	-1.0	-1.0	-1.0	-1.0	-1.0	-1.0	-1.0	0.636	0.333	0.0	-1.0	0.0	0.556	-1.0	-1.0	-1.0	-1.0	0.667	0.0	0.389	0.0	0.403	0.189	0.278	-1.0	-1.0	0.121	0.365	-1.0	-1.0	1.0	0.959	-1.0	-1.0	-1.0	0.13	-1.0
gnl|Prokka|GCF_001314995.1_1|1777285|T	-1.0	-1.0	0.545	-1.0	0.0	-1.0	-1.0	0.0	-1.0	0.0	-1.0	-1.0	0.0	-1.0	-1.0	-1.0	1.0	-1.0	-1.0	1.0	1.0	0.833	-1.0	-1.0	-1.0	0.0	1.0	-1.0	-1.0	-1.0	-1.0	0.062	-1.0	-1.0	0.171	0.0	0.0	0.0	0.0	0.718	0.0	-1.0	0.571	1.0	-1.0	-1.0	0.0	0.0	1.0	-1.0	0.75	-1.0	0.333	-1.0	0.771	0.139	0.727	0.0	-1.0	0.0	0.55	0.6	0.0	-1.0	1.0	-1.0	-1.0	0.0	-1.0	0.0	0.045	-1.0	0.0	0.0	-1.0	-1.0	-1.0	1.0	0.0	0.0	0.0	0.429	0.226	-1.0	0.389	0.0	0.406	-1.0	0.0	-1.0	-1.0	0.0	-1.0	-1.0	1.0	-1.0	1.0	-1.0	-1.0	-1.0	0.231	-1.0	-1.0	0.0	0.204	0.0	1.0	0.864	0.0	0.273	0.479	-1.0	0.25	0.545	-1.0	0.0	0.0	1.0	0.811	-1.0	-1.0	0.0	-1.0	0.0	-1.0	0.692	0.6	-1.0	-1.0	-1.0	-1.0	-1.0	0.0	0.0	-1.0	0.0	0.062	0.085	-1.0	0.0	-1.0	0.236	0.0	-1.0	0.0	1.0	0.745	0.872	0.0	0.769	-1.0	-1.0	-1.0	-1.0	-1.0	0.565	-1.0	-1.0	-1.0	0.615	-1.0	-1.0	-1.0	0.692	0.375	0.0	-1.0	0.0	-1.0	-1.0	-1.0	-1.0	-1.0	0.625	0.0	0.524	0.0	0.402	0.203	0.316	-1.0	-1.0	0.141	0.932	-1.0	-1.0	1.0	0.956	-1.0	-1.0	-1.0	0.0	-1.0
gnl|Prokka|GCF_001314995.1_1|1792270|C	-1.0	-1.0	0.8	-1.0	1.0	-1.0	-1.0	1.0	-1.0	0.727	-1.0	-1.0	1.0	-1.0	-1.0	-1.0	1.0	-1.0	-1.0	1.0	1.0	1.0	-1.0	-1.0	-1.0	-1.0	1.0	-1.0	-1.0	-1.0	-1.0	0.0	1.0	0.727	0.353	0.0	0.737	0.0	0.0	0.82	1.0	-1.0	0.571	1.0	-1.0	-1.0	0.0	0.632	1.0	-1.0	0.762	-1.0	1.0	-1.0	0.944	0.0	1.0	0.545	-1.0	0.0	0.812	0.625	0.968	-1.0	0.0	-1.0	-1.0	0.16	-1.0	1.0	0.0	-1.0	0.0	0.593	-1.0	-1.0	-1.0	0.0	0.0	1.0	0.0	0.214	0.22	-1.0	1.0	0.803	0.421	-1.0	0.0	-1.0	-1.0	0.0	-1.0	-1.0	0.167	-1.0	1.0	-1.0	-1.0	-1.0	0.0	-1.0	-1.0	0.0	0.1	1.0	1.0	0.899	1.0	-1.0	0.308	-1.0	0.444	1.0	-1.0	0.848	1.0	1.0	0.0	-1.0	1.0	0.745	0.0	0.517	-1.0	0.0	0.861	-1.0	-1.0	-1.0	-1.0	-1.0	0.0	0.0	-1.0	0.765	0.185	0.0	-1.0	0.625	-1.0	0.0	-1.0	-1.0	0.0	0.0	0.877	1.0	0.333	0.0	-1.0	-1.0	-1.0	-1.0	-1.0	0.75	-1.0	0.0	-1.0	0.0	1.0	-1.0	-1.0	0.0	0.0	0.0	-1.0	0.0	1.0	-1.0	-1.0	-1.0	-1.0	0.703	-1.0	0.72	0.0	0.55	0.237	0.774	-1.0	-1.0	0.846	0.758	-1.0	-1.0	0.0	0.971	-1.0	-1.0	-1.0	0.0	-1.0
gnl|Prokka|GCF_001314995.1_1|1795053|A	-1.0	-1.0	1.0	-1.0	0.0	-1.0	-1.0	1.0	-1.0	0.0	-1.0	-1.0	-1.0	-1.0	-1.0	-1.0	0.0	-1.0	-1.0	1.0	1.0	0.0	-1.0	-1.0	-1.0	0.0	0.0	-1.0	-1.0	-1.0	-1.0	1.0	0.0	0.0	1.0	0.643	0.0	0.25	0.0	0.06	0.0	-1.0	1.0	0.0	-1.0	-1.0	1.0	0.074	0.0	-1.0	1.0	-1.0	0.0	-1.0	0.053	0.364	0.719	0.0	-1.0	0.571	1.0	1.0	0.0	-1.0	1.0	-1.0	-1.0	0.533	-1.0	1.0	1.0	-1.0	1.0	0.0	-1.0	-1.0	-1.0	0.3	0.0	-1.0	-1.0	1.0	1.0	-1.0	0.0	0.0	0.178	-1.0	0.0	-1.0	-1.0	1.0	-1.0	-1.0	0.0	-1.0	1.0	-1.0	-1.0	-1.0	1.0	-1.0	-1.0	1.0	1.0	0.0	1.0	1.0	0.0	-1.0	0.381	-1.0	0.684	0.0	-1.0	0.0	0.0	0.0	0.0	-1.0	0.0	0.141	0.0	0.098	-1.0	0.0	1.0	-1.0	-1.0	-1.0	-1.0	-1.0	-1.0	0.0	-1.0	0.286	1.0	0.0	-1.0	0.0	-1.0	1.0	1.0	-1.0	1.0	1.0	0.925	0.857	1.0	0.412	-1.0	-1.0	-1.0	-1.0	-1.0	0.783	0.353	-1.0	-1.0	1.0	-1.0	-1.0	-1.0	-1.0	-1.0	0.429	-1.0	0.474	0.455	-1.0	-1.0	-1.0	-1.0	0.0	0.0	1.0	-1.0	0.548	0.0	0.0	-1.0	-1.0	0.0	0.139	-1.0	-1.0	1.0	0.838	-1.0	-1.0	-1.0	-1.0	-1.0
gnl|Prokka|GCF_001314995.1_1|1981906|A	-1.0	-1.0	0.231	-1.0	1.0	-1.0	-1.0	0.0	-1.0	1.0	-1.0	-1.0	0.625	-1.0	-1.0	-1.0	1.0	-1.0	-1.0	1.0	0.0	1.0	-1.0	-1.0	-1.0	-1.0	1.0	-1.0	-1.0	-1.0	-1.0	0.027	1.0	-1.0	0.135	0.0	1.0	1.0	1.0	0.67	1.0	-1.0	0.0	-1.0	-1.0	-1.0	0.312	0.469	0.961	-1.0	0.833	-1.0	1.0	-1.0	0.864	0.0	0.343	0.25	-1.0	1.0	0.531	0.0	0.972	-1.0	0.0	-1.0	-1.0	0.0	-1.0	1.0	1.0	-1.0	0.167	0.263	-1.0	-1.0	-1.0	0.0	0.0	0.583	-1.0	0.0	0.0	-1.0	1.0	1.0	0.423	-1.0	0.2	-1.0	-1.0	0.161	-1.0	-1.0	1.0	-1.0	0.0	-1.0	-1.0	-1.0	0.0	-1.0	-1.0	0.395	0.041	1.0	0.0	0.06	1.0	-1.0	0.0	-1.0	0.382	1.0	-1.0	0.673	1.0	-1.0	0.882	-1.0	-1.0	1.0	-1.0	0.476	-1.0	0.125	0.167	-1.0	-1.0	-1.0	-1.0	-1.0	0.0	0.824	-1.0	0.333	0.052	0.12	-1.0	0.692	-1.0	0.0	0.0	-1.0	0.0	0.0	0.0	0.122	0.25	0.769	-1.0	-1.0	-1.0	-1.0	-1.0	0.0	-1.0	-1.0	-1.0	0.0	-1.0	-1.0	-1.0	0.0	0.167	0.0	-1.0	0.857	1.0	-1.0	-1.0	-1.0	-1.0	1.0	0.333	0.375	0.273	1.0	0.202	1.0	-1.0	-1.0	0.828	0.578	-1.0	-1.0	0.0	0.0	-1.0	-1.0	-1.0	0.0	-1.0
gnl|Prokka|GCF_001314995.1_1|1981933|T	-1.0	-1.0	0.262	-1.0	1.0	-1.0	-1.0	-1.0	-1.0	1.0	-1.0	-1.0	0.667	-1.0	-1.0	-1.0	1.0	-1.0	-1.0	1.0	0.0	1.0	-1.0	-1.0	-1.0	-1.0	1.0	-1.0	-1.0	-1.0	-1.0	0.033	1.0	-1.0	0.122	0.0	1.0	1.0	0.0	0.614	1.0	-1.0	0.0	-1.0	-1.0	-1.0	0.267	0.388	0.975	-1.0	0.8	-1.0	1.0	-1.0	0.821	0.0	0.243	0.182	-1.0	1.0	0.567	0.0	0.968	-1.0	0.0	-1.0	-1.0	0.055	-1.0	1.0	1.0	-1.0	0.15	0.237	-1.0	-1.0	-1.0	0.0	0.0	0.583	-1.0	0.0	0.0	-1.0	1.0	1.0	0.425	-1.0	0.0	-1.0	-1.0	0.119	-1.0	-1.0	0.824	-1.0	0.0	-1.0	-1.0	-1.0	0.0	-1.0	-1.0	0.372	0.0	1.0	0.0	0.0	1.0	-1.0	0.0	-1.0	0.452	1.0	-1.0	0.685	1.0	-1.0	0.892	-1.0	1.0	1.0	-1.0	0.429	-1.0	0.0	0.143	-1.0	-1.0	-1.0	-1.0	-1.0	0.0	0.0	-1.0	0.421	0.063	0.078	-1.0	0.632	-1.0	0.0	0.0	-1.0	0.0	0.0	0.0	0.118	0.294	1.0	-1.0	-1.0	-1.0	-1.0	-1.0	0.0	0.6	-1.0	-1.0	0.0	0.375	-1.0	-1.0	0.0	0.0	0.0	-1.0	0.783	1.0	-1.0	-1.0	-1.0	-1.0	0.0	0.37	0.423	0.231	1.0	0.165	1.0	-1.0	-1.0	0.75	0.553	-1.0	-1.0	0.0	0.0	-1.0	-1.0	-1.0	0.0	-1.0
gnl|Prokka|GCF_001314995.1_1|1982458|G	-1.0	-1.0	0.457	-1.0	1.0	-1.0	-1.0	0.0	-1.0	0.0	-1.0	-1.0	0.417	-1.0	-1.0	-1.0	1.0	-1.0	-1.0	0.471	0.0	0.733	-1.0	-1.0	-1.0	-1.0	0.535	-1.0	-1.0	-1.0	-1.0	0.029	-1.0	-1.0	0.279	0.0	1.0	0.429	0.273	0.654	1.0	-1.0	0.0	0.333	-1.0	-1.0	0.0	0.444	0.961	-1.0	0.739	-1.0	0.611	-1.0	0.812	0.0	0.16	0.261	-1.0	0.914	0.0	0.0	0.965	-1.0	0.0	-1.0	-1.0	0.0	-1.0	1.0	1.0	-1.0	0.0	0.256	-1.0	-1.0	-1.0	-1.0	0.0	0.375	-1.0	0.0	0.0	-1.0	1.0	1.0	0.388	-1.0	0.0	-1.0	-1.0	0.152	-1.0	-1.0	1.0	-1.0	0.0	-1.0	-1.0	-1.0	0.0	-1.0	-1.0	0.0	0.079	-1.0	0.0	0.0	0.94	0.786	0.0	-1.0	0.455	1.0	-1.0	0.65	1.0	0.0	0.897	-1.0	0.545	0.443	1.0	0.714	-1.0	0.0	0.0	-1.0	-1.0	-1.0	-1.0	-1.0	0.0	0.0	-1.0	0.19	0.0	0.143	-1.0	0.545	-1.0	0.0	0.0	-1.0	0.0	0.0	0.0	0.122	0.235	0.273	-1.0	-1.0	-1.0	-1.0	-1.0	0.0	0.0	-1.0	-1.0	0.0	0.0	-1.0	-1.0	0.0	0.278	0.231	-1.0	0.0	0.763	-1.0	-1.0	-1.0	-1.0	0.0	0.52	0.375	0.333	1.0	0.221	0.885	-1.0	-1.0	0.865	0.512	-1.0	-1.0	0.0	0.0	-1.0	-1.0	-1.0	0.0	-1.0
gnl|Prokka|GCF_001314995.1_1|1982520|A	-1.0	-1.0	0.355	-1.0	1.0	-1.0	-1.0	0.0	-1.0	-1.0	-1.0	-1.0	0.412	-1.0	-1.0	-1.0	1.0	-1.0	-1.0	1.0	0.0	0.737	-1.0	-1.0	-1.0	-1.0	0.939	-1.0	-1.0	-1.0	-1.0	0.031	1.0	-1.0	0.297	0.0	1.0	0.431	0.308	0.6	1.0	-1.0	0.0	1.0	-1.0	-1.0	0.12	0.423	0.934	-1.0	0.76	-1.0	1.0	-1.0	0.805	0.0	0.312	0.455	-1.0	0.414	0.0	0.0	0.949	-1.0	0.0	-1.0	-1.0	0.075	-1.0	-1.0	0.0	-1.0	0.12	0.275	-1.0	-1.0	-1.0	-1.0	0.0	0.571	0.0	0.0	0.0	-1.0	1.0	1.0	0.381	-1.0	0.0	-1.0	-1.0	0.13	-1.0	-1.0	1.0	-1.0	0.0	-1.0	-1.0	-1.0	0.0	-1.0	-1.0	0.0	0.078	-1.0	0.0	0.0	1.0	1.0	0.356	-1.0	0.576	1.0	-1.0	0.649	1.0	1.0	0.895	-1.0	-1.0	0.597	-1.0	0.622	-1.0	0.0	0.389	-1.0	-1.0	-1.0	-1.0	-1.0	0.0	0.375	-1.0	0.308	0.089	0.149	-1.0	0.625	-1.0	0.0	0.0	-1.0	0.0	0.0	0.064	0.132	0.211	0.35	-1.0	-1.0	-1.0	-1.0	-1.0	0.0	-1.0	-1.0	-1.0	0.0	0.0	-1.0	-1.0	0.0	0.333	0.0	-1.0	0.0	0.75	-1.0	-1.0	-1.0	-1.0	0.7	0.36	0.0	0.4	1.0	0.191	1.0	-1.0	-1.0	0.875	0.493	-1.0	-1.0	0.0	0.057	-1.0	-1.0	-1.0	0.0	-1.0
gnl|Prokka|GCF_001314995.1_1|1982550|C	-1.0	-1.0	0.361	-1.0	1.0	-1.0	-1.0	0.0	-1.0	0.533	-1.0	-1.0	0.6	-1.0	-1.0	-1.0	1.0	-1.0	-1.0	1.0	0.0	0.765	-1.0	-1.0	-1.0	-1.0	1.0	-1.0	-1.0	-1.0	-1.0	0.031	1.0	1.0	0.275	0.0	1.0	0.347	0.4	0.667	1.0	-1.0	0.0	1.0	-1.0	-1.0	0.13	0.533	0.938	-1.0	0.778	-1.0	1.0	-1.0	0.756	0.0	0.375	0.444	-1.0	-1.0	0.0	0.0	1.0	-1.0	0.0	-1.0	-1.0	0.106	-1.0	1.0	0.0	-1.0	0.13	0.282	-1.0	-1.0	-1.0	0.0	0.0	0.625	0.0	0.0	0.0	-1.0	1.0	1.0	0.364	-1.0	0.0	-1.0	-1.0	0.2	-1.0	-1.0	1.0	-1.0	0.0	-1.0	-1.0	-1.0	0.0	-1.0	-1.0	0.0	0.076	1.0	0.0	0.0	1.0	1.0	0.436	-1.0	0.6	1.0	-1.0	0.636	1.0	1.0	0.894	-1.0	0.538	0.567	-1.0	0.667	-1.0	0.0	0.389	-1.0	-1.0	-1.0	-1.0	-1.0	0.0	0.429	-1.0	0.273	0.115	0.169	-1.0	0.571	-1.0	0.0	0.0	-1.0	0.0	0.0	0.049	0.241	0.25	0.333	-1.0	-1.0	-1.0	-1.0	-1.0	0.0	-1.0	-1.0	-1.0	0.0	0.0	-1.0	-1.0	0.0	0.294	0.0	-1.0	0.0	0.756	-1.0	-1.0	-1.0	-1.0	0.771	0.355	0.0	0.333	1.0	0.158	1.0	-1.0	-1.0	0.83	0.471	-1.0	-1.0	0.0	0.091	-1.0	-1.0	-1.0	0.0	-1.0
gnl|Prokka|GCF_001314995.1_1|2024549|G	-1.0	-1.0	0.714	-1.0	0.0	-1.0	-1.0	0.0	-1.0	0.0	-1.0	-1.0	-1.0	-1.0	-1.0	-1.0	1.0	-1.0	-1.0	0.6	0.0	1.0	-1.0	-1.0	-1.0	1.0	0.846	-1.0	-1.0	-1.0	-1.0	0.0	-1.0	1.0	0.212	0.25	0.167	0.0	-1.0	0.831	0.231	-1.0	0.625	0.375	-1.0	-1.0	0.0	0.0	0.949	-1.0	1.0	-1.0	0.0	-1.0	0.866	0.2	0.263	0.0	-1.0	0.526	0.0	1.0	0.0	-1.0	0.0	-1.0	-1.0	0.13	-1.0	1.0	0.086	-1.0	0.0	0.474	-1.0	-1.0	-1.0	1.0	0.912	0.6	0.0	-1.0	0.0	-1.0	1.0	0.912	0.517	-1.0	0.615	-1.0	-1.0	0.844	-1.0	-1.0	1.0	-1.0	1.0	-1.0	-1.0	-1.0	0.0	-1.0	-1.0	0.0	-1.0	0.0	0.0	0.034	0.944	0.556	0.405	-1.0	0.2	0.0	-1.0	0.878	1.0	0.0	0.0	-1.0	0.0	0.855	0.571	0.684	-1.0	1.0	0.0	-1.0	-1.0	-1.0	-1.0	-1.0	0.3	0.25	-1.0	0.0	0.0	0.0	-1.0	0.571	-1.0	0.0	0.0	-1.0	0.0	0.0	0.0	0.205	0.6	0.0	-1.0	-1.0	-1.0	-1.0	-1.0	0.207	0.0	-1.0	-1.0	0.0	0.545	-1.0	-1.0	0.0	0.0	-1.0	-1.0	0.35	0.458	-1.0	-1.0	-1.0	-1.0	1.0	0.682	0.0	0.0	0.414	0.842	0.36	-1.0	-1.0	0.543	0.654	-1.0	-1.0	0.0	0.058	-1.0	-1.0	-1.0	0.0	-1.0
gnl|Prokka|GCF_001314995.1_1|2131498|T	-1.0	-1.0	0.0	-1.0	0.25	-1.0	-1.0	0.75	-1.0	0.0	-1.0	-1.0	0.625	-1.0	-1.0	-1.0	1.0	-1.0	-1.0	0.688	1.0	1.0	-1.0	-1.0	-1.0	-1.0	0.414	-1.0	-1.0	-1.0	-1.0	0.312	-1.0	1.0	0.632	0.0	0.684	0.512	1.0	0.933	0.0	-1.0	0.444	1.0	-1.0	-1.0	0.333	0.0	1.0	-1.0	0.0	-1.0	0.692	-1.0	0.0	0.0	0.436	0.727	-1.0	0.0	1.0	1.0	1.0	-1.0	1.0	-1.0	-1.0	0.2	-1.0	-1.0	0.207	-1.0	-1.0	0.0	-1.0	-1.0	-1.0	-1.0	0.0	-1.0	-1.0	1.0	0.433	-1.0	0.462	1.0	0.687	-1.0	0.0	-1.0	-1.0	0.171	-1.0	-1.0	0.0	-1.0	1.0	-1.0	-1.0	-1.0	-1.0	-1.0	-1.0	0.0	0.366	-1.0	1.0	0.944	0.0	1.0	0.719	-1.0	1.0	0.0	-1.0	0.774	0.0	1.0	1.0	-1.0	0.0	0.741	1.0	0.85	-1.0	0.0	0.69	-1.0	-1.0	-1.0	-1.0	-1.0	0.0	0.0	-1.0	0.562	0.556	0.4	-1.0	0.25	-1.0	0.706	1.0	-1.0	0.0	0.571	0.885	0.911	0.0	1.0	-1.0	-1.0	-1.0	-1.0	-1.0	1.0	0.0	-1.0	-1.0	1.0	1.0	-1.0	-1.0	-1.0	0.636	0.0	-1.0	0.0	0.0	-1.0	-1.0	-1.0	-1.0	1.0	0.0	1.0	0.0	0.0	0.0	1.0	-1.0	-1.0	0.0	0.716	-1.0	-1.0	1.0	0.969	-1.0	-1.0	-1.0	0.0	-1.0
gnl|Prokka|GCF_001314995.1_1|2147854|C	-1.0	-1.0	0.459	-1.0	0.0	-1.0	-1.0	0.0	-1.0	0.0	-1.0	-1.0	0.0	-1.0	-1.0	-1.0	1.0	-1.0	-1.0	0.0	0.0	1.0	-1.0	-1.0	-1.0	-1.0	0.0	-1.0	-1.0	-1.0	-1.0	0.0	1.0	1.0	0.456	-1.0	0.579	1.0	0.75	0.734	0.9	-1.0	-1.0	-1.0	-1.0	-1.0	0.32	0.0	0.972	-1.0	0.222	-1.0	0.0	-1.0	0.821	0.0	0.311	1.0	-1.0	0.0	0.222	0.0	1.0	-1.0	0.0	-1.0	-1.0	0.0	-1.0	0.0	1.0	-1.0	0.6	0.711	-1.0	-1.0	-1.0	0.0	0.0	0.333	0.0	1.0	1.0	-1.0	0.0	1.0	0.949	-1.0	0.241	-1.0	-1.0	0.25	-1.0	-1.0	1.0	-1.0	0.167	-1.0	-1.0	-1.0	1.0	-1.0	-1.0	0.47	0.797	0.714	0.0	0.0	1.0	0.231	0.0	-1.0	0.286	0.2	-1.0	0.6	1.0	-1.0	1.0	-1.0	0.0	1.0	0.7	0.585	-1.0	1.0	0.233	-1.0	-1.0	-1.0	-1.0	-1.0	1.0	0.857	-1.0	-1.0	0.0	0.803	-1.0	0.0	-1.0	0.0	0.0	-1.0	-1.0	0.0	0.0	0.0	0.864	0.0	-1.0	-1.0	-1.0	-1.0	-1.0	0.0	0.0	-1.0	-1.0	0.0	-1.0	-1.0	-1.0	0.0	0.0	0.0	-1.0	1.0	0.306	-1.0	-1.0	-1.0	-1.0	1.0	1.0	0.367	0.0	0.569	0.42	0.652	-1.0	-1.0	0.322	0.503	-1.0	-1.0	0.0	0.019	-1.0	-1.0	-1.0	1.0	-1.0
gnl|Prokka|GCF_001314995.1_1|2151575|G	-1.0	-1.0	0.69	-1.0	0.727	-1.0	-1.0	0.0	-1.0	0.65	-1.0	-1.0	0.308	-1.0	-1.0	-1.0	0.0	-1.0	-1.0	0.211	0.0	1.0	-1.0	-1.0	-1.0	-1.0	0.0	-1.0	-1.0	-1.0	-1.0	0.904	-1.0	1.0	0.75	1.0	1.0	0.437	1.0	1.0	1.0	-1.0	0.0	0.0	-1.0	-1.0	0.524	0.359	0.983	-1.0	0.115	-1.0	0.571	-1.0	0.085	0.75	0.222	1.0	-1.0	0.444	0.28	0.0	0.0	-1.0	0.0	-1.0	-1.0	1.0	-1.0	-1.0	0.0	-1.0	0.0	0.686	-1.0	-1.0	-1.0	-1.0	0.15	-1.0	-1.0	0.0	1.0	-1.0	0.316	1.0	1.0	-1.0	1.0	-1.0	-1.0	0.325	-1.0	-1.0	1.0	-1.0	0.0	-1.0	-1.0	-1.0	-1.0	-1.0	-1.0	1.0	0.692	1.0	1.0	0.158	1.0	0.0	1.0	-1.0	0.367	0.267	-1.0	0.55	0.961	0.0	0.116	-1.0	0.0	1.0	1.0	0.585	-1.0	1.0	0.222	-1.0	-1.0	-1.0	-1.0	-1.0	0.0	0.0	-1.0	0.231	0.93	0.875	-1.0	0.462	-1.0	0.64	0.412	-1.0	0.75	0.0	0.42	0.0	0.864	0.0	-1.0	-1.0	-1.0	-1.0	-1.0	0.0	0.0	-1.0	-1.0	0.108	1.0	-1.0	-1.0	0.429	1.0	0.545	-1.0	0.0	0.244	-1.0	-1.0	-1.0	-1.0	1.0	0.625	0.0	0.667	0.0	0.0	0.0	-1.0	-1.0	0.0	1.0	-1.0	-1.0	0.0	0.0	-1.0	-1.0	-1.0	0.0	-1.0
gnl|Prokka|GCF_001314995.1_1|2159797|A	-1.0	-1.0	0.618	-1.0	0.0	-1.0	-1.0	0.625	-1.0	0.0	-1.0	-1.0	0.0	-1.0	-1.0	-1.0	0.0	-1.0	-1.0	0.0	0.0	1.0	-1.0	-1.0	-1.0	-1.0	0.0	-1.0	-1.0	-1.0	-1.0	0.0	-1.0	1.0	1.0	1.0	0.7	1.0	1.0	1.0	0.892	-1.0	0.0	-1.0	-1.0	-1.0	0.19	0.487	0.974	-1.0	0.0	-1.0	0.0	-1.0	0.123	0.778	1.0	0.308	-1.0	0.553	0.292	0.0	0.0	-1.0	0.0	-1.0	-1.0	1.0	-1.0	-1.0	1.0	-1.0	0.0	0.611	-1.0	-1.0	-1.0	-1.0	1.0	1.0	0.0	1.0	0.736	-1.0	1.0	1.0	0.395	-1.0	0.55	-1.0	-1.0	0.565	-1.0	-1.0	0.0	-1.0	0.0	-1.0	-1.0	-1.0	0.75	-1.0	-1.0	1.0	0.0	0.583	0.0	0.236	0.0	1.0	0.0	-1.0	0.474	1.0	-1.0	1.0	0.104	-1.0	0.95	-1.0	0.667	1.0	1.0	1.0	-1.0	1.0	-1.0	-1.0	-1.0	-1.0	-1.0	-1.0	-1.0	0.115	-1.0	0.0	1.0	1.0	-1.0	0.0	-1.0	0.0	0.0	-1.0	0.765	0.571	0.0	0.172	0.0	0.333	-1.0	-1.0	-1.0	-1.0	-1.0	0.471	0.0	1.0	-1.0	0.0	-1.0	-1.0	-1.0	0.0	0.588	1.0	-1.0	1.0	0.333	-1.0	-1.0	-1.0	-1.0	1.0	0.737	0.351	0.583	0.0	0.325	0.143	-1.0	-1.0	0.513	0.515	-1.0	-1.0	0.0	0.039	-1.0	-1.0	-1.0	0.789	-1.0
gnl|Prokka|GCF_001314995.1_1|2211775|C	-1.0	-1.0	0.41	-1.0	0.0	-1.0	-1.0	0.375	-1.0	0.0	-1.0	-1.0	0.0	-1.0	-1.0	-1.0	0.0	-1.0	-1.0	1.0	1.0	1.0	-1.0	-1.0	-1.0	-1.0	1.0	-1.0	-1.0	-1.0	-1.0	0.12	0.0	0.0	0.39	0.154	0.0	0.0	0.0	0.733	0.258	-1.0	0.0	1.0	-1.0	-1.0	0.35	0.0	1.0	-1.0	0.857	-1.0	0.625	-1.0	0.053	0.111	0.816	0.0	-1.0	0.0	1.0	0.0	0.0	-1.0	1.0	-1.0	-1.0	0.0	-1.0	1.0	0.0	-1.0	0.0	0.4	-1.0	-1.0	-1.0	-1.0	0.878	0.375	0.3	1.0	0.304	-1.0	0.0	0.0	0.335	-1.0	0.214	-1.0	-1.0	0.684	-1.0	-1.0	0.818	-1.0	0.0	-1.0	-1.0	-1.0	0.0	-1.0	-1.0	0.0	0.274	-1.0	1.0	0.883	0.935	0.25	0.354	-1.0	0.52	0.857	-1.0	0.0	0.917	1.0	0.868	-1.0	1.0	0.065	0.333	0.0	-1.0	1.0	1.0	-1.0	-1.0	-1.0	-1.0	-1.0	0.0	0.0	-1.0	0.0	0.088	0.182	-1.0	0.333	-1.0	0.288	-1.0	-1.0	0.0	0.606	0.73	1.0	0.308	1.0	-1.0	-1.0	-1.0	-1.0	-1.0	1.0	-1.0	-1.0	-1.0	1.0	1.0	-1.0	-1.0	0.0	-1.0	0.0	-1.0	0.267	0.516	-1.0	-1.0	-1.0	-1.0	0.767	0.31	0.579	0.0	0.393	0.145	0.25	-1.0	-1.0	0.176	0.531	-1.0	-1.0	1.0	1.0	-1.0	-1.0	-1.0	0.0	-1.0
gnl|Prokka|GCF_001314995.1_1|2330595|C	-1.0	-1.0	1.0	-1.0	-1.0	-1.0	-1.0	0.0	-1.0	0.0	-1.0	-1.0	0.0	-1.0	-1.0	-1.0	1.0	-1.0	-1.0	0.6	0.0	1.0	-1.0	-1.0	-1.0	1.0	0.0	-1.0	-1.0	-1.0	-1.0	0.754	-1.0	0.0	1.0	-1.0	0.0	0.424	0.0	1.0	1.0	-1.0	0.364	0.0	-1.0	-1.0	0.375	0.311	1.0	-1.0	1.0	-1.0	0.0	-1.0	1.0	0.76	0.0	0.238	-1.0	1.0	0.111	0.0	0.0	-1.0	0.0	-1.0	-1.0	0.846	-1.0	-1.0	1.0	-1.0	1.0	1.0	-1.0	-1.0	-1.0	-1.0	0.0	0.0	0.0	0.0	0.846	-1.0	0.0	0.0	0.831	-1.0	1.0	-1.0	-1.0	0.125	-1.0	-1.0	0.0	-1.0	0.0	-1.0	-1.0	-1.0	1.0	-1.0	-1.0	1.0	0.0	0.0	0.0	0.085	0.919	1.0	0.6	-1.0	0.267	0.0	-1.0	0.143	1.0	-1.0	0.07	-1.0	0.0	0.175	0.0	0.235	-1.0	1.0	0.0	-1.0	-1.0	-1.0	-1.0	-1.0	-1.0	0.0	-1.0	0.385	0.561	1.0	-1.0	0.0	-1.0	0.575	0.0	-1.0	1.0	0.357	0.26	0.0	0.308	0.368	-1.0	-1.0	-1.0	-1.0	-1.0	0.0	0.0	-1.0	-1.0	0.0	0.571	-1.0	-1.0	0.0	0.25	-1.0	-1.0	0.636	0.389	-1.0	-1.0	-1.0	-1.0	0.0	1.0	0.208	0.0	0.309	0.214	0.0	-1.0	-1.0	0.312	1.0	-1.0	-1.0	0.0	0.0	-1.0	-1.0	-1.0	0.556	-1.0
gnl|Prokka|GCF_001314995.1_1|2330643|T	-1.0	-1.0	1.0	-1.0	0.0	-1.0	-1.0	0.545	-1.0	0.0	-1.0	-1.0	0.0	-1.0	-1.0	-1.0	1.0	-1.0	-1.0	0.579	0.0	1.0	-1.0	-1.0	-1.0	1.0	0.0	-1.0	-1.0	-1.0	-1.0	0.916	-1.0	0.0	1.0	0.615	0.0	0.581	0.0	1.0	1.0	-1.0	0.4	0.0	-1.0	-1.0	0.667	0.352	1.0	-1.0	0.81	-1.0	0.0	-1.0	0.914	0.812	0.132	0.381	-1.0	0.174	0.258	0.375	0.0	-1.0	0.0	-1.0	-1.0	0.833	-1.0	-1.0	1.0	-1.0	1.0	1.0	-1.0	-1.0	-1.0	0.0	0.0	0.333	0.4	0.0	0.837	-1.0	0.0	0.0	0.885	-1.0	1.0	-1.0	-1.0	0.275	-1.0	-1.0	0.0	-1.0	0.0	-1.0	-1.0	-1.0	1.0	-1.0	-1.0	0.298	0.0	0.0	0.0	0.092	0.942	1.0	0.542	-1.0	0.682	0.0	-1.0	0.312	1.0	0.0	0.111	-1.0	-1.0	0.263	0.0	0.271	-1.0	1.0	0.0	-1.0	-1.0	-1.0	-1.0	-1.0	-1.0	0.0	-1.0	0.611	0.736	0.091	-1.0	0.0	-1.0	0.667	-1.0	-1.0	1.0	0.615	0.333	0.0	0.4	0.368	-1.0	-1.0	-1.0	-1.0	-1.0	0.0	0.0	-1.0	-1.0	0.0	-1.0	-1.0	-1.0	0.0	-1.0	1.0	-1.0	0.649	-1.0	-1.0	-1.0	-1.0	-1.0	0.0	1.0	0.371	0.0	0.317	0.413	0.0	-1.0	-1.0	0.442	1.0	-1.0	-1.0	0.0	0.0	-1.0	-1.0	-1.0	0.824	-1.0
gnl|Prokka|GCF_001314995.1_1|2331167|T	-1.0	-1.0	0.303	-1.0	0.0	-1.0	-1.0	0.375	-1.0	0.0	-1.0	-1.0	0.308	-1.0	-1.0	-1.0	1.0	-1.0	-1.0	0.0	0.0	0.0	-1.0	-1.0	-1.0	-1.0	0.0	-1.0	-1.0	-1.0	-1.0	0.679	-1.0	0.0	0.381	0.727	0.0	0.488	0.0	0.178	0.333	-1.0	-1.0	0.0	-1.0	-1.0	0.545	0.247	0.0	-1.0	0.091	-1.0	0.0	-1.0	1.0	1.0	0.094	0.667	-1.0	1.0	0.0	0.214	0.0	-1.0	0.0	-1.0	-1.0	0.583	-1.0	0.0	1.0	-1.0	1.0	0.615	-1.0	-1.0	-1.0	-1.0	0.0	0.6	-1.0	0.0	0.684	-1.0	0.0	0.0	0.442	-1.0	-1.0	-1.0	-1.0	0.233	-1.0	-1.0	0.0	-1.0	0.125	-1.0	-1.0	-1.0	1.0	-1.0	-1.0	0.84	0.514	0.0	0.0	0.076	0.0	0.6	0.478	-1.0	0.24	0.0	-1.0	0.0	0.0	0.0	0.042	-1.0	0.0	0.254	0.0	0.213	-1.0	1.0	0.0	-1.0	-1.0	-1.0	-1.0	-1.0	-1.0	0.0	-1.0	0.706	0.909	1.0	-1.0	0.0	-1.0	0.417	-1.0	-1.0	1.0	0.273	0.135	0.0	0.0	0.4	-1.0	-1.0	-1.0	-1.0	-1.0	0.0	0.0	0.0	-1.0	0.0	0.0	-1.0	-1.0	0.0	0.385	-1.0	-1.0	0.647	0.075	-1.0	-1.0	-1.0	-1.0	0.0	0.455	0.125	0.769	0.203	0.188	0.0	-1.0	-1.0	0.625	0.386	-1.0	-1.0	0.0	0.0	-1.0	-1.0	-1.0	0.7	-1.0
gnl|Prokka|GCF_001314995.1_1|2472918|C	-1.0	-1.0	0.628	-1.0	0.0	-1.0	-1.0	0.636	-1.0	0.0	-1.0	-1.0	0.0	-1.0	-1.0	-1.0	0.385	-1.0	-1.0	1.0	1.0	1.0	-1.0	-1.0	-1.0	-1.0	0.325	-1.0	-1.0	-1.0	-1.0	0.051	-1.0	-1.0	0.333	0.0	0.0	0.0	0.0	0.837	0.081	-1.0	1.0	0.762	-1.0	-1.0	0.0	0.0	1.0	-1.0	0.759	-1.0	0.364	-1.0	0.038	0.242	0.837	0.692	-1.0	0.0	0.75	0.385	0.0	-1.0	0.0	-1.0	-1.0	0.139	-1.0	1.0	0.056	-1.0	0.0	0.0	-1.0	-1.0	-1.0	0.4	0.882	0.0	-1.0	0.0	0.111	-1.0	0.0	0.0	0.486	-1.0	0.0	-1.0	-1.0	0.704	-1.0	-1.0	1.0	-1.0	1.0	-1.0	-1.0	-1.0	-1.0	-1.0	-1.0	0.036	0.237	0.0	1.0	0.896	0.0	0.0	0.326	-1.0	0.39	1.0	-1.0	0.0	0.0	1.0	0.82	-1.0	0.769	0.06	-1.0	0.0	-1.0	0.0	0.714	-1.0	-1.0	-1.0	-1.0	-1.0	0.214	0.87	-1.0	0.615	0.194	0.176	-1.0	0.0	-1.0	0.0	0.556	-1.0	0.0	0.0	0.863	1.0	0.375	0.741	-1.0	-1.0	-1.0	-1.0	-1.0	0.886	1.0	0.333	-1.0	0.0	1.0	-1.0	-1.0	0.0	0.158	0.0	-1.0	0.147	1.0	-1.0	-1.0	-1.0	-1.0	0.735	0.0	0.545	0.0	0.45	0.868	0.227	-1.0	-1.0	0.0	0.373	-1.0	-1.0	1.0	1.0	-1.0	-1.0	-1.0	0.0	-1.0
gnl|Prokka|GCF_001314995.1_1|2502649|G	-1.0	-1.0	0.0	-1.0	0.0	-1.0	-1.0	0.583	-1.0	0.0	-1.0	-1.0	-1.0	-1.0	-1.0	-1.0	1.0	-1.0	-1.0	0.0	1.0	1.0	-1.0	-1.0	-1.0	1.0	0.094	-1.0	-1.0	-1.0	-1.0	0.085	1.0	1.0	0.393	0.0	0.0	0.0	0.0	0.804	1.0	-1.0	0.0	-1.0	-1.0	-1.0	0.308	0.0	1.0	-1.0	0.0	-1.0	0.0	-1.0	0.851	0.0	0.0	0.0	-1.0	0.475	0.864	0.0	1.0	-1.0	0.089	-1.0	-1.0	0.0	-1.0	-1.0	0.13	-1.0	0.0	0.483	-1.0	-1.0	-1.0	0.0	0.909	-1.0	0.0	0.0	0.226	-1.0	0.414	0.859	0.472	-1.0	0.0	-1.0	-1.0	0.667	-1.0	-1.0	0.0	-1.0	0.0	-1.0	-1.0	-1.0	0.0	-1.0	-1.0	0.055	0.0	0.615	1.0	0.941	1.0	0.583	0.2	-1.0	0.676	0.75	-1.0	0.692	1.0	-1.0	0.865	-1.0	0.75	0.63	0.0	0.591	-1.0	0.0	0.857	-1.0	-1.0	-1.0	-1.0	-1.0	0.0	0.667	-1.0	0.0	0.095	0.0	-1.0	-1.0	-1.0	0.049	1.0	-1.0	0.0	0.0	0.619	1.0	0.636	0.294	-1.0	-1.0	-1.0	-1.0	-1.0	1.0	1.0	0.333	-1.0	0.0	0.571	-1.0	-1.0	-1.0	0.385	0.529	-1.0	0.158	0.0	-1.0	-1.0	-1.0	-1.0	0.739	0.367	0.818	0.0	0.407	0.75	0.429	-1.0	-1.0	0.895	0.524	-1.0	-1.0	1.0	1.0	-1.0	-1.0	-1.0	0.0	-1.0
gnl|Prokka|GCF_001314995.1_1|2541189|T	-1.0	-1.0	0.4	-1.0	1.0	-1.0	-1.0	0.0	-1.0	-1.0	-1.0	-1.0	0.455	-1.0	-1.0	-1.0	1.0	-1.0	-1.0	1.0	0.0	0.0	-1.0	-1.0	-1.0	-1.0	1.0	-1.0	-1.0	-1.0	-1.0	0.048	-1.0	-1.0	0.0	0.0	1.0	0.483	-1.0	0.0	1.0	-1.0	-1.0	1.0	-1.0	-1.0	0.35	0.474	0.0	-1.0	0.719	-1.0	1.0	-1.0	0.904	0.0	0.4	0.409	-1.0	0.567	0.0	0.0	0.971	-1.0	0.0	-1.0	-1.0	0.25	-1.0	0.375	0.0	-1.0	0.182	0.425	-1.0	-1.0	-1.0	-1.0	1.0	0.0	-1.0	0.429	0.0	-1.0	1.0	0.117	0.065	-1.0	0.0	-1.0	-1.0	0.793	-1.0	-1.0	0.15	-1.0	0.0	-1.0	-1.0	-1.0	0.0	-1.0	-1.0	0.0	0.107	1.0	0.0	0.0	1.0	0.0	0.411	-1.0	0.167	1.0	-1.0	0.1	0.964	1.0	0.0	-1.0	1.0	0.055	1.0	0.0	-1.0	0.0	0.0	-1.0	-1.0	-1.0	-1.0	-1.0	0.0	0.774	-1.0	0.185	0.152	0.0	-1.0	1.0	-1.0	0.0	0.0	-1.0	0.0	0.0	0.058	0.135	0.0	0.0	-1.0	-1.0	-1.0	-1.0	-1.0	0.0	-1.0	-1.0	-1.0	0.0	0.455	-1.0	-1.0	0.0	0.0	0.0	-1.0	0.25	0.776	-1.0	-1.0	-1.0	-1.0	0.65	0.357	0.0	0.0	1.0	0.424	1.0	-1.0	-1.0	0.277	0.066	-1.0	-1.0	0.0	0.133	-1.0	-1.0	-1.0	0.0	-1.0
gnl|Prokka|GCF_001314995.1_1|2574995|G	-1.0	-1.0	0.4	-1.0	0.0	-1.0	-1.0	0.375	-1.0	0.0	-1.0	-1.0	0.6	-1.0	-1.0	-1.0	0.273	-1.0	-1.0	1.0	0.0	1.0	-1.0	-1.0	-1.0	-1.0	1.0	-1.0	-1.0	-1.0	-1.0	0.903	-1.0	1.0	1.0	0.733	0.714	1.0	0.0	0.536	0.188	-1.0	-1.0	-1.0	-1.0	-1.0	0.824	0.0	1.0	-1.0	0.81	-1.0	0.0	-1.0	0.0	0.833	0.656	0.0	-1.0	0.292	0.6	0.0	1.0	-1.0	0.0	-1.0	-1.0	0.722	-1.0	-1.0	1.0	-1.0	1.0	0.679	-1.0	-1.0	-1.0	0.0	1.0	0.0	0.0	0.0	0.787	-1.0	1.0	1.0	0.243	-1.0	1.0	-1.0	-1.0	1.0	-1.0	-1.0	0.0	-1.0	0.0	-1.0	-1.0	-1.0	1.0	-1.0	-1.0	0.299	0.774	1.0	0.0	0.186	1.0	1.0	0.0	-1.0	0.688	1.0	-1.0	0.632	1.0	-1.0	0.082	-1.0	-1.0	1.0	-1.0	0.516	-1.0	1.0	0.217	-1.0	-1.0	-1.0	-1.0	-1.0	0.0	0.0	-1.0	0.688	0.0	0.0	-1.0	0.0	-1.0	0.761	0.455	-1.0	0.052	0.429	0.373	0.0	1.0	0.308	-1.0	-1.0	-1.0	-1.0	-1.0	0.409	0.7	-1.0	-1.0	0.0	-1.0	-1.0	-1.0	0.0	0.222	0.0	-1.0	1.0	0.789	-1.0	-1.0	-1.0	-1.0	0.0	0.28	0.192	0.0	0.336	0.125	0.176	-1.0	-1.0	1.0	0.298	-1.0	-1.0	0.0	0.0	-1.0	-1.0	-1.0	0.0	-1.0
gnl|Prokka|GCF_001314995.1_1|2574998|A	-1.0	-1.0	0.395	-1.0	0.0	-1.0	-1.0	0.444	-1.0	0.0	-1.0	-1.0	0.6	-1.0	-1.0	-1.0	0.273	-1.0	-1.0	1.0	0.0	1.0	-1.0	-1.0	-1.0	-1.0	1.0	-1.0	-1.0	-1.0	-1.0	0.909	-1.0	1.0	1.0	0.75	0.682	1.0	0.0	0.544	0.2	-1.0	-1.0	-1.0	-1.0	-1.0	0.833	0.0	1.0	-1.0	0.789	-1.0	0.0	-1.0	0.0	0.833	0.647	0.0	-1.0	0.306	0.583	0.0	1.0	-1.0	0.0	-1.0	-1.0	0.717	-1.0	-1.0	1.0	-1.0	1.0	0.679	-1.0	-1.0	-1.0	0.0	1.0	0.0	0.0	0.0	0.783	-1.0	1.0	1.0	0.237	-1.0	1.0	-1.0	-1.0	1.0	-1.0	-1.0	0.0	-1.0	0.0	-1.0	-1.0	-1.0	1.0	-1.0	-1.0	0.319	0.784	0.667	0.0	0.187	1.0	1.0	0.0	-1.0	0.697	1.0	-1.0	0.614	1.0	-1.0	0.072	-1.0	-1.0	1.0	-1.0	0.533	-1.0	1.0	0.2	-1.0	-1.0	-1.0	-1.0	-1.0	0.0	0.0	-1.0	0.733	0.0	0.0	-1.0	0.0	-1.0	0.75	0.455	-1.0	0.073	0.409	0.37	0.0	1.0	0.333	-1.0	-1.0	-1.0	-1.0	-1.0	0.391	0.636	-1.0	-1.0	0.0	-1.0	-1.0	-1.0	0.0	0.263	0.0	-1.0	1.0	0.78	-1.0	-1.0	-1.0	-1.0	0.0	0.292	0.2	0.0	0.342	0.128	0.188	-1.0	-1.0	1.0	0.305	-1.0	-1.0	0.0	0.0	-1.0	-1.0	-1.0	0.0	-1.0
gnl|Prokka|GCF_001314995.1_1|2579529|T	-1.0	-1.0	0.088	-1.0	0.842	-1.0	-1.0	0.176	-1.0	0.778	-1.0	-1.0	-1.0	-1.0	-1.0	-1.0	1.0	-1.0	-1.0	0.0	0.0	1.0	-1.0	-1.0	-1.0	0.538	1.0	-1.0	-1.0	-1.0	-1.0	0.0	0.0	1.0	0.238	1.0	0.471	0.507	0.0	0.629	0.161	-1.0	-1.0	-1.0	-1.0	-1.0	0.731	0.462	1.0	-1.0	0.16	-1.0	0.545	-1.0	0.915	0.9	0.321	0.4	-1.0	0.556	0.0	0.0	0.0	-1.0	0.0	-1.0	-1.0	0.0	-1.0	0.0	0.0	-1.0	1.0	0.6	-1.0	-1.0	-1.0	0.6	0.0	0.0	-1.0	0.0	0.803	-1.0	0.524	0.809	0.417	-1.0	0.0	-1.0	-1.0	0.237	-1.0	-1.0	0.0	-1.0	0.0	-1.0	-1.0	-1.0	0.188	-1.0	-1.0	0.446	0.78	0.3	0.0	0.0	1.0	0.643	0.944	-1.0	0.72	0.0	-1.0	0.632	0.926	-1.0	0.0	-1.0	0.0	1.0	-1.0	0.675	-1.0	0.0	0.0	-1.0	-1.0	-1.0	-1.0	-1.0	0.0	0.0	-1.0	1.0	0.0	0.0	-1.0	1.0	-1.0	0.671	0.0	-1.0	0.106	0.0	0.311	0.15	1.0	0.273	-1.0	-1.0	-1.0	-1.0	-1.0	0.0	-1.0	0.0	-1.0	0.0	-1.0	-1.0	-1.0	0.0	-1.0	0.0	-1.0	0.862	0.293	-1.0	-1.0	-1.0	-1.0	0.231	0.548	0.0	0.0	0.535	0.239	0.64	-1.0	-1.0	0.0	0.599	-1.0	-1.0	0.0	0.0	-1.0	-1.0	-1.0	1.0	-1.0
gnl|Prokka|GCF_001314995.1_1|2585468|G	-1.0	-1.0	0.463	-1.0	1.0	-1.0	-1.0	0.0	-1.0	0.667	-1.0	-1.0	0.0	-1.0	-1.0	-1.0	1.0	-1.0	-1.0	1.0	1.0	1.0	-1.0	-1.0	-1.0	1.0	0.0	-1.0	-1.0	-1.0	-1.0	0.089	1.0	0.0	0.269	0.0	0.545	0.0	0.0	0.75	1.0	-1.0	-1.0	-1.0	-1.0	-1.0	0.0	0.515	1.0	-1.0	1.0	-1.0	0.625	-1.0	0.903	0.0	0.308	1.0	-1.0	0.514	0.609	-1.0	0.0	-1.0	1.0	-1.0	-1.0	0.172	-1.0	0.0	0.0	-1.0	0.0	0.409	-1.0	-1.0	-1.0	0.3	0.0	0.0	0.0	1.0	0.163	-1.0	0.0	0.0	0.986	-1.0	0.0	-1.0	-1.0	0.0	-1.0	-1.0	0.84	-1.0	0.875	-1.0	-1.0	-1.0	0.0	-1.0	-1.0	0.0	1.0	0.444	1.0	0.783	1.0	0.0	0.0	-1.0	0.571	0.4	-1.0	0.1	1.0	-1.0	0.0	-1.0	-1.0	0.0	0.0	0.0	-1.0	0.0	0.852	-1.0	-1.0	-1.0	-1.0	-1.0	0.0	0.0	-1.0	0.395	0.0	0.0	-1.0	0.0	-1.0	0.339	-1.0	-1.0	0.0	0.458	0.698	1.0	-1.0	0.424	-1.0	-1.0	-1.0	-1.0	-1.0	0.471	0.333	0.0	-1.0	1.0	-1.0	-1.0	-1.0	0.429	0.0	0.0	-1.0	0.0	0.857	-1.0	-1.0	-1.0	-1.0	0.0	0.429	0.667	0.0	0.528	0.247	1.0	-1.0	-1.0	0.435	0.464	-1.0	-1.0	1.0	0.963	-1.0	-1.0	-1.0	0.0	-1.0
gnl|Prokka|GCF_001314995.1_1|2585867|C	-1.0	-1.0	0.471	-1.0	1.0	-1.0	-1.0	0.0	-1.0	1.0	-1.0	-1.0	0.0	-1.0	-1.0	-1.0	1.0	-1.0	-1.0	-1.0	0.0	1.0	-1.0	-1.0	-1.0	0.545	0.0	-1.0	-1.0	-1.0	-1.0	0.882	0.0	1.0	0.936	0.7	1.0	1.0	0.375	0.652	0.257	-1.0	-1.0	-1.0	-1.0	-1.0	0.64	1.0	0.976	-1.0	1.0	-1.0	1.0	-1.0	0.861	0.767	1.0	0.171	-1.0	1.0	0.0	0.0	0.966	-1.0	0.0	-1.0	-1.0	0.705	-1.0	0.0	0.933	-1.0	0.467	0.517	-1.0	-1.0	-1.0	0.0	0.0	0.333	0.333	0.2	0.812	-1.0	0.0	1.0	0.463	-1.0	1.0	-1.0	-1.0	0.0	-1.0	-1.0	0.0	-1.0	0.0	-1.0	-1.0	-1.0	1.0	-1.0	-1.0	1.0	0.836	1.0	0.0	0.106	1.0	0.6	1.0	-1.0	0.882	0.0	-1.0	0.636	1.0	-1.0	0.113	-1.0	0.0	1.0	1.0	0.93	-1.0	0.0	0.348	-1.0	-1.0	-1.0	-1.0	-1.0	-1.0	0.0	-1.0	0.452	0.0	0.891	-1.0	0.444	-1.0	0.661	0.6	-1.0	0.106	0.0	0.255	0.0	1.0	0.0	-1.0	-1.0	-1.0	-1.0	-1.0	0.31	-1.0	0.636	-1.0	0.0	0.429	-1.0	-1.0	0.357	0.0	0.0	-1.0	0.76	0.852	-1.0	-1.0	-1.0	-1.0	0.0	1.0	0.361	0.0	1.0	0.835	1.0	-1.0	-1.0	0.255	0.394	-1.0	-1.0	0.0	0.0	-1.0	-1.0	-1.0	1.0	-1.0
gnl|Prokka|GCF_001314995.1_1|2591513|G	-1.0	-1.0	0.367	-1.0	0.0	-1.0	-1.0	-1.0	-1.0	0.0	-1.0	-1.0	0.0	-1.0	-1.0	-1.0	1.0	-1.0	-1.0	1.0	1.0	1.0	-1.0	-1.0	-1.0	1.0	0.0	-1.0	-1.0	-1.0	-1.0	0.09	-1.0	1.0	0.905	0.0	0.0	0.653	0.667	0.649	0.234	-1.0	1.0	0.0	-1.0	-1.0	0.542	0.0	1.0	-1.0	1.0	-1.0	0.0	-1.0	0.825	0.107	0.448	0.75	-1.0	0.441	0.87	0.667	0.0	-1.0	1.0	-1.0	-1.0	0.0	-1.0	-1.0	0.061	-1.0	0.3	0.4	-1.0	-1.0	-1.0	1.0	0.125	0.429	0.0	1.0	0.286	-1.0	0.25	0.795	0.95	-1.0	0.222	-1.0	-1.0	0.0	-1.0	-1.0	1.0	-1.0	0.824	-1.0	-1.0	-1.0	0.0	-1.0	-1.0	0.0	1.0	0.0	1.0	0.887	1.0	0.333	0.0	-1.0	0.667	1.0	-1.0	0.61	1.0	-1.0	0.853	-1.0	1.0	1.0	0.0	0.469	-1.0	1.0	0.538	-1.0	-1.0	-1.0	-1.0	-1.0	-1.0	1.0	-1.0	0.0	0.0	0.159	-1.0	0.0	-1.0	0.299	0.615	-1.0	0.0	0.429	0.758	1.0	0.0	0.72	-1.0	-1.0	-1.0	-1.0	-1.0	0.667	1.0	0.0	-1.0	0.917	1.0	-1.0	-1.0	0.6	0.0	0.0	-1.0	0.778	0.516	-1.0	-1.0	-1.0	-1.0	0.579	0.333	0.4	0.0	0.403	0.643	0.286	-1.0	-1.0	0.235	0.486	-1.0	-1.0	1.0	0.921	-1.0	-1.0	-1.0	0.0	-1.0
gnl|Prokka|GCF_001314995.1_1|2593978|A	-1.0	-1.0	0.0	-1.0	0.286	-1.0	-1.0	0.667	-1.0	0.0	-1.0	-1.0	1.0	-1.0	-1.0	-1.0	1.0	-1.0	-1.0	0.0	0.0	1.0	-1.0	-1.0	-1.0	-1.0	1.0	-1.0	-1.0	-1.0	-1.0	0.0	-1.0	1.0	0.108	0.0	0.429	0.464	1.0	0.688	0.903	-1.0	0.444	-1.0	-1.0	-1.0	0.192	0.306	0.975	-1.0	0.138	-1.0	0.0	-1.0	0.841	1.0	0.514	0.706	-1.0	1.0	0.0	-1.0	1.0	-1.0	0.0	-1.0	-1.0	0.833	-1.0	-1.0	0.0	-1.0	0.87	0.568	-1.0	-1.0	-1.0	0.0	0.055	0.273	0.0	0.0	0.0	-1.0	0.818	1.0	0.976	-1.0	0.273	-1.0	-1.0	0.225	-1.0	-1.0	1.0	-1.0	0.0	-1.0	-1.0	-1.0	1.0	-1.0	-1.0	0.846	0.775	0.4	0.0	0.13	1.0	0.727	1.0	-1.0	1.0	0.0	-1.0	1.0	1.0	-1.0	0.068	-1.0	0.0	0.643	1.0	1.0	-1.0	1.0	0.0	-1.0	-1.0	-1.0	-1.0	-1.0	-1.0	0.719	-1.0	0.0	0.0	0.791	-1.0	0.188	-1.0	0.767	0.0	-1.0	0.833	0.0	0.136	0.163	1.0	0.0	-1.0	-1.0	-1.0	-1.0	-1.0	0.25	0.556	-1.0	-1.0	0.0	-1.0	-1.0	-1.0	0.0	0.333	1.0	-1.0	0.0	0.0	-1.0	-1.0	-1.0	-1.0	1.0	1.0	0.0	0.0	0.495	0.704	0.0	-1.0	-1.0	0.465	0.598	-1.0	-1.0	0.0	0.0	-1.0	-1.0	-1.0	1.0	-1.0
gnl|Prokka|GCF_001314995.1_1|2595617|G	-1.0	-1.0	0.08	-1.0	0.727	-1.0	-1.0	0.0	-1.0	1.0	-1.0	-1.0	-1.0	-1.0	-1.0	-1.0	-1.0	-1.0	-1.0	0.444	0.0	0.0	-1.0	-1.0	-1.0	1.0	1.0	-1.0	-1.0	-1.0	-1.0	0.0	1.0	0.0	0.339	0.0	0.7	0.31	0.0	0.025	0.875	-1.0	0.0	-1.0	-1.0	-1.0	0.0	0.486	0.0	-1.0	0.077	-1.0	1.0	-1.0	0.659	0.0	0.093	0.286	-1.0	0.419	0.0	0.0	0.0	-1.0	0.0	-1.0	-1.0	0.658	-1.0	-1.0	0.0	-1.0	0.412	0.429	-1.0	-1.0	-1.0	0.0	1.0	0.0	0.0	-1.0	-1.0	-1.0	0.438	0.0	0.058	-1.0	0.304	-1.0	-1.0	1.0	-1.0	-1.0	1.0	-1.0	0.0	-1.0	-1.0	-1.0	0.727	-1.0	-1.0	0.0	0.464	0.25	0.0	0.119	1.0	0.0	1.0	-1.0	0.364	1.0	-1.0	0.25	1.0	-1.0	0.08	-1.0	0.556	0.329	0.0	0.25	-1.0	1.0	0.0	-1.0	-1.0	-1.0	-1.0	-1.0	-1.0	0.8	-1.0	0.4	0.0	0.0	-1.0	0.471	-1.0	0.552	0.0	-1.0	0.0	0.0	0.0	0.0	0.727	0.0	-1.0	-1.0	-1.0	-1.0	-1.0	0.0	0.0	-1.0	-1.0	0.0	0.0	-1.0	-1.0	0.0	0.0	0.0	-1.0	1.0	0.289	-1.0	-1.0	-1.0	-1.0	0.389	1.0	0.0	0.0	1.0	0.139	1.0	-1.0	-1.0	0.091	0.051	-1.0	-1.0	0.0	0.071	-1.0	-1.0	-1.0	0.0	-1.0
gnl|Prokka|GCF_001314995.1_1|2639030|T	-1.0	-1.0	0.29	-1.0	0.0	-1.0	-1.0	0.0	-1.0	0.0	-1.0	-1.0	0.0	-1.0	-1.0	-1.0	1.0	-1.0	-1.0	1.0	0.0	0.0	-1.0	-1.0	-1.0	0.667	1.0	-1.0	-1.0	-1.0	-1.0	0.0	1.0	0.625	1.0	1.0	0.471	1.0	0.0	0.0	1.0	-1.0	-1.0	1.0	-1.0	-1.0	0.25	0.0	0.0	-1.0	0.808	-1.0	1.0	-1.0	0.815	0.0	0.455	0.438	-1.0	0.364	0.0	0.214	1.0	-1.0	0.0	-1.0	-1.0	0.0	-1.0	1.0	-1.0	-1.0	0.0	0.556	-1.0	-1.0	-1.0	1.0	0.879	0.0	0.0	0.455	0.0	-1.0	1.0	1.0	0.0	-1.0	0.0	-1.0	-1.0	0.667	-1.0	-1.0	1.0	-1.0	0.0	-1.0	-1.0	-1.0	-1.0	-1.0	-1.0	0.0	0.24	1.0	0.0	0.0	1.0	0.0	0.3	-1.0	0.743	0.0	-1.0	1.0	1.0	1.0	0.847	-1.0	-1.0	1.0	1.0	0.0	-1.0	0.0	0.0	-1.0	-1.0	-1.0	-1.0	-1.0	-1.0	0.333	-1.0	0.263	0.048	1.0	-1.0	0.0	-1.0	0.0	0.0	-1.0	0.0	0.0	0.0	0.0	-1.0	-1.0	-1.0	-1.0	-1.0	-1.0	-1.0	0.0	1.0	1.0	-1.0	0.0	0.0	-1.0	-1.0	0.0	0.538	0.273	-1.0	0.538	0.878	-1.0	-1.0	-1.0	-1.0	0.793	1.0	0.0	0.0	0.0	0.633	0.25	-1.0	-1.0	0.419	0.078	-1.0	-1.0	0.0	0.171	-1.0	-1.0	-1.0	-1.0	-1.0
gnl|Prokka|GCF_001314995.1_1|2688524|G	-1.0	-1.0	0.767	-1.0	0.0	-1.0	-1.0	0.0	-1.0	0.0	-1.0	-1.0	-1.0	-1.0	-1.0	-1.0	0.25	-1.0	-1.0	0.0	0.0	0.222	-1.0	-1.0	-1.0	0.0	0.0	-1.0	-1.0	-1.0	-1.0	0.864	0.0	1.0	0.0	0.3	0.25	0.672	0.583	0.348	0.0	-1.0	0.6	0.7	-1.0	-1.0	0.85	0.469	0.0	-1.0	0.174	-1.0	0.0	-1.0	0.16	0.889	0.219	1.0	-1.0	0.543	0.0	0.0	0.0	-1.0	0.0	-1.0	-1.0	0.936	-1.0	-1.0	0.941	-1.0	1.0	0.444	-1.0	-1.0	-1.0	0.0	0.103	1.0	0.615	0.0	0.073	-1.0	0.0	0.857	0.628	-1.0	0.806	-1.0	-1.0	0.514	-1.0	-1.0	0.0	-1.0	0.0	-1.0	-1.0	-1.0	0.824	-1.0	-1.0	1.0	0.797	0.286	0.0	0.179	0.0	1.0	0.0	-1.0	0.289	0.13	-1.0	1.0	0.041	0.583	0.136	-1.0	0.636	1.0	-1.0	1.0	-1.0	0.0	0.417	-1.0	-1.0	-1.0	-1.0	-1.0	-1.0	0.227	-1.0	1.0	0.838	-1.0	-1.0	0.167	-1.0	0.0	1.0	-1.0	-1.0	0.636	0.29	0.0	0.769	0.136	-1.0	-1.0	-1.0	-1.0	-1.0	0.0	0.0	-1.0	-1.0	0.125	-1.0	-1.0	-1.0	0.0	-1.0	1.0	-1.0	0.741	0.471	-1.0	-1.0	-1.0	-1.0	0.343	0.6	0.542	-1.0	0.514	0.237	0.0	-1.0	-1.0	0.343	0.531	-1.0	-1.0	0.0	0.0	-1.0	-1.0	-1.0	-1.0	-1.0
gnl|Prokka|GCF_001314995.1_1|2705942|G	-1.0	-1.0	0.0	-1.0	1.0	-1.0	-1.0	0.0	-1.0	0.333	-1.0	-1.0	-1.0	-1.0	-1.0	-1.0	-1.0	-1.0	-1.0	0.385	0.0	0.6	-1.0	-1.0	-1.0	-1.0	1.0	-1.0	-1.0	-1.0	-1.0	0.0	1.0	-1.0	0.175	-1.0	1.0	0.188	-1.0	0.492	0.857	-1.0	0.0	1.0	-1.0	-1.0	0.0	0.439	1.0	-1.0	0.0	-1.0	1.0	-1.0	0.809	0.194	0.407	0.0	-1.0	0.233	0.125	0.0	1.0	-1.0	0.0	-1.0	-1.0	0.76	-1.0	-1.0	0.0	-1.0	0.0	0.25	-1.0	-1.0	-1.0	0.0	0.88	0.0	-1.0	0.0	0.0	-1.0	0.864	0.038	0.295	-1.0	0.316	-1.0	-1.0	0.667	-1.0	-1.0	0.0	-1.0	0.0	-1.0	-1.0	-1.0	0.625	-1.0	-1.0	0.0	0.0	1.0	0.0	0.0	1.0	0.0	0.333	-1.0	0.308	0.556	-1.0	0.0	1.0	0.714	0.849	-1.0	-1.0	0.0	0.429	0.0	-1.0	1.0	0.0	-1.0	-1.0	-1.0	-1.0	-1.0	0.0	0.0	-1.0	0.0	-1.0	0.0	-1.0	0.625	-1.0	0.0	0.188	-1.0	0.0	0.0	0.0	0.105	0.25	0.0	-1.0	-1.0	-1.0	-1.0	-1.0	0.381	1.0	1.0	-1.0	0.0	-1.0	-1.0	-1.0	0.0	0.346	0.176	-1.0	0.237	0.0	-1.0	-1.0	-1.0	-1.0	0.612	0.387	0.0	0.0	0.429	0.141	1.0	-1.0	-1.0	0.694	0.358	-1.0	-1.0	0.0	0.139	-1.0	-1.0	-1.0	0.25	-1.0
gnl|Prokka|GCF_001314995.1_1|2708740|T	-1.0	-1.0	0.085	-1.0	0.833	-1.0	-1.0	0.0	-1.0	1.0	-1.0	-1.0	0.0	-1.0	-1.0	-1.0	1.0	-1.0	-1.0	0.314	0.0	1.0	-1.0	-1.0	-1.0	-1.0	0.397	-1.0	-1.0	-1.0	-1.0	0.0	1.0	-1.0	0.273	0.188	0.818	0.362	0.316	0.691	1.0	-1.0	0.25	1.0	-1.0	-1.0	-1.0	0.52	0.973	-1.0	0.097	-1.0	1.0	-1.0	0.885	0.0	0.0	0.0	-1.0	0.326	0.0	0.0	1.0	-1.0	0.0	-1.0	-1.0	0.0	-1.0	1.0	0.0	-1.0	0.0	0.366	-1.0	-1.0	-1.0	0.0	0.0	0.375	0.0	0.0	-1.0	-1.0	0.235	0.21	0.423	-1.0	0.0	-1.0	-1.0	0.0	-1.0	-1.0	0.0	-1.0	0.0	-1.0	-1.0	-1.0	0.0	-1.0	-1.0	0.514	0.0	1.0	0.0	0.0	1.0	0.333	0.436	-1.0	0.559	0.19	-1.0	0.0	0.96	0.571	0.0	-1.0	0.0	0.0	0.429	0.0	-1.0	0.077	0.0	-1.0	-1.0	-1.0	-1.0	-1.0	-1.0	0.885	-1.0	0.0	0.213	-1.0	-1.0	0.471	-1.0	0.053	0.0	-1.0	0.0	0.0	0.056	0.05	0.45	0.0	-1.0	-1.0	-1.0	-1.0	-1.0	0.0	0.0	-1.0	-1.0	0.0	0.25	-1.0	-1.0	0.222	0.0	-1.0	-1.0	0.171	0.0	-1.0	-1.0	-1.0	-1.0	0.49	0.19	0.281	0.0	0.453	0.132	1.0	-1.0	-1.0	0.941	0.531	-1.0	-1.0	0.0	0.098	-1.0	-1.0	-1.0	-1.0	-1.0
gnl|Prokka|GCF_001314995.1_1|2709013|C	-1.0	-1.0	0.0	-1.0	0.6	-1.0	-1.0	-1.0	-1.0	0.636	-1.0	-1.0	0.0	-1.0	-1.0	-1.0	1.0	-1.0	-1.0	0.6	1.0	0.7	-1.0	-1.0	-1.0	-1.0	0.259	-1.0	-1.0	-1.0	-1.0	0.093	-1.0	0.0	0.273	0.0	0.75	0.4	0.25	0.628	1.0	-1.0	0.364	0.429	-1.0	-1.0	0.0	0.532	1.0	-1.0	0.0	-1.0	1.0	-1.0	0.887	0.0	0.514	0.0	-1.0	0.408	0.625	0.312	0.948	-1.0	1.0	-1.0	-1.0	0.0	-1.0	-1.0	0.0	-1.0	0.0	0.438	-1.0	-1.0	-1.0	-1.0	0.105	0.0	-1.0	1.0	0.23	-1.0	0.0	0.127	0.318	-1.0	0.0	-1.0	-1.0	0.0	-1.0	-1.0	0.0	-1.0	1.0	-1.0	-1.0	-1.0	0.0	-1.0	-1.0	0.0	0.192	1.0	1.0	0.811	0.957	0.0	0.333	-1.0	0.462	0.0	-1.0	0.0	1.0	0.733	0.0	-1.0	0.0	0.0	0.0	0.0	-1.0	0.0	0.577	-1.0	-1.0	-1.0	-1.0	-1.0	0.0	0.0	-1.0	0.0	0.0	0.0	-1.0	-1.0	-1.0	0.193	0.571	-1.0	0.0	0.432	0.698	0.909	0.474	-1.0	-1.0	-1.0	-1.0	-1.0	-1.0	0.81	-1.0	-1.0	-1.0	0.783	-1.0	-1.0	-1.0	0.75	0.0	0.0	-1.0	0.0	0.0	-1.0	-1.0	-1.0	-1.0	0.756	0.429	0.7	0.0	0.482	0.138	1.0	-1.0	-1.0	0.744	0.439	-1.0	-1.0	1.0	0.976	-1.0	-1.0	-1.0	0.0	-1.0
gnl|Prokka|GCF_001314995.1_1|2709050|C	-1.0	-1.0	0.0	-1.0	0.692	-1.0	-1.0	0.571	-1.0	0.429	-1.0	-1.0	0.0	-1.0	-1.0	-1.0	1.0	-1.0	-1.0	0.583	1.0	1.0	-1.0	-1.0	-1.0	1.0	0.271	-1.0	-1.0	-1.0	-1.0	0.114	-1.0	0.0	0.283	0.0	0.765	0.437	0.3	0.68	1.0	-1.0	0.667	0.545	-1.0	-1.0	0.0	0.508	1.0	-1.0	0.0	-1.0	0.769	-1.0	0.937	0.0	0.541	0.0	-1.0	0.442	0.545	0.0	0.958	-1.0	1.0	-1.0	-1.0	0.0	-1.0	-1.0	0.0	-1.0	0.0	0.412	-1.0	-1.0	-1.0	0.417	0.0	0.0	-1.0	0.7	0.221	-1.0	0.0	0.191	0.324	-1.0	0.0	-1.0	-1.0	0.0	-1.0	-1.0	0.0	-1.0	1.0	-1.0	-1.0	-1.0	0.0	-1.0	-1.0	0.0	0.239	1.0	1.0	0.792	1.0	0.0	0.4	-1.0	0.439	0.0	-1.0	0.0	1.0	0.769	0.0	-1.0	0.0	0.0	0.667	0.0	-1.0	0.0	0.593	-1.0	-1.0	-1.0	-1.0	-1.0	0.0	0.222	-1.0	0.0	0.0	0.0	-1.0	-1.0	-1.0	0.182	0.545	-1.0	0.048	-1.0	0.714	0.9	-1.0	0.412	-1.0	-1.0	-1.0	-1.0	-1.0	0.783	0.375	-1.0	-1.0	0.8	1.0	-1.0	-1.0	0.6	0.0	0.0	-1.0	0.0	0.0	-1.0	-1.0	-1.0	-1.0	0.705	0.357	0.583	0.0	0.498	0.102	0.794	-1.0	-1.0	0.757	0.471	-1.0	-1.0	1.0	0.975	-1.0	-1.0	-1.0	0.0	-1.0
gnl|Prokka|GCF_001314995.1_1|2709070|G	-1.0	-1.0	0.0	-1.0	0.727	-1.0	-1.0	-1.0	-1.0	-1.0	-1.0	-1.0	0.0	-1.0	-1.0	-1.0	1.0	-1.0	-1.0	0.6	1.0	0.8	-1.0	-1.0	-1.0	1.0	0.231	-1.0	-1.0	-1.0	-1.0	0.11	-1.0	0.0	0.28	0.0	0.833	0.403	0.3	0.67	0.932	-1.0	1.0	0.636	-1.0	-1.0	0.0	0.504	1.0	-1.0	0.0	-1.0	0.8	-1.0	0.915	0.0	0.516	0.0	-1.0	0.528	-1.0	0.0	0.968	-1.0	1.0	-1.0	-1.0	0.0	-1.0	-1.0	0.0	-1.0	0.0	0.387	-1.0	-1.0	-1.0	0.455	0.0	0.0	0.0	0.615	0.203	-1.0	0.0	0.197	0.315	-1.0	0.0	-1.0	-1.0	0.0	-1.0	-1.0	0.0	-1.0	1.0	-1.0	-1.0	-1.0	0.0	-1.0	-1.0	0.0	0.213	1.0	1.0	0.767	1.0	0.0	0.34	-1.0	0.405	0.0	-1.0	0.0	1.0	0.75	0.0	-1.0	0.0	0.0	1.0	0.0	-1.0	0.0	0.615	-1.0	-1.0	-1.0	-1.0	-1.0	0.0	0.25	-1.0	0.0	0.0	0.0	-1.0	0.429	-1.0	0.183	0.545	-1.0	0.049	0.39	0.63	0.927	-1.0	0.261	-1.0	-1.0	-1.0	-1.0	-1.0	0.81	0.375	-1.0	-1.0	0.806	1.0	-1.0	-1.0	0.667	0.0	0.0	-1.0	0.0	0.0	-1.0	-1.0	-1.0	-1.0	0.7	0.323	0.625	0.0	0.502	0.105	0.733	-1.0	-1.0	0.706	0.404	-1.0	-1.0	1.0	0.972	-1.0	-1.0	-1.0	0.0	-1.0
gnl|Prokka|GCF_001314995.1_1|2709160|C	-1.0	-1.0	0.0	-1.0	1.0	-1.0	-1.0	0.3	-1.0	0.615	-1.0	-1.0	-1.0	-1.0	-1.0	-1.0	0.8	-1.0	-1.0	0.238	1.0	0.778	-1.0	-1.0	-1.0	1.0	0.255	-1.0	-1.0	-1.0	-1.0	0.103	-1.0	0.0	0.176	0.0	1.0	0.45	0.273	0.733	0.889	-1.0	-1.0	0.643	-1.0	-1.0	0.0	0.518	1.0	-1.0	0.0	-1.0	1.0	-1.0	0.875	0.0	0.4	0.0	-1.0	0.431	0.727	0.385	1.0	-1.0	1.0	-1.0	-1.0	0.0	-1.0	-1.0	0.0	-1.0	0.0	0.364	-1.0	-1.0	-1.0	0.0	0.0	0.0	-1.0	0.538	0.132	-1.0	0.0	0.231	0.363	-1.0	0.0	-1.0	-1.0	0.0	-1.0	-1.0	0.0	-1.0	1.0	-1.0	-1.0	-1.0	0.0	-1.0	-1.0	0.0	0.191	1.0	1.0	0.802	1.0	0.0	0.293	-1.0	0.475	0.0	-1.0	0.0	1.0	1.0	0.0	-1.0	0.0	0.0	0.75	0.0	-1.0	0.0	0.824	-1.0	-1.0	-1.0	-1.0	-1.0	0.0	0.281	-1.0	0.0	0.097	0.0	-1.0	0.643	-1.0	0.075	0.375	-1.0	0.0	0.375	0.646	0.915	-1.0	0.19	-1.0	-1.0	-1.0	-1.0	-1.0	0.75	-1.0	1.0	-1.0	0.871	1.0	-1.0	-1.0	0.474	0.0	0.0	-1.0	0.0	0.0	-1.0	-1.0	-1.0	-1.0	0.605	0.194	0.619	0.0	0.556	0.228	0.762	-1.0	-1.0	0.545	0.489	-1.0	-1.0	1.0	0.969	-1.0	-1.0	-1.0	0.0	-1.0
gnl|Prokka|GCF_001314995.1_1|2712163|T	-1.0	-1.0	0.0	-1.0	1.0	-1.0	-1.0	0.0	-1.0	1.0	-1.0	-1.0	0.214	-1.0	-1.0	-1.0	1.0	-1.0	-1.0	0.0	0.0	1.0	-1.0	-1.0	-1.0	-1.0	0.0	-1.0	-1.0	-1.0	-1.0	0.88	1.0	1.0	0.279	0.12	1.0	0.373	1.0	0.771	0.93	-1.0	0.0	-1.0	-1.0	-1.0	0.0	0.434	1.0	-1.0	0.0	-1.0	0.545	-1.0	1.0	0.0	0.441	0.517	-1.0	0.524	0.0	0.214	1.0	-1.0	0.0	-1.0	-1.0	0.0	-1.0	-1.0	0.0	-1.0	1.0	0.896	-1.0	-1.0	-1.0	-1.0	0.0	0.0	0.0	0.0	0.0	-1.0	0.444	1.0	0.391	-1.0	0.65	-1.0	-1.0	0.0	-1.0	-1.0	0.0	-1.0	0.0	-1.0	-1.0	-1.0	0.364	-1.0	-1.0	0.0	0.0	1.0	0.0	0.041	1.0	0.455	1.0	-1.0	0.562	1.0	-1.0	0.66	1.0	-1.0	0.0	-1.0	0.0	0.653	0.455	0.565	-1.0	0.0	0.0	-1.0	-1.0	-1.0	-1.0	-1.0	0.0	0.0	-1.0	0.429	0.0	0.0	-1.0	0.769	-1.0	0.0	0.0	-1.0	0.0	0.0	0.0	0.0	0.375	0.0	-1.0	-1.0	-1.0	-1.0	-1.0	0.15	0.0	0.571	-1.0	0.0	0.375	-1.0	-1.0	0.0	0.235	0.0	-1.0	0.0	-1.0	-1.0	-1.0	-1.0	-1.0	1.0	0.231	0.0	1.0	1.0	0.402	1.0	-1.0	-1.0	0.864	0.464	-1.0	-1.0	0.0	0.0	-1.0	-1.0	-1.0	0.0	-1.0
gnl|Prokka|GCF_001314995.1_1|2718011|G	-1.0	-1.0	0.489	-1.0	0.0	-1.0	-1.0	-1.0	-1.0	0.0	-1.0	-1.0	1.0	-1.0	-1.0	-1.0	0.312	-1.0	-1.0	0.304	1.0	1.0	-1.0	-1.0	-1.0	-1.0	0.175	-1.0	-1.0	-1.0	-1.0	0.049	-1.0	0.0	0.625	0.0	0.0	0.537	0.0	0.779	1.0	-1.0	0.0	1.0	-1.0	-1.0	0.0	0.0	1.0	-1.0	0.0	-1.0	0.556	-1.0	0.0	0.844	0.545	0.0	-1.0	0.302	0.417	0.7	0.0	-1.0	1.0	-1.0	-1.0	0.675	-1.0	-1.0	0.0	-1.0	1.0	0.553	-1.0	-1.0	-1.0	0.0	0.0	0.0	-1.0	-1.0	0.138	-1.0	0.0	0.0	0.339	-1.0	0.0	-1.0	-1.0	0.0	-1.0	-1.0	0.0	-1.0	1.0	-1.0	-1.0	-1.0	1.0	-1.0	-1.0	0.033	0.073	0.0	1.0	0.717	1.0	0.6	0.26	-1.0	0.0	0.0	-1.0	0.0	0.932	-1.0	0.0	-1.0	0.231	0.388	0.0	0.0	-1.0	0.0	0.8	-1.0	-1.0	-1.0	-1.0	-1.0	0.0	0.227	-1.0	0.0	0.066	0.0	-1.0	0.0	-1.0	1.0	0.375	-1.0	1.0	1.0	0.526	0.8	0.0	0.188	-1.0	-1.0	-1.0	-1.0	-1.0	0.375	0.0	0.0	-1.0	0.875	-1.0	-1.0	-1.0	0.667	0.0	0.684	-1.0	0.786	0.0	-1.0	-1.0	-1.0	-1.0	0.739	0.516	0.385	0.0	0.227	0.145	0.2	-1.0	-1.0	0.0	1.0	-1.0	-1.0	1.0	0.953	-1.0	-1.0	-1.0	0.0	-1.0
gnl|Prokka|GCF_001314995.1_1|2727975|A	-1.0	-1.0	0.245	-1.0	0.0	-1.0	-1.0	0.333	-1.0	0.0	-1.0	-1.0	0.333	-1.0	-1.0	-1.0	1.0	-1.0	-1.0	1.0	1.0	1.0	-1.0	-1.0	-1.0	-1.0	1.0	-1.0	-1.0	-1.0	-1.0	1.0	1.0	1.0	0.216	0.0	0.143	0.0	0.429	0.582	1.0	-1.0	-1.0	0.692	-1.0	-1.0	0.0	0.0	1.0	-1.0	0.632	-1.0	0.667	-1.0	0.817	0.0	0.556	0.0	-1.0	0.439	0.312	-1.0	0.0	-1.0	1.0	-1.0	-1.0	0.833	-1.0	-1.0	0.0	-1.0	0.0	0.324	-1.0	-1.0	-1.0	-1.0	0.607	0.25	0.0	-1.0	0.0	-1.0	0.615	0.662	0.22	-1.0	0.261	-1.0	-1.0	0.361	-1.0	-1.0	1.0	-1.0	1.0	-1.0	-1.0	-1.0	1.0	-1.0	-1.0	0.535	0.119	0.0	1.0	0.786	1.0	0.0	0.237	-1.0	0.714	0.0	-1.0	0.654	0.912	0.429	0.893	-1.0	1.0	0.667	0.0	0.717	-1.0	1.0	0.722	-1.0	-1.0	-1.0	-1.0	-1.0	0.0	1.0	-1.0	0.0	0.07	1.0	-1.0	0.421	-1.0	0.132	-1.0	-1.0	-1.0	0.0	0.538	1.0	0.0	0.231	-1.0	-1.0	-1.0	-1.0	-1.0	1.0	-1.0	-1.0	-1.0	0.6	-1.0	-1.0	-1.0	0.0	0.0	0.0	-1.0	0.0	0.429	-1.0	-1.0	-1.0	-1.0	0.88	0.0	0.278	0.368	0.196	0.747	0.3	-1.0	-1.0	0.49	0.261	-1.0	-1.0	1.0	1.0	-1.0	-1.0	-1.0	0.0	-1.0
gnl|Prokka|GCF_001314995.1_1|2734021|T	-1.0	-1.0	0.537	-1.0	0.667	-1.0	-1.0	0.667	-1.0	1.0	-1.0	-1.0	-1.0	-1.0	-1.0	-1.0	1.0	-1.0	-1.0	0.0	0.0	0.0	-1.0	-1.0	-1.0	-1.0	0.738	-1.0	-1.0	-1.0	-1.0	0.941	1.0	1.0	0.736	1.0	1.0	1.0	0.571	0.0	0.783	-1.0	0.444	-1.0	-1.0	-1.0	0.737	1.0	0.0	-1.0	0.259	-1.0	0.692	-1.0	0.931	0.88	0.0	1.0	-1.0	1.0	0.357	0.0	0.0	-1.0	0.0	-1.0	-1.0	1.0	-1.0	0.273	1.0	-1.0	0.407	0.596	-1.0	-1.0	-1.0	0.0	0.0	0.0	-1.0	0.231	0.8	-1.0	0.706	1.0	0.602	-1.0	-1.0	-1.0	-1.0	0.081	-1.0	-1.0	0.0	-1.0	0.25	-1.0	-1.0	-1.0	0.786	-1.0	-1.0	0.576	0.762	0.0	0.0	0.0	0.073	1.0	0.0	-1.0	0.613	1.0	-1.0	1.0	0.0	0.333	0.076	-1.0	-1.0	1.0	1.0	0.595	-1.0	0.0	0.13	-1.0	-1.0	-1.0	-1.0	-1.0	1.0	0.0	-1.0	1.0	0.0	0.883	-1.0	1.0	-1.0	0.0	0.417	-1.0	0.945	0.0	0.393	0.0	0.0	0.0	-1.0	-1.0	-1.0	-1.0	-1.0	0.692	-1.0	-1.0	-1.0	0.0	0.0	-1.0	-1.0	0.556	0.433	1.0	-1.0	0.71	0.318	-1.0	-1.0	-1.0	-1.0	0.0	0.737	0.429	1.0	0.537	0.0	0.739	-1.0	-1.0	0.36	0.524	-1.0	-1.0	0.0	0.0	-1.0	-1.0	-1.0	0.893	-1.0
gnl|Prokka|GCF_001314995.1_1|2769217|G	-1.0	-1.0	0.604	-1.0	-1.0	-1.0	-1.0	0.3	-1.0	1.0	-1.0	-1.0	-1.0	-1.0	-1.0	-1.0	1.0	-1.0	-1.0	-1.0	0.0	0.0	-1.0	-1.0	-1.0	-1.0	1.0	-1.0	-1.0	-1.0	-1.0	0.0	-1.0	1.0	0.812	0.684	0.667	0.0	0.0	0.333	0.71	-1.0	0.0	-1.0	-1.0	-1.0	0.0	0.549	0.0	-1.0	0.227	-1.0	1.0	-1.0	1.0	0.875	0.156	0.68	-1.0	1.0	0.0	0.0	0.0	-1.0	0.0	-1.0	-1.0	0.864	-1.0	-1.0	0.049	-1.0	0.55	0.556	-1.0	-1.0	-1.0	0.0	0.114	1.0	-1.0	0.0	0.741	-1.0	0.235	0.898	0.684	-1.0	0.63	-1.0	-1.0	0.434	-1.0	-1.0	0.0	-1.0	0.0	-1.0	-1.0	-1.0	0.0	-1.0	-1.0	1.0	0.846	0.444	0.0	0.187	0.0	0.0	1.0	-1.0	0.318	1.0	-1.0	0.942	0.0	-1.0	1.0	-1.0	0.0	0.591	0.273	0.361	-1.0	0.0	0.256	-1.0	-1.0	-1.0	-1.0	-1.0	0.0	0.148	-1.0	0.808	1.0	0.955	-1.0	1.0	-1.0	0.652	0.429	-1.0	0.0	0.545	0.0	0.0	0.0	0.273	-1.0	-1.0	-1.0	-1.0	-1.0	0.158	0.0	-1.0	-1.0	0.107	0.0	-1.0	-1.0	0.0	1.0	0.0	-1.0	0.0	0.452	-1.0	-1.0	-1.0	-1.0	0.333	0.846	0.0	0.545	0.561	0.29	0.682	-1.0	-1.0	0.134	0.537	-1.0	-1.0	0.0	0.0	-1.0	-1.0	-1.0	0.0	-1.0
gnl|Prokka|GCF_001314995.1_1|2804199|C	-1.0	-1.0	0.6	-1.0	0.0	-1.0	-1.0	0.0	-1.0	0.0	-1.0	-1.0	0.571	-1.0	-1.0	-1.0	0.0	-1.0	-1.0	0.36	0.0	0.167	-1.0	-1.0	-1.0	0.571	0.364	-1.0	-1.0	-1.0	-1.0	0.859	-1.0	-1.0	0.848	0.733	0.0	0.459	0.0	0.207	0.0	-1.0	0.444	1.0	-1.0	-1.0	0.667	0.524	0.0	-1.0	0.143	-1.0	0.467	-1.0	0.111	0.88	0.06	0.303	-1.0	1.0	0.227	0.0	0.0	-1.0	0.0	-1.0	-1.0	0.87	-1.0	1.0	1.0	-1.0	1.0	0.3	-1.0	-1.0	-1.0	0.0	0.0	-1.0	0.0	0.0	0.735	-1.0	0.526	0.0	0.0	-1.0	-1.0	-1.0	-1.0	0.429	-1.0	-1.0	0.0	-1.0	0.0	-1.0	-1.0	-1.0	1.0	-1.0	-1.0	1.0	0.738	0.0	0.0	0.148	0.066	0.545	1.0	-1.0	0.242	1.0	-1.0	0.405	0.0	1.0	1.0	-1.0	0.727	0.308	0.0	0.207	-1.0	0.0	0.304	-1.0	-1.0	-1.0	-1.0	-1.0	0.733	0.364	-1.0	1.0	1.0	0.821	-1.0	0.0	-1.0	0.631	0.0	-1.0	1.0	0.552	0.061	0.0	0.0	0.429	-1.0	-1.0	-1.0	-1.0	-1.0	0.0	-1.0	-1.0	-1.0	0.136	0.0	-1.0	-1.0	0.0	1.0	0.615	-1.0	-1.0	0.421	-1.0	-1.0	-1.0	-1.0	0.689	0.593	0.357	0.6	0.401	0.236	0.32	-1.0	-1.0	0.471	0.441	-1.0	-1.0	0.0	0.086	-1.0	-1.0	-1.0	0.821	-1.0
gnl|Prokka|GCF_001314995.1_1|2859388|A	-1.0	-1.0	0.378	-1.0	0.0	-1.0	-1.0	-1.0	-1.0	0.0	-1.0	-1.0	0.0	-1.0	-1.0	-1.0	1.0	-1.0	-1.0	1.0	1.0	0.75	-1.0	-1.0	-1.0	-1.0	0.932	-1.0	-1.0	-1.0	-1.0	0.089	0.0	0.0	0.075	0.0	0.0	0.0	0.0	1.0	0.077	-1.0	0.0	0.692	-1.0	-1.0	0.258	0.372	1.0	-1.0	0.733	-1.0	0.308	-1.0	0.862	0.079	0.0	0.0	-1.0	0.256	0.571	0.429	1.0	-1.0	1.0	-1.0	-1.0	0.099	-1.0	0.0	0.0	-1.0	0.0	0.343	-1.0	-1.0	-1.0	-1.0	0.744	-1.0	0.417	1.0	0.13	-1.0	1.0	0.0	0.274	-1.0	0.259	-1.0	-1.0	0.686	-1.0	-1.0	1.0	-1.0	1.0	-1.0	-1.0	-1.0	0.214	-1.0	-1.0	0.309	0.169	0.545	1.0	0.898	1.0	0.0	0.375	-1.0	-1.0	0.636	-1.0	0.0	1.0	0.85	0.841	-1.0	1.0	0.0	0.333	0.0	-1.0	1.0	0.684	-1.0	-1.0	-1.0	-1.0	-1.0	-1.0	0.0	-1.0	0.0	1.0	0.135	-1.0	0.0	-1.0	1.0	0.357	-1.0	0.042	0.381	0.516	1.0	0.0	0.571	-1.0	-1.0	-1.0	-1.0	-1.0	0.588	1.0	-1.0	-1.0	0.8	-1.0	-1.0	-1.0	1.0	0.583	0.308	-1.0	0.0	0.6	-1.0	-1.0	-1.0	-1.0	0.727	0.389	0.581	0.0	0.0	0.6	-1.0	-1.0	-1.0	0.443	0.426	-1.0	-1.0	1.0	1.0	-1.0	-1.0	-1.0	0.094	-1.0
gnl|Prokka|GCF_001314995.1_1|2859920|T	-1.0	-1.0	0.244	-1.0	0.0	-1.0	-1.0	1.0	-1.0	0.0	-1.0	-1.0	-1.0	-1.0	-1.0	-1.0	1.0	-1.0	-1.0	1.0	1.0	1.0	-1.0	-1.0	-1.0	0.429	0.86	-1.0	-1.0	-1.0	-1.0	0.062	0.0	1.0	0.312	0.0	0.0	0.522	0.0	1.0	0.103	-1.0	0.0	0.667	-1.0	-1.0	0.308	0.42	1.0	-1.0	1.0	-1.0	0.467	-1.0	0.828	0.0	0.0	0.0	-1.0	0.319	0.778	0.0	0.0	-1.0	1.0	-1.0	-1.0	0.088	-1.0	0.0	0.038	-1.0	0.0	0.273	-1.0	-1.0	-1.0	0.0	0.0	1.0	-1.0	1.0	0.278	-1.0	0.65	0.75	0.301	-1.0	0.0	-1.0	-1.0	0.0	-1.0	-1.0	0.0	-1.0	1.0	-1.0	-1.0	-1.0	0.0	-1.0	-1.0	0.425	0.208	0.0	1.0	0.877	1.0	0.0	0.111	-1.0	0.667	1.0	-1.0	0.0	1.0	0.75	0.0	-1.0	1.0	1.0	0.0	0.0	-1.0	0.0	0.774	-1.0	-1.0	-1.0	-1.0	-1.0	1.0	0.0	-1.0	0.0	0.941	0.0	-1.0	0.0	-1.0	1.0	0.429	-1.0	0.08	0.576	0.755	1.0	0.0	0.0	-1.0	-1.0	-1.0	-1.0	-1.0	0.429	1.0	0.0	-1.0	1.0	-1.0	-1.0	-1.0	1.0	0.0	0.0	-1.0	0.694	0.45	-1.0	-1.0	-1.0	-1.0	0.583	1.0	0.654	0.0	0.0	0.138	0.154	-1.0	-1.0	0.0	0.529	-1.0	-1.0	1.0	0.973	-1.0	-1.0	-1.0	0.0	-1.0
gnl|Prokka|GCF_001314995.1_1|2927665|A	-1.0	-1.0	0.094	-1.0	1.0	-1.0	-1.0	0.667	-1.0	1.0	-1.0	-1.0	-1.0	-1.0	-1.0	-1.0	1.0	-1.0	-1.0	0.0	1.0	0.778	-1.0	-1.0	-1.0	0.667	0.135	-1.0	-1.0	-1.0	-1.0	0.165	-1.0	1.0	0.447	0.0	1.0	0.0	1.0	0.886	0.083	-1.0	0.455	0.0	-1.0	-1.0	0.3	0.701	0.98	-1.0	0.0	-1.0	0.65	-1.0	0.864	0.0	0.816	0.0	-1.0	0.69	0.577	1.0	0.0	-1.0	1.0	-1.0	-1.0	0.109	-1.0	-1.0	0.0	-1.0	0.0	0.622	-1.0	-1.0	-1.0	-1.0	0.0	0.692	-1.0	0.571	0.179	-1.0	0.611	0.907	0.557	-1.0	0.0	-1.0	-1.0	0.0	-1.0	-1.0	0.0	-1.0	1.0	-1.0	-1.0	-1.0	0.417	-1.0	-1.0	0.0	0.14	-1.0	1.0	0.875	1.0	0.0	0.674	-1.0	0.36	0.893	-1.0	0.674	1.0	0.0	0.0	-1.0	1.0	0.75	0.364	0.804	-1.0	0.0	0.871	-1.0	-1.0	-1.0	-1.0	-1.0	0.0	0.333	-1.0	0.344	0.0	0.0	-1.0	0.526	-1.0	0.51	-1.0	-1.0	0.0	0.6	0.806	1.0	0.6	0.286	-1.0	-1.0	-1.0	-1.0	-1.0	0.731	1.0	-1.0	-1.0	1.0	1.0	-1.0	-1.0	-1.0	0.0	0.0	-1.0	0.227	0.2	-1.0	-1.0	-1.0	-1.0	1.0	0.55	0.68	0.231	0.647	0.253	1.0	-1.0	-1.0	0.0	0.626	-1.0	-1.0	1.0	0.974	-1.0	-1.0	-1.0	0.0	-1.0
gnl|Prokka|GCF_001314995.1_1|2927677|C	-1.0	-1.0	0.086	-1.0	1.0	-1.0	-1.0	0.571	-1.0	1.0	-1.0	-1.0	-1.0	-1.0	-1.0	-1.0	1.0	-1.0	-1.0	0.0	1.0	0.765	-1.0	-1.0	-1.0	1.0	0.108	-1.0	-1.0	-1.0	-1.0	0.143	-1.0	1.0	0.381	0.0	1.0	0.0	1.0	0.848	0.071	-1.0	0.333	0.0	-1.0	-1.0	0.235	0.633	0.979	-1.0	0.0	-1.0	0.636	-1.0	0.862	0.0	0.805	0.0	-1.0	0.6	0.542	1.0	0.0	-1.0	1.0	-1.0	-1.0	0.133	-1.0	-1.0	0.0	-1.0	0.25	0.6	-1.0	-1.0	-1.0	-1.0	0.0	0.571	-1.0	0.625	0.242	-1.0	0.579	0.893	0.57	-1.0	0.0	-1.0	-1.0	0.0	-1.0	-1.0	0.0	-1.0	1.0	-1.0	-1.0	-1.0	-1.0	-1.0	-1.0	0.0	0.135	0.444	1.0	0.879	1.0	0.214	0.66	-1.0	0.367	1.0	-1.0	0.652	1.0	0.0	0.0	-1.0	1.0	0.776	0.273	0.804	-1.0	0.0	0.818	-1.0	-1.0	-1.0	-1.0	-1.0	0.0	0.353	-1.0	0.333	0.0	0.0	-1.0	-1.0	-1.0	0.491	1.0	-1.0	0.0	0.467	0.8	1.0	0.636	0.375	-1.0	-1.0	-1.0	-1.0	-1.0	0.692	1.0	-1.0	-1.0	1.0	1.0	-1.0	-1.0	-1.0	0.0	0.0	-1.0	0.192	0.222	-1.0	-1.0	-1.0	-1.0	1.0	0.56	0.571	0.2	0.661	0.233	0.774	-1.0	-1.0	0.0	0.578	-1.0	-1.0	1.0	0.976	-1.0	-1.0	-1.0	0.0	-1.0
gnl|Prokka|GCF_001314995.1_1|2997219|C	-1.0	-1.0	0.0	-1.0	1.0	-1.0	-1.0	-1.0	-1.0	1.0	-1.0	-1.0	-1.0	-1.0	-1.0	-1.0	1.0	-1.0	-1.0	0.353	0.0	0.0	-1.0	-1.0	-1.0	0.0	1.0	-1.0	-1.0	-1.0	-1.0	0.0	1.0	1.0	0.805	0.0	1.0	1.0	1.0	0.282	0.838	-1.0	-1.0	1.0	-1.0	-1.0	0.0	1.0	0.021	-1.0	0.0	-1.0	0.818	-1.0	1.0	0.0	0.425	1.0	-1.0	1.0	0.0	0.0	1.0	-1.0	0.0	-1.0	-1.0	1.0	-1.0	1.0	1.0	-1.0	1.0	0.0	-1.0	-1.0	-1.0	0.0	0.0	1.0	-1.0	0.692	0.0	-1.0	1.0	1.0	0.15	-1.0	0.0	-1.0	-1.0	0.0	-1.0	-1.0	0.0	-1.0	0.0	-1.0	-1.0	-1.0	-1.0	-1.0	-1.0	1.0	0.0	1.0	0.0	0.15	0.0	-1.0	1.0	-1.0	0.7	0.0	-1.0	0.904	0.125	1.0	0.151	-1.0	0.2	1.0	1.0	1.0	-1.0	0.0	0.0	-1.0	-1.0	-1.0	-1.0	-1.0	0.727	1.0	-1.0	-1.0	1.0	0.0	-1.0	-1.0	-1.0	0.682	0.0	-1.0	-1.0	0.0	0.114	0.0	0.0	0.0	-1.0	-1.0	-1.0	-1.0	-1.0	0.3	0.0	-1.0	-1.0	0.0	0.0	-1.0	-1.0	0.0	-1.0	1.0	-1.0	0.821	0.361	-1.0	-1.0	-1.0	-1.0	1.0	0.0	0.378	0.0	1.0	0.0	0.684	-1.0	-1.0	0.909	0.0	-1.0	-1.0	0.0	0.145	-1.0	-1.0	-1.0	0.0	-1.0
gnl|Prokka|GCF_001314995.1_1|2997227|T	-1.0	-1.0	0.0	-1.0	1.0	-1.0	-1.0	0.4	-1.0	1.0	-1.0	-1.0	-1.0	-1.0	-1.0	-1.0	1.0	-1.0	-1.0	0.214	0.0	0.0	-1.0	-1.0	-1.0	0.0	1.0	-1.0	-1.0	-1.0	-1.0	0.12	1.0	1.0	0.767	0.0	1.0	1.0	1.0	0.289	0.811	-1.0	-1.0	1.0	-1.0	-1.0	0.0	1.0	0.022	-1.0	0.0	-1.0	0.818	-1.0	1.0	0.0	0.463	1.0	-1.0	1.0	0.167	0.0	1.0	-1.0	0.0	-1.0	-1.0	1.0	-1.0	1.0	1.0	-1.0	1.0	0.0	-1.0	-1.0	-1.0	0.0	0.0	1.0	-1.0	0.667	0.0	-1.0	1.0	1.0	0.125	-1.0	0.0	-1.0	-1.0	0.0	-1.0	-1.0	0.0	-1.0	0.0	-1.0	-1.0	-1.0	-1.0	-1.0	-1.0	1.0	0.0	1.0	0.0	0.158	0.0	-1.0	1.0	-1.0	0.721	0.176	-1.0	0.923	0.12	1.0	0.157	-1.0	0.214	1.0	1.0	1.0	-1.0	0.0	0.0	-1.0	-1.0	-1.0	-1.0	-1.0	1.0	1.0	-1.0	-1.0	-1.0	0.0	-1.0	1.0	-1.0	0.706	0.0	-1.0	-1.0	0.0	0.119	0.0	0.0	0.0	-1.0	-1.0	-1.0	-1.0	-1.0	0.333	0.0	-1.0	-1.0	0.0	0.0	-1.0	-1.0	0.0	-1.0	1.0	-1.0	0.846	0.389	-1.0	-1.0	-1.0	-1.0	1.0	0.0	0.394	0.0	1.0	0.0	0.684	-1.0	-1.0	0.911	0.0	-1.0	-1.0	0.0	0.141	-1.0	-1.0	-1.0	0.0	-1.0
gnl|Prokka|GCF_001314995.1_1|3000097|C	-1.0	-1.0	0.106	-1.0	0.462	-1.0	-1.0	0.438	-1.0	0.733	-1.0	-1.0	0.0	-1.0	-1.0	-1.0	1.0	-1.0	-1.0	0.0	0.0	0.8	-1.0	-1.0	-1.0	1.0	0.071	-1.0	-1.0	-1.0	-1.0	0.0	-1.0	0.0	0.672	0.0	1.0	0.517	1.0	1.0	0.897	-1.0	0.0	0.0	-1.0	-1.0	0.0	1.0	0.972	-1.0	0.0	-1.0	0.435	-1.0	0.912	0.0	0.257	0.333	-1.0	0.7	0.0	0.0	1.0	-1.0	0.0	-1.0	-1.0	0.275	-1.0	-1.0	-1.0	-1.0	0.2	0.438	-1.0	-1.0	-1.0	0.0	0.0	1.0	0.0	0.0	0.0	-1.0	0.429	0.237	0.581	-1.0	0.0	-1.0	-1.0	0.0	-1.0	-1.0	0.0	-1.0	0.0	-1.0	-1.0	-1.0	0.429	-1.0	-1.0	0.685	0.0	1.0	0.0	0.181	1.0	-1.0	0.562	-1.0	0.486	0.278	-1.0	0.273	1.0	0.0	0.152	-1.0	0.333	0.062	-1.0	0.0	-1.0	0.0	0.0	-1.0	-1.0	-1.0	-1.0	-1.0	-1.0	0.903	-1.0	0.353	0.928	0.0	-1.0	0.688	-1.0	0.758	0.0	-1.0	0.119	0.0	0.0	0.0	0.312	0.0	-1.0	-1.0	-1.0	-1.0	-1.0	0.229	0.0	0.769	-1.0	0.077	-1.0	-1.0	-1.0	-1.0	0.471	0.0	-1.0	0.0	0.133	-1.0	-1.0	-1.0	-1.0	0.0	0.357	0.571	0.0	0.596	0.183	0.812	-1.0	-1.0	0.771	0.551	-1.0	-1.0	0.0	0.0	-1.0	-1.0	-1.0	0.0	-1.0
gnl|Prokka|GCF_001314995.1_1|3406159|C	-1.0	-1.0	0.439	-1.0	0.25	-1.0	-1.0	0.3	-1.0	0.0	-1.0	-1.0	0.812	-1.0	-1.0	-1.0	1.0	-1.0	-1.0	1.0	1.0	0.789	-1.0	-1.0	-1.0	0.692	0.509	-1.0	-1.0	-1.0	-1.0	0.13	-1.0	0.364	0.254	0.0	0.75	0.618	1.0	0.723	0.242	-1.0	-1.0	1.0	-1.0	-1.0	0.364	0.0	1.0	-1.0	1.0	-1.0	0.0	-1.0	0.872	0.0	0.86	0.0	-1.0	0.364	0.609	1.0	1.0	-1.0	1.0	-1.0	-1.0	0.175	-1.0	1.0	0.0	-1.0	0.2	-1.0	-1.0	-1.0	-1.0	-1.0	0.0	-1.0	0.375	0.226	0.129	-1.0	0.368	1.0	0.41	-1.0	0.0	-1.0	-1.0	0.0	-1.0	-1.0	0.257	-1.0	1.0	-1.0	-1.0	-1.0	0.429	-1.0	-1.0	0.0	0.192	0.611	1.0	0.866	1.0	0.25	0.456	-1.0	0.625	0.773	-1.0	0.59	1.0	0.789	0.0	-1.0	-1.0	0.663	1.0	0.646	-1.0	0.0	0.765	-1.0	-1.0	-1.0	-1.0	-1.0	0.0	0.0	-1.0	0.143	0.229	0.0	-1.0	0.0	-1.0	0.376	0.65	-1.0	0.0	0.452	0.684	1.0	-1.0	0.289	-1.0	-1.0	-1.0	-1.0	-1.0	1.0	1.0	0.533	-1.0	0.889	-1.0	-1.0	-1.0	0.0	0.0	0.0	-1.0	0.0	0.595	-1.0	-1.0	-1.0	-1.0	1.0	0.185	0.651	0.238	0.496	0.226	0.552	-1.0	-1.0	0.711	0.659	-1.0	-1.0	1.0	0.98	-1.0	-1.0	-1.0	0.0	-1.0
gnl|Prokka|GCF_001314995.1_1|3408138|T	-1.0	-1.0	0.396	-1.0	0.25	-1.0	-1.0	0.333	-1.0	0.0	-1.0	-1.0	0.625	-1.0	-1.0	-1.0	1.0	-1.0	-1.0	1.0	1.0	1.0	-1.0	-1.0	-1.0	1.0	0.326	-1.0	-1.0	-1.0	-1.0	0.058	0.0	1.0	0.158	0.0	0.667	0.468	1.0	0.682	0.234	-1.0	0.444	0.625	-1.0	-1.0	0.389	0.0	1.0	-1.0	0.882	-1.0	-1.0	-1.0	0.829	0.0	1.0	0.0	-1.0	0.442	0.667	0.579	1.0	-1.0	1.0	-1.0	-1.0	0.136	-1.0	1.0	0.0	-1.0	0.0	0.488	-1.0	-1.0	-1.0	0.7	0.0	0.0	0.4	1.0	0.208	-1.0	0.636	1.0	0.421	-1.0	0.0	-1.0	-1.0	0.0	-1.0	-1.0	0.16	-1.0	1.0	-1.0	-1.0	-1.0	-1.0	-1.0	-1.0	0.0	0.441	0.778	1.0	0.854	1.0	0.3	0.369	-1.0	-1.0	1.0	-1.0	0.739	0.887	0.571	0.0	-1.0	1.0	0.703	1.0	0.658	-1.0	0.0	0.68	-1.0	-1.0	-1.0	-1.0	-1.0	0.0	-1.0	-1.0	0.15	0.103	0.0	-1.0	0.0	-1.0	0.458	0.571	-1.0	0.0	0.52	0.75	1.0	0.0	0.458	-1.0	-1.0	-1.0	-1.0	-1.0	1.0	1.0	0.7	-1.0	1.0	-1.0	-1.0	-1.0	-1.0	0.0	0.0	-1.0	0.0	0.68	-1.0	-1.0	-1.0	-1.0	0.95	0.407	0.651	0.0	0.455	0.324	0.692	-1.0	-1.0	0.762	0.617	-1.0	-1.0	1.0	0.99	-1.0	-1.0	-1.0	0.0	-1.0
gnl|Prokka|GCF_001314995.1_1|3408140|A	-1.0	-1.0	0.34	-1.0	0.25	-1.0	-1.0	0.333	-1.0	0.0	-1.0	-1.0	0.667	-1.0	-1.0	-1.0	1.0	-1.0	-1.0	1.0	1.0	1.0	-1.0	-1.0	-1.0	1.0	0.34	-1.0	-1.0	-1.0	-1.0	0.051	0.0	-1.0	0.162	0.0	0.647	0.506	0.615	0.703	0.244	-1.0	0.444	0.571	-1.0	-1.0	0.412	0.0	1.0	-1.0	0.875	-1.0	-1.0	-1.0	0.829	0.0	1.0	0.0	-1.0	0.429	0.696	0.579	1.0	-1.0	1.0	-1.0	-1.0	0.136	-1.0	1.0	0.0	-1.0	0.0	0.362	-1.0	-1.0	-1.0	0.692	0.0	0.0	0.375	0.333	0.221	-1.0	-1.0	1.0	0.428	-1.0	0.0	-1.0	-1.0	0.0	-1.0	-1.0	0.154	-1.0	1.0	-1.0	-1.0	-1.0	0.0	-1.0	-1.0	0.0	0.443	0.812	1.0	0.852	1.0	0.25	0.369	-1.0	0.478	1.0	-1.0	0.729	0.892	0.571	0.0	-1.0	1.0	0.709	1.0	0.639	-1.0	0.0	0.643	-1.0	-1.0	-1.0	-1.0	-1.0	0.0	0.152	-1.0	0.0	0.1	0.0	-1.0	0.0	-1.0	0.447	0.571	-1.0	0.0	-1.0	0.724	1.0	0.0	0.379	-1.0	-1.0	-1.0	-1.0	-1.0	1.0	1.0	0.462	-1.0	0.903	-1.0	-1.0	-1.0	-1.0	0.0	0.0	-1.0	0.0	0.692	-1.0	-1.0	-1.0	-1.0	0.945	0.393	0.628	0.0	0.464	0.311	0.615	-1.0	-1.0	0.75	0.603	-1.0	-1.0	1.0	0.989	-1.0	-1.0	-1.0	0.0	-1.0
gnl|Prokka|GCF_001314995.1_1|3408237|G	-1.0	-1.0	0.316	-1.0	0.0	-1.0	-1.0	-1.0	-1.0	0.0	-1.0	-1.0	1.0	-1.0	-1.0	-1.0	1.0	-1.0	-1.0	0.667	1.0	1.0	-1.0	-1.0	-1.0	1.0	0.104	-1.0	-1.0	-1.0	-1.0	0.093	0.733	-1.0	0.256	0.0	0.727	0.443	0.545	0.784	0.22	-1.0	0.333	-1.0	-1.0	-1.0	0.417	0.0	1.0	-1.0	1.0	-1.0	0.0	-1.0	0.859	0.0	0.917	0.0	-1.0	0.489	1.0	0.684	1.0	-1.0	1.0	-1.0	-1.0	0.143	-1.0	1.0	0.0	-1.0	0.0	0.696	-1.0	-1.0	-1.0	0.727	0.0	-1.0	-1.0	0.862	0.231	-1.0	0.826	1.0	0.517	-1.0	0.0	-1.0	-1.0	0.0	-1.0	-1.0	0.211	-1.0	1.0	-1.0	-1.0	-1.0	0.0	-1.0	-1.0	0.0	0.306	-1.0	1.0	0.896	1.0	0.611	0.327	-1.0	0.474	1.0	-1.0	0.7	0.943	-1.0	0.0	-1.0	1.0	0.846	1.0	0.576	-1.0	0.0	0.81	-1.0	-1.0	-1.0	-1.0	-1.0	0.0	0.406	-1.0	0.167	0.0	0.0	-1.0	0.0	-1.0	0.311	0.625	-1.0	0.0	0.6	0.781	1.0	0.385	0.553	-1.0	-1.0	-1.0	-1.0	-1.0	1.0	0.625	0.643	-1.0	1.0	-1.0	-1.0	-1.0	-1.0	0.0	0.0	-1.0	0.0	0.786	-1.0	-1.0	-1.0	-1.0	1.0	0.455	0.512	0.0	0.415	0.378	0.25	-1.0	-1.0	0.85	0.461	-1.0	-1.0	1.0	0.981	-1.0	-1.0	-1.0	0.0	-1.0
gnl|Prokka|GCF_001314995.1_1|3408360|G	-1.0	-1.0	0.0	-1.0	0.0	-1.0	-1.0	0.333	-1.0	0.0	-1.0	-1.0	0.333	-1.0	-1.0	-1.0	1.0	-1.0	-1.0	0.0	1.0	0.773	-1.0	-1.0	-1.0	1.0	0.057	-1.0	-1.0	-1.0	-1.0	0.092	0.0	-1.0	0.275	0.0	0.308	0.416	0.0	0.719	0.161	-1.0	1.0	0.0	-1.0	-1.0	0.36	0.0	1.0	-1.0	0.129	-1.0	0.0	-1.0	0.821	0.0	1.0	0.0	-1.0	0.395	0.7	1.0	1.0	-1.0	1.0	-1.0	-1.0	0.151	-1.0	0.0	0.058	-1.0	0.0	0.524	-1.0	-1.0	-1.0	-1.0	0.0	0.0	-1.0	0.471	0.117	-1.0	0.0	0.162	0.385	-1.0	0.0	-1.0	-1.0	0.0	-1.0	-1.0	0.0	-1.0	1.0	-1.0	-1.0	-1.0	0.0	-1.0	-1.0	0.0	0.14	0.0	1.0	0.79	1.0	0.0	0.35	-1.0	0.481	0.643	-1.0	0.0	1.0	0.0	0.0	-1.0	1.0	0.0	0.667	0.0	-1.0	0.0	0.606	-1.0	-1.0	-1.0	-1.0	-1.0	0.0	0.25	-1.0	-1.0	0.0	0.0	-1.0	0.0	-1.0	0.37	0.417	-1.0	0.0	0.333	0.778	1.0	0.167	0.379	-1.0	-1.0	-1.0	-1.0	-1.0	0.759	-1.0	0.0	-1.0	1.0	0.2	-1.0	-1.0	-1.0	0.0	0.0	-1.0	0.0	0.0	-1.0	-1.0	-1.0	-1.0	0.773	0.333	0.6	0.0	0.0	0.271	0.333	-1.0	-1.0	0.743	0.636	-1.0	-1.0	1.0	0.97	-1.0	-1.0	-1.0	-1.0	-1.0
gnl|Prokka|GCF_001314995.1_1|3409537|G	-1.0	-1.0	0.462	-1.0	0.333	-1.0	-1.0	0.273	-1.0	0.0	-1.0	-1.0	-1.0	-1.0	-1.0	-1.0	1.0	-1.0	-1.0	1.0	1.0	1.0	-1.0	-1.0	-1.0	0.6	0.356	-1.0	-1.0	-1.0	-1.0	0.106	0.0	-1.0	0.286	0.0	1.0	0.745	1.0	0.789	0.25	-1.0	-1.0	1.0	-1.0	-1.0	0.429	0.0	1.0	-1.0	0.906	-1.0	0.611	-1.0	0.955	0.0	0.85	0.0	-1.0	0.455	0.536	1.0	1.0	-1.0	1.0	-1.0	-1.0	0.382	-1.0	-1.0	0.0	-1.0	0.192	-1.0	-1.0	-1.0	-1.0	-1.0	0.0	-1.0	0.0	-1.0	0.075	-1.0	0.409	1.0	0.392	-1.0	0.0	-1.0	-1.0	0.0	-1.0	-1.0	0.273	-1.0	1.0	-1.0	-1.0	-1.0	0.0	-1.0	-1.0	0.0	0.313	0.615	1.0	0.817	1.0	0.174	0.532	-1.0	0.8	1.0	-1.0	0.595	1.0	1.0	0.0	-1.0	1.0	0.581	1.0	0.528	-1.0	0.25	0.783	-1.0	-1.0	-1.0	-1.0	-1.0	0.0	0.282	-1.0	0.0	0.171	0.0	-1.0	0.0	-1.0	0.394	0.667	-1.0	0.0	0.52	0.642	1.0	-1.0	-1.0	-1.0	-1.0	-1.0	-1.0	-1.0	1.0	0.615	0.357	-1.0	0.919	0.368	-1.0	-1.0	0.727	0.0	0.0	-1.0	0.0	0.541	-1.0	-1.0	-1.0	-1.0	1.0	0.25	0.789	0.0	0.689	0.467	0.536	-1.0	-1.0	0.63	0.551	-1.0	-1.0	1.0	0.983	-1.0	-1.0	-1.0	0.0	-1.0
gnl|Prokka|GCF_001314995.1_1|3409570|A	-1.0	-1.0	0.407	-1.0	-1.0	-1.0	-1.0	0.308	-1.0	0.0	-1.0	-1.0	0.636	-1.0	-1.0	-1.0	1.0	-1.0	-1.0	1.0	1.0	1.0	-1.0	-1.0	-1.0	-1.0	0.282	-1.0	-1.0	-1.0	-1.0	0.124	0.0	0.824	0.316	0.0	0.765	0.564	1.0	0.765	0.0	-1.0	-1.0	1.0	-1.0	-1.0	0.438	0.0	1.0	-1.0	0.694	-1.0	-1.0	-1.0	0.921	0.0	0.824	0.0	-1.0	0.432	0.536	1.0	1.0	-1.0	1.0	-1.0	-1.0	0.149	-1.0	-1.0	0.0	-1.0	0.0	-1.0	-1.0	-1.0	-1.0	0.0	0.0	-1.0	0.0	-1.0	0.136	-1.0	0.387	1.0	0.344	-1.0	0.158	-1.0	-1.0	0.0	-1.0	-1.0	0.13	-1.0	1.0	-1.0	-1.0	-1.0	0.0	-1.0	-1.0	0.0	0.544	0.75	1.0	0.849	1.0	0.783	0.549	-1.0	0.704	1.0	-1.0	0.638	1.0	1.0	0.0	-1.0	1.0	0.565	1.0	0.537	-1.0	0.167	0.773	-1.0	-1.0	-1.0	-1.0	-1.0	0.25	0.289	-1.0	0.0	0.105	0.0	-1.0	0.0	-1.0	0.256	0.4	-1.0	0.0	0.591	0.654	1.0	0.556	-1.0	-1.0	-1.0	-1.0	-1.0	-1.0	0.842	0.667	0.0	-1.0	1.0	0.222	-1.0	-1.0	0.667	0.0	0.0	-1.0	0.0	0.472	-1.0	-1.0	-1.0	-1.0	1.0	0.31	0.805	0.25	0.627	0.26	0.586	-1.0	-1.0	0.625	0.424	-1.0	-1.0	1.0	0.982	-1.0	-1.0	-1.0	0.0	-1.0
gnl|Prokka|GCF_001314995.1_1|3410445|T	-1.0	-1.0	0.545	-1.0	0.0	-1.0	-1.0	0.0	-1.0	0.0	-1.0	-1.0	0.7	-1.0	-1.0	-1.0	1.0	-1.0	-1.0	1.0	0.0	1.0	-1.0	-1.0	-1.0	-1.0	0.345	-1.0	-1.0	-1.0	-1.0	0.0	0.526	-1.0	0.211	0.0	0.0	0.597	0.692	0.8	0.268	-1.0	0.0	1.0	-1.0	-1.0	0.13	0.0	0.978	-1.0	0.842	-1.0	0.577	-1.0	0.912	0.0	0.581	0.0	-1.0	0.476	0.0	0.364	1.0	-1.0	0.0	-1.0	-1.0	0.182	-1.0	1.0	0.055	-1.0	0.0	0.708	-1.0	-1.0	-1.0	-1.0	0.0	0.882	-1.0	0.65	0.0	-1.0	0.667	1.0	0.416	-1.0	0.0	-1.0	-1.0	0.0	-1.0	-1.0	0.2	-1.0	0.0	-1.0	-1.0	-1.0	0.214	-1.0	-1.0	0.0	0.318	0.538	0.0	0.075	1.0	0.188	0.315	-1.0	0.387	1.0	-1.0	0.708	0.971	1.0	0.0	-1.0	1.0	0.739	-1.0	0.733	-1.0	0.0	0.0	-1.0	-1.0	-1.0	-1.0	-1.0	0.0	0.568	-1.0	0.211	0.138	0.0	-1.0	0.273	-1.0	0.0	0.0	-1.0	-1.0	0.0	0.083	0.233	0.235	0.615	-1.0	-1.0	-1.0	-1.0	-1.0	0.455	-1.0	1.0	-1.0	0.0	-1.0	-1.0	-1.0	0.429	0.0	0.0	-1.0	0.0	0.8	-1.0	-1.0	-1.0	-1.0	1.0	0.238	0.0	0.0	0.559	0.487	0.355	-1.0	-1.0	0.844	0.432	-1.0	-1.0	0.0	0.139	-1.0	-1.0	-1.0	0.0	-1.0
gnl|Prokka|GCF_001314995.1_1|3412056|C	-1.0	-1.0	0.547	-1.0	0.0	-1.0	-1.0	0.0	-1.0	0.0	-1.0	-1.0	0.643	-1.0	-1.0	-1.0	1.0	-1.0	-1.0	1.0	0.0	1.0	-1.0	-1.0	-1.0	-1.0	0.378	-1.0	-1.0	-1.0	-1.0	0.0	0.0	-1.0	0.356	0.0	0.45	0.435	1.0	0.695	0.182	-1.0	0.0	1.0	-1.0	-1.0	0.263	0.0	0.972	-1.0	0.757	-1.0	0.389	-1.0	0.932	0.0	0.458	0.0	-1.0	0.39	0.0	0.0	0.977	-1.0	0.0	-1.0	-1.0	0.176	-1.0	-1.0	0.041	-1.0	0.0	0.458	-1.0	-1.0	-1.0	0.429	0.0	-1.0	0.0	0.0	0.0	-1.0	0.692	1.0	0.365	-1.0	0.0	-1.0	-1.0	0.0	-1.0	-1.0	0.0	-1.0	0.0	-1.0	-1.0	-1.0	0.0	-1.0	-1.0	0.0	0.045	-1.0	0.0	0.029	1.0	0.474	0.423	-1.0	0.372	0.84	-1.0	0.667	1.0	1.0	0.0	-1.0	1.0	0.662	1.0	0.727	-1.0	0.0	0.0	-1.0	-1.0	-1.0	-1.0	-1.0	0.0	0.344	-1.0	0.167	0.085	0.0	-1.0	0.267	-1.0	0.0	0.0	-1.0	0.0	0.0	0.095	0.0	0.0	0.0	-1.0	-1.0	-1.0	-1.0	-1.0	0.273	-1.0	1.0	-1.0	0.0	0.75	-1.0	-1.0	0.0	0.0	0.0	-1.0	0.0	0.56	-1.0	-1.0	-1.0	-1.0	1.0	0.414	0.0	0.15	0.464	0.352	0.517	-1.0	-1.0	0.864	0.509	-1.0	-1.0	0.0	0.143	-1.0	-1.0	-1.0	-1.0	-1.0
gnl|Prokka|GCF_001314995.1_1|3412264|A	-1.0	-1.0	0.561	-1.0	0.0	-1.0	-1.0	0.0	-1.0	0.0	-1.0	-1.0	0.625	-1.0	-1.0	-1.0	1.0	-1.0	-1.0	1.0	0.0	1.0	-1.0	-1.0	-1.0	-1.0	0.204	-1.0	-1.0	-1.0	-1.0	0.042	0.0	1.0	0.417	0.0	0.6	0.574	1.0	0.772	0.231	-1.0	0.0	1.0	-1.0	-1.0	0.357	0.0	0.982	-1.0	0.794	-1.0	0.611	-1.0	0.934	0.0	0.424	0.0	-1.0	0.405	0.0	0.0	1.0	-1.0	0.0	-1.0	-1.0	0.203	-1.0	1.0	0.061	-1.0	0.0	0.349	-1.0	-1.0	-1.0	0.444	0.0	-1.0	0.0	0.0	0.0	-1.0	0.812	1.0	0.452	-1.0	0.0	-1.0	-1.0	0.0	-1.0	-1.0	0.0	-1.0	0.0	-1.0	-1.0	-1.0	-1.0	-1.0	-1.0	0.0	0.133	0.714	0.0	0.044	1.0	0.562	0.605	-1.0	0.485	1.0	-1.0	0.629	1.0	1.0	0.0	-1.0	0.727	0.557	0.714	0.786	-1.0	0.0	0.0	-1.0	-1.0	-1.0	-1.0	-1.0	0.0	0.316	-1.0	0.231	0.186	0.0	-1.0	-1.0	-1.0	0.0	0.429	-1.0	0.07	0.0	0.0	0.164	0.3	0.0	-1.0	-1.0	-1.0	-1.0	-1.0	0.176	-1.0	1.0	-1.0	0.0	-1.0	-1.0	-1.0	0.0	0.0	0.0	-1.0	0.0	0.439	-1.0	-1.0	-1.0	-1.0	0.942	0.458	0.0	0.333	0.519	0.517	0.556	-1.0	-1.0	0.833	0.592	-1.0	-1.0	0.0	0.167	-1.0	-1.0	-1.0	0.0	-1.0
gnl|Prokka|GCF_001314995.1_1|3413992|T	-1.0	-1.0	0.523	-1.0	0.0	-1.0	-1.0	0.0	-1.0	0.0	-1.0	-1.0	-1.0	-1.0	-1.0	-1.0	1.0	-1.0	-1.0	1.0	0.0	1.0	-1.0	-1.0	-1.0	1.0	0.147	-1.0	-1.0	-1.0	-1.0	0.0	0.0	1.0	0.325	0.0	-1.0	0.54	0.667	0.71	0.257	-1.0	-1.0	-1.0	-1.0	-1.0	0.4	0.0	0.98	-1.0	0.84	-1.0	0.0	-1.0	0.902	0.0	0.586	0.0	-1.0	0.565	0.0	0.0	0.975	-1.0	0.0	-1.0	-1.0	0.22	-1.0	1.0	0.075	-1.0	0.0	0.618	-1.0	-1.0	-1.0	0.333	0.0	0.308	0.0	-1.0	0.0	-1.0	0.75	1.0	0.621	-1.0	0.0	-1.0	-1.0	0.0	-1.0	-1.0	0.3	-1.0	0.0	-1.0	-1.0	-1.0	0.0	-1.0	-1.0	0.0	0.28	0.438	0.0	0.064	1.0	0.25	0.186	-1.0	0.619	0.722	-1.0	0.525	1.0	0.0	0.0	-1.0	1.0	0.659	-1.0	0.605	-1.0	0.0	0.0	-1.0	-1.0	-1.0	-1.0	-1.0	0.0	0.294	-1.0	0.0	0.066	0.0	-1.0	0.0	-1.0	0.0	0.0	-1.0	0.0	0.0	0.0	0.161	0.636	0.0	-1.0	-1.0	-1.0	-1.0	-1.0	0.286	1.0	-1.0	-1.0	0.0	1.0	-1.0	-1.0	0.0	0.0	-1.0	-1.0	0.0	0.61	-1.0	-1.0	-1.0	-1.0	1.0	0.475	0.0	0.0	0.471	0.233	0.353	-1.0	-1.0	0.829	0.554	-1.0	-1.0	0.0	0.11	-1.0	-1.0	-1.0	0.0	-1.0
gnl|Prokka|GCF_001314995.1_1|3414016|G	-1.0	-1.0	0.553	-1.0	0.0	-1.0	-1.0	0.0	-1.0	0.0	-1.0	-1.0	-1.0	-1.0	-1.0	-1.0	1.0	-1.0	-1.0	1.0	0.0	1.0	-1.0	-1.0	-1.0	1.0	0.174	-1.0	-1.0	-1.0	-1.0	0.029	0.0	1.0	0.333	0.0	0.667	0.613	0.667	0.787	0.174	-1.0	-1.0	-1.0	-1.0	-1.0	0.438	0.0	0.974	-1.0	0.88	-1.0	0.0	-1.0	0.9	0.0	0.652	0.0	-1.0	0.487	0.0	0.0	1.0	-1.0	0.0	-1.0	-1.0	0.222	-1.0	1.0	0.088	-1.0	0.0	0.536	-1.0	-1.0	-1.0	0.375	0.0	0.462	-1.0	-1.0	0.0	-1.0	0.75	1.0	0.615	-1.0	0.0	-1.0	-1.0	0.0	-1.0	-1.0	0.364	-1.0	0.0	-1.0	-1.0	-1.0	0.429	-1.0	-1.0	0.0	0.263	0.583	0.0	0.045	1.0	0.3	0.0	-1.0	0.7	0.647	-1.0	0.525	1.0	0.0	0.0	-1.0	1.0	0.741	1.0	0.604	-1.0	0.0	0.0	-1.0	-1.0	-1.0	-1.0	-1.0	0.0	0.0	-1.0	0.0	0.054	0.0	-1.0	0.4	-1.0	0.0	0.0	-1.0	0.0	0.0	0.0	0.167	0.692	0.0	-1.0	-1.0	-1.0	-1.0	-1.0	0.0	1.0	-1.0	-1.0	0.0	1.0	-1.0	-1.0	0.0	0.0	-1.0	-1.0	0.0	0.638	-1.0	-1.0	-1.0	-1.0	0.65	-1.0	0.0	0.286	0.476	0.36	0.214	-1.0	-1.0	0.773	0.562	-1.0	-1.0	0.0	0.0	-1.0	-1.0	-1.0	0.0	-1.0
gnl|Prokka|GCF_001314995.1_1|3414049|C	-1.0	-1.0	0.49	-1.0	-1.0	-1.0	-1.0	-1.0	-1.0	0.0	-1.0	-1.0	1.0	-1.0	-1.0	-1.0	1.0	-1.0	-1.0	1.0	-1.0	1.0	-1.0	-1.0	-1.0	-1.0	1.0	-1.0	-1.0	-1.0	-1.0	0.033	0.0	1.0	0.325	0.0	0.583	0.575	1.0	0.814	0.217	-1.0	0.0	-1.0	-1.0	-1.0	0.615	0.0	1.0	-1.0	1.0	-1.0	-1.0	-1.0	0.922	0.0	0.762	0.0	-1.0	0.564	-1.0	0.0	1.0	-1.0	-1.0	-1.0	-1.0	0.259	-1.0	1.0	0.125	-1.0	0.0	0.481	-1.0	-1.0	-1.0	1.0	0.0	-1.0	-1.0	-1.0	0.0	-1.0	1.0	1.0	0.61	-1.0	0.0	-1.0	-1.0	0.0	-1.0	-1.0	1.0	-1.0	0.0	-1.0	-1.0	-1.0	0.375	-1.0	-1.0	0.0	0.382	0.667	-1.0	0.192	1.0	0.571	0.0	-1.0	1.0	0.688	-1.0	0.643	1.0	1.0	0.0	-1.0	1.0	0.675	-1.0	0.628	-1.0	-1.0	0.0	-1.0	-1.0	-1.0	-1.0	-1.0	0.0	-1.0	-1.0	0.0	0.153	0.0	-1.0	0.0	-1.0	0.0	0.0	-1.0	0.0	0.0	0.0	1.0	1.0	-1.0	-1.0	-1.0	-1.0	-1.0	-1.0	-1.0	1.0	-1.0	-1.0	-1.0	1.0	-1.0	-1.0	-1.0	0.0	-1.0	-1.0	0.0	0.69	-1.0	-1.0	-1.0	-1.0	0.63	0.414	0.0	0.308	0.542	0.338	0.273	-1.0	-1.0	0.911	0.532	-1.0	-1.0	-1.0	0.0	-1.0	-1.0	-1.0	0.0	-1.0
gnl|Prokka|GCF_001314995.1_1|3414055|T	-1.0	-1.0	0.521	-1.0	1.0	-1.0	-1.0	0.312	-1.0	1.0	-1.0	-1.0	0.0	-1.0	-1.0	-1.0	0.0	-1.0	-1.0	0.0	0.0	0.0	-1.0	-1.0	-1.0	0.0	0.0	-1.0	-1.0	-1.0	-1.0	0.835	-1.0	0.0	0.649	0.733	-1.0	0.476	0.0	0.208	0.773	-1.0	-1.0	-1.0	-1.0	-1.0	0.417	1.0	0.0	-1.0	0.0	-1.0	0.636	-1.0	0.08	1.0	0.179	1.0	-1.0	0.429	0.0	0.222	0.0	-1.0	0.0	-1.0	-1.0	0.605	-1.0	0.0	0.902	-1.0	1.0	-1.0	-1.0	-1.0	-1.0	0.0	0.12	-1.0	-1.0	0.0	0.862	-1.0	0.0	0.0	0.39	-1.0	-1.0	-1.0	-1.0	0.421	-1.0	-1.0	0.0	-1.0	0.136	-1.0	-1.0	-1.0	0.625	-1.0	-1.0	1.0	0.488	0.375	0.0	0.256	0.0	-1.0	0.942	-1.0	0.0	0.353	-1.0	0.395	0.0	0.375	0.122	-1.0	0.0	0.359	0.0	0.391	-1.0	0.0	0.308	-1.0	-1.0	-1.0	-1.0	-1.0	-1.0	0.0	-1.0	1.0	0.852	0.917	-1.0	1.0	-1.0	0.742	0.375	-1.0	0.24	0.6	0.278	0.0	0.0	0.0	-1.0	-1.0	-1.0	-1.0	-1.0	0.0	0.0	0.0	-1.0	0.0	0.0	-1.0	-1.0	-1.0	0.733	0.0	-1.0	0.87	0.326	-1.0	-1.0	-1.0	-1.0	0.103	0.679	0.333	0.692	0.489	0.573	0.6	-1.0	-1.0	0.077	0.485	-1.0	-1.0	0.0	0.016	-1.0	-1.0	-1.0	1.0	-1.0
gnl|Prokka|GCF_001314995.1_1|3418032|T	-1.0	-1.0	0.514	-1.0	0.0	-1.0	-1.0	0.0	-1.0	0.0	-1.0	-1.0	1.0	-1.0	-1.0	-1.0	1.0	-1.0	-1.0	1.0	0.0	1.0	-1.0	-1.0	-1.0	-1.0	0.293	-1.0	-1.0	-1.0	-1.0	0.0	0.0	-1.0	0.26	0.0	0.613	0.493	1.0	0.813	0.367	-1.0	-1.0	1.0	-1.0	-1.0	0.25	0.0	0.979	-1.0	1.0	-1.0	0.364	-1.0	0.886	0.0	0.519	0.0	-1.0	0.618	0.0	0.0	0.973	-1.0	0.0	-1.0	-1.0	0.118	-1.0	-1.0	0.057	-1.0	0.19	-1.0	-1.0	-1.0	-1.0	0.0	0.0	0.143	0.0	0.0	0.0	-1.0	0.619	1.0	0.398	-1.0	0.0	-1.0	-1.0	0.0	-1.0	-1.0	0.2	-1.0	0.0	-1.0	-1.0	-1.0	0.0	-1.0	-1.0	0.0	0.036	0.667	0.0	0.0	1.0	0.136	0.515	-1.0	0.682	1.0	-1.0	0.726	-1.0	1.0	0.0	-1.0	1.0	0.76	1.0	0.667	-1.0	0.0	0.0	-1.0	-1.0	-1.0	-1.0	-1.0	-1.0	0.379	-1.0	0.0	0.082	0.0	-1.0	0.143	-1.0	0.0	-1.0	-1.0	0.0	0.0	0.0	0.081	0.364	-1.0	-1.0	-1.0	-1.0	-1.0	-1.0	0.346	0.571	0.0	-1.0	0.0	0.0	-1.0	-1.0	0.0	0.0	0.0	-1.0	0.194	0.621	-1.0	-1.0	-1.0	-1.0	1.0	0.45	0.0	0.211	0.0	0.235	0.467	-1.0	-1.0	0.774	0.516	-1.0	-1.0	0.0	0.189	-1.0	-1.0	-1.0	0.0	-1.0
gnl|Prokka|GCF_001314995.1_1|3418128|T	-1.0	-1.0	0.464	-1.0	0.0	-1.0	-1.0	0.0	-1.0	0.0	-1.0	-1.0	1.0	-1.0	-1.0	-1.0	1.0	-1.0	-1.0	1.0	0.0	1.0	-1.0	-1.0	-1.0	1.0	0.357	-1.0	-1.0	-1.0	-1.0	0.0	0.85	0.474	0.25	0.0	0.607	0.463	1.0	0.75	0.243	-1.0	-1.0	1.0	-1.0	-1.0	0.4	0.0	0.981	-1.0	1.0	-1.0	0.357	-1.0	0.924	0.0	0.519	0.0	-1.0	0.543	0.0	0.0	0.972	-1.0	0.0	-1.0	-1.0	0.106	-1.0	0.0	0.043	-1.0	0.107	-1.0	-1.0	-1.0	-1.0	0.0	0.0	0.408	0.0	0.0	0.0	-1.0	0.517	1.0	0.429	-1.0	0.0	-1.0	-1.0	0.0	-1.0	-1.0	0.25	-1.0	0.0	-1.0	-1.0	-1.0	-1.0	-1.0	-1.0	0.0	0.109	0.571	0.0	0.0	1.0	0.125	0.53	-1.0	0.556	1.0	-1.0	0.851	1.0	1.0	0.0	-1.0	1.0	0.738	1.0	0.614	-1.0	0.0	0.0	-1.0	-1.0	-1.0	-1.0	-1.0	0.0	1.0	-1.0	0.0	0.149	0.0	-1.0	0.15	-1.0	0.0	-1.0	-1.0	0.0	0.0	0.0	0.3	0.267	-1.0	-1.0	-1.0	-1.0	-1.0	-1.0	0.444	0.692	1.0	-1.0	0.0	0.692	-1.0	-1.0	0.0	0.0	0.0	-1.0	0.156	0.6	-1.0	-1.0	-1.0	-1.0	1.0	0.65	0.0	0.467	0.0	0.284	0.577	-1.0	-1.0	0.824	0.55	-1.0	-1.0	0.0	0.197	-1.0	-1.0	-1.0	0.0	-1.0
gnl|Prokka|GCF_001314995.1_1|3420039|T	-1.0	-1.0	0.429	-1.0	0.0	-1.0	-1.0	0.0	-1.0	0.0	-1.0	-1.0	1.0	-1.0	-1.0	-1.0	0.824	-1.0	-1.0	1.0	0.0	0.783	-1.0	-1.0	-1.0	1.0	0.529	-1.0	-1.0	-1.0	-1.0	0.05	-1.0	1.0	0.333	0.0	0.348	0.619	0.7	0.752	0.171	-1.0	0.0	1.0	-1.0	-1.0	0.176	0.0	1.0	-1.0	0.84	-1.0	0.588	-1.0	0.915	0.0	0.371	0.0	-1.0	0.378	0.0	0.571	1.0	-1.0	0.0	-1.0	-1.0	0.149	-1.0	-1.0	0.164	-1.0	0.0	-1.0	-1.0	-1.0	-1.0	0.455	0.0	-1.0	0.0	-1.0	0.0	-1.0	0.826	1.0	0.412	-1.0	0.0	-1.0	-1.0	0.0	-1.0	-1.0	0.0	-1.0	0.0	-1.0	-1.0	-1.0	0.214	-1.0	-1.0	0.042	0.281	0.706	0.0	0.076	1.0	-1.0	0.55	-1.0	0.583	0.857	-1.0	0.529	0.964	0.75	0.0	-1.0	1.0	0.692	1.0	0.651	-1.0	0.0	0.0	-1.0	-1.0	-1.0	-1.0	-1.0	0.538	-1.0	-1.0	0.0	0.171	0.0	-1.0	0.0	-1.0	0.0	0.0	-1.0	0.0	0.0	0.0	0.1	0.421	-1.0	-1.0	-1.0	-1.0	-1.0	-1.0	0.514	0.727	-1.0	-1.0	0.107	-1.0	-1.0	-1.0	0.0	0.0	0.0	-1.0	0.0	0.6	-1.0	-1.0	-1.0	-1.0	1.0	0.542	0.0	0.615	0.0	0.248	0.52	-1.0	-1.0	0.811	0.678	-1.0	-1.0	0.0	0.145	-1.0	-1.0	-1.0	0.0	-1.0
gnl|Prokka|GCF_001314995.1_1|3420761|A	-1.0	-1.0	0.441	-1.0	0.0	-1.0	-1.0	-1.0	-1.0	0.0	-1.0	-1.0	-1.0	-1.0	-1.0	-1.0	-1.0	-1.0	-1.0	1.0	0.0	1.0	-1.0	-1.0	-1.0	1.0	0.38	-1.0	-1.0	-1.0	-1.0	0.0	0.583	1.0	0.185	0.0	0.467	0.7	1.0	0.781	0.211	-1.0	-1.0	-1.0	-1.0	-1.0	0.25	0.0	1.0	-1.0	0.708	-1.0	0.429	-1.0	0.917	0.0	0.545	0.0	-1.0	0.469	0.0	0.0	1.0	-1.0	0.0	-1.0	-1.0	0.0	-1.0	-1.0	0.038	-1.0	1.0	0.645	-1.0	-1.0	-1.0	0.0	0.0	0.76	0.0	0.857	0.0	-1.0	0.55	1.0	0.417	-1.0	0.0	-1.0	-1.0	0.0	-1.0	-1.0	0.188	-1.0	0.0	-1.0	-1.0	-1.0	0.0	-1.0	-1.0	0.0	0.167	1.0	0.0	0.0	1.0	0.4	0.562	-1.0	0.267	1.0	-1.0	0.484	0.962	1.0	0.0	-1.0	1.0	0.739	1.0	0.727	-1.0	0.0	0.0	-1.0	-1.0	-1.0	-1.0	-1.0	0.0	0.0	-1.0	0.0	0.167	0.0	-1.0	-1.0	-1.0	0.0	0.0	-1.0	0.0	0.0	0.0	0.091	0.417	0.542	-1.0	-1.0	-1.0	-1.0	-1.0	0.385	0.636	1.0	-1.0	0.0	0.455	-1.0	-1.0	0.0	0.0	0.0	-1.0	0.0	0.75	-1.0	-1.0	-1.0	-1.0	1.0	0.294	0.0	-1.0	0.0	0.253	0.435	-1.0	-1.0	0.774	0.61	-1.0	-1.0	0.0	0.153	-1.0	-1.0	-1.0	0.0	-1.0
gnl|Prokka|GCF_001314995.1_1|3421049|G	-1.0	-1.0	0.391	-1.0	0.0	-1.0	-1.0	0.0	-1.0	0.0	-1.0	-1.0	0.583	-1.0	-1.0	-1.0	1.0	-1.0	-1.0	1.0	0.0	1.0	-1.0	-1.0	-1.0	0.308	0.286	-1.0	-1.0	-1.0	-1.0	0.03	0.0	0.632	0.25	0.0	0.3	0.478	1.0	0.633	0.213	-1.0	0.0	1.0	-1.0	-1.0	0.25	0.0	1.0	-1.0	0.586	-1.0	0.0	-1.0	0.892	0.0	0.182	0.0	-1.0	-1.0	0.0	0.0	1.0	-1.0	0.0	-1.0	-1.0	0.0	-1.0	-1.0	0.0	-1.0	0.136	0.474	-1.0	-1.0	-1.0	0.455	0.0	0.333	-1.0	0.0	0.0	-1.0	0.55	1.0	0.295	-1.0	0.0	-1.0	-1.0	0.0	-1.0	-1.0	0.111	-1.0	0.0	-1.0	-1.0	-1.0	0.0	-1.0	-1.0	0.0	0.063	1.0	0.0	0.0	1.0	0.333	0.386	-1.0	0.261	0.708	-1.0	0.477	1.0	1.0	0.0	-1.0	-1.0	0.595	1.0	0.659	-1.0	0.07	0.0	-1.0	-1.0	-1.0	-1.0	-1.0	0.0	0.0	-1.0	0.0	0.096	0.0	-1.0	0.0	-1.0	0.0	0.0	-1.0	0.0	0.0	0.045	0.0	0.364	0.273	-1.0	-1.0	-1.0	-1.0	-1.0	0.345	-1.0	-1.0	-1.0	0.0	0.0	-1.0	-1.0	0.0	0.0	0.0	-1.0	0.0	0.517	-1.0	-1.0	-1.0	-1.0	1.0	0.423	0.0	0.375	0.0	0.13	0.185	-1.0	-1.0	0.609	0.612	-1.0	-1.0	0.0	0.089	-1.0	-1.0	-1.0	0.0	-1.0
gnl|Prokka|GCF_001314995.1_1|3421082|T	-1.0	-1.0	0.308	-1.0	0.0	-1.0	-1.0	0.0	-1.0	0.0	-1.0	-1.0	0.611	-1.0	-1.0	-1.0	1.0	-1.0	-1.0	1.0	0.0	1.0	-1.0	-1.0	-1.0	0.0	0.283	-1.0	-1.0	-1.0	-1.0	0.025	0.0	1.0	0.229	0.0	0.3	0.558	0.769	0.664	0.245	-1.0	0.0	1.0	-1.0	-1.0	0.214	0.0	1.0	-1.0	0.704	-1.0	0.0	-1.0	0.915	0.0	0.231	0.0	-1.0	0.429	0.0	0.0	1.0	-1.0	0.0	-1.0	-1.0	0.057	-1.0	-1.0	0.0	-1.0	0.0	0.459	-1.0	-1.0	-1.0	-1.0	0.0	0.812	0.0	0.529	0.0	-1.0	0.542	1.0	0.326	-1.0	0.0	-1.0	-1.0	0.0	-1.0	-1.0	0.0	-1.0	0.0	-1.0	-1.0	-1.0	0.0	-1.0	-1.0	0.0	0.1	1.0	0.0	0.0	1.0	0.389	0.421	-1.0	0.292	0.737	-1.0	0.521	1.0	1.0	0.0	-1.0	1.0	0.553	0.692	0.703	-1.0	0.094	0.0	-1.0	-1.0	-1.0	-1.0	-1.0	0.273	0.2	-1.0	0.0	0.1	0.0	-1.0	0.0	-1.0	0.0	0.0	-1.0	0.0	0.0	0.058	0.0	0.333	0.0	-1.0	-1.0	-1.0	-1.0	-1.0	0.471	-1.0	0.429	-1.0	0.0	0.0	-1.0	-1.0	0.0	0.0	0.0	-1.0	0.129	0.7	-1.0	-1.0	-1.0	-1.0	1.0	0.346	0.0	-1.0	0.0	0.194	0.229	-1.0	-1.0	0.844	0.621	-1.0	-1.0	0.0	0.105	-1.0	-1.0	-1.0	0.0	-1.0
gnl|Prokka|GCF_001314995.1_1|3421112|C	-1.0	-1.0	0.319	-1.0	0.0	-1.0	-1.0	0.0	-1.0	0.0	-1.0	-1.0	0.474	-1.0	-1.0	-1.0	1.0	-1.0	-1.0	1.0	0.0	1.0	-1.0	-1.0	-1.0	-1.0	0.357	-1.0	-1.0	-1.0	-1.0	0.018	-1.0	1.0	0.22	0.0	-1.0	0.523	0.692	0.669	0.283	-1.0	0.0	1.0	-1.0	-1.0	0.2	0.0	1.0	-1.0	0.72	-1.0	0.0	-1.0	0.91	0.0	0.293	0.0	-1.0	0.438	0.0	0.0	1.0	-1.0	0.0	-1.0	-1.0	0.07	-1.0	-1.0	0.0	-1.0	0.0	0.514	-1.0	-1.0	-1.0	-1.0	0.0	0.769	0.0	0.526	0.0	-1.0	0.63	1.0	0.375	-1.0	0.0	-1.0	-1.0	0.0	-1.0	-1.0	0.115	-1.0	0.0	-1.0	-1.0	-1.0	0.0	-1.0	-1.0	0.0	0.108	1.0	0.0	0.0	1.0	-1.0	0.397	-1.0	0.292	0.684	-1.0	0.423	1.0	1.0	0.0	-1.0	-1.0	0.566	1.0	0.75	-1.0	0.105	0.0	-1.0	-1.0	-1.0	-1.0	-1.0	0.0	0.238	-1.0	-1.0	0.122	0.0	-1.0	0.0	-1.0	0.0	0.0	-1.0	0.0	0.0	0.056	0.143	0.4	0.188	-1.0	-1.0	-1.0	-1.0	-1.0	0.464	-1.0	-1.0	-1.0	0.0	0.0	-1.0	-1.0	0.0	0.0	0.0	-1.0	0.107	0.533	-1.0	-1.0	-1.0	-1.0	1.0	0.409	0.0	-1.0	0.0	0.2	0.379	-1.0	-1.0	0.771	0.646	-1.0	-1.0	0.0	0.129	-1.0	-1.0	-1.0	0.0	-1.0
gnl|Prokka|GCF_001314995.1_1|3421268|G	-1.0	-1.0	0.486	-1.0	0.0	-1.0	-1.0	0.0	-1.0	0.0	-1.0	-1.0	0.667	-1.0	-1.0	-1.0	1.0	-1.0	-1.0	1.0	0.0	1.0	-1.0	-1.0	-1.0	-1.0	0.585	-1.0	-1.0	-1.0	-1.0	0.03	-1.0	1.0	0.45	0.0	0.545	0.672	1.0	0.805	0.311	-1.0	0.0	1.0	-1.0	-1.0	0.4	0.0	0.971	-1.0	0.872	-1.0	0.6	-1.0	1.0	0.0	0.486	0.0	-1.0	0.676	0.0	0.0	0.971	-1.0	0.0	-1.0	-1.0	0.109	-1.0	1.0	0.0	-1.0	0.0	0.628	-1.0	-1.0	-1.0	-1.0	0.0	0.625	-1.0	0.0	0.0	-1.0	0.667	1.0	0.497	-1.0	0.0	-1.0	-1.0	0.0	-1.0	-1.0	0.0	-1.0	0.0	-1.0	-1.0	-1.0	0.0	-1.0	-1.0	0.0	0.065	0.7	0.0	0.0	1.0	0.667	0.516	-1.0	0.579	1.0	-1.0	0.706	0.949	1.0	0.0	-1.0	-1.0	0.642	1.0	0.833	-1.0	0.136	0.0	-1.0	-1.0	-1.0	-1.0	-1.0	0.0	0.0	-1.0	0.0	0.239	0.0	-1.0	-1.0	-1.0	0.0	0.0	-1.0	0.0	0.0	0.077	0.125	1.0	0.0	-1.0	-1.0	-1.0	-1.0	-1.0	0.462	-1.0	-1.0	-1.0	0.0	-1.0	-1.0	-1.0	0.0	0.0	0.0	-1.0	0.19	0.692	-1.0	-1.0	-1.0	-1.0	1.0	0.652	0.0	-1.0	0.0	0.466	0.591	-1.0	-1.0	0.816	0.781	-1.0	-1.0	0.0	0.177	-1.0	-1.0	-1.0	0.0	-1.0
gnl|Prokka|GCF_001314995.1_1|3421271|A	-1.0	-1.0	0.514	-1.0	0.0	-1.0	-1.0	0.0	-1.0	0.0	-1.0	-1.0	0.727	-1.0	-1.0	-1.0	1.0	-1.0	-1.0	1.0	0.0	1.0	-1.0	-1.0	-1.0	-1.0	0.561	-1.0	-1.0	-1.0	-1.0	0.033	-1.0	1.0	0.514	0.0	0.6	0.691	1.0	0.821	0.318	-1.0	0.0	1.0	-1.0	-1.0	0.375	0.0	0.971	-1.0	0.875	-1.0	0.6	-1.0	1.0	0.0	-1.0	0.0	-1.0	0.676	0.0	-1.0	0.972	-1.0	0.0	-1.0	-1.0	0.109	-1.0	1.0	0.0	-1.0	0.0	0.643	-1.0	-1.0	-1.0	-1.0	0.0	0.571	-1.0	0.0	0.0	-1.0	0.667	1.0	0.508	-1.0	0.0	-1.0	-1.0	0.0	-1.0	-1.0	0.0	-1.0	0.0	-1.0	-1.0	-1.0	0.0	-1.0	-1.0	0.0	0.068	0.7	0.0	0.0	1.0	0.7	-1.0	-1.0	0.605	1.0	-1.0	0.74	0.95	1.0	0.0	-1.0	-1.0	0.706	1.0	0.824	-1.0	0.136	0.0	-1.0	-1.0	-1.0	-1.0	-1.0	0.0	0.348	-1.0	0.0	0.25	0.0	-1.0	0.0	-1.0	0.0	0.0	-1.0	0.0	0.0	0.081	0.154	1.0	0.0	-1.0	-1.0	-1.0	-1.0	-1.0	0.44	-1.0	1.0	-1.0	0.0	-1.0	-1.0	-1.0	0.0	0.0	0.0	-1.0	0.2	0.692	-1.0	-1.0	-1.0	-1.0	1.0	0.619	0.0	0.545	0.0	0.486	0.636	-1.0	-1.0	0.808	0.775	-1.0	-1.0	0.0	0.182	-1.0	-1.0	-1.0	0.0	-1.0
gnl|Prokka|GCF_001314995.1_1|3421441|G	-1.0	-1.0	0.636	-1.0	0.0	-1.0	-1.0	0.0	-1.0	0.0	-1.0	-1.0	1.0	-1.0	-1.0	-1.0	1.0	-1.0	-1.0	1.0	0.0	1.0	-1.0	-1.0	-1.0	1.0	0.674	-1.0	-1.0	-1.0	-1.0	0.063	-1.0	-1.0	0.481	0.0	1.0	0.7	1.0	0.862	0.273	-1.0	-1.0	1.0	-1.0	-1.0	0.429	0.0	1.0	-1.0	1.0	-1.0	0.75	-1.0	1.0	0.0	0.667	0.0	-1.0	0.536	0.0	0.0	1.0	-1.0	0.0	-1.0	-1.0	0.179	-1.0	-1.0	0.129	-1.0	0.308	0.824	-1.0	-1.0	-1.0	0.625	0.0	-1.0	0.0	-1.0	0.0	-1.0	1.0	1.0	0.54	-1.0	0.0	-1.0	-1.0	0.0	-1.0	-1.0	0.0	-1.0	0.0	-1.0	-1.0	-1.0	0.0	-1.0	-1.0	0.0	0.185	0.7	0.0	0.0	1.0	1.0	0.677	-1.0	0.84	1.0	-1.0	1.0	0.962	1.0	0.0	-1.0	1.0	0.785	0.75	0.889	-1.0	0.0	0.0	-1.0	-1.0	-1.0	-1.0	-1.0	0.0	-1.0	-1.0	0.0	0.296	0.0	-1.0	-1.0	-1.0	0.0	0.0	-1.0	0.0	0.0	0.0	0.2	0.545	0.0	-1.0	-1.0	-1.0	-1.0	-1.0	0.357	1.0	1.0	-1.0	0.0	0.667	-1.0	-1.0	0.0	0.0	0.0	-1.0	-1.0	0.528	-1.0	-1.0	-1.0	-1.0	1.0	0.389	0.0	0.0	0.0	0.412	0.808	-1.0	-1.0	0.925	0.594	-1.0	-1.0	0.0	0.233	-1.0	-1.0	-1.0	0.0	-1.0
gnl|Prokka|GCF_001314995.1_1|3421442|A	-1.0	-1.0	0.591	-1.0	0.0	-1.0	-1.0	0.0	-1.0	0.0	-1.0	-1.0	1.0	-1.0	-1.0	-1.0	1.0	-1.0	-1.0	1.0	0.0	1.0	-1.0	-1.0	-1.0	1.0	0.65	-1.0	-1.0	-1.0	-1.0	0.05	-1.0	1.0	-1.0	0.0	1.0	0.7	1.0	0.857	0.261	-1.0	-1.0	1.0	-1.0	-1.0	0.429	0.0	1.0	-1.0	1.0	-1.0	0.75	-1.0	1.0	0.0	0.633	0.0	-1.0	0.536	0.0	0.0	1.0	-1.0	0.0	-1.0	-1.0	0.161	-1.0	-1.0	0.133	-1.0	0.333	0.824	-1.0	-1.0	-1.0	0.556	0.0	-1.0	0.0	-1.0	0.0	-1.0	1.0	1.0	0.531	-1.0	0.0	-1.0	-1.0	0.0	-1.0	-1.0	0.0	-1.0	0.0	-1.0	-1.0	-1.0	0.0	-1.0	-1.0	0.0	0.172	0.667	0.0	0.0	1.0	1.0	0.645	-1.0	0.84	1.0	-1.0	1.0	0.96	1.0	0.0	-1.0	1.0	0.719	0.75	0.889	-1.0	0.0	0.0	-1.0	-1.0	-1.0	-1.0	-1.0	0.0	0.0	-1.0	0.0	0.333	0.0	-1.0	-1.0	-1.0	0.0	0.0	-1.0	0.0	0.0	0.0	0.207	0.417	0.0	-1.0	-1.0	-1.0	-1.0	-1.0	0.385	1.0	1.0	-1.0	0.0	1.0	-1.0	-1.0	0.0	0.0	0.0	-1.0	0.0	0.514	-1.0	-1.0	-1.0	-1.0	1.0	0.412	0.0	0.188	0.0	0.4	0.8	-1.0	-1.0	0.925	0.594	-1.0	-1.0	0.0	0.236	-1.0	-1.0	-1.0	0.0	-1.0
gnl|Prokka|GCF_001314995.1_1|3421472|G	-1.0	-1.0	0.593	-1.0	0.3	-1.0	-1.0	0.0	-1.0	0.0	-1.0	-1.0	1.0	-1.0	-1.0	-1.0	1.0	-1.0	-1.0	1.0	0.0	1.0	-1.0	-1.0	-1.0	-1.0	0.512	-1.0	-1.0	-1.0	-1.0	0.077	-1.0	1.0	0.571	0.0	0.727	0.68	1.0	0.851	0.333	-1.0	-1.0	1.0	-1.0	-1.0	0.333	0.0	1.0	-1.0	1.0	-1.0	0.727	-1.0	1.0	0.0	0.636	0.0	-1.0	0.533	0.0	0.0	1.0	-1.0	0.0	-1.0	-1.0	0.184	-1.0	1.0	0.172	-1.0	0.0	0.793	-1.0	-1.0	-1.0	0.625	0.0	0.0	0.0	-1.0	0.0	-1.0	1.0	1.0	0.571	-1.0	0.0	-1.0	-1.0	0.0	-1.0	-1.0	0.0	-1.0	0.0	-1.0	-1.0	-1.0	0.0	-1.0	-1.0	0.0	0.214	0.692	0.0	0.0	1.0	-1.0	0.78	-1.0	0.826	1.0	-1.0	1.0	1.0	1.0	0.0	-1.0	1.0	0.73	1.0	0.894	-1.0	0.0	0.0	-1.0	-1.0	-1.0	-1.0	-1.0	0.0	0.0	-1.0	0.0	0.276	0.0	-1.0	-1.0	-1.0	0.0	0.0	-1.0	0.0	0.0	0.088	0.37	0.545	0.0	-1.0	-1.0	-1.0	-1.0	-1.0	0.357	1.0	-1.0	-1.0	0.0	-1.0	-1.0	-1.0	-1.0	0.0	0.0	-1.0	0.0	0.615	-1.0	-1.0	-1.0	-1.0	1.0	0.333	0.0	0.0	0.0	0.423	0.84	-1.0	-1.0	0.909	0.572	-1.0	-1.0	0.0	0.285	-1.0	-1.0	-1.0	0.0	-1.0
gnl|Prokka|GCF_001314995.1_1|3423179|A	-1.0	-1.0	0.481	-1.0	0.0	-1.0	-1.0	0.0	-1.0	0.0	-1.0	-1.0	0.727	-1.0	-1.0	-1.0	1.0	-1.0	-1.0	1.0	0.0	0.808	-1.0	-1.0	-1.0	-1.0	0.224	-1.0	-1.0	-1.0	-1.0	0.044	-1.0	1.0	0.467	0.0	0.529	0.459	1.0	0.816	0.382	-1.0	-1.0	1.0	-1.0	-1.0	0.333	0.0	-1.0	-1.0	0.842	-1.0	0.769	-1.0	0.885	0.0	0.568	0.0	-1.0	-1.0	0.0	0.0	0.967	-1.0	0.0	-1.0	-1.0	0.081	-1.0	-1.0	0.098	-1.0	0.0	0.574	-1.0	-1.0	-1.0	-1.0	0.0	0.647	-1.0	0.444	0.0	-1.0	0.444	1.0	0.57	-1.0	0.0	-1.0	-1.0	0.0	-1.0	-1.0	0.176	-1.0	0.176	-1.0	-1.0	-1.0	0.0	-1.0	-1.0	0.0	0.185	0.722	0.0	0.0	1.0	-1.0	0.465	-1.0	0.417	1.0	-1.0	0.667	1.0	0.667	0.0	-1.0	-1.0	0.824	1.0	0.606	-1.0	0.0	0.0	-1.0	-1.0	-1.0	-1.0	-1.0	0.0	0.886	-1.0	0.0	0.174	0.0	-1.0	-1.0	-1.0	0.0	0.0	-1.0	0.0	0.0	0.0	0.0	0.267	0.0	-1.0	-1.0	-1.0	-1.0	-1.0	0.231	1.0	0.667	-1.0	0.0	0.4	-1.0	-1.0	0.0	0.0	0.0	-1.0	0.0	0.654	-1.0	-1.0	-1.0	-1.0	0.941	0.478	0.0	0.15	0.0	0.293	0.652	-1.0	-1.0	0.875	0.431	-1.0	-1.0	0.0	0.191	-1.0	-1.0	-1.0	0.0	-1.0
gnl|Prokka|GCF_001314995.1_1|3423236|G	-1.0	-1.0	0.467	-1.0	0.0	-1.0	-1.0	0.0	-1.0	0.0	-1.0	-1.0	0.7	-1.0	-1.0	-1.0	1.0	-1.0	-1.0	1.0	0.0	0.75	-1.0	-1.0	-1.0	0.462	0.174	-1.0	-1.0	-1.0	-1.0	0.027	-1.0	1.0	0.421	0.0	0.615	0.443	1.0	0.84	0.387	-1.0	-1.0	1.0	-1.0	-1.0	0.158	0.0	1.0	-1.0	1.0	-1.0	1.0	-1.0	0.88	0.0	0.579	0.0	-1.0	0.489	0.0	0.0	0.965	-1.0	0.0	-1.0	-1.0	0.077	-1.0	-1.0	0.108	-1.0	0.0	0.524	-1.0	-1.0	-1.0	-1.0	0.0	-1.0	-1.0	-1.0	0.0	-1.0	0.375	1.0	0.551	-1.0	0.0	-1.0	-1.0	0.0	-1.0	-1.0	0.222	-1.0	0.176	-1.0	-1.0	-1.0	0.0	-1.0	-1.0	0.0	0.164	0.632	0.0	0.0	1.0	1.0	0.375	-1.0	0.325	1.0	-1.0	0.696	1.0	0.75	0.0	-1.0	1.0	0.8	0.6	0.706	-1.0	0.0	0.0	-1.0	-1.0	-1.0	-1.0	-1.0	0.0	0.739	-1.0	0.0	0.188	0.0	-1.0	-1.0	-1.0	0.0	0.0	-1.0	0.0	0.0	0.207	0.125	0.333	0.0	-1.0	-1.0	-1.0	-1.0	-1.0	-1.0	1.0	0.556	-1.0	0.0	0.6	-1.0	-1.0	0.0	0.0	0.0	-1.0	0.0	0.607	-1.0	-1.0	-1.0	-1.0	0.943	0.538	0.0	-1.0	0.0	0.233	0.542	-1.0	-1.0	0.828	0.533	-1.0	-1.0	0.0	0.182	-1.0	-1.0	-1.0	0.0	-1.0
gnl|Prokka|GCF_001314995.1_1|3423632|T	-1.0	-1.0	0.735	-1.0	0.0	-1.0	-1.0	0.0	-1.0	0.0	-1.0	-1.0	1.0	-1.0	-1.0	-1.0	1.0	-1.0	-1.0	1.0	0.0	1.0	-1.0	-1.0	-1.0	-1.0	0.306	-1.0	-1.0	-1.0	-1.0	0.038	-1.0	1.0	0.4	0.0	1.0	0.594	1.0	0.807	0.429	-1.0	-1.0	1.0	-1.0	-1.0	0.375	0.0	1.0	-1.0	0.923	-1.0	0.571	-1.0	0.933	0.0	0.583	0.0	-1.0	0.538	0.0	0.0	1.0	-1.0	0.0	-1.0	-1.0	0.136	-1.0	1.0	0.114	-1.0	0.0	0.469	-1.0	-1.0	-1.0	-1.0	0.0	0.812	0.0	0.0	0.0	-1.0	0.75	1.0	0.536	-1.0	0.0	-1.0	-1.0	0.0	-1.0	-1.0	0.0	-1.0	0.0	-1.0	-1.0	-1.0	-1.0	-1.0	-1.0	0.0	0.149	0.7	0.0	0.061	1.0	0.429	0.588	-1.0	0.6	1.0	-1.0	0.893	1.0	1.0	0.0	-1.0	-1.0	0.74	1.0	0.732	-1.0	0.0	0.0	-1.0	-1.0	-1.0	-1.0	-1.0	-1.0	1.0	-1.0	0.0	0.0	0.0	-1.0	-1.0	-1.0	0.0	-1.0	-1.0	0.0	0.0	0.0	0.097	0.727	0.273	-1.0	-1.0	-1.0	-1.0	-1.0	0.391	-1.0	1.0	-1.0	0.0	1.0	-1.0	-1.0	-1.0	0.0	0.0	-1.0	0.158	0.8	-1.0	-1.0	-1.0	-1.0	1.0	0.762	0.0	0.364	0.0	0.333	0.588	-1.0	-1.0	1.0	0.67	-1.0	-1.0	0.0	0.229	-1.0	-1.0	-1.0	0.0	-1.0
gnl|Prokka|GCF_001314995.1_1|3425215|G	-1.0	-1.0	0.51	-1.0	-1.0	-1.0	-1.0	0.0	-1.0	0.0	-1.0	-1.0	0.556	-1.0	-1.0	-1.0	1.0	-1.0	-1.0	1.0	0.0	1.0	-1.0	-1.0	-1.0	1.0	0.783	-1.0	-1.0	-1.0	-1.0	0.026	0.632	1.0	0.297	0.0	0.773	0.516	1.0	0.774	0.357	-1.0	0.0	0.0	-1.0	-1.0	-1.0	0.0	1.0	-1.0	0.857	-1.0	0.0	-1.0	0.902	0.0	0.486	0.0	-1.0	0.442	0.0	0.0	1.0	-1.0	0.0	-1.0	-1.0	0.0	-1.0	-1.0	0.098	-1.0	0.211	0.525	-1.0	-1.0	-1.0	0.429	0.0	0.8	-1.0	-1.0	0.0	-1.0	1.0	0.96	0.443	-1.0	0.0	-1.0	-1.0	0.0	-1.0	-1.0	0.0	-1.0	0.0	-1.0	-1.0	-1.0	0.0	-1.0	-1.0	0.0	0.149	0.727	0.0	0.04	1.0	0.333	0.389	-1.0	0.806	0.87	-1.0	0.571	1.0	0.0	0.0	-1.0	1.0	0.628	1.0	0.793	-1.0	0.0	0.0	-1.0	-1.0	-1.0	-1.0	-1.0	0.0	0.0	-1.0	0.0	0.0	0.0	-1.0	0.0	-1.0	0.0	0.0	-1.0	0.0	0.0	0.135	0.0	0.0	0.0	-1.0	-1.0	-1.0	-1.0	-1.0	0.56	1.0	0.727	-1.0	0.0	1.0	-1.0	-1.0	0.0	0.0	0.25	-1.0	0.0	0.581	-1.0	-1.0	-1.0	-1.0	1.0	0.812	0.0	-1.0	0.0	0.318	0.6	-1.0	-1.0	0.882	0.576	-1.0	-1.0	0.0	0.219	-1.0	-1.0	-1.0	0.0	-1.0
gnl|Prokka|GCF_001314995.1_1|3425236|C	-1.0	-1.0	0.458	-1.0	-1.0	-1.0	-1.0	0.0	-1.0	0.0	-1.0	-1.0	0.556	-1.0	-1.0	-1.0	1.0	-1.0	-1.0	1.0	0.0	1.0	-1.0	-1.0	-1.0	1.0	1.0	-1.0	-1.0	-1.0	-1.0	0.032	-1.0	1.0	0.289	0.0	0.783	0.475	1.0	0.771	0.343	-1.0	0.0	1.0	-1.0	-1.0	0.4	0.0	1.0	-1.0	0.818	-1.0	0.417	-1.0	0.893	0.0	0.457	0.0	-1.0	0.455	0.0	0.0	1.0	-1.0	0.0	-1.0	-1.0	0.0	-1.0	-1.0	0.085	-1.0	0.0	0.474	-1.0	-1.0	-1.0	-1.0	0.0	0.765	-1.0	-1.0	0.0	-1.0	1.0	0.959	0.431	-1.0	0.0	-1.0	-1.0	0.0	-1.0	-1.0	0.0	-1.0	0.0	-1.0	-1.0	-1.0	0.0	-1.0	-1.0	0.0	0.143	0.727	0.0	0.036	1.0	0.333	0.396	-1.0	0.818	0.818	-1.0	0.595	1.0	-1.0	0.0	-1.0	1.0	0.632	1.0	0.677	-1.0	0.0	0.0	-1.0	-1.0	-1.0	-1.0	-1.0	0.0	0.143	-1.0	0.0	0.203	0.0	-1.0	0.0	-1.0	0.0	0.0	-1.0	0.0	0.0	0.093	0.086	0.0	0.0	-1.0	-1.0	-1.0	-1.0	-1.0	0.52	1.0	0.667	-1.0	0.0	1.0	-1.0	-1.0	0.0	0.0	0.312	-1.0	0.0	0.6	-1.0	-1.0	-1.0	-1.0	1.0	0.625	0.0	0.4	0.0	0.34	0.581	-1.0	-1.0	0.864	0.593	-1.0	-1.0	0.0	0.204	-1.0	-1.0	-1.0	0.0	-1.0
gnl|Prokka|GCF_001314995.1_1|3425446|C	-1.0	-1.0	0.465	-1.0	0.0	-1.0	-1.0	0.0	-1.0	0.0	-1.0	-1.0	-1.0	-1.0	-1.0	-1.0	1.0	-1.0	-1.0	0.885	0.0	1.0	-1.0	-1.0	-1.0	1.0	0.688	-1.0	-1.0	-1.0	-1.0	0.0	0.7	-1.0	0.242	0.0	0.667	0.521	1.0	0.742	0.444	-1.0	0.0	0.375	-1.0	-1.0	0.462	0.0	1.0	-1.0	0.857	-1.0	-1.0	-1.0	0.89	0.0	0.516	0.0	-1.0	0.6	0.0	0.158	1.0	-1.0	0.0	-1.0	-1.0	0.0	-1.0	1.0	0.088	-1.0	0.267	0.583	-1.0	-1.0	-1.0	-1.0	0.0	0.81	0.0	0.0	0.0	-1.0	1.0	1.0	0.406	-1.0	0.0	-1.0	-1.0	0.0	-1.0	-1.0	0.25	-1.0	0.0	-1.0	-1.0	-1.0	0.0	-1.0	-1.0	0.0	0.121	0.438	0.0	0.06	1.0	-1.0	0.531	-1.0	0.694	0.794	-1.0	0.789	1.0	0.0	0.0	-1.0	1.0	0.684	-1.0	0.714	-1.0	0.0	0.0	-1.0	-1.0	-1.0	-1.0	-1.0	-1.0	0.848	-1.0	0.0	0.0	0.0	-1.0	0.304	-1.0	0.0	0.0	-1.0	0.0	0.0	0.219	0.0	0.375	0.0	-1.0	-1.0	-1.0	-1.0	-1.0	0.35	-1.0	0.571	-1.0	0.0	-1.0	-1.0	-1.0	0.0	0.0	0.455	-1.0	0.0	0.632	-1.0	-1.0	-1.0	-1.0	1.0	0.583	0.0	-1.0	0.0	0.231	0.522	-1.0	-1.0	0.919	0.438	-1.0	-1.0	0.0	0.204	-1.0	-1.0	-1.0	0.0	-1.0
gnl|Prokka|GCF_001314995.1_1|3425662|T	-1.0	-1.0	0.391	-1.0	0.0	-1.0	-1.0	-1.0	-1.0	0.0	-1.0	-1.0	1.0	-1.0	-1.0	-1.0	1.0	-1.0	-1.0	1.0	0.0	1.0	-1.0	-1.0	-1.0	-1.0	1.0	-1.0	-1.0	-1.0	-1.0	0.0	-1.0	-1.0	0.385	0.0	-1.0	0.775	1.0	0.807	0.538	-1.0	0.0	1.0	-1.0	-1.0	-1.0	0.0	1.0	-1.0	1.0	-1.0	1.0	-1.0	1.0	0.0	0.393	0.0	-1.0	0.654	0.0	0.308	1.0	-1.0	0.0	-1.0	-1.0	0.0	-1.0	1.0	0.077	-1.0	0.0	0.783	-1.0	-1.0	-1.0	-1.0	0.0	1.0	0.0	0.0	0.0	-1.0	1.0	1.0	0.554	-1.0	0.0	-1.0	-1.0	0.0	-1.0	-1.0	0.182	-1.0	0.0	-1.0	-1.0	-1.0	0.0	-1.0	-1.0	0.073	0.0	0.571	0.0	0.0	1.0	-1.0	0.472	-1.0	0.778	0.789	-1.0	0.7	1.0	0.667	0.0	-1.0	1.0	0.8	-1.0	0.757	-1.0	0.0	0.0	-1.0	-1.0	-1.0	-1.0	-1.0	0.0	0.571	-1.0	0.0	0.111	0.0	-1.0	0.7	-1.0	0.0	0.0	-1.0	0.0	0.0	0.167	0.0	0.4	0.0	-1.0	-1.0	-1.0	-1.0	-1.0	0.357	-1.0	1.0	-1.0	0.0	1.0	-1.0	-1.0	0.0	0.0	-1.0	-1.0	0.0	0.526	-1.0	-1.0	-1.0	-1.0	1.0	0.444	0.0	1.0	0.403	0.167	0.588	-1.0	-1.0	0.774	0.654	-1.0	-1.0	0.0	0.108	-1.0	-1.0	-1.0	0.0	-1.0
gnl|Prokka|GCF_001314995.1_1|3426599|C	-1.0	-1.0	1.0	-1.0	1.0	-1.0	-1.0	0.0	-1.0	1.0	-1.0	-1.0	1.0	-1.0	-1.0	-1.0	-1.0	-1.0	-1.0	0.8	0.0	0.3	-1.0	-1.0	-1.0	1.0	1.0	-1.0	-1.0	-1.0	-1.0	0.0	-1.0	0.214	0.308	0.0	1.0	0.708	-1.0	0.0	1.0	-1.0	-1.0	1.0	-1.0	-1.0	1.0	0.4	0.0	-1.0	1.0	-1.0	1.0	-1.0	1.0	0.0	0.656	1.0	-1.0	0.842	0.0	0.0	0.974	-1.0	0.0	-1.0	-1.0	0.727	-1.0	1.0	1.0	-1.0	0.0	0.276	-1.0	-1.0	-1.0	0.375	0.108	0.0	-1.0	0.125	0.0	-1.0	0.8	1.0	0.491	-1.0	0.0	-1.0	-1.0	0.0	-1.0	-1.0	0.2	-1.0	0.0	-1.0	-1.0	-1.0	-1.0	-1.0	-1.0	0.0	0.652	0.789	0.0	0.0	1.0	0.176	0.765	-1.0	1.0	0.862	-1.0	1.0	1.0	1.0	0.0	-1.0	1.0	1.0	1.0	0.706	-1.0	0.0	0.0	-1.0	-1.0	-1.0	-1.0	-1.0	-1.0	0.318	-1.0	0.0	0.143	0.0	-1.0	-1.0	-1.0	0.0	0.0	-1.0	0.0	0.429	0.0	0.0	0.444	0.8	-1.0	-1.0	-1.0	-1.0	-1.0	0.45	-1.0	0.75	-1.0	0.0	0.688	-1.0	-1.0	0.0	0.0	0.444	-1.0	0.0	1.0	-1.0	-1.0	-1.0	-1.0	1.0	0.444	0.368	-1.0	1.0	0.0	1.0	-1.0	-1.0	0.814	0.592	-1.0	-1.0	0.0	0.233	-1.0	-1.0	-1.0	0.0	-1.0
gnl|Prokka|GCF_001314995.1_1|3428356|A	-1.0	-1.0	0.55	-1.0	0.15	-1.0	-1.0	0.0	-1.0	0.176	-1.0	-1.0	1.0	-1.0	-1.0	-1.0	1.0	-1.0	-1.0	0.385	0.0	1.0	-1.0	-1.0	-1.0	0.462	0.797	-1.0	-1.0	-1.0	-1.0	0.0	0.0	1.0	0.0	0.0	0.812	0.667	1.0	0.863	0.4	-1.0	0.231	0.333	-1.0	-1.0	-1.0	0.0	0.98	-1.0	1.0	-1.0	0.0	-1.0	0.921	0.0	0.556	0.467	-1.0	0.733	0.0	0.0	1.0	-1.0	0.0	-1.0	-1.0	0.143	-1.0	1.0	0.16	-1.0	0.333	0.769	-1.0	-1.0	-1.0	-1.0	0.0	1.0	-1.0	-1.0	0.0	-1.0	1.0	1.0	0.612	-1.0	0.0	-1.0	-1.0	0.0	-1.0	-1.0	0.0	-1.0	0.0	-1.0	-1.0	-1.0	0.0	-1.0	-1.0	0.0	0.154	0.263	0.0	0.104	0.951	1.0	0.0	-1.0	0.346	1.0	-1.0	0.812	1.0	0.0	0.0	-1.0	1.0	0.905	1.0	0.761	-1.0	0.0	0.7	-1.0	-1.0	-1.0	-1.0	-1.0	0.0	1.0	-1.0	0.471	0.12	0.0	-1.0	0.0	-1.0	0.0	0.0	-1.0	0.0	0.0	0.0	0.167	0.478	0.0	-1.0	-1.0	-1.0	-1.0	-1.0	0.7	-1.0	-1.0	-1.0	0.0	0.0	-1.0	-1.0	0.0	0.0	0.556	-1.0	0.0	1.0	-1.0	-1.0	-1.0	-1.0	0.261	0.438	0.0	0.375	0.458	0.478	0.0	-1.0	-1.0	1.0	0.451	-1.0	-1.0	0.0	0.0	-1.0	-1.0	-1.0	-1.0	-1.0
gnl|Prokka|GCF_001314995.1_1|3428389|G	-1.0	-1.0	0.472	-1.0	0.0	-1.0	-1.0	0.0	-1.0	0.158	-1.0	-1.0	1.0	-1.0	-1.0	-1.0	1.0	-1.0	-1.0	1.0	0.0	0.824	-1.0	-1.0	-1.0	-1.0	1.0	-1.0	-1.0	-1.0	-1.0	0.0	0.0	1.0	0.0	0.0	0.769	0.635	1.0	0.85	0.36	-1.0	0.4	1.0	-1.0	-1.0	0.0	0.0	1.0	-1.0	0.857	-1.0	0.667	-1.0	0.929	0.0	0.64	-1.0	-1.0	0.622	0.0	0.0	1.0	-1.0	0.0	-1.0	-1.0	0.25	-1.0	1.0	0.116	-1.0	0.231	0.613	-1.0	-1.0	-1.0	-1.0	0.0	0.727	-1.0	-1.0	0.0	-1.0	1.0	1.0	0.579	-1.0	0.0	-1.0	-1.0	0.0	-1.0	-1.0	0.267	-1.0	0.0	-1.0	-1.0	-1.0	0.0	-1.0	-1.0	0.0	0.114	0.2	0.0	0.056	1.0	1.0	0.574	-1.0	0.355	1.0	-1.0	0.769	1.0	0.8	0.0	-1.0	0.786	0.797	1.0	0.702	-1.0	0.0	0.571	-1.0	-1.0	-1.0	-1.0	-1.0	0.0	0.667	-1.0	0.412	0.171	0.0	-1.0	0.0	-1.0	0.0	0.0	-1.0	0.0	0.0	0.0	0.3	0.474	0.0	-1.0	-1.0	-1.0	-1.0	-1.0	-1.0	-1.0	0.4	-1.0	0.0	-1.0	-1.0	-1.0	0.0	0.0	0.474	-1.0	0.0	1.0	-1.0	-1.0	-1.0	-1.0	1.0	0.526	0.0	0.429	0.465	0.353	0.562	-1.0	-1.0	1.0	0.459	-1.0	-1.0	0.0	0.362	-1.0	-1.0	-1.0	-1.0	-1.0
gnl|Prokka|GCF_001314995.1_1|3428700|C	-1.0	-1.0	0.529	-1.0	-1.0	-1.0	-1.0	0.0	-1.0	-1.0	-1.0	-1.0	1.0	-1.0	-1.0	-1.0	-1.0	-1.0	-1.0	1.0	0.0	0.84	-1.0	-1.0	-1.0	-1.0	1.0	-1.0	-1.0	-1.0	-1.0	0.031	0.0	0.692	0.429	0.0	0.769	0.447	0.812	0.75	0.231	-1.0	-1.0	1.0	-1.0	-1.0	0.0	0.0	1.0	-1.0	0.882	-1.0	0.429	-1.0	0.887	0.0	0.575	0.259	-1.0	0.367	0.0	0.0	1.0	-1.0	0.0	-1.0	-1.0	0.119	-1.0	-1.0	0.093	-1.0	0.0	0.433	-1.0	-1.0	-1.0	-1.0	0.0	1.0	-1.0	-1.0	0.0	-1.0	1.0	1.0	0.477	-1.0	0.0	-1.0	-1.0	0.0	-1.0	-1.0	0.0	-1.0	0.115	-1.0	-1.0	-1.0	0.0	-1.0	-1.0	0.0	0.0	1.0	0.0	0.06	1.0	-1.0	0.537	-1.0	0.765	1.0	-1.0	0.75	1.0	1.0	0.0	-1.0	1.0	0.671	0.714	0.583	-1.0	0.0	0.429	-1.0	-1.0	-1.0	-1.0	-1.0	-1.0	1.0	-1.0	0.467	0.238	0.0	-1.0	1.0	-1.0	0.0	0.0	-1.0	0.172	0.0	0.086	0.133	0.308	0.0	-1.0	-1.0	-1.0	-1.0	-1.0	0.625	1.0	0.353	-1.0	0.0	0.526	-1.0	-1.0	0.0	0.0	0.308	-1.0	0.0	0.889	-1.0	-1.0	-1.0	-1.0	1.0	0.438	0.0	0.0	0.74	0.224	0.6	-1.0	-1.0	0.807	0.399	-1.0	-1.0	0.0	0.152	-1.0	-1.0	-1.0	0.0	-1.0
gnl|Prokka|GCF_001314995.1_1|3430284|T	-1.0	-1.0	0.432	-1.0	1.0	-1.0	-1.0	0.0	-1.0	0.636	-1.0	-1.0	-1.0	-1.0	-1.0	-1.0	0.812	-1.0	-1.0	1.0	0.0	1.0	-1.0	-1.0	-1.0	1.0	1.0	-1.0	-1.0	-1.0	-1.0	0.0	1.0	-1.0	0.26	0.0	1.0	0.514	0.364	0.687	0.2	-1.0	0.0	0.765	-1.0	-1.0	0.433	0.573	1.0	-1.0	0.704	-1.0	1.0	-1.0	0.882	0.0	0.333	0.0	-1.0	0.4	0.0	0.0	1.0	-1.0	0.0	-1.0	-1.0	0.0	-1.0	-1.0	-1.0	-1.0	0.0	0.415	-1.0	-1.0	-1.0	0.0	0.0	0.0	0.0	0.308	0.0	-1.0	1.0	0.119	0.537	-1.0	0.0	-1.0	-1.0	0.0	-1.0	-1.0	0.0	-1.0	0.0	-1.0	-1.0	-1.0	0.0	-1.0	-1.0	0.0	0.062	0.786	0.0	0.016	1.0	0.385	0.461	-1.0	0.531	0.815	-1.0	0.054	0.968	0.824	0.0	-1.0	0.688	0.0	-1.0	0.0	-1.0	0.0	0.0	-1.0	-1.0	-1.0	-1.0	-1.0	0.0	-1.0	-1.0	0.0	-1.0	-1.0	-1.0	0.727	-1.0	0.0	0.0	-1.0	0.052	0.0	0.062	0.107	0.0	0.0	-1.0	-1.0	-1.0	-1.0	-1.0	0.387	0.6	-1.0	-1.0	0.0	-1.0	-1.0	-1.0	-1.0	0.0	0.375	-1.0	0.0	0.71	-1.0	-1.0	-1.0	-1.0	0.717	0.444	0.0	0.235	1.0	0.216	1.0	-1.0	-1.0	0.914	0.472	-1.0	-1.0	0.0	0.132	-1.0	-1.0	-1.0	0.0	-1.0
gnl|Prokka|GCF_001314995.1_1|3411914|G	-1.0	-1.0	0.404	-1.0	0.0	-1.0	-1.0	0.0	-1.0	0.0	-1.0	-1.0	0.625	-1.0	-1.0	-1.0	0.778	-1.0	-1.0	1.0	0.0	1.0	-1.0	-1.0	-1.0	-1.0	0.353	-1.0	-1.0	-1.0	-1.0	-1.0	0.4	1.0	-1.0	0.0	-1.0	0.44	0.667	0.705	0.28	-1.0	0.0	1.0	-1.0	-1.0	0.312	0.0	0.974	-1.0	0.816	-1.0	0.421	-1.0	1.0	0.0	0.449	0.0	-1.0	0.409	0.0	0.0	1.0	-1.0	0.0	-1.0	-1.0	0.129	-1.0	-1.0	0.034	-1.0	0.0	0.581	-1.0	-1.0	-1.0	-1.0	0.0	0.75	-1.0	0.423	0.0	-1.0	0.719	1.0	0.375	-1.0	0.0	-1.0	-1.0	0.0	-1.0	-1.0	0.0	-1.0	0.0	-1.0	-1.0	-1.0	-1.0	-1.0	-1.0	0.0	0.1	0.385	0.0	0.055	1.0	0.76	0.347	-1.0	0.333	0.789	-1.0	0.644	1.0	1.0	0.0	-1.0	0.7	0.67	1.0	0.636	-1.0	0.167	0.0	-1.0	-1.0	-1.0	-1.0	-1.0	0.0	0.39	-1.0	0.135	0.087	0.0	-1.0	0.0	-1.0	0.0	0.462	-1.0	0.043	0.0	0.127	0.104	0.0	0.545	-1.0	-1.0	-1.0	-1.0	-1.0	0.4	-1.0	1.0	-1.0	0.0	0.667	-1.0	-1.0	0.0	0.0	0.0	-1.0	0.0	0.59	-1.0	-1.0	-1.0	-1.0	1.0	0.321	0.0	0.176	0.4	0.31	-1.0	-1.0	-1.0	0.754	0.627	-1.0	-1.0	0.0	0.122	-1.0	-1.0	-1.0	0.0	-1.0
gnl|Prokka|GCF_001314995.1_1|3411954|C	-1.0	-1.0	0.472	-1.0	0.0	-1.0	-1.0	0.0	-1.0	0.0	-1.0	-1.0	0.538	-1.0	-1.0	-1.0	0.706	-1.0	-1.0	1.0	0.0	1.0	-1.0	-1.0	-1.0	-1.0	0.359	-1.0	-1.0	-1.0	-1.0	-1.0	-1.0	1.0	0.175	0.0	0.579	0.459	1.0	0.748	0.244	-1.0	0.0	1.0	-1.0	-1.0	0.267	0.0	0.975	-1.0	0.78	-1.0	0.533	-1.0	0.958	-1.0	0.412	0.0	-1.0	0.341	0.0	0.0	1.0	-1.0	0.0	-1.0	-1.0	0.115	-1.0	-1.0	0.029	-1.0	0.0	0.532	-1.0	-1.0	-1.0	-1.0	0.0	0.625	0.0	0.4	0.0	-1.0	0.606	1.0	0.382	-1.0	0.0	-1.0	-1.0	0.0	-1.0	-1.0	0.0	-1.0	0.0	-1.0	-1.0	-1.0	-1.0	-1.0	-1.0	0.0	0.072	0.545	0.0	0.041	1.0	0.68	0.364	-1.0	0.303	0.81	-1.0	0.632	1.0	1.0	0.0	-1.0	1.0	0.685	1.0	0.667	-1.0	0.162	0.0	-1.0	-1.0	-1.0	-1.0	-1.0	0.0	0.447	-1.0	-1.0	0.068	0.0	-1.0	0.188	-1.0	0.0	0.333	-1.0	0.0	0.0	0.132	0.077	0.158	0.0	-1.0	-1.0	-1.0	-1.0	-1.0	0.455	-1.0	1.0	-1.0	0.0	-1.0	-1.0	-1.0	0.0	0.0	0.0	-1.0	0.0	0.595	-1.0	-1.0	-1.0	-1.0	1.0	0.357	0.0	0.238	0.427	0.338	0.444	-1.0	-1.0	0.82	0.554	-1.0	-1.0	0.0	0.128	-1.0	-1.0	-1.0	-1.0	-1.0
gnl|Prokka|GCF_001314995.1_1|3423986|G	-1.0	-1.0	0.475	-1.0	0.0	-1.0	-1.0	0.0	-1.0	0.0	-1.0	-1.0	1.0	-1.0	-1.0	-1.0	1.0	-1.0	-1.0	1.0	0.0	1.0	-1.0	-1.0	-1.0	1.0	0.27	-1.0	-1.0	-1.0	-1.0	-1.0	-1.0	1.0	0.306	0.0	0.526	0.556	1.0	0.675	0.32	-1.0	0.0	0.667	-1.0	-1.0	0.0	0.0	1.0	-1.0	0.932	-1.0	0.423	-1.0	0.874	0.0	0.383	0.0	-1.0	0.4	0.0	0.0	0.957	-1.0	0.0	-1.0	-1.0	0.068	-1.0	1.0	0.038	-1.0	0.0	0.262	-1.0	-1.0	-1.0	0.0	0.0	0.312	0.0	0.0	0.0	-1.0	0.8	0.971	0.358	-1.0	0.0	-1.0	-1.0	0.0	-1.0	-1.0	0.312	-1.0	0.0	-1.0	-1.0	-1.0	0.0	-1.0	-1.0	0.0	0.09	0.625	0.0	0.05	1.0	-1.0	0.453	-1.0	0.63	0.7	-1.0	0.636	1.0	1.0	0.0	-1.0	1.0	0.633	0.571	0.651	-1.0	0.0	0.0	-1.0	-1.0	-1.0	-1.0	-1.0	0.0	0.893	-1.0	0.0	0.097	0.0	-1.0	0.0	-1.0	0.0	-1.0	-1.0	0.0	0.0	0.079	0.186	0.391	0.0	-1.0	-1.0	-1.0	-1.0	-1.0	0.353	0.364	-1.0	-1.0	0.0	0.786	-1.0	-1.0	0.0	0.0	0.0	-1.0	0.0	0.692	-1.0	-1.0	-1.0	-1.0	1.0	0.333	0.0	0.308	0.0	0.234	0.556	-1.0	-1.0	0.793	0.643	-1.0	-1.0	0.0	0.14	-1.0	-1.0	-1.0	0.0	-1.0
gnl|Prokka|GCF_001314995.1_1|3511603|G	-1.0	-1.0	0.381	-1.0	0.0	-1.0	-1.0	0.0	-1.0	0.0	-1.0	-1.0	1.0	-1.0	-1.0	-1.0	0.0	-1.0	-1.0	1.0	0.0	1.0	-1.0	-1.0	-1.0	-1.0	0.094	-1.0	-1.0	-1.0	-1.0	0.931	1.0	1.0	0.317	0.0	0.542	1.0	1.0	0.74	1.0	-1.0	0.0	-1.0	-1.0	-1.0	0.368	0.0	0.981	-1.0	1.0	-1.0	0.556	-1.0	0.076	0.0	0.432	1.0	-1.0	0.0	0.217	0.0	0.965	-1.0	0.0	-1.0	-1.0	0.718	-1.0	1.0	1.0	-1.0	0.412	0.75	-1.0	-1.0	-1.0	0.0	0.0	0.0	0.429	0.0	0.0	-1.0	0.333	1.0	0.938	-1.0	1.0	-1.0	-1.0	0.0	-1.0	-1.0	1.0	-1.0	0.0	-1.0	-1.0	-1.0	1.0	-1.0	-1.0	0.588	0.863	1.0	0.0	0.016	1.0	0.273	0.0	-1.0	-1.0	1.0	-1.0	0.467	0.962	-1.0	0.0	-1.0	0.0	0.482	-1.0	0.367	-1.0	1.0	0.0	-1.0	-1.0	-1.0	-1.0	-1.0	0.0	0.541	-1.0	0.737	0.081	0.878	-1.0	-1.0	-1.0	0.0	0.0	-1.0	0.0	0.0	0.0	0.0	1.0	0.353	-1.0	-1.0	-1.0	-1.0	-1.0	0.389	-1.0	-1.0	-1.0	0.0	0.571	-1.0	-1.0	0.0	0.0	0.0	-1.0	1.0	0.775	-1.0	-1.0	-1.0	-1.0	1.0	0.318	0.438	1.0	0.435	1.0	0.45	-1.0	-1.0	0.529	0.59	-1.0	-1.0	0.0	0.0	-1.0	-1.0	-1.0	1.0	-1.0
gnl|Prokka|GCF_001314995.1_1|3514122|G	-1.0	-1.0	0.0	-1.0	0.167	-1.0	-1.0	-1.0	-1.0	0.0	-1.0	-1.0	1.0	-1.0	-1.0	-1.0	1.0	-1.0	-1.0	0.375	0.0	1.0	-1.0	-1.0	-1.0	1.0	1.0	-1.0	-1.0	-1.0	-1.0	0.87	0.0	1.0	1.0	0.0	0.636	0.581	0.706	0.676	0.143	-1.0	0.333	-1.0	-1.0	-1.0	0.467	0.0	0.98	-1.0	0.136	-1.0	-1.0	-1.0	0.844	1.0	0.529	0.0	-1.0	-1.0	0.0	-1.0	1.0	-1.0	0.0	-1.0	-1.0	0.755	-1.0	1.0	1.0	-1.0	0.2	0.488	-1.0	-1.0	-1.0	0.0	0.0	0.158	-1.0	0.0	0.0	-1.0	1.0	1.0	0.498	-1.0	1.0	-1.0	-1.0	1.0	-1.0	-1.0	0.0	-1.0	0.0	-1.0	-1.0	-1.0	0.765	-1.0	-1.0	0.61	0.746	1.0	0.0	0.032	1.0	0.625	0.0	-1.0	0.607	0.0	-1.0	1.0	1.0	-1.0	0.183	-1.0	1.0	1.0	1.0	0.824	-1.0	1.0	0.469	-1.0	-1.0	-1.0	-1.0	-1.0	-1.0	0.174	-1.0	0.0	0.0	0.879	-1.0	-1.0	-1.0	0.0	0.0	-1.0	0.154	0.0	0.0	0.289	1.0	0.286	-1.0	-1.0	-1.0	-1.0	-1.0	0.0	0.0	-1.0	-1.0	0.0	1.0	-1.0	-1.0	0.0	0.0	0.364	-1.0	0.2	0.0	-1.0	-1.0	-1.0	-1.0	1.0	0.727	0.435	0.444	0.44	0.952	0.333	-1.0	-1.0	0.524	0.447	-1.0	-1.0	0.0	0.0	-1.0	-1.0	-1.0	-1.0	-1.0
gnl|Prokka|GCF_001314995.1_1|3566073|A	-1.0	-1.0	0.415	-1.0	0.333	-1.0	-1.0	0.0	-1.0	0.0	-1.0	-1.0	0.714	-1.0	-1.0	-1.0	1.0	-1.0	-1.0	-1.0	0.0	0.194	-1.0	-1.0	-1.0	-1.0	0.0	-1.0	-1.0	-1.0	-1.0	0.038	1.0	1.0	0.0	1.0	0.571	1.0	0.417	0.027	1.0	-1.0	0.0	-1.0	-1.0	-1.0	0.481	0.0	0.0	-1.0	1.0	-1.0	0.0	-1.0	0.793	0.242	0.382	0.0	-1.0	0.62	0.474	0.0	1.0	-1.0	0.0	-1.0	-1.0	1.0	-1.0	-1.0	0.0	-1.0	0.217	0.59	-1.0	-1.0	-1.0	0.3	0.773	0.0	0.0	0.333	0.81	-1.0	0.312	1.0	0.0	-1.0	0.348	-1.0	-1.0	1.0	-1.0	-1.0	1.0	-1.0	0.0	-1.0	-1.0	-1.0	-1.0	-1.0	-1.0	0.553	0.81	0.375	0.0	0.032	1.0	1.0	0.0	-1.0	0.476	1.0	-1.0	0.739	1.0	-1.0	0.0	-1.0	-1.0	1.0	1.0	1.0	-1.0	1.0	0.3	-1.0	-1.0	-1.0	-1.0	-1.0	-1.0	0.731	-1.0	0.0	0.0	1.0	-1.0	0.158	-1.0	0.726	0.0	-1.0	0.0	0.0	0.0	0.146	1.0	0.308	-1.0	-1.0	-1.0	-1.0	-1.0	0.444	0.0	-1.0	-1.0	0.0	0.0	-1.0	-1.0	0.0	0.421	0.0	-1.0	1.0	0.6	-1.0	-1.0	-1.0	-1.0	1.0	1.0	0.0	-1.0	0.466	-1.0	0.3	-1.0	-1.0	0.8	0.023	-1.0	-1.0	0.0	0.017	-1.0	-1.0	-1.0	1.0	-1.0
gnl|Prokka|GCF_001314995.1_1|3567294|G	-1.0	-1.0	0.941	-1.0	0.0	-1.0	-1.0	0.0	-1.0	0.0	-1.0	-1.0	1.0	-1.0	-1.0	-1.0	0.0	-1.0	-1.0	1.0	0.0	1.0	-1.0	-1.0	-1.0	-1.0	0.07	-1.0	-1.0	-1.0	-1.0	0.0	0.333	0.556	0.071	1.0	0.0	0.0	0.25	1.0	0.163	-1.0	0.273	-1.0	-1.0	-1.0	0.48	0.0	0.973	-1.0	0.795	-1.0	0.0	-1.0	0.0	-1.0	0.27	0.682	-1.0	0.627	0.333	0.0	1.0	-1.0	0.0	-1.0	-1.0	0.081	-1.0	1.0	1.0	-1.0	0.0	1.0	-1.0	-1.0	-1.0	0.667	1.0	1.0	0.0	0.0	0.831	-1.0	0.421	0.878	0.968	-1.0	0.3	-1.0	-1.0	1.0	-1.0	-1.0	0.0	-1.0	0.0	-1.0	-1.0	-1.0	0.0	-1.0	-1.0	0.481	0.095	1.0	0.0	0.026	1.0	0.75	1.0	-1.0	0.179	0.857	-1.0	0.707	1.0	-1.0	0.178	-1.0	1.0	0.663	0.273	0.828	-1.0	1.0	0.185	-1.0	-1.0	-1.0	-1.0	-1.0	0.231	0.583	-1.0	0.0	1.0	-1.0	-1.0	0.0	-1.0	0.636	0.0	-1.0	0.0	0.429	0.0	0.16	0.4	0.571	-1.0	-1.0	-1.0	-1.0	-1.0	0.621	-1.0	0.0	-1.0	-1.0	-1.0	-1.0	-1.0	0.0	0.304	0.0	-1.0	-1.0	0.647	-1.0	-1.0	-1.0	-1.0	0.0	0.464	0.472	-1.0	0.429	1.0	0.3	-1.0	-1.0	1.0	1.0	-1.0	-1.0	0.0	0.039	-1.0	-1.0	-1.0	1.0	-1.0
gnl|Prokka|GCF_001314995.1_1|3571855|T	-1.0	-1.0	1.0	-1.0	0.0	-1.0	-1.0	0.0	-1.0	0.0	-1.0	-1.0	1.0	-1.0	-1.0	-1.0	0.0	-1.0	-1.0	1.0	0.0	0.16	-1.0	-1.0	-1.0	0.0	0.345	-1.0	-1.0	-1.0	-1.0	0.0	1.0	1.0	1.0	0.0	0.227	1.0	0.0	0.043	0.879	-1.0	0.231	1.0	-1.0	-1.0	0.0	0.115	0.023	-1.0	0.7	-1.0	0.75	-1.0	0.0	1.0	0.0	0.273	-1.0	0.2	0.182	0.4	1.0	-1.0	0.0	-1.0	-1.0	0.0	-1.0	-1.0	1.0	-1.0	0.3	0.16	-1.0	-1.0	-1.0	0.0	0.0	-1.0	0.0	0.0	0.393	-1.0	0.0	0.835	0.13	-1.0	0.2	-1.0	-1.0	0.0	-1.0	-1.0	0.0	-1.0	0.0	-1.0	-1.0	-1.0	0.0	-1.0	-1.0	0.065	0.753	0.667	0.0	0.06	0.0	0.0	1.0	-1.0	0.658	0.0	-1.0	1.0	0.0	1.0	0.034	-1.0	-1.0	0.9	-1.0	0.431	-1.0	1.0	0.244	-1.0	-1.0	-1.0	-1.0	-1.0	-1.0	0.618	-1.0	0.0	1.0	0.0	-1.0	0.0	-1.0	0.0	0.0	-1.0	-1.0	0.211	0.0	0.0	0.0	0.0	-1.0	-1.0	-1.0	-1.0	-1.0	0.0	0.0	-1.0	-1.0	0.0	-1.0	-1.0	-1.0	0.0	0.429	-1.0	-1.0	0.421	0.552	-1.0	-1.0	-1.0	-1.0	0.782	0.568	0.0	-1.0	0.0	0.057	0.273	-1.0	-1.0	0.557	0.058	-1.0	-1.0	0.0	0.13	-1.0	-1.0	-1.0	1.0	-1.0
gnl|Prokka|GCF_001314995.1_1|3643407|C	-1.0	-1.0	0.407	-1.0	0.0	-1.0	-1.0	0.786	-1.0	0.0	-1.0	-1.0	0.0	-1.0	-1.0	-1.0	1.0	-1.0	-1.0	0.667	1.0	0.886	-1.0	-1.0	-1.0	-1.0	0.784	-1.0	-1.0	-1.0	-1.0	0.239	-1.0	0.364	0.667	0.0	0.0	0.0	0.571	0.83	0.235	-1.0	-1.0	0.0	-1.0	-1.0	1.0	0.0	1.0	-1.0	1.0	-1.0	0.0	-1.0	0.905	0.409	1.0	0.0	-1.0	0.422	0.75	1.0	0.0	-1.0	1.0	-1.0	-1.0	0.0	-1.0	1.0	0.0	-1.0	0.0	0.62	-1.0	-1.0	-1.0	0.727	0.0	-1.0	1.0	0.529	0.318	-1.0	1.0	0.0	0.484	-1.0	0.484	-1.0	-1.0	0.0	-1.0	-1.0	1.0	-1.0	1.0	-1.0	-1.0	-1.0	0.455	-1.0	-1.0	0.07	0.228	0.0	1.0	0.9	0.959	0.0	0.0	-1.0	0.885	1.0	-1.0	0.0	0.966	0.0	0.885	-1.0	1.0	0.0	-1.0	0.0	-1.0	1.0	0.821	-1.0	-1.0	-1.0	-1.0	-1.0	0.0	1.0	-1.0	0.0	0.0	0.0	-1.0	0.444	-1.0	0.37	1.0	-1.0	0.0	0.586	0.754	1.0	1.0	0.611	-1.0	-1.0	-1.0	-1.0	-1.0	1.0	1.0	-1.0	-1.0	1.0	1.0	-1.0	-1.0	0.667	0.0	0.0	-1.0	0.0	0.547	-1.0	-1.0	-1.0	-1.0	0.275	0.345	0.75	0.375	0.435	0.214	0.154	-1.0	-1.0	0.167	0.776	-1.0	-1.0	1.0	0.863	-1.0	-1.0	-1.0	0.156	-1.0
gnl|Prokka|GCF_001314995.1_1|3643656|G	-1.0	-1.0	0.381	-1.0	1.0	-1.0	-1.0	0.25	-1.0	0.75	-1.0	-1.0	0.0	-1.0	-1.0	-1.0	1.0	-1.0	-1.0	0.6	0.0	1.0	-1.0	-1.0	-1.0	1.0	0.676	-1.0	-1.0	-1.0	-1.0	0.025	1.0	0.643	0.49	0.0	-1.0	0.0	1.0	0.793	1.0	-1.0	0.0	0.0	-1.0	-1.0	0.292	0.558	0.98	-1.0	0.784	-1.0	0.615	-1.0	0.936	-1.0	0.559	0.353	-1.0	0.438	0.222	0.0	0.0	-1.0	0.0	-1.0	-1.0	-1.0	-1.0	1.0	0.029	-1.0	0.115	0.471	-1.0	-1.0	-1.0	0.188	0.0	0.526	0.0	0.0	0.0	-1.0	1.0	0.0	0.459	-1.0	0.697	-1.0	-1.0	0.0	-1.0	-1.0	0.0	-1.0	0.0	-1.0	-1.0	-1.0	0.2	-1.0	-1.0	0.0	0.181	0.444	0.0	0.014	0.966	0.0	0.0	-1.0	0.484	1.0	-1.0	0.048	1.0	0.0	0.0	-1.0	0.417	0.053	0.0	0.0	-1.0	0.0	0.0	-1.0	-1.0	-1.0	-1.0	-1.0	0.0	1.0	-1.0	0.385	0.045	0.0	-1.0	1.0	-1.0	0.0	0.0	-1.0	0.0	0.0	0.0	0.079	1.0	0.371	-1.0	-1.0	-1.0	-1.0	-1.0	0.419	1.0	-1.0	-1.0	0.075	0.7	-1.0	-1.0	0.0	0.0	0.0	-1.0	0.0	0.86	-1.0	-1.0	-1.0	-1.0	0.288	0.182	0.0	0.385	1.0	0.137	0.533	-1.0	-1.0	0.133	0.49	-1.0	-1.0	0.0	0.0	-1.0	-1.0	-1.0	-1.0	-1.0
gnl|Prokka|GCF_001314995.1_1|3644841|T	-1.0	-1.0	0.0	-1.0	0.0	-1.0	-1.0	0.75	-1.0	0.0	-1.0	-1.0	0.0	-1.0	-1.0	-1.0	1.0	-1.0	-1.0	0.273	1.0	1.0	-1.0	-1.0	-1.0	-1.0	1.0	-1.0	-1.0	-1.0	-1.0	0.074	0.0	0.0	0.169	0.0	0.0	0.0	0.0	0.511	0.0	-1.0	0.214	1.0	-1.0	-1.0	0.267	0.0	1.0	-1.0	0.0	-1.0	0.308	-1.0	0.8	0.0	0.478	0.0	-1.0	0.375	0.333	0.4	1.0	-1.0	1.0	-1.0	-1.0	0.0	-1.0	0.0	0.0	-1.0	0.0	0.4	-1.0	-1.0	-1.0	-1.0	0.0	0.0	-1.0	0.429	0.135	-1.0	0.733	0.0	0.323	-1.0	0.118	-1.0	-1.0	0.0	-1.0	-1.0	1.0	-1.0	0.6	-1.0	-1.0	-1.0	0.0	-1.0	-1.0	0.0	0.155	0.429	1.0	0.669	1.0	0.0	0.292	-1.0	0.366	0.455	-1.0	0.0	0.937	0.625	0.875	-1.0	-1.0	0.0	0.0	0.0	-1.0	1.0	0.741	-1.0	-1.0	-1.0	-1.0	-1.0	0.0	0.0	-1.0	0.0	0.098	-1.0	-1.0	0.222	-1.0	0.12	-1.0	-1.0	0.0	0.281	0.543	1.0	0.714	0.643	-1.0	-1.0	-1.0	-1.0	-1.0	1.0	-1.0	0.0	-1.0	0.64	-1.0	-1.0	-1.0	0.0	0.211	0.4	-1.0	0.0	0.0	-1.0	-1.0	-1.0	-1.0	0.469	0.368	0.455	0.0	0.0	0.149	0.216	-1.0	-1.0	0.255	0.402	-1.0	-1.0	1.0	0.955	-1.0	-1.0	-1.0	-1.0	-1.0
gnl|Prokka|GCF_001314995.1_1|3903688|A	-1.0	-1.0	0.513	-1.0	1.0	-1.0	-1.0	0.0	-1.0	1.0	-1.0	-1.0	1.0	-1.0	-1.0	-1.0	1.0	-1.0	-1.0	0.516	0.0	1.0	-1.0	-1.0	-1.0	-1.0	0.673	-1.0	-1.0	-1.0	-1.0	0.0	-1.0	1.0	0.571	0.0	1.0	0.618	1.0	0.803	0.379	-1.0	-1.0	0.0	-1.0	-1.0	0.429	0.484	0.978	-1.0	0.889	-1.0	0.444	-1.0	0.941	0.0	0.643	0.308	-1.0	0.281	0.0	1.0	0.944	-1.0	0.0	-1.0	-1.0	0.0	-1.0	-1.0	0.0	-1.0	0.227	-1.0	-1.0	-1.0	-1.0	-1.0	0.0	0.375	0.0	0.0	0.0	-1.0	1.0	1.0	0.686	-1.0	0.2	-1.0	-1.0	0.0	-1.0	-1.0	1.0	-1.0	-1.0	-1.0	-1.0	-1.0	0.0	-1.0	-1.0	0.0	0.0	1.0	0.0	0.034	1.0	-1.0	0.0	-1.0	0.588	0.0	-1.0	0.755	1.0	0.0	0.914	-1.0	-1.0	0.74	1.0	0.633	-1.0	1.0	0.0	-1.0	-1.0	-1.0	-1.0	-1.0	-1.0	0.0	-1.0	0.4	0.0	0.152	-1.0	1.0	-1.0	0.0	0.0	-1.0	0.0	0.0	0.0	0.0	0.364	0.222	-1.0	-1.0	-1.0	-1.0	-1.0	0.217	0.0	-1.0	-1.0	0.0	0.429	-1.0	-1.0	0.0	0.333	0.0	-1.0	0.0	0.902	-1.0	-1.0	-1.0	-1.0	0.113	0.478	0.0	-1.0	1.0	0.195	1.0	-1.0	-1.0	0.556	0.683	-1.0	-1.0	0.0	0.0	-1.0	-1.0	-1.0	0.0	-1.0
gnl|Prokka|GCF_001314995.1_1|3916750|T	-1.0	-1.0	0.364	-1.0	1.0	-1.0	-1.0	0.0	-1.0	0.842	-1.0	-1.0	0.0	-1.0	-1.0	-1.0	1.0	-1.0	-1.0	1.0	0.0	0.826	-1.0	-1.0	-1.0	-1.0	0.81	-1.0	-1.0	-1.0	-1.0	0.039	-1.0	0.0	0.727	0.0	0.267	0.0	0.0	1.0	0.273	-1.0	0.0	-1.0	-1.0	-1.0	0.0	0.425	0.974	-1.0	0.833	-1.0	1.0	-1.0	0.855	1.0	0.432	1.0	-1.0	1.0	0.0	0.0	1.0	-1.0	0.0	-1.0	-1.0	0.045	-1.0	0.0	1.0	-1.0	0.115	0.615	-1.0	-1.0	-1.0	-1.0	0.0	0.0	0.0	0.0	0.0	-1.0	0.778	0.0	1.0	-1.0	0.0	-1.0	-1.0	0.0	-1.0	-1.0	0.125	-1.0	0.0	-1.0	-1.0	-1.0	0.222	-1.0	-1.0	0.956	0.077	1.0	0.0	0.042	1.0	1.0	1.0	-1.0	-1.0	1.0	-1.0	0.0	1.0	-1.0	0.0	-1.0	1.0	0.0	0.0	0.2	-1.0	0.0	0.0	-1.0	-1.0	-1.0	-1.0	-1.0	0.0	0.0	-1.0	0.36	1.0	1.0	-1.0	0.722	-1.0	0.561	0.0	-1.0	1.0	0.0	0.077	0.0	0.0	0.0	-1.0	-1.0	-1.0	-1.0	-1.0	0.1	0.556	0.0	-1.0	0.0	1.0	-1.0	-1.0	0.0	0.0	-1.0	-1.0	0.0	0.848	-1.0	-1.0	-1.0	-1.0	0.0	1.0	0.429	0.25	0.59	0.194	0.667	-1.0	-1.0	0.314	0.601	-1.0	-1.0	0.0	0.0	-1.0	-1.0	-1.0	0.0	-1.0
gnl|Prokka|GCF_001314995.1_1|3916900|T	-1.0	-1.0	1.0	-1.0	1.0	-1.0	-1.0	-1.0	-1.0	0.821	-1.0	-1.0	-1.0	-1.0	-1.0	-1.0	1.0	-1.0	-1.0	1.0	0.0	0.875	-1.0	-1.0	-1.0	0.429	1.0	-1.0	-1.0	-1.0	-1.0	0.0	0.0	0.0	0.118	0.0	0.368	0.487	0.231	0.914	0.179	-1.0	0.0	-1.0	-1.0	-1.0	0.0	0.504	0.978	-1.0	0.821	-1.0	1.0	-1.0	0.929	0.52	0.368	1.0	-1.0	0.826	0.176	0.0	0.0	-1.0	0.0	-1.0	-1.0	0.213	-1.0	0.636	1.0	-1.0	0.346	0.548	-1.0	-1.0	-1.0	0.0	0.0	0.0	0.0	0.0	0.0	-1.0	0.812	0.0	0.816	-1.0	0.438	-1.0	-1.0	0.0	-1.0	-1.0	0.0	-1.0	0.0	-1.0	-1.0	-1.0	0.0	-1.0	-1.0	0.927	0.082	0.364	0.0	0.0	1.0	0.667	0.0	-1.0	0.208	1.0	-1.0	0.0	1.0	-1.0	0.0	-1.0	0.571	0.097	0.0	0.06	-1.0	1.0	0.0	-1.0	-1.0	-1.0	-1.0	-1.0	0.0	1.0	-1.0	0.371	0.0	1.0	-1.0	1.0	-1.0	0.0	0.0	-1.0	0.0	0.588	0.0	0.0	0.0	0.0	-1.0	-1.0	-1.0	-1.0	-1.0	0.161	0.368	-1.0	-1.0	0.0	1.0	-1.0	-1.0	0.0	0.0	1.0	-1.0	0.784	0.724	-1.0	-1.0	-1.0	-1.0	0.0	1.0	0.167	-1.0	1.0	0.171	1.0	-1.0	-1.0	0.0	1.0	-1.0	-1.0	0.0	0.0	-1.0	-1.0	-1.0	0.0	-1.0
gnl|Prokka|GCF_001314995.1_1|3927215|A	-1.0	-1.0	0.926	-1.0	0.0	-1.0	-1.0	0.3	-1.0	0.25	-1.0	-1.0	0.0	-1.0	-1.0	-1.0	0.824	-1.0	-1.0	0.667	0.0	0.85	-1.0	-1.0	-1.0	0.625	0.0	-1.0	-1.0	-1.0	-1.0	0.0	1.0	1.0	0.298	1.0	0.0	0.0	0.6	1.0	1.0	-1.0	0.0	-1.0	-1.0	-1.0	0.391	0.0	1.0	-1.0	0.861	-1.0	0.0	-1.0	0.897	0.767	0.081	0.0	-1.0	0.35	0.0	0.0	0.0	-1.0	0.0	-1.0	-1.0	0.116	-1.0	0.0	1.0	-1.0	1.0	0.312	-1.0	-1.0	-1.0	0.0	0.0	0.8	0.0	-1.0	0.826	-1.0	0.722	0.854	0.389	-1.0	0.0	-1.0	-1.0	0.0	-1.0	-1.0	0.0	-1.0	0.0	-1.0	-1.0	-1.0	0.25	-1.0	-1.0	0.0	0.776	0.0	0.0	0.205	1.0	0.0	0.0	-1.0	0.457	0.688	-1.0	1.0	0.964	-1.0	0.0	-1.0	-1.0	0.692	-1.0	0.682	-1.0	0.0	1.0	-1.0	-1.0	-1.0	-1.0	-1.0	0.0	0.108	-1.0	0.606	1.0	0.0	-1.0	0.0	-1.0	0.791	0.0	-1.0	0.0	0.0	0.432	0.649	0.333	0.174	-1.0	-1.0	-1.0	-1.0	-1.0	0.174	1.0	-1.0	-1.0	0.0	0.0	-1.0	-1.0	0.0	0.692	0.0	-1.0	0.0	0.784	-1.0	-1.0	-1.0	-1.0	1.0	0.359	0.389	0.0	0.0	0.394	0.0	-1.0	-1.0	0.391	1.0	-1.0	-1.0	0.0	0.0	-1.0	-1.0	-1.0	0.833	-1.0
gnl|Prokka|GCF_001314995.1_1|3928808|C	-1.0	-1.0	0.0	-1.0	0.0	-1.0	-1.0	0.0	-1.0	0.0	-1.0	-1.0	0.0	-1.0	-1.0	-1.0	1.0	-1.0	-1.0	0.0	0.0	0.87	-1.0	-1.0	-1.0	1.0	1.0	-1.0	-1.0	-1.0	-1.0	0.776	1.0	1.0	0.286	0.182	0.556	0.4	0.6	1.0	0.096	-1.0	0.0	-1.0	-1.0	-1.0	0.296	0.0	1.0	-1.0	0.0	-1.0	0.0	-1.0	0.773	0.0	0.086	0.0	-1.0	0.561	0.0	0.0	1.0	-1.0	0.0	-1.0	-1.0	0.427	-1.0	-1.0	1.0	-1.0	-1.0	0.396	-1.0	-1.0	-1.0	0.286	0.0	1.0	0.0	1.0	-1.0	-1.0	0.25	1.0	0.346	-1.0	0.0	-1.0	-1.0	0.289	-1.0	-1.0	1.0	-1.0	0.0	-1.0	-1.0	-1.0	0.2	-1.0	-1.0	0.0	0.0	0.611	0.0	0.107	0.931	0.267	0.0	-1.0	0.125	1.0	-1.0	1.0	0.964	-1.0	0.0	-1.0	-1.0	0.642	0.615	1.0	-1.0	0.0	0.225	-1.0	-1.0	-1.0	-1.0	-1.0	0.0	0.323	-1.0	0.0	0.959	0.0	-1.0	0.333	-1.0	0.587	0.25	-1.0	0.0	0.0	0.064	0.0	0.273	0.0	-1.0	-1.0	-1.0	-1.0	-1.0	0.368	-1.0	-1.0	-1.0	0.0	-1.0	-1.0	-1.0	0.0	0.278	0.0	-1.0	0.0	0.0	-1.0	-1.0	-1.0	-1.0	-1.0	0.393	0.38	0.0	0.369	0.198	0.0	-1.0	-1.0	0.083	1.0	-1.0	-1.0	0.0	0.0	-1.0	-1.0	-1.0	0.1	-1.0
gnl|Prokka|GCF_001314995.1_1|3928813|T	-1.0	-1.0	0.0	-1.0	0.0	-1.0	-1.0	0.0	-1.0	0.0	-1.0	-1.0	0.0	-1.0	-1.0	-1.0	1.0	-1.0	-1.0	0.0	0.0	0.88	-1.0	-1.0	-1.0	1.0	0.0	-1.0	-1.0	-1.0	-1.0	0.822	1.0	1.0	0.294	0.208	0.722	0.468	0.667	1.0	0.111	-1.0	0.3	-1.0	-1.0	-1.0	0.31	0.0	1.0	-1.0	0.0	-1.0	0.0	-1.0	0.785	0.118	0.111	0.0	-1.0	0.622	0.0	0.0	1.0	-1.0	0.0	-1.0	-1.0	0.476	-1.0	-1.0	1.0	-1.0	-1.0	0.404	-1.0	-1.0	-1.0	0.333	0.0	1.0	0.0	1.0	0.0	-1.0	0.188	1.0	0.365	-1.0	0.0	-1.0	-1.0	0.366	-1.0	-1.0	1.0	-1.0	0.0	-1.0	-1.0	-1.0	0.231	-1.0	-1.0	0.0	0.0	0.667	0.0	0.14	0.949	0.286	0.0	-1.0	0.217	1.0	-1.0	1.0	0.966	-1.0	0.0	-1.0	-1.0	0.628	0.636	1.0	-1.0	0.0	0.294	-1.0	-1.0	-1.0	-1.0	-1.0	0.0	0.774	-1.0	0.0	0.963	0.0	-1.0	0.0	-1.0	0.629	0.25	-1.0	0.0	0.0	0.079	0.075	0.227	0.0	-1.0	-1.0	-1.0	-1.0	-1.0	0.368	-1.0	-1.0	-1.0	0.0	-1.0	-1.0	-1.0	0.0	0.278	0.0	-1.0	0.0	0.0	-1.0	-1.0	-1.0	-1.0	1.0	0.393	0.404	0.0	0.416	0.232	0.0	-1.0	-1.0	0.08	1.0	-1.0	-1.0	0.0	0.012	-1.0	-1.0	-1.0	0.138	-1.0
gnl|Prokka|GCF_001314995.1_1|3930289|G	-1.0	-1.0	0.368	-1.0	0.75	-1.0	-1.0	0.0	-1.0	0.556	-1.0	-1.0	1.0	-1.0	-1.0	-1.0	0.0	-1.0	-1.0	1.0	0.0	0.889	-1.0	-1.0	-1.0	0.571	0.923	-1.0	-1.0	-1.0	-1.0	0.0	1.0	1.0	0.133	0.0	0.294	0.0	0.733	0.742	1.0	-1.0	0.0	-1.0	-1.0	-1.0	0.0	0.423	1.0	-1.0	1.0	-1.0	1.0	-1.0	0.0	0.0	0.34	0.226	-1.0	0.472	0.0	0.0	0.0	-1.0	0.0	-1.0	-1.0	0.831	-1.0	-1.0	0.063	-1.0	0.0	0.679	-1.0	-1.0	-1.0	-1.0	0.0	-1.0	0.0	0.571	0.0	-1.0	1.0	0.803	0.44	-1.0	0.0	-1.0	-1.0	0.231	-1.0	-1.0	1.0	-1.0	0.182	-1.0	-1.0	-1.0	1.0	-1.0	-1.0	0.0	0.069	0.231	0.0	0.039	1.0	1.0	0.0	-1.0	0.476	1.0	-1.0	0.676	0.958	1.0	0.0	-1.0	1.0	0.732	0.0	0.681	-1.0	0.0	1.0	-1.0	-1.0	-1.0	-1.0	-1.0	0.0	-1.0	-1.0	0.394	0.039	0.0	-1.0	0.75	-1.0	0.0	0.0	-1.0	0.839	0.0	0.0	0.792	-1.0	0.0	-1.0	-1.0	-1.0	-1.0	-1.0	0.1	1.0	0.0	-1.0	0.0	-1.0	-1.0	-1.0	0.0	0.0	1.0	-1.0	0.0	1.0	-1.0	-1.0	-1.0	-1.0	1.0	0.321	-1.0	0.4	1.0	0.245	1.0	-1.0	-1.0	0.078	0.601	-1.0	-1.0	0.0	0.0	-1.0	-1.0	-1.0	0.0	-1.0
gnl|Prokka|GCF_001314995.1_1|3932776|C	-1.0	-1.0	1.0	-1.0	0.0	-1.0	-1.0	0.429	-1.0	0.0	-1.0	-1.0	0.0	-1.0	-1.0	-1.0	1.0	-1.0	-1.0	1.0	1.0	0.167	-1.0	-1.0	-1.0	0.0	0.0	-1.0	-1.0	-1.0	-1.0	0.961	0.0	0.0	0.158	0.0	0.0	0.571	0.0	0.0	0.9	-1.0	0.0	-1.0	-1.0	-1.0	0.0	0.0	0.0	-1.0	0.897	-1.0	-1.0	-1.0	0.895	0.0	0.686	0.0	-1.0	0.645	1.0	0.6	1.0	-1.0	1.0	-1.0	-1.0	0.176	-1.0	1.0	0.0	-1.0	0.333	0.0	-1.0	-1.0	-1.0	1.0	0.0	0.0	0.364	1.0	0.378	-1.0	0.0	0.0	0.0	-1.0	0.526	-1.0	-1.0	0.316	-1.0	-1.0	1.0	-1.0	0.0	-1.0	-1.0	-1.0	0.0	-1.0	-1.0	0.037	0.418	0.0	1.0	0.894	0.071	0.231	0.0	-1.0	0.333	0.0	-1.0	0.0	0.0	-1.0	0.96	-1.0	0.0	0.52	0.0	0.23	-1.0	1.0	0.292	-1.0	-1.0	-1.0	-1.0	-1.0	-1.0	0.0	-1.0	0.609	0.0	0.143	-1.0	0.0	-1.0	1.0	0.333	-1.0	0.0	0.792	0.767	0.324	0.0	0.727	-1.0	-1.0	-1.0	-1.0	-1.0	0.703	0.429	-1.0	-1.0	1.0	-1.0	-1.0	-1.0	1.0	0.417	0.0	-1.0	0.842	0.629	-1.0	-1.0	-1.0	-1.0	0.0	0.0	0.574	0.0	0.508	0.186	0.269	-1.0	-1.0	0.317	0.0	-1.0	-1.0	1.0	0.975	-1.0	-1.0	-1.0	0.0	-1.0
gnl|Prokka|GCF_001314995.1_1|3979091|G	-1.0	-1.0	1.0	-1.0	0.0	-1.0	-1.0	1.0	-1.0	0.0	-1.0	-1.0	-1.0	-1.0	-1.0	-1.0	0.375	-1.0	-1.0	1.0	1.0	0.0	-1.0	-1.0	-1.0	0.0	0.907	-1.0	-1.0	-1.0	-1.0	1.0	-1.0	1.0	0.0	-1.0	0.667	0.515	1.0	0.0	0.0	-1.0	0.333	-1.0	-1.0	-1.0	1.0	0.0	0.07	-1.0	1.0	-1.0	0.0	-1.0	0.0	1.0	0.694	0.0	-1.0	0.81	0.55	0.0	0.0	-1.0	1.0	-1.0	-1.0	0.0	-1.0	1.0	0.152	-1.0	0.0	0.536	-1.0	-1.0	-1.0	0.273	0.0	-1.0	0.583	1.0	1.0	-1.0	1.0	1.0	0.0	-1.0	0.643	-1.0	-1.0	0.0	-1.0	-1.0	0.0	-1.0	0.083	-1.0	-1.0	-1.0	0.0	-1.0	-1.0	0.0	0.463	0.0	1.0	0.902	0.0	0.286	0.097	-1.0	0.0	1.0	-1.0	0.854	0.0	-1.0	0.0	-1.0	1.0	0.686	1.0	0.683	-1.0	0.0	0.794	-1.0	-1.0	-1.0	-1.0	-1.0	0.0	0.667	-1.0	0.0	0.0	0.0	-1.0	0.0	-1.0	0.508	0.727	-1.0	0.282	0.76	0.833	1.0	-1.0	0.524	-1.0	-1.0	-1.0	-1.0	-1.0	0.769	1.0	1.0	-1.0	1.0	0.0	-1.0	-1.0	-1.0	0.16	0.0	-1.0	0.0	0.481	-1.0	-1.0	-1.0	-1.0	1.0	0.815	1.0	0.0	0.451	0.0	0.0	-1.0	-1.0	0.0	0.571	-1.0	-1.0	1.0	0.97	-1.0	-1.0	-1.0	-1.0	-1.0
gnl|Prokka|GCF_001314995.1_1|3980531|T	-1.0	-1.0	0.932	-1.0	0.0	-1.0	-1.0	0.278	-1.0	0.0	-1.0	-1.0	0.0	-1.0	-1.0	-1.0	0.0	-1.0	-1.0	1.0	1.0	0.6	-1.0	-1.0	-1.0	0.7	0.0	-1.0	-1.0	-1.0	-1.0	0.106	1.0	1.0	0.32	0.0	-1.0	0.338	1.0	0.637	1.0	-1.0	0.0	-1.0	-1.0	-1.0	0.278	0.0	1.0	-1.0	1.0	-1.0	0.0	-1.0	0.0	0.846	0.829	0.0	-1.0	0.581	0.833	0.0	0.0	-1.0	1.0	-1.0	-1.0	0.243	-1.0	1.0	0.955	-1.0	0.583	0.213	-1.0	-1.0	-1.0	0.0	0.857	0.0	0.375	-1.0	0.208	-1.0	0.24	1.0	0.278	-1.0	0.0	-1.0	-1.0	0.691	-1.0	-1.0	0.125	-1.0	0.0	-1.0	-1.0	-1.0	0.0	-1.0	-1.0	-1.0	0.269	0.0	1.0	0.865	1.0	0.176	0.0	-1.0	0.25	0.65	-1.0	1.0	0.938	-1.0	0.155	-1.0	1.0	0.495	0.556	1.0	-1.0	0.091	0.727	-1.0	-1.0	-1.0	-1.0	-1.0	0.0	0.0	-1.0	0.0	-1.0	-1.0	-1.0	0.19	-1.0	0.276	0.583	-1.0	0.829	1.0	0.705	1.0	1.0	0.333	-1.0	-1.0	-1.0	-1.0	-1.0	0.806	-1.0	1.0	-1.0	0.909	-1.0	-1.0	-1.0	0.769	0.0	-1.0	-1.0	0.161	0.513	-1.0	-1.0	-1.0	-1.0	1.0	1.0	1.0	0.25	0.36	0.771	0.0	-1.0	-1.0	0.521	1.0	-1.0	-1.0	1.0	1.0	-1.0	-1.0	-1.0	0.0	-1.0
gnl|Prokka|GCF_001314995.1_1|3998134|A	-1.0	-1.0	0.375	-1.0	0.25	-1.0	-1.0	-1.0	-1.0	0.0	-1.0	-1.0	0.789	-1.0	-1.0	-1.0	1.0	-1.0	-1.0	1.0	1.0	0.0	-1.0	-1.0	-1.0	0.0	0.911	-1.0	-1.0	-1.0	-1.0	0.0	0.0	0.556	1.0	0.0	0.0	0.0	1.0	0.0	0.071	-1.0	1.0	-1.0	-1.0	-1.0	0.0	0.0	0.0	-1.0	1.0	-1.0	0.0	-1.0	0.904	0.0	0.857	0.143	-1.0	0.577	1.0	0.444	0.046	-1.0	1.0	-1.0	-1.0	0.183	-1.0	-1.0	0.0	-1.0	0.826	0.0	-1.0	-1.0	-1.0	-1.0	0.0	0.0	0.0	1.0	0.041	-1.0	1.0	0.817	0.0	-1.0	1.0	-1.0	-1.0	0.667	-1.0	-1.0	0.0	-1.0	-1.0	-1.0	-1.0	-1.0	0.0	-1.0	-1.0	0.425	0.136	0.0	1.0	0.647	0.054	-1.0	0.333	-1.0	1.0	0.263	-1.0	0.627	0.0	0.375	0.905	-1.0	-1.0	1.0	0.556	1.0	-1.0	1.0	0.467	-1.0	-1.0	-1.0	-1.0	-1.0	0.3	0.0	-1.0	0.0	0.043	0.0	-1.0	0.625	-1.0	0.045	-1.0	-1.0	0.681	0.227	0.414	1.0	0.0	1.0	-1.0	-1.0	-1.0	-1.0	-1.0	0.842	1.0	0.0	-1.0	-1.0	-1.0	-1.0	-1.0	-1.0	0.346	1.0	-1.0	0.0	0.647	-1.0	-1.0	-1.0	-1.0	1.0	0.0	0.297	0.333	1.0	0.254	1.0	-1.0	-1.0	0.048	0.0	-1.0	-1.0	1.0	0.938	-1.0	-1.0	-1.0	0.0	-1.0
gnl|Prokka|GCF_001314995.1_1|3998749|G	-1.0	-1.0	1.0	-1.0	-1.0	-1.0	-1.0	0.0	-1.0	0.688	-1.0	-1.0	0.214	-1.0	-1.0	-1.0	1.0	-1.0	-1.0	1.0	0.0	1.0	-1.0	-1.0	-1.0	0.0	0.137	-1.0	-1.0	-1.0	-1.0	0.844	-1.0	1.0	1.0	0.0	1.0	1.0	1.0	0.643	0.868	-1.0	0.0	0.6	-1.0	-1.0	0.24	1.0	0.98	-1.0	1.0	-1.0	1.0	-1.0	0.867	0.0	0.314	1.0	-1.0	1.0	0.35	0.0	1.0	-1.0	0.0	-1.0	-1.0	0.574	-1.0	-1.0	0.049	-1.0	0.25	0.0	-1.0	-1.0	-1.0	0.0	0.061	0.0	0.0	0.0	-1.0	-1.0	0.273	1.0	1.0	-1.0	0.727	-1.0	-1.0	0.0	-1.0	-1.0	1.0	-1.0	0.0	-1.0	-1.0	-1.0	1.0	-1.0	-1.0	0.973	0.811	1.0	0.0	0.033	0.0	0.714	0.186	-1.0	1.0	0.308	-1.0	0.608	0.036	1.0	0.217	-1.0	1.0	1.0	1.0	1.0	-1.0	0.0	0.0	-1.0	-1.0	-1.0	-1.0	-1.0	-1.0	0.906	-1.0	0.231	0.081	0.77	-1.0	1.0	-1.0	0.0	0.462	-1.0	0.058	0.609	0.0	0.104	0.0	0.167	-1.0	-1.0	-1.0	-1.0	-1.0	0.333	0.667	1.0	-1.0	0.0	0.0	-1.0	-1.0	-1.0	0.0	0.0	-1.0	0.629	0.861	-1.0	-1.0	-1.0	-1.0	1.0	0.724	0.0	0.2	0.664	0.072	0.9	-1.0	-1.0	0.361	0.969	-1.0	-1.0	0.0	0.021	-1.0	-1.0	-1.0	0.0	-1.0
gnl|Prokka|GCF_001314995.1_1|3923357|C	-1.0	-1.0	0.062	-1.0	0.85	-1.0	-1.0	0.0	-1.0	0.897	-1.0	-1.0	1.0	-1.0	-1.0	-1.0	1.0	-1.0	-1.0	0.0	0.0	0.167	-1.0	-1.0	-1.0	1.0	1.0	-1.0	-1.0	-1.0	-1.0	-1.0	-1.0	-1.0	0.163	-1.0	0.875	1.0	0.385	0.0	1.0	-1.0	0.0	-1.0	-1.0	-1.0	0.81	0.411	0.0	-1.0	0.086	-1.0	1.0	-1.0	0.857	0.152	0.4	0.44	-1.0	1.0	0.294	0.0	1.0	-1.0	0.0	-1.0	-1.0	0.89	-1.0	1.0	0.0	-1.0	1.0	0.327	-1.0	-1.0	-1.0	0.0	0.865	0.0	0.0	-1.0	0.0	-1.0	0.444	0.176	0.053	-1.0	0.0	-1.0	-1.0	0.0	-1.0	-1.0	0.0	-1.0	0.0	-1.0	-1.0	-1.0	0.579	-1.0	-1.0	-1.0	0.671	1.0	0.0	0.031	0.931	1.0	0.0	-1.0	0.412	0.0	-1.0	0.224	1.0	-1.0	0.096	-1.0	0.0	0.264	0.438	0.333	-1.0	0.1	0.214	-1.0	-1.0	-1.0	-1.0	-1.0	0.0	0.538	-1.0	0.0	0.0	0.871	-1.0	0.583	-1.0	0.0	0.188	-1.0	0.0	0.0	0.0	0.0	0.0	0.0	-1.0	-1.0	-1.0	-1.0	-1.0	0.171	0.0	-1.0	-1.0	0.0	0.0	-1.0	-1.0	0.0	0.0	0.235	-1.0	1.0	0.306	-1.0	-1.0	-1.0	-1.0	0.15	1.0	0.0	0.0	1.0	0.0	1.0	-1.0	-1.0	0.143	0.096	-1.0	-1.0	0.0	0.0	-1.0	-1.0	-1.0	1.0	-1.0
gnl|Prokka|GCF_001314995.1_1|4008068|A	-1.0	-1.0	0.462	-1.0	1.0	-1.0	-1.0	-1.0	-1.0	1.0	-1.0	-1.0	0.0	-1.0	-1.0	-1.0	1.0	-1.0	-1.0	1.0	1.0	0.906	-1.0	-1.0	-1.0	0.0	0.0	-1.0	-1.0	-1.0	-1.0	1.0	0.273	1.0	1.0	-1.0	0.737	0.616	0.444	0.737	0.19	-1.0	0.0	-1.0	-1.0	-1.0	0.704	0.0	1.0	-1.0	1.0	-1.0	0.0	-1.0	0.904	0.0	0.0	0.0	-1.0	1.0	0.808	-1.0	0.0	-1.0	1.0	-1.0	-1.0	0.0	-1.0	-1.0	0.0	-1.0	0.25	0.568	-1.0	-1.0	-1.0	0.375	0.917	0.0	0.0	1.0	0.194	-1.0	0.0	0.955	0.454	-1.0	0.0	-1.0	-1.0	0.0	-1.0	-1.0	0.0	-1.0	1.0	-1.0	-1.0	-1.0	0.267	-1.0	-1.0	0.0	0.276	0.0	1.0	0.823	1.0	0.0	1.0	-1.0	0.667	0.188	-1.0	0.591	1.0	0.0	0.843	-1.0	-1.0	0.611	0.231	0.409	-1.0	0.0	0.606	-1.0	-1.0	-1.0	-1.0	-1.0	0.0	0.0	-1.0	0.0	-1.0	0.0	-1.0	0.0	-1.0	0.316	0.538	-1.0	0.265	0.263	1.0	0.912	0.381	0.0	-1.0	-1.0	-1.0	-1.0	-1.0	0.718	0.0	0.0	-1.0	1.0	1.0	-1.0	-1.0	0.0	0.227	0.0	-1.0	1.0	1.0	-1.0	-1.0	-1.0	-1.0	0.0	0.324	0.711	0.0	1.0	0.188	0.703	-1.0	-1.0	0.34	0.484	-1.0	-1.0	1.0	1.0	-1.0	-1.0	-1.0	0.0	-1.0
gnl|Prokka|GCF_001314995.1_1|4017469|T	-1.0	-1.0	1.0	-1.0	1.0	-1.0	-1.0	-1.0	-1.0	1.0	-1.0	-1.0	-1.0	-1.0	-1.0	-1.0	1.0	-1.0	-1.0	0.556	0.0	0.0	-1.0	-1.0	-1.0	0.0	0.738	-1.0	-1.0	-1.0	-1.0	0.871	0.769	0.0	0.681	0.273	1.0	0.282	0.375	0.0	0.814	-1.0	0.0	0.0	-1.0	-1.0	0.808	1.0	0.0	-1.0	1.0	-1.0	1.0	-1.0	0.867	0.871	0.404	1.0	-1.0	1.0	0.0	-1.0	1.0	-1.0	0.0	-1.0	-1.0	0.667	-1.0	0.0	0.941	-1.0	0.6	0.0	-1.0	-1.0	-1.0	0.0	1.0	0.0	0.571	0.0	0.0	-1.0	1.0	0.0	0.585	-1.0	0.844	-1.0	-1.0	0.0	-1.0	-1.0	0.0	-1.0	0.0	-1.0	-1.0	-1.0	0.538	-1.0	-1.0	-1.0	0.859	1.0	0.0	0.103	0.0	0.333	0.909	-1.0	0.667	1.0	-1.0	0.0	0.03	0.3	1.0	-1.0	0.571	0.449	0.0	1.0	-1.0	0.0	0.333	-1.0	-1.0	-1.0	-1.0	-1.0	-1.0	0.0	-1.0	0.286	0.0	-1.0	-1.0	0.733	-1.0	0.624	0.333	-1.0	-1.0	0.727	0.261	0.0	0.538	0.0	-1.0	-1.0	-1.0	-1.0	-1.0	0.306	0.667	-1.0	-1.0	0.0	0.0	-1.0	-1.0	-1.0	0.222	1.0	-1.0	0.241	0.944	-1.0	-1.0	-1.0	-1.0	0.0	0.571	0.333	0.0	0.537	0.256	0.857	-1.0	-1.0	0.818	0.515	-1.0	-1.0	0.0	0.0	-1.0	-1.0	-1.0	-1.0	-1.0
gnl|Prokka|GCF_001314995.1_1|4025993|G	-1.0	-1.0	1.0	-1.0	0.364	-1.0	-1.0	-1.0	-1.0	0.308	-1.0	-1.0	1.0	-1.0	-1.0	-1.0	1.0	-1.0	-1.0	1.0	0.0	1.0	-1.0	-1.0	-1.0	1.0	1.0	-1.0	-1.0	-1.0	-1.0	0.025	0.0	-1.0	0.321	0.0	0.529	1.0	0.0	1.0	0.196	-1.0	0.0	0.0	-1.0	-1.0	-1.0	0.0	0.968	-1.0	1.0	-1.0	0.0	-1.0	0.859	0.0	0.706	0.0	-1.0	0.341	0.0	0.0	1.0	-1.0	0.0	-1.0	-1.0	-1.0	-1.0	-1.0	0.0	-1.0	1.0	0.275	-1.0	-1.0	-1.0	-1.0	0.0	0.0	0.0	0.0	0.0	-1.0	0.25	0.0	0.932	-1.0	0.0	-1.0	-1.0	0.0	-1.0	-1.0	0.0	-1.0	0.0	-1.0	-1.0	-1.0	0.75	-1.0	-1.0	0.439	0.732	0.556	0.0	0.072	1.0	0.278	1.0	-1.0	0.7	0.0	-1.0	0.167	1.0	0.0	0.051	-1.0	0.0	0.4	-1.0	0.0	-1.0	0.067	0.277	-1.0	-1.0	-1.0	-1.0	-1.0	-1.0	0.579	-1.0	0.0	1.0	0.118	-1.0	0.0	-1.0	0.304	0.333	-1.0	0.0	0.0	0.286	0.0	0.263	0.316	-1.0	-1.0	-1.0	-1.0	-1.0	0.0	0.0	1.0	-1.0	0.105	-1.0	-1.0	-1.0	0.375	0.381	-1.0	-1.0	0.722	0.355	-1.0	-1.0	-1.0	-1.0	0.0	0.344	0.0	0.0	0.405	0.203	0.25	-1.0	-1.0	0.702	1.0	-1.0	-1.0	0.0	0.0	-1.0	-1.0	-1.0	0.0	-1.0
gnl|Prokka|GCF_001314995.1_1|4088353|G	-1.0	-1.0	1.0	-1.0	1.0	-1.0	-1.0	0.625	-1.0	-1.0	-1.0	-1.0	0.444	-1.0	-1.0	-1.0	1.0	-1.0	-1.0	1.0	0.0	0.0	-1.0	-1.0	-1.0	-1.0	1.0	-1.0	-1.0	-1.0	-1.0	0.867	1.0	1.0	0.672	1.0	1.0	0.462	-1.0	0.0	0.738	-1.0	0.0	1.0	-1.0	-1.0	1.0	1.0	0.0	-1.0	1.0	-1.0	0.6	-1.0	1.0	0.857	0.436	0.261	-1.0	0.296	0.0	0.0	1.0	-1.0	0.0	-1.0	-1.0	-1.0	-1.0	-1.0	0.926	-1.0	0.148	0.744	-1.0	-1.0	-1.0	0.0	0.0	0.357	-1.0	0.0	0.87	-1.0	1.0	1.0	0.047	-1.0	0.607	-1.0	-1.0	0.0	-1.0	-1.0	0.0	-1.0	0.0	-1.0	-1.0	-1.0	-1.0	-1.0	-1.0	-1.0	0.841	1.0	0.0	0.069	0.0	0.462	1.0	-1.0	0.478	1.0	-1.0	1.0	0.0	-1.0	0.0	-1.0	1.0	0.581	0.6	1.0	-1.0	0.0	0.143	-1.0	-1.0	-1.0	-1.0	-1.0	0.0	0.857	-1.0	1.0	0.0	0.862	-1.0	1.0	-1.0	0.0	0.429	-1.0	0.0	-1.0	0.381	0.0	0.0	0.32	-1.0	-1.0	-1.0	-1.0	-1.0	0.25	0.444	1.0	-1.0	0.0	0.0	-1.0	-1.0	0.0	0.621	1.0	-1.0	0.0	1.0	-1.0	-1.0	-1.0	-1.0	1.0	0.667	-1.0	1.0	0.989	0.855	0.85	-1.0	-1.0	0.836	0.479	-1.0	-1.0	0.0	0.0	-1.0	-1.0	-1.0	0.0	-1.0
gnl|Prokka|GCF_001314995.1_1|4088557|C	-1.0	-1.0	0.567	-1.0	1.0	-1.0	-1.0	0.0	-1.0	0.812	-1.0	-1.0	0.0	-1.0	-1.0	-1.0	0.769	-1.0	-1.0	0.0	0.0	0.0	-1.0	-1.0	-1.0	0.0	0.0	-1.0	-1.0	-1.0	-1.0	0.876	1.0	1.0	0.627	1.0	1.0	0.437	-1.0	0.0	0.743	-1.0	-1.0	1.0	-1.0	-1.0	0.833	0.551	0.0	-1.0	0.0	-1.0	1.0	-1.0	1.0	0.867	0.148	0.0	-1.0	1.0	0.0	0.0	1.0	-1.0	0.0	-1.0	-1.0	0.907	-1.0	-1.0	0.0	-1.0	-1.0	0.761	-1.0	-1.0	-1.0	0.0	0.0	0.0	0.0	0.0	0.848	-1.0	0.696	1.0	0.035	-1.0	0.429	-1.0	-1.0	0.0	-1.0	-1.0	0.0	-1.0	0.0	-1.0	-1.0	-1.0	1.0	-1.0	-1.0	0.571	0.733	1.0	0.0	0.143	0.067	0.375	0.0	-1.0	0.571	1.0	-1.0	1.0	0.0	0.769	0.0	-1.0	-1.0	0.542	0.643	0.574	-1.0	0.0	0.279	-1.0	-1.0	-1.0	-1.0	-1.0	0.0	0.87	-1.0	-1.0	0.0	0.93	-1.0	0.667	-1.0	0.0	-1.0	-1.0	0.0	0.0	0.395	0.0	0.0	0.0	-1.0	-1.0	-1.0	-1.0	-1.0	0.407	0.462	-1.0	-1.0	0.0	0.0	-1.0	-1.0	-1.0	0.471	-1.0	-1.0	0.0	0.143	-1.0	-1.0	-1.0	-1.0	1.0	0.0	0.0	1.0	0.623	0.849	0.688	-1.0	-1.0	0.474	0.575	-1.0	-1.0	0.0	0.0	-1.0	-1.0	-1.0	0.0	-1.0
gnl|Prokka|GCF_001314995.1_1|4088559|G	-1.0	-1.0	0.583	-1.0	1.0	-1.0	-1.0	0.0	-1.0	0.833	-1.0	-1.0	0.0	-1.0	-1.0	-1.0	0.769	-1.0	-1.0	0.0	0.0	0.0	-1.0	-1.0	-1.0	0.0	0.0	-1.0	-1.0	-1.0	-1.0	0.883	1.0	1.0	0.643	1.0	1.0	0.436	-1.0	0.0	0.722	-1.0	-1.0	1.0	-1.0	-1.0	0.87	0.531	0.0	-1.0	0.0	-1.0	1.0	-1.0	1.0	0.867	0.138	0.0	-1.0	1.0	0.0	0.0	1.0	-1.0	0.0	-1.0	-1.0	0.906	-1.0	-1.0	0.0	-1.0	-1.0	0.783	-1.0	-1.0	-1.0	0.0	0.0	0.0	0.0	0.0	0.836	-1.0	0.696	1.0	0.035	-1.0	0.407	-1.0	-1.0	0.0	-1.0	-1.0	0.0	-1.0	0.0	-1.0	-1.0	-1.0	1.0	-1.0	-1.0	0.564	0.729	1.0	0.0	0.146	0.079	0.353	0.0	-1.0	0.55	1.0	-1.0	1.0	0.0	0.75	0.0	-1.0	-1.0	0.552	0.643	0.58	-1.0	0.0	0.273	-1.0	-1.0	-1.0	-1.0	-1.0	0.0	0.87	-1.0	0.552	0.0	0.931	-1.0	0.667	-1.0	0.0	-1.0	-1.0	0.0	0.0	0.395	0.0	0.0	0.12	-1.0	-1.0	-1.0	-1.0	-1.0	0.367	0.462	-1.0	-1.0	0.0	0.0	-1.0	-1.0	-1.0	-1.0	-1.0	-1.0	0.0	0.148	-1.0	-1.0	-1.0	-1.0	1.0	0.0	0.0	1.0	0.613	0.84	0.667	-1.0	-1.0	0.464	0.571	-1.0	-1.0	0.0	0.0	-1.0	-1.0	-1.0	0.0	-1.0
gnl|Prokka|GCF_001314995.1_1|4088584|T	-1.0	-1.0	0.649	-1.0	1.0	-1.0	-1.0	0.0	-1.0	1.0	-1.0	-1.0	0.333	-1.0	-1.0	-1.0	1.0	-1.0	-1.0	0.0	0.0	0.0	-1.0	-1.0	-1.0	0.0	0.0	-1.0	-1.0	-1.0	-1.0	0.883	1.0	1.0	0.623	1.0	1.0	0.381	1.0	0.0	0.795	-1.0	-1.0	1.0	-1.0	-1.0	0.864	0.557	0.0	-1.0	0.0	-1.0	1.0	-1.0	1.0	0.86	0.192	0.333	-1.0	1.0	0.0	0.0	1.0	-1.0	0.0	-1.0	-1.0	-1.0	-1.0	-1.0	0.0	-1.0	-1.0	0.814	-1.0	-1.0	-1.0	0.0	0.0	0.0	0.0	0.0	0.845	-1.0	0.789	1.0	0.047	-1.0	0.552	-1.0	-1.0	0.0	-1.0	-1.0	0.0	-1.0	0.0	-1.0	-1.0	-1.0	1.0	-1.0	-1.0	0.577	0.756	0.667	0.0	0.14	0.093	0.688	1.0	-1.0	0.435	1.0	-1.0	1.0	0.0	1.0	0.0	-1.0	1.0	0.549	0.533	0.588	-1.0	0.0	0.341	-1.0	-1.0	-1.0	-1.0	-1.0	-1.0	1.0	-1.0	0.9	0.0	0.942	-1.0	0.625	-1.0	0.0	0.2	-1.0	0.0	0.0	0.425	0.0	0.0	0.107	-1.0	-1.0	-1.0	-1.0	-1.0	0.296	0.273	-1.0	-1.0	0.0	0.0	-1.0	-1.0	-1.0	0.462	-1.0	-1.0	0.0	0.407	-1.0	-1.0	-1.0	-1.0	1.0	0.0	0.0	1.0	0.632	0.812	0.684	-1.0	-1.0	0.86	0.596	-1.0	-1.0	0.0	0.0	-1.0	-1.0	-1.0	0.0	-1.0
gnl|Prokka|GCF_001314995.1_1|4109948|G	-1.0	-1.0	1.0	-1.0	0.0	-1.0	-1.0	0.0	-1.0	0.182	-1.0	-1.0	0.0	-1.0	-1.0	-1.0	0.0	-1.0	-1.0	1.0	1.0	1.0	-1.0	-1.0	-1.0	1.0	0.833	-1.0	-1.0	-1.0	-1.0	0.024	0.0	1.0	0.885	0.0	0.0	0.0	0.545	0.708	0.275	-1.0	0.0	1.0	-1.0	-1.0	0.15	0.0	1.0	-1.0	0.857	-1.0	0.0	-1.0	0.0	0.0	0.471	0.545	-1.0	0.51	0.238	-1.0	0.0	-1.0	1.0	-1.0	-1.0	0.169	-1.0	-1.0	1.0	-1.0	0.0	0.452	-1.0	-1.0	-1.0	-1.0	0.125	0.3	0.0	1.0	0.0	-1.0	0.25	0.866	0.378	-1.0	0.156	-1.0	-1.0	0.0	-1.0	-1.0	1.0	-1.0	0.667	-1.0	-1.0	-1.0	0.0	-1.0	-1.0	0.0	1.0	0.0	1.0	0.622	1.0	0.417	0.161	-1.0	0.4	1.0	-1.0	0.714	0.955	-1.0	0.575	-1.0	-1.0	0.543	0.286	0.491	-1.0	1.0	0.583	-1.0	-1.0	-1.0	-1.0	-1.0	0.0	1.0	-1.0	0.25	-1.0	0.079	-1.0	0.0	-1.0	0.173	0.25	-1.0	0.0	0.32	0.576	1.0	0.529	0.571	-1.0	-1.0	-1.0	-1.0	-1.0	-1.0	-1.0	0.0	-1.0	0.667	1.0	-1.0	-1.0	0.0	0.13	0.0	-1.0	0.0	0.808	-1.0	-1.0	-1.0	-1.0	1.0	0.417	1.0	0.0	0.0	0.364	0.208	-1.0	-1.0	0.444	0.975	-1.0	-1.0	1.0	0.902	-1.0	-1.0	-1.0	0.0	-1.0
gnl|Prokka|GCF_001314995.1_1|4139953|C	-1.0	-1.0	0.229	-1.0	0.333	-1.0	-1.0	-1.0	-1.0	0.0	-1.0	-1.0	-1.0	-1.0	-1.0	-1.0	1.0	-1.0	-1.0	1.0	1.0	0.091	-1.0	-1.0	-1.0	0.0	0.321	-1.0	-1.0	-1.0	-1.0	0.969	0.0	1.0	0.391	0.0	0.231	0.264	0.0	0.0	0.0	-1.0	-1.0	1.0	-1.0	-1.0	0.412	0.0	0.0	-1.0	1.0	-1.0	0.4	-1.0	0.852	0.0	0.0	0.0	-1.0	0.4	-1.0	-1.0	1.0	-1.0	1.0	-1.0	-1.0	0.909	-1.0	-1.0	0.948	-1.0	0.0	0.0	-1.0	-1.0	-1.0	1.0	0.0	0.375	0.625	1.0	0.115	-1.0	0.0	1.0	0.0	-1.0	0.591	-1.0	-1.0	0.73	-1.0	-1.0	1.0	-1.0	0.643	-1.0	-1.0	-1.0	0.8	-1.0	-1.0	0.437	1.0	-1.0	1.0	0.868	0.0	0.333	1.0	-1.0	0.839	0.0	-1.0	0.465	0.0	1.0	0.77	-1.0	-1.0	0.576	0.636	0.607	-1.0	1.0	0.778	-1.0	-1.0	-1.0	-1.0	-1.0	0.273	1.0	-1.0	0.0	0.0	1.0	-1.0	0.0	-1.0	0.392	0.0	-1.0	0.0	0.348	0.782	1.0	0.0	0.72	-1.0	-1.0	-1.0	-1.0	-1.0	0.8	0.0	1.0	-1.0	1.0	-1.0	-1.0	-1.0	0.0	0.429	0.0	-1.0	0.0	0.515	-1.0	-1.0	-1.0	-1.0	0.588	0.0	1.0	0.333	0.318	0.167	0.107	-1.0	-1.0	1.0	0.0	-1.0	-1.0	1.0	0.977	-1.0	-1.0	-1.0	0.0	-1.0
gnl|Prokka|GCF_001314995.1_1|4166342|T	-1.0	-1.0	0.741	-1.0	0.0	-1.0	-1.0	-1.0	-1.0	0.0	-1.0	-1.0	-1.0	-1.0	-1.0	-1.0	1.0	-1.0	-1.0	0.55	1.0	0.212	-1.0	-1.0	-1.0	0.0	0.0	-1.0	-1.0	-1.0	-1.0	0.078	-1.0	0.294	1.0	0.375	0.565	1.0	1.0	0.391	0.886	-1.0	1.0	0.0	-1.0	-1.0	0.0	0.0	0.0	-1.0	0.848	-1.0	0.0	-1.0	0.944	0.19	0.722	0.714	-1.0	0.614	1.0	0.7	1.0	-1.0	1.0	-1.0	-1.0	0.734	-1.0	1.0	0.082	-1.0	0.526	0.54	-1.0	-1.0	-1.0	0.714	1.0	-1.0	0.0	0.171	0.162	-1.0	0.783	1.0	0.0	-1.0	0.267	-1.0	-1.0	0.795	-1.0	-1.0	1.0	-1.0	1.0	-1.0	-1.0	-1.0	1.0	-1.0	-1.0	0.442	0.231	0.455	1.0	0.953	0.0	0.0	0.576	-1.0	0.741	0.0	-1.0	1.0	0.0	0.0	0.852	-1.0	-1.0	0.957	1.0	0.0	-1.0	1.0	0.862	-1.0	-1.0	-1.0	-1.0	-1.0	0.0	0.0	-1.0	0.333	0.887	0.108	-1.0	0.0	-1.0	1.0	0.583	-1.0	0.114	-1.0	0.771	0.935	0.0	0.321	-1.0	-1.0	-1.0	-1.0	-1.0	1.0	0.0	-1.0	-1.0	1.0	-1.0	-1.0	-1.0	-1.0	0.615	0.0	-1.0	1.0	0.917	-1.0	-1.0	-1.0	-1.0	0.204	0.0	0.472	0.0	0.414	0.855	0.25	-1.0	-1.0	0.395	0.0	-1.0	-1.0	1.0	0.869	-1.0	-1.0	-1.0	0.0	-1.0
gnl|Prokka|GCF_001314995.1_1|4185838|T	-1.0	-1.0	0.523	-1.0	1.0	-1.0	-1.0	0.0	-1.0	0.812	-1.0	-1.0	0.0	-1.0	-1.0	-1.0	1.0	-1.0	-1.0	1.0	0.0	1.0	-1.0	-1.0	-1.0	1.0	1.0	-1.0	-1.0	-1.0	-1.0	0.053	-1.0	0.0	0.286	0.0	0.455	0.387	1.0	0.864	0.419	-1.0	0.0	1.0	-1.0	-1.0	-1.0	0.303	0.975	-1.0	0.897	-1.0	1.0	-1.0	0.869	0.0	0.333	0.0	-1.0	0.318	0.0	-1.0	1.0	-1.0	0.0	-1.0	-1.0	1.0	-1.0	0.0	0.0	-1.0	-1.0	0.455	-1.0	-1.0	-1.0	0.364	0.0	0.0	0.0	0.0	0.0	-1.0	1.0	0.072	0.52	-1.0	-1.0	-1.0	-1.0	0.0	-1.0	-1.0	1.0	-1.0	0.0	-1.0	-1.0	-1.0	0.625	-1.0	-1.0	0.532	0.046	1.0	0.0	0.0	0.929	-1.0	0.0	-1.0	0.476	1.0	-1.0	0.0	1.0	0.667	0.929	-1.0	1.0	0.062	-1.0	0.171	-1.0	0.0	0.0	-1.0	-1.0	-1.0	-1.0	-1.0	0.0	0.24	-1.0	0.0	0.217	0.818	-1.0	0.667	-1.0	0.0	0.0	-1.0	0.0	0.211	0.0	0.088	0.389	0.138	-1.0	-1.0	-1.0	-1.0	-1.0	0.484	0.538	-1.0	-1.0	0.0	1.0	-1.0	-1.0	0.0	0.583	0.235	-1.0	0.0	0.594	-1.0	-1.0	-1.0	-1.0	0.25	1.0	0.0	0.158	0.43	0.148	0.609	-1.0	-1.0	0.795	0.573	-1.0	-1.0	0.0	0.0	-1.0	-1.0	-1.0	0.0	-1.0
gnl|Prokka|GCF_001314995.1_1|4305832|C	-1.0	-1.0	1.0	-1.0	0.0	-1.0	-1.0	0.0	-1.0	0.0	-1.0	-1.0	0.0	-1.0	-1.0	-1.0	1.0	-1.0	-1.0	0.667	0.0	1.0	-1.0	-1.0	-1.0	-1.0	0.0	-1.0	-1.0	-1.0	-1.0	0.098	-1.0	1.0	1.0	1.0	0.0	0.472	0.667	0.894	1.0	-1.0	-1.0	0.0	-1.0	-1.0	1.0	0.0	0.971	-1.0	1.0	-1.0	0.0	-1.0	1.0	0.0	0.243	1.0	-1.0	0.8	0.0	0.0	0.0	-1.0	0.0	-1.0	-1.0	0.412	-1.0	-1.0	0.0	-1.0	0.429	0.625	-1.0	-1.0	-1.0	1.0	0.0	-1.0	-1.0	0.0	0.697	-1.0	0.706	0.792	0.938	-1.0	0.0	-1.0	-1.0	0.0	-1.0	-1.0	0.0	-1.0	0.0	-1.0	-1.0	-1.0	-1.0	-1.0	-1.0	0.0	0.0	0.0	0.0	0.034	0.154	1.0	0.0	-1.0	1.0	1.0	-1.0	1.0	0.0	0.0	1.0	-1.0	0.444	0.938	0.0	0.729	-1.0	0.0	0.0	-1.0	-1.0	-1.0	-1.0	-1.0	-1.0	1.0	-1.0	1.0	0.0	0.25	-1.0	-1.0	-1.0	0.556	0.0	-1.0	0.897	0.0	0.0	0.0	1.0	0.444	-1.0	-1.0	-1.0	-1.0	-1.0	0.086	0.625	0.0	-1.0	0.0	-1.0	-1.0	-1.0	0.667	1.0	1.0	-1.0	0.389	1.0	-1.0	-1.0	-1.0	-1.0	0.171	0.0	0.0	0.7	0.419	0.37	0.323	-1.0	-1.0	0.109	1.0	-1.0	-1.0	0.0	0.0	-1.0	-1.0	-1.0	0.0	-1.0
gnl|Prokka|GCF_001314995.1_1|4306286|A	-1.0	-1.0	0.594	-1.0	1.0	-1.0	-1.0	-1.0	-1.0	0.75	-1.0	-1.0	1.0	-1.0	-1.0	-1.0	1.0	-1.0	-1.0	0.769	0.0	1.0	-1.0	-1.0	-1.0	-1.0	0.733	-1.0	-1.0	-1.0	-1.0	0.0	-1.0	1.0	0.571	0.0	1.0	0.507	-1.0	0.917	0.243	-1.0	0.455	0.0	-1.0	-1.0	0.609	0.618	1.0	-1.0	0.789	-1.0	0.647	-1.0	0.709	0.0	0.467	-1.0	-1.0	0.536	0.176	0.0	1.0	-1.0	0.0	-1.0	-1.0	0.286	-1.0	1.0	1.0	-1.0	0.429	0.0	-1.0	-1.0	-1.0	0.556	0.0	1.0	-1.0	0.0	0.0	-1.0	1.0	0.96	0.523	-1.0	0.0	-1.0	-1.0	0.0	-1.0	-1.0	0.0	-1.0	0.0	-1.0	-1.0	-1.0	0.0	-1.0	-1.0	0.0	0.22	1.0	0.0	0.071	1.0	1.0	0.0	-1.0	0.312	0.765	-1.0	0.804	0.778	0.333	0.0	-1.0	-1.0	0.761	1.0	0.725	-1.0	0.0	0.0	-1.0	-1.0	-1.0	-1.0	-1.0	0.0	1.0	-1.0	0.412	0.0	0.132	-1.0	1.0	-1.0	0.771	-1.0	-1.0	0.0	0.0	0.0	0.0	1.0	0.2	-1.0	-1.0	-1.0	-1.0	-1.0	0.25	1.0	0.643	-1.0	0.0	0.0	-1.0	-1.0	0.0	0.0	0.0	-1.0	0.0	1.0	-1.0	-1.0	-1.0	-1.0	0.0	0.273	0.537	0.0	1.0	0.309	1.0	-1.0	-1.0	1.0	0.529	-1.0	-1.0	0.0	0.027	-1.0	-1.0	-1.0	0.0	-1.0
gnl|Prokka|GCF_001314995.1_1|4339502|C	-1.0	-1.0	0.061	-1.0	0.0	-1.0	-1.0	0.556	-1.0	0.188	-1.0	-1.0	-1.0	-1.0	-1.0	-1.0	1.0	-1.0	-1.0	0.286	1.0	0.727	-1.0	-1.0	-1.0	-1.0	1.0	-1.0	-1.0	-1.0	-1.0	0.054	-1.0	0.0	0.114	0.0	0.0	0.0	0.0	0.663	1.0	-1.0	-1.0	1.0	-1.0	-1.0	0.15	0.0	1.0	-1.0	0.0	-1.0	0.0	-1.0	0.792	-1.0	1.0	0.222	-1.0	0.559	0.833	1.0	0.948	-1.0	1.0	-1.0	-1.0	0.0	-1.0	0.0	1.0	-1.0	0.0	0.0	-1.0	-1.0	-1.0	-1.0	0.696	0.0	0.0	-1.0	0.054	-1.0	0.562	0.0	0.235	-1.0	0.0	-1.0	-1.0	0.464	-1.0	-1.0	1.0	-1.0	1.0	-1.0	-1.0	-1.0	0.0	-1.0	-1.0	-1.0	0.826	0.0	1.0	0.832	1.0	0.0	0.0	-1.0	0.778	0.545	-1.0	0.051	1.0	0.0	0.7	-1.0	0.429	0.0	0.0	0.241	-1.0	1.0	0.722	-1.0	-1.0	-1.0	-1.0	-1.0	0.0	0.0	-1.0	0.0	0.0	0.134	-1.0	0.0	-1.0	0.123	0.308	-1.0	0.04	0.318	0.581	1.0	0.0	-1.0	-1.0	-1.0	-1.0	-1.0	-1.0	1.0	-1.0	0.333	-1.0	0.762	1.0	-1.0	-1.0	0.375	0.333	0.0	-1.0	0.189	0.0	-1.0	-1.0	-1.0	-1.0	1.0	1.0	1.0	-1.0	0.0	0.657	0.231	-1.0	-1.0	0.846	0.352	-1.0	-1.0	1.0	1.0	-1.0	-1.0	-1.0	0.0	-1.0
gnl|Prokka|GCF_001314995.1_1|4343580|A	-1.0	-1.0	0.0	-1.0	0.7	-1.0	-1.0	0.0	-1.0	-1.0	-1.0	-1.0	0.0	-1.0	-1.0	-1.0	1.0	-1.0	-1.0	0.412	0.0	1.0	-1.0	-1.0	-1.0	1.0	1.0	-1.0	-1.0	-1.0	-1.0	0.023	1.0	0.0	0.26	0.211	0.333	0.0	0.636	0.662	0.643	-1.0	0.0	-1.0	-1.0	-1.0	0.0	1.0	1.0	-1.0	0.0	-1.0	1.0	-1.0	0.595	0.0	0.29	0.4	-1.0	1.0	0.0	0.0	0.941	-1.0	0.0	-1.0	-1.0	0.091	-1.0	-1.0	1.0	-1.0	0.0	0.217	-1.0	-1.0	-1.0	-1.0	0.781	-1.0	-1.0	-1.0	0.0	-1.0	0.481	0.0	0.338	-1.0	0.211	-1.0	-1.0	0.619	-1.0	-1.0	1.0	-1.0	0.0	-1.0	-1.0	-1.0	0.0	-1.0	-1.0	0.0	0.414	1.0	0.0	0.0	1.0	0.25	0.378	-1.0	0.682	1.0	-1.0	0.0	1.0	0.429	0.9	-1.0	1.0	0.0	0.0	0.114	-1.0	1.0	0.0	-1.0	-1.0	-1.0	-1.0	-1.0	0.0	0.211	-1.0	0.0	-1.0	0.102	-1.0	0.0	-1.0	0.0	-1.0	-1.0	0.0	0.0	0.0	0.104	0.0	0.421	-1.0	-1.0	-1.0	-1.0	-1.0	0.308	0.273	0.0	-1.0	0.0	0.455	-1.0	-1.0	0.0	0.2	0.158	-1.0	0.103	0.188	-1.0	-1.0	-1.0	-1.0	1.0	1.0	0.382	0.214	0.51	0.625	1.0	-1.0	-1.0	0.719	0.426	-1.0	-1.0	0.0	0.145	-1.0	-1.0	-1.0	0.0	-1.0
gnl|Prokka|GCF_001314995.1_1|4343583|G	-1.0	-1.0	0.0	-1.0	1.0	-1.0	-1.0	0.0	-1.0	-1.0	-1.0	-1.0	0.0	-1.0	-1.0	-1.0	1.0	-1.0	-1.0	0.412	0.0	1.0	-1.0	-1.0	-1.0	1.0	1.0	-1.0	-1.0	-1.0	-1.0	0.023	1.0	0.0	0.255	0.167	0.357	0.0	0.636	0.636	0.643	-1.0	0.0	-1.0	-1.0	-1.0	0.0	1.0	0.953	-1.0	0.0	-1.0	1.0	-1.0	0.579	0.0	0.29	0.412	-1.0	1.0	0.0	0.0	0.943	-1.0	0.0	-1.0	-1.0	0.086	-1.0	-1.0	1.0	-1.0	0.0	0.192	-1.0	-1.0	-1.0	-1.0	0.8	-1.0	-1.0	-1.0	0.0	-1.0	0.481	0.0	0.317	-1.0	0.167	-1.0	-1.0	0.6	-1.0	-1.0	1.0	-1.0	0.0	-1.0	-1.0	-1.0	0.0	-1.0	-1.0	0.0	0.382	1.0	0.0	0.0	1.0	0.25	0.373	-1.0	0.636	1.0	-1.0	0.0	1.0	0.385	0.875	-1.0	-1.0	0.0	0.0	0.114	-1.0	0.88	0.0	-1.0	-1.0	-1.0	-1.0	-1.0	0.0	0.182	-1.0	0.0	-1.0	-1.0	-1.0	0.0	-1.0	0.0	0.0	-1.0	0.0	0.0	0.0	0.082	0.0	0.45	-1.0	-1.0	-1.0	-1.0	-1.0	0.321	0.25	0.0	-1.0	0.0	0.455	-1.0	-1.0	0.0	0.188	0.158	-1.0	0.111	0.188	-1.0	-1.0	-1.0	-1.0	1.0	1.0	0.4	0.214	0.487	0.586	1.0	-1.0	-1.0	0.719	0.413	-1.0	-1.0	0.0	0.139	-1.0	-1.0	-1.0	0.0	-1.0
gnl|Prokka|GCF_001314995.1_1|4372432|G	-1.0	-1.0	0.0	-1.0	0.667	-1.0	-1.0	-1.0	-1.0	0.375	-1.0	-1.0	0.0	-1.0	-1.0	-1.0	0.0	-1.0	-1.0	0.435	0.0	1.0	-1.0	-1.0	-1.0	1.0	0.864	-1.0	-1.0	-1.0	-1.0	0.0	0.444	1.0	0.556	0.0	0.688	0.0	0.857	0.705	0.167	-1.0	0.0	1.0	-1.0	-1.0	0.0	0.0	1.0	-1.0	0.0	-1.0	0.417	-1.0	0.0	0.175	0.0	0.0	-1.0	0.622	0.0	0.375	0.0	-1.0	0.0	-1.0	-1.0	0.13	-1.0	1.0	0.0	-1.0	0.143	0.478	-1.0	-1.0	-1.0	-1.0	0.0	0.471	0.0	-1.0	0.0	-1.0	0.588	0.753	0.475	-1.0	0.355	-1.0	-1.0	0.0	-1.0	-1.0	1.0	-1.0	0.0	-1.0	-1.0	-1.0	0.444	-1.0	-1.0	0.0	0.0	0.0	0.0	0.0	1.0	0.25	-1.0	-1.0	0.395	0.8	-1.0	0.661	0.946	1.0	0.0	-1.0	1.0	0.718	0.3	0.636	-1.0	1.0	0.0	-1.0	-1.0	-1.0	-1.0	-1.0	-1.0	0.0	-1.0	0.0	0.169	0.0	-1.0	0.455	-1.0	0.0	0.0	-1.0	0.0	0.0	0.113	0.117	0.263	0.158	-1.0	-1.0	-1.0	-1.0	-1.0	0.125	0.538	0.0	-1.0	0.0	-1.0	-1.0	-1.0	0.0	0.0	-1.0	-1.0	0.138	0.0	-1.0	-1.0	-1.0	-1.0	1.0	0.517	0.0	0.625	1.0	0.112	1.0	-1.0	-1.0	0.0	0.598	-1.0	-1.0	0.0	0.145	-1.0	-1.0	-1.0	0.0	-1.0
gnl|Prokka|GCF_001314995.1_1|4374869|C	-1.0	-1.0	0.0	-1.0	0.0	-1.0	-1.0	0.333	-1.0	0.0	-1.0	-1.0	0.0	-1.0	-1.0	-1.0	0.0	-1.0	-1.0	0.385	1.0	0.0	-1.0	-1.0	-1.0	0.0	0.32	-1.0	-1.0	-1.0	-1.0	0.164	0.0	0.0	0.341	0.0	0.455	0.434	0.812	0.0	0.0	-1.0	0.0	0.786	-1.0	-1.0	0.308	0.0	0.026	-1.0	0.0	-1.0	-1.0	-1.0	0.04	0.0	0.366	0.0	-1.0	0.0	0.579	0.0	0.0	-1.0	1.0	-1.0	-1.0	0.108	-1.0	0.6	0.924	-1.0	0.0	0.0	-1.0	-1.0	-1.0	-1.0	0.0	0.0	0.444	1.0	0.237	-1.0	0.381	0.155	0.0	-1.0	0.0	-1.0	-1.0	0.25	-1.0	-1.0	0.226	-1.0	0.0	-1.0	-1.0	-1.0	0.0	-1.0	-1.0	0.025	0.214	0.0	1.0	0.85	0.051	0.615	0.485	-1.0	0.059	0.75	-1.0	0.0	0.0	0.789	0.0	-1.0	0.7	0.0	0.545	0.0	-1.0	0.0	0.8	-1.0	-1.0	-1.0	-1.0	-1.0	0.0	0.0	-1.0	-1.0	-1.0	-1.0	-1.0	-1.0	-1.0	0.358	0.583	-1.0	-1.0	0.36	0.683	1.0	0.0	0.789	-1.0	-1.0	-1.0	-1.0	-1.0	0.526	1.0	-1.0	-1.0	0.914	0.273	-1.0	-1.0	0.333	-1.0	0.0	-1.0	0.0	0.0	-1.0	-1.0	-1.0	-1.0	1.0	0.794	1.0	0.455	0.336	0.0	0.531	-1.0	-1.0	0.0	0.0	-1.0	-1.0	1.0	0.971	-1.0	-1.0	-1.0	-1.0	-1.0
gnl|Prokka|GCF_001314995.1_1|4378043|T	-1.0	-1.0	0.452	-1.0	0.727	-1.0	-1.0	0.0	-1.0	1.0	-1.0	-1.0	-1.0	-1.0	-1.0	-1.0	1.0	-1.0	-1.0	0.533	0.0	0.0	-1.0	-1.0	-1.0	0.0	0.711	-1.0	-1.0	-1.0	-1.0	0.912	1.0	1.0	0.824	1.0	1.0	1.0	1.0	0.0	1.0	-1.0	-1.0	0.0	-1.0	-1.0	0.0	1.0	0.0	-1.0	0.778	-1.0	0.438	-1.0	1.0	-1.0	0.13	1.0	-1.0	0.405	0.435	0.0	1.0	-1.0	0.0	-1.0	-1.0	0.115	-1.0	1.0	0.0	-1.0	1.0	0.0	-1.0	-1.0	-1.0	0.0	1.0	0.0	0.0	-1.0	0.0	-1.0	1.0	1.0	0.218	-1.0	1.0	-1.0	-1.0	0.661	-1.0	-1.0	0.935	-1.0	0.0	-1.0	-1.0	-1.0	0.0	-1.0	-1.0	0.35	0.696	1.0	0.0	0.029	0.066	0.0	0.0	-1.0	0.605	0.286	-1.0	0.896	0.067	0.0	1.0	-1.0	0.2	1.0	1.0	1.0	-1.0	1.0	0.219	-1.0	-1.0	-1.0	-1.0	-1.0	1.0	0.725	-1.0	1.0	0.0	0.0	-1.0	1.0	-1.0	0.0	0.0	-1.0	-1.0	0.0	0.0	0.0	0.0	0.318	-1.0	-1.0	-1.0	-1.0	-1.0	0.421	0.0	-1.0	-1.0	0.0	0.375	-1.0	-1.0	0.0	1.0	-1.0	-1.0	1.0	1.0	-1.0	-1.0	-1.0	-1.0	1.0	0.0	0.0	-1.0	0.638	0.824	0.722	-1.0	-1.0	0.58	0.0	-1.0	-1.0	0.0	0.035	-1.0	-1.0	-1.0	-1.0	-1.0
gnl|Prokka|GCF_001314995.1_1|4378064|A	-1.0	-1.0	0.389	-1.0	1.0	-1.0	-1.0	0.0	-1.0	1.0	-1.0	-1.0	-1.0	-1.0	-1.0	-1.0	1.0	-1.0	-1.0	0.643	0.0	0.0	-1.0	-1.0	-1.0	0.0	0.706	-1.0	-1.0	-1.0	-1.0	0.911	1.0	1.0	0.827	1.0	1.0	1.0	1.0	0.0	0.912	-1.0	0.556	0.0	-1.0	-1.0	0.0	1.0	0.0	-1.0	0.769	-1.0	0.647	-1.0	1.0	-1.0	0.125	1.0	-1.0	0.421	0.423	0.0	1.0	-1.0	0.0	-1.0	-1.0	0.167	-1.0	1.0	0.0	-1.0	1.0	0.0	-1.0	-1.0	-1.0	0.0	1.0	0.0	0.0	-1.0	0.0	-1.0	1.0	1.0	0.204	-1.0	1.0	-1.0	-1.0	0.633	-1.0	-1.0	0.935	-1.0	0.0	-1.0	-1.0	-1.0	0.0	-1.0	-1.0	-1.0	0.713	1.0	0.0	0.036	0.069	0.0	0.0	-1.0	0.462	0.375	-1.0	0.825	0.085	0.0	1.0	-1.0	0.214	1.0	1.0	1.0	-1.0	1.0	0.152	-1.0	-1.0	-1.0	-1.0	-1.0	1.0	0.846	-1.0	1.0	0.0	0.0	-1.0	1.0	-1.0	0.0	0.0	-1.0	-1.0	0.0	0.0	0.0	0.0	0.333	-1.0	-1.0	-1.0	-1.0	-1.0	0.455	0.0	-1.0	-1.0	0.0	-1.0	-1.0	-1.0	0.0	1.0	-1.0	-1.0	1.0	1.0	-1.0	-1.0	-1.0	-1.0	0.222	0.0	0.0	-1.0	0.66	0.785	0.529	-1.0	-1.0	0.571	0.0	-1.0	-1.0	0.0	0.031	-1.0	-1.0	-1.0	-1.0	-1.0
gnl|Prokka|GCF_001314995.1_1|4380902|C	-1.0	-1.0	0.0	-1.0	1.0	-1.0	-1.0	0.0	-1.0	1.0	-1.0	-1.0	-1.0	-1.0	-1.0	-1.0	1.0	-1.0	-1.0	0.0	0.0	1.0	-1.0	-1.0	-1.0	1.0	0.226	-1.0	-1.0	-1.0	-1.0	0.875	1.0	0.0	1.0	0.0	0.333	0.279	0.333	0.494	0.75	-1.0	0.0	0.556	-1.0	-1.0	-1.0	0.366	0.98	-1.0	0.179	-1.0	-1.0	-1.0	0.83	0.0	0.0	0.269	-1.0	0.338	0.0	0.333	0.0	-1.0	0.0	-1.0	-1.0	0.551	-1.0	-1.0	1.0	-1.0	0.2	0.513	-1.0	-1.0	-1.0	0.0	0.0	1.0	-1.0	0.0	0.0	-1.0	0.32	0.0	0.393	-1.0	0.538	-1.0	-1.0	0.0	-1.0	-1.0	0.0	-1.0	0.0	-1.0	-1.0	-1.0	1.0	-1.0	-1.0	0.945	0.726	0.571	0.0	0.129	1.0	0.0	0.292	-1.0	0.688	0.455	-1.0	0.0	1.0	0.7	0.109	-1.0	-1.0	0.314	0.0	0.209	-1.0	0.0	0.225	-1.0	-1.0	-1.0	-1.0	-1.0	0.0	0.267	-1.0	0.13	1.0	0.667	-1.0	0.273	-1.0	0.608	0.0	-1.0	-1.0	0.0	0.0	0.083	0.0	0.267	-1.0	-1.0	-1.0	-1.0	-1.0	0.0	0.0	0.0	-1.0	0.0	0.0	-1.0	-1.0	0.0	0.167	-1.0	-1.0	0.778	0.283	-1.0	-1.0	-1.0	-1.0	-1.0	-1.0	0.222	0.0	0.522	0.238	1.0	-1.0	-1.0	0.0	0.45	-1.0	-1.0	0.0	0.088	-1.0	-1.0	-1.0	0.0	-1.0
gnl|Prokka|GCF_001314995.1_1|4402783|G	-1.0	-1.0	0.0	-1.0	0.0	-1.0	-1.0	1.0	-1.0	0.0	-1.0	-1.0	0.333	-1.0	-1.0	-1.0	0.471	-1.0	-1.0	0.0	1.0	0.0	-1.0	-1.0	-1.0	-1.0	1.0	-1.0	-1.0	-1.0	-1.0	0.964	1.0	-1.0	0.0	0.0	0.278	0.0	1.0	0.0	0.106	-1.0	0.0	-1.0	-1.0	-1.0	0.0	0.0	0.02	-1.0	0.152	-1.0	0.235	-1.0	0.827	0.0	0.932	0.0	-1.0	0.6	0.625	0.0	0.0	-1.0	1.0	-1.0	-1.0	0.767	-1.0	1.0	1.0	-1.0	0.263	0.472	-1.0	-1.0	-1.0	-1.0	0.0	-1.0	0.625	0.6	0.357	-1.0	1.0	0.85	0.0	-1.0	0.56	-1.0	-1.0	0.0	-1.0	-1.0	0.0	-1.0	0.0	-1.0	-1.0	-1.0	0.684	-1.0	-1.0	0.782	1.0	0.0	1.0	0.873	1.0	0.0	0.275	-1.0	0.296	-1.0	-1.0	0.808	1.0	0.375	0.0	-1.0	1.0	0.667	-1.0	1.0	-1.0	0.0	1.0	-1.0	-1.0	-1.0	-1.0	-1.0	0.0	0.325	-1.0	0.0	0.064	-1.0	-1.0	0.286	-1.0	0.39	0.667	-1.0	0.391	1.0	0.826	1.0	0.0	0.308	-1.0	-1.0	-1.0	-1.0	-1.0	1.0	-1.0	-1.0	-1.0	0.9	0.625	-1.0	-1.0	1.0	0.0	0.286	-1.0	0.0	0.0	-1.0	-1.0	-1.0	-1.0	1.0	1.0	1.0	0.0	0.392	0.0	0.125	-1.0	-1.0	0.533	0.113	-1.0	-1.0	1.0	0.966	-1.0	-1.0	-1.0	0.0	-1.0
gnl|Prokka|GCF_001314995.1_1|4425556|G	-1.0	-1.0	0.945	-1.0	0.0	-1.0	-1.0	0.375	-1.0	0.455	-1.0	-1.0	-1.0	-1.0	-1.0	-1.0	0.167	-1.0	-1.0	0.824	0.0	1.0	-1.0	-1.0	-1.0	0.667	1.0	-1.0	-1.0	-1.0	-1.0	0.09	0.0	-1.0	0.909	0.0	0.273	0.474	0.625	0.857	0.268	-1.0	-1.0	1.0	-1.0	-1.0	0.267	0.589	0.983	-1.0	1.0	-1.0	0.389	-1.0	0.138	0.889	0.0	0.0	-1.0	0.552	0.0	0.0	1.0	-1.0	0.0	-1.0	-1.0	0.182	-1.0	1.0	0.0	-1.0	1.0	1.0	-1.0	-1.0	-1.0	-1.0	0.0	0.0	1.0	0.3	0.0	-1.0	1.0	1.0	0.416	-1.0	0.0	-1.0	-1.0	0.257	-1.0	-1.0	0.167	-1.0	0.0	-1.0	-1.0	-1.0	0.0	-1.0	-1.0	0.0	0.177	0.538	0.0	0.064	1.0	1.0	0.588	-1.0	0.711	1.0	-1.0	1.0	1.0	1.0	0.0	-1.0	0.667	0.671	1.0	0.559	-1.0	0.143	0.229	-1.0	-1.0	-1.0	-1.0	-1.0	-1.0	0.294	-1.0	0.696	0.12	0.0	-1.0	0.471	-1.0	0.0	0.0	-1.0	0.812	0.545	0.0	0.0	1.0	0.15	-1.0	-1.0	-1.0	-1.0	-1.0	0.333	0.0	0.429	-1.0	0.0	0.0	-1.0	-1.0	0.0	0.364	-1.0	-1.0	0.0	0.667	-1.0	-1.0	-1.0	-1.0	0.302	0.556	0.0	0.733	1.0	0.526	0.609	-1.0	-1.0	0.818	1.0	-1.0	-1.0	0.0	0.0	-1.0	-1.0	-1.0	0.0	-1.0
gnl|Prokka|GCF_001314995.1_1|4425564|C	-1.0	-1.0	0.947	-1.0	0.0	-1.0	-1.0	0.375	-1.0	-1.0	-1.0	-1.0	-1.0	-1.0	-1.0	-1.0	0.0	-1.0	-1.0	0.812	0.0	1.0	-1.0	-1.0	-1.0	0.636	1.0	-1.0	-1.0	-1.0	-1.0	0.085	0.0	-1.0	0.923	0.0	0.25	0.457	0.6	0.862	0.214	-1.0	-1.0	1.0	-1.0	-1.0	0.333	0.573	0.983	-1.0	1.0	-1.0	0.4	-1.0	0.145	0.897	0.0	0.0	-1.0	0.586	0.0	-1.0	1.0	-1.0	0.0	-1.0	-1.0	0.167	-1.0	1.0	0.0	-1.0	1.0	1.0	-1.0	-1.0	-1.0	-1.0	0.0	0.0	-1.0	0.273	0.0	-1.0	1.0	1.0	0.413	-1.0	0.0	-1.0	-1.0	0.297	-1.0	-1.0	0.136	-1.0	0.0	-1.0	-1.0	-1.0	0.0	-1.0	-1.0	0.0	0.172	0.533	0.0	0.066	1.0	1.0	0.618	-1.0	0.683	1.0	-1.0	1.0	1.0	1.0	0.0	-1.0	0.625	0.638	1.0	0.568	-1.0	0.13	0.263	-1.0	-1.0	-1.0	-1.0	-1.0	-1.0	0.273	-1.0	0.609	0.134	0.0	-1.0	0.471	-1.0	0.0	0.0	-1.0	0.815	-1.0	0.0	0.0	0.857	0.2	-1.0	-1.0	-1.0	-1.0	-1.0	0.333	0.0	0.375	-1.0	0.0	0.0	-1.0	-1.0	0.0	0.333	-1.0	-1.0	0.158	0.674	-1.0	-1.0	-1.0	-1.0	0.319	-1.0	0.0	1.0	1.0	0.526	0.609	-1.0	-1.0	0.804	1.0	-1.0	-1.0	0.0	0.0	-1.0	-1.0	-1.0	0.0	-1.0
gnl|Prokka|GCF_001314995.1_1|4425574|T	-1.0	-1.0	0.353	-1.0	0.0	-1.0	-1.0	0.444	-1.0	-1.0	-1.0	-1.0	-1.0	-1.0	-1.0	-1.0	0.222	-1.0	-1.0	0.786	0.0	1.0	-1.0	-1.0	-1.0	0.6	1.0	-1.0	-1.0	-1.0	-1.0	0.083	0.0	-1.0	0.939	0.0	0.25	0.42	0.75	0.863	0.216	-1.0	-1.0	1.0	-1.0	-1.0	0.385	0.565	0.982	-1.0	1.0	-1.0	0.438	-1.0	0.172	0.9	0.0	0.0	-1.0	0.533	0.0	-1.0	1.0	-1.0	0.0	-1.0	-1.0	0.154	-1.0	1.0	0.0	-1.0	1.0	1.0	-1.0	-1.0	-1.0	-1.0	0.0	0.0	-1.0	0.273	0.0	-1.0	0.885	1.0	0.415	-1.0	0.0	-1.0	-1.0	0.294	-1.0	-1.0	0.188	-1.0	0.0	-1.0	-1.0	-1.0	0.0	-1.0	-1.0	0.0	0.169	-1.0	0.0	0.073	1.0	1.0	0.559	-1.0	0.649	1.0	-1.0	1.0	1.0	0.842	0.0	-1.0	1.0	0.667	1.0	0.571	-1.0	0.13	0.235	-1.0	-1.0	-1.0	-1.0	-1.0	-1.0	0.321	-1.0	0.667	0.13	0.0	-1.0	0.444	-1.0	0.0	0.0	-1.0	0.817	0.0	0.0	0.0	0.812	0.211	-1.0	-1.0	-1.0	-1.0	-1.0	0.25	0.0	0.0	-1.0	0.0	0.0	-1.0	-1.0	0.0	0.0	-1.0	-1.0	0.188	0.65	-1.0	-1.0	-1.0	-1.0	0.31	0.63	0.0	1.0	1.0	-1.0	0.6	-1.0	-1.0	0.4	0.644	-1.0	-1.0	0.0	0.0	-1.0	-1.0	-1.0	0.0	-1.0
gnl|Prokka|GCF_001314995.1_1|4425631|T	-1.0	-1.0	0.438	-1.0	0.0	-1.0	-1.0	0.364	-1.0	0.571	-1.0	-1.0	1.0	-1.0	-1.0	-1.0	0.2	-1.0	-1.0	1.0	0.0	1.0	-1.0	-1.0	-1.0	-1.0	1.0	-1.0	-1.0	-1.0	-1.0	0.092	0.0	-1.0	0.945	0.6	0.556	0.472	0.769	0.817	0.219	-1.0	0.375	1.0	-1.0	-1.0	0.583	0.0	1.0	-1.0	1.0	-1.0	0.267	-1.0	0.194	1.0	0.0	0.0	-1.0	0.0	0.0	0.0	1.0	-1.0	0.0	-1.0	-1.0	0.235	-1.0	1.0	0.0	-1.0	1.0	1.0	-1.0	-1.0	-1.0	-1.0	0.0	0.429	-1.0	0.375	0.765	-1.0	1.0	1.0	0.439	-1.0	0.0	-1.0	-1.0	0.0	-1.0	-1.0	0.308	-1.0	0.0	-1.0	-1.0	-1.0	0.0	-1.0	-1.0	0.0	0.136	0.455	0.0	0.038	1.0	-1.0	0.427	-1.0	0.658	1.0	-1.0	0.688	1.0	1.0	0.0	-1.0	0.333	0.614	1.0	0.568	-1.0	0.0	0.0	-1.0	-1.0	-1.0	-1.0	-1.0	-1.0	0.4	-1.0	0.579	0.087	0.0	-1.0	0.55	-1.0	0.0	0.0	-1.0	-1.0	0.0	0.075	0.0	0.789	0.136	-1.0	-1.0	-1.0	-1.0	-1.0	0.538	0.0	0.0	-1.0	0.0	0.0	-1.0	-1.0	0.0	0.0	1.0	-1.0	0.0	0.698	-1.0	-1.0	-1.0	-1.0	1.0	0.8	0.0	1.0	1.0	0.523	0.88	-1.0	-1.0	0.528	0.733	-1.0	-1.0	0.0	0.206	-1.0	-1.0	-1.0	0.0	-1.0
gnl|Prokka|GCF_001314995.1_1|4438957|G	-1.0	-1.0	0.435	-1.0	0.0	-1.0	-1.0	-1.0	-1.0	0.0	-1.0	-1.0	0.0	-1.0	-1.0	-1.0	1.0	-1.0	-1.0	1.0	1.0	1.0	-1.0	-1.0	-1.0	0.0	0.892	-1.0	-1.0	-1.0	-1.0	1.0	0.0	-1.0	0.0	0.0	0.0	0.0	-1.0	0.741	0.0	-1.0	0.0	1.0	-1.0	-1.0	0.0	0.0	1.0	-1.0	0.767	-1.0	0.364	-1.0	0.919	0.0	0.846	0.0	-1.0	0.333	0.524	0.769	0.0	-1.0	1.0	-1.0	-1.0	0.234	-1.0	-1.0	0.0	-1.0	0.0	0.0	-1.0	-1.0	-1.0	1.0	0.0	0.0	-1.0	1.0	0.419	-1.0	1.0	0.157	0.483	-1.0	0.35	-1.0	-1.0	0.0	-1.0	-1.0	1.0	-1.0	1.0	-1.0	-1.0	-1.0	0.0	-1.0	-1.0	0.0	0.333	0.0	1.0	0.945	0.07	0.188	0.606	-1.0	0.0	0.0	-1.0	0.0	0.0	1.0	0.0	-1.0	0.0	0.057	1.0	0.0	-1.0	0.889	0.72	-1.0	-1.0	-1.0	-1.0	-1.0	0.0	0.417	-1.0	0.0	0.083	0.436	-1.0	0.0	-1.0	0.356	-1.0	-1.0	0.0	1.0	0.681	0.762	0.231	0.667	-1.0	-1.0	-1.0	-1.0	-1.0	0.552	-1.0	0.0	-1.0	1.0	-1.0	-1.0	-1.0	0.357	-1.0	0.0	-1.0	0.0	0.613	-1.0	-1.0	-1.0	-1.0	0.762	0.0	0.812	0.0	0.378	0.283	0.276	-1.0	-1.0	0.0	0.691	-1.0	-1.0	1.0	0.967	-1.0	-1.0	-1.0	0.0	-1.0
gnl|Prokka|GCF_001314995.1_1|4489694|C	-1.0	-1.0	0.216	-1.0	0.0	-1.0	-1.0	0.545	-1.0	0.0	-1.0	-1.0	0.0	-1.0	-1.0	-1.0	1.0	-1.0	-1.0	1.0	1.0	0.643	-1.0	-1.0	-1.0	1.0	0.667	-1.0	-1.0	-1.0	-1.0	0.066	-1.0	0.0	0.191	0.0	0.0	0.0	0.0	0.633	1.0	-1.0	-1.0	0.667	-1.0	-1.0	0.231	0.0	1.0	-1.0	0.714	-1.0	0.0	-1.0	0.78	0.0	0.321	0.0	-1.0	0.308	0.533	0.333	0.0	-1.0	1.0	-1.0	-1.0	0.068	-1.0	-1.0	0.0	-1.0	0.0	0.414	-1.0	-1.0	-1.0	-1.0	0.0	0.214	0.0	1.0	0.098	-1.0	0.667	0.0	0.271	-1.0	0.0	-1.0	-1.0	0.4	-1.0	-1.0	1.0	-1.0	1.0	-1.0	-1.0	-1.0	0.167	-1.0	-1.0	0.0	0.182	0.0	1.0	0.798	1.0	-1.0	0.174	-1.0	0.435	0.0	-1.0	0.0	1.0	1.0	0.732	-1.0	0.0	0.0	0.0	0.0	-1.0	0.0	0.68	-1.0	-1.0	-1.0	-1.0	-1.0	0.0	0.619	-1.0	0.0	0.045	0.065	-1.0	0.0	-1.0	0.173	0.333	-1.0	0.0	0.423	0.649	0.893	0.174	0.769	-1.0	-1.0	-1.0	-1.0	-1.0	0.333	0.0	0.0	-1.0	0.87	-1.0	-1.0	-1.0	0.444	0.0	0.0	-1.0	0.185	0.52	-1.0	-1.0	-1.0	-1.0	0.552	0.28	0.261	0.0	0.198	0.564	0.44	-1.0	-1.0	0.0	0.45	-1.0	-1.0	1.0	1.0	-1.0	-1.0	-1.0	0.0	-1.0
gnl|Prokka|GCF_001314995.1_1|4489697|C	-1.0	-1.0	0.25	-1.0	0.0	-1.0	-1.0	0.545	-1.0	0.0	-1.0	-1.0	0.0	-1.0	-1.0	-1.0	1.0	-1.0	-1.0	1.0	1.0	0.643	-1.0	-1.0	-1.0	-1.0	0.737	-1.0	-1.0	-1.0	-1.0	0.07	-1.0	0.0	0.184	0.0	0.0	0.0	0.0	0.623	1.0	-1.0	-1.0	0.667	-1.0	-1.0	0.267	0.0	1.0	-1.0	0.737	-1.0	0.0	-1.0	0.793	0.0	0.286	0.0	-1.0	0.289	0.571	0.308	0.0	-1.0	1.0	-1.0	-1.0	0.067	-1.0	-1.0	0.0	-1.0	0.0	0.433	-1.0	-1.0	-1.0	-1.0	0.0	0.214	0.0	1.0	0.092	-1.0	0.625	0.0	0.271	-1.0	0.0	-1.0	-1.0	0.39	-1.0	-1.0	1.0	-1.0	1.0	-1.0	-1.0	-1.0	0.167	-1.0	-1.0	0.0	0.175	0.0	1.0	0.797	1.0	-1.0	0.167	-1.0	0.435	0.0	-1.0	0.0	1.0	1.0	0.727	-1.0	0.0	0.0	0.0	0.0	-1.0	0.0	0.708	-1.0	-1.0	-1.0	-1.0	-1.0	0.0	0.619	-1.0	0.0	0.043	0.069	-1.0	0.0	-1.0	0.18	0.333	-1.0	0.0	0.444	0.66	0.897	0.182	0.714	-1.0	-1.0	-1.0	-1.0	-1.0	0.25	0.0	0.0	-1.0	0.833	-1.0	-1.0	-1.0	0.455	0.0	0.0	-1.0	0.185	0.522	-1.0	-1.0	-1.0	-1.0	0.586	0.28	0.32	0.0	0.198	0.59	0.417	-1.0	-1.0	0.0	0.44	-1.0	-1.0	1.0	1.0	-1.0	-1.0	-1.0	0.0	-1.0
gnl|Prokka|GCF_001314995.1_1|4489760|G	-1.0	-1.0	0.242	-1.0	0.0	-1.0	-1.0	-1.0	-1.0	0.0	-1.0	-1.0	0.0	-1.0	-1.0	-1.0	1.0	-1.0	-1.0	1.0	1.0	0.714	-1.0	-1.0	-1.0	-1.0	0.7	-1.0	-1.0	-1.0	-1.0	0.068	-1.0	0.0	0.195	0.0	0.0	0.0	0.0	0.439	1.0	-1.0	-1.0	1.0	-1.0	-1.0	0.0	0.0	1.0	-1.0	0.625	-1.0	0.188	-1.0	0.745	0.0	0.25	0.0	-1.0	0.326	0.688	0.375	0.0	-1.0	1.0	-1.0	-1.0	0.053	-1.0	-1.0	0.0	-1.0	0.0	0.321	-1.0	-1.0	-1.0	-1.0	0.0	0.0	0.375	0.769	0.073	-1.0	0.6	0.0	0.231	-1.0	0.0	-1.0	-1.0	0.425	-1.0	-1.0	0.857	-1.0	0.786	-1.0	-1.0	-1.0	0.0	-1.0	-1.0	0.0	0.0	0.0	1.0	0.784	1.0	0.0	0.262	-1.0	0.444	0.0	-1.0	0.0	1.0	1.0	1.0	-1.0	0.0	0.0	0.0	0.0	-1.0	0.0	1.0	-1.0	-1.0	-1.0	-1.0	-1.0	0.0	0.533	-1.0	0.0	0.068	0.081	-1.0	0.0	-1.0	0.208	-1.0	-1.0	0.0	0.52	0.743	0.88	0.263	1.0	-1.0	-1.0	-1.0	-1.0	-1.0	0.235	0.0	0.0	-1.0	0.87	-1.0	-1.0	-1.0	0.462	0.0	0.0	-1.0	0.0	-1.0	-1.0	-1.0	-1.0	-1.0	0.318	0.2	0.407	0.0	0.175	0.608	0.304	-1.0	-1.0	-1.0	0.411	-1.0	-1.0	1.0	1.0	-1.0	-1.0	-1.0	0.0	-1.0
gnl|Prokka|GCF_001314995.1_1|4489781|A	-1.0	-1.0	0.333	-1.0	0.0	-1.0	-1.0	0.444	-1.0	0.0	-1.0	-1.0	0.0	-1.0	-1.0	-1.0	1.0	-1.0	-1.0	1.0	1.0	0.842	-1.0	-1.0	-1.0	1.0	0.762	-1.0	-1.0	-1.0	-1.0	0.07	-1.0	0.0	0.225	0.0	0.0	0.0	0.0	0.513	1.0	-1.0	0.0	-1.0	-1.0	-1.0	0.0	0.0	1.0	-1.0	0.688	-1.0	0.235	-1.0	0.76	0.0	0.281	0.0	-1.0	0.311	0.65	0.0	0.0	-1.0	1.0	-1.0	-1.0	0.053	-1.0	-1.0	0.0	-1.0	0.0	0.276	-1.0	-1.0	-1.0	1.0	0.0	0.0	-1.0	1.0	0.078	-1.0	0.625	0.0	0.278	-1.0	0.0	-1.0	-1.0	0.444	-1.0	-1.0	0.852	-1.0	0.765	-1.0	-1.0	-1.0	0.0	-1.0	-1.0	0.0	0.151	0.0	1.0	0.828	1.0	-1.0	0.31	-1.0	0.406	0.0	-1.0	0.0	1.0	1.0	0.705	-1.0	-1.0	0.0	0.0	0.0	-1.0	0.0	0.767	-1.0	-1.0	-1.0	-1.0	-1.0	0.0	-1.0	-1.0	0.0	0.051	0.0	-1.0	0.0	-1.0	0.261	0.455	-1.0	0.0	0.533	0.732	0.889	0.263	1.0	-1.0	-1.0	-1.0	-1.0	-1.0	0.4	0.0	0.0	-1.0	0.842	-1.0	-1.0	-1.0	-1.0	0.333	0.0	-1.0	0.158	-1.0	-1.0	-1.0	-1.0	-1.0	0.462	0.273	-1.0	0.0	0.198	0.618	0.348	-1.0	-1.0	0.0	0.445	-1.0	-1.0	1.0	1.0	-1.0	-1.0	-1.0	0.0	-1.0
gnl|Prokka|GCF_001314995.1_1|4556776|T	-1.0	-1.0	0.0	-1.0	0.0	-1.0	-1.0	0.571	-1.0	0.0	-1.0	-1.0	0.0	-1.0	-1.0	-1.0	0.0	-1.0	-1.0	0.4	1.0	1.0	-1.0	-1.0	-1.0	-1.0	1.0	-1.0	-1.0	-1.0	-1.0	0.059	-1.0	1.0	0.172	0.174	0.0	0.0	0.667	0.75	0.171	-1.0	0.333	1.0	-1.0	-1.0	0.138	0.0	1.0	-1.0	0.0	-1.0	0.545	-1.0	0.0	0.14	0.789	0.0	-1.0	0.525	0.826	0.75	0.0	-1.0	1.0	-1.0	-1.0	0.219	-1.0	-1.0	0.0	-1.0	0.188	0.525	-1.0	-1.0	-1.0	1.0	0.918	0.308	0.571	1.0	0.273	-1.0	1.0	0.759	0.471	-1.0	0.231	-1.0	-1.0	0.655	-1.0	-1.0	1.0	-1.0	0.903	-1.0	-1.0	-1.0	0.0	-1.0	-1.0	0.051	0.219	0.0	1.0	0.915	1.0	0.375	0.45	-1.0	0.545	1.0	-1.0	0.7	0.95	0.75	0.903	-1.0	1.0	0.689	0.0	0.595	-1.0	1.0	0.774	-1.0	-1.0	-1.0	-1.0	-1.0	0.0	0.488	-1.0	0.0	0.05	0.138	-1.0	0.0	-1.0	0.385	1.0	-1.0	0.0	0.429	0.745	1.0	0.429	1.0	-1.0	-1.0	-1.0	-1.0	-1.0	-1.0	1.0	-1.0	-1.0	0.852	-1.0	-1.0	-1.0	0.444	0.476	0.0	-1.0	0.281	0.0	-1.0	-1.0	-1.0	-1.0	0.939	0.333	0.562	0.0	0.355	0.659	0.359	-1.0	-1.0	0.13	0.485	-1.0	-1.0	1.0	1.0	-1.0	-1.0	-1.0	0.217	-1.0
gnl|Prokka|GCF_001314995.1_1|4556857|T	-1.0	-1.0	0.657	-1.0	0.75	-1.0	-1.0	0.0	-1.0	0.75	-1.0	-1.0	0.625	-1.0	-1.0	-1.0	1.0	-1.0	-1.0	1.0	0.0	1.0	-1.0	-1.0	-1.0	0.417	0.319	-1.0	-1.0	-1.0	-1.0	0.017	0.625	1.0	0.17	0.0	1.0	-1.0	1.0	0.71	0.8	-1.0	0.0	1.0	-1.0	-1.0	0.44	0.6	0.97	-1.0	0.862	-1.0	1.0	-1.0	0.833	0.0	0.154	0.167	-1.0	0.432	0.0	0.429	1.0	-1.0	0.0	-1.0	-1.0	0.184	-1.0	-1.0	0.0	-1.0	0.0	0.0	-1.0	-1.0	-1.0	0.0	0.0	0.538	0.0	0.4	0.0	-1.0	0.727	1.0	0.506	-1.0	0.0	-1.0	-1.0	0.0	-1.0	-1.0	0.103	-1.0	0.9	-1.0	-1.0	-1.0	0.0	-1.0	-1.0	0.0	0.062	1.0	0.0	0.0	0.0	0.214	0.425	-1.0	0.741	-1.0	-1.0	0.667	0.0	1.0	0.0	-1.0	0.0	0.74	0.545	-1.0	-1.0	0.0	0.0	-1.0	-1.0	-1.0	-1.0	-1.0	0.0	0.364	-1.0	0.393	0.061	0.0	-1.0	1.0	-1.0	0.0	0.0	-1.0	0.0	0.0	0.0	0.086	0.0	0.13	-1.0	-1.0	-1.0	-1.0	-1.0	0.314	-1.0	-1.0	-1.0	0.0	-1.0	-1.0	-1.0	0.0	0.0	0.0	-1.0	0.0	0.853	-1.0	-1.0	-1.0	-1.0	1.0	0.0	0.0	-1.0	0.623	0.114	1.0	-1.0	-1.0	0.362	0.405	-1.0	-1.0	0.0	0.144	-1.0	-1.0	-1.0	0.0	-1.0
gnl|Prokka|GCF_001314995.1_1|4556953|A	-1.0	-1.0	0.567	-1.0	1.0	-1.0	-1.0	0.0	-1.0	0.692	-1.0	-1.0	1.0	-1.0	-1.0	-1.0	1.0	-1.0	-1.0	1.0	0.0	1.0	-1.0	-1.0	-1.0	0.0	0.205	-1.0	-1.0	-1.0	-1.0	0.019	0.412	-1.0	0.152	0.0	0.474	0.0	0.786	0.882	0.889	-1.0	0.556	1.0	-1.0	-1.0	0.471	0.681	1.0	-1.0	0.889	-1.0	1.0	-1.0	0.873	0.0	0.0	0.333	-1.0	0.436	0.0	0.556	0.0	-1.0	0.0	-1.0	-1.0	0.153	-1.0	-1.0	0.0	-1.0	0.0	0.0	-1.0	-1.0	-1.0	0.0	0.0	0.0	-1.0	1.0	0.0	-1.0	0.529	0.9	0.534	-1.0	0.0	-1.0	-1.0	0.0	-1.0	-1.0	0.148	-1.0	1.0	-1.0	-1.0	-1.0	0.0	-1.0	-1.0	0.0	0.096	0.267	0.0	0.0	0.0	0.444	0.577	-1.0	0.654	0.2	-1.0	0.651	0.0	1.0	0.0	-1.0	0.0	0.736	0.0	0.743	-1.0	0.0	0.0	-1.0	-1.0	-1.0	-1.0	-1.0	-1.0	0.717	-1.0	0.353	0.121	0.0	-1.0	0.786	-1.0	0.0	0.0	-1.0	0.0	0.0	0.07	0.0	0.0	0.0	-1.0	-1.0	-1.0	-1.0	-1.0	0.0	0.0	-1.0	-1.0	0.0	0.429	-1.0	-1.0	1.0	0.0	0.0	-1.0	0.0	0.882	-1.0	-1.0	-1.0	-1.0	1.0	0.0	0.0	0.0	0.612	0.173	1.0	-1.0	-1.0	0.429	0.403	-1.0	-1.0	0.0	0.144	-1.0	-1.0	-1.0	0.111	-1.0
gnl|Prokka|GCF_001314995.1_1|4568053|C	-1.0	-1.0	0.394	-1.0	0.0	-1.0	-1.0	0.0	-1.0	0.0	-1.0	-1.0	0.0	-1.0	-1.0	-1.0	0.0	-1.0	-1.0	1.0	1.0	1.0	-1.0	-1.0	-1.0	1.0	1.0	-1.0	-1.0	-1.0	-1.0	0.033	0.0	-1.0	0.178	0.0	0.455	0.322	0.583	0.619	0.271	-1.0	-1.0	1.0	-1.0	-1.0	0.0	0.0	0.935	-1.0	1.0	-1.0	0.727	-1.0	0.0	0.098	0.696	0.0	-1.0	0.0	0.586	1.0	1.0	-1.0	1.0	-1.0	-1.0	0.086	-1.0	-1.0	0.0	-1.0	0.0	0.219	-1.0	-1.0	-1.0	1.0	0.0	0.308	0.0	0.235	0.178	-1.0	1.0	1.0	0.316	-1.0	0.308	-1.0	-1.0	0.0	-1.0	-1.0	1.0	-1.0	0.727	-1.0	-1.0	-1.0	0.0	-1.0	-1.0	0.042	0.261	0.545	1.0	0.87	1.0	0.188	0.377	-1.0	0.0	0.812	-1.0	0.562	1.0	0.4	0.778	-1.0	-1.0	0.649	1.0	0.644	-1.0	1.0	0.593	-1.0	-1.0	-1.0	-1.0	-1.0	0.0	0.842	-1.0	0.0	0.119	0.145	-1.0	-1.0	-1.0	0.254	0.385	-1.0	0.0	0.586	0.714	1.0	0.769	0.6	-1.0	-1.0	-1.0	-1.0	-1.0	0.833	-1.0	-1.0	-1.0	0.88	-1.0	-1.0	-1.0	0.0	0.0	0.25	-1.0	0.0	0.217	-1.0	-1.0	-1.0	-1.0	1.0	0.171	0.511	0.471	0.417	0.118	0.368	-1.0	-1.0	0.349	0.424	-1.0	-1.0	1.0	0.979	-1.0	-1.0	-1.0	0.0	-1.0
gnl|Prokka|GCF_001314995.1_1|4638392|T	-1.0	-1.0	1.0	-1.0	-1.0	-1.0	-1.0	0.0	-1.0	-1.0	-1.0	-1.0	0.0	-1.0	-1.0	-1.0	0.273	-1.0	-1.0	1.0	0.0	0.85	-1.0	-1.0	-1.0	0.0	1.0	-1.0	-1.0	-1.0	-1.0	0.0	-1.0	1.0	1.0	-1.0	1.0	0.493	1.0	0.739	0.879	-1.0	-1.0	-1.0	-1.0	-1.0	0.818	0.0	1.0	-1.0	0.762	-1.0	0.0	-1.0	0.0	0.0	0.371	1.0	-1.0	0.0	0.143	0.0	1.0	-1.0	0.0	-1.0	-1.0	1.0	-1.0	1.0	0.961	-1.0	-1.0	0.25	-1.0	-1.0	-1.0	0.0	0.143	0.0	0.455	0.0	0.806	-1.0	0.778	1.0	1.0	-1.0	0.0	-1.0	-1.0	1.0	-1.0	-1.0	0.205	-1.0	0.174	-1.0	-1.0	-1.0	1.0	-1.0	-1.0	0.553	0.676	1.0	0.0	0.0	0.0	-1.0	0.0	-1.0	0.565	0.312	-1.0	1.0	0.0	-1.0	0.0	-1.0	0.0	0.651	1.0	1.0	-1.0	0.0	0.0	-1.0	-1.0	-1.0	-1.0	-1.0	0.0	0.64	-1.0	0.714	-1.0	0.934	-1.0	0.0	-1.0	0.0	0.176	-1.0	0.254	0.0	0.0	0.0	0.0	0.0	-1.0	-1.0	-1.0	-1.0	-1.0	0.306	0.0	-1.0	-1.0	0.12	0.0	-1.0	-1.0	0.429	0.0	0.2	-1.0	0.0	1.0	-1.0	-1.0	-1.0	-1.0	1.0	0.0	0.438	0.0	0.371	0.927	0.0	-1.0	-1.0	0.386	0.808	-1.0	-1.0	0.0	0.0	-1.0	-1.0	-1.0	0.0	-1.0
gnl|Prokka|GCF_001314995.1_1|4658400|T	-1.0	-1.0	0.0	-1.0	0.0	-1.0	-1.0	0.0	-1.0	0.579	-1.0	-1.0	-1.0	-1.0	-1.0	-1.0	0.643	-1.0	-1.0	0.0	0.0	0.118	-1.0	-1.0	-1.0	-1.0	0.0	-1.0	-1.0	-1.0	-1.0	0.0	-1.0	0.0	0.385	1.0	0.176	0.315	1.0	0.228	1.0	-1.0	0.545	-1.0	-1.0	-1.0	1.0	0.489	0.0	-1.0	0.0	-1.0	1.0	-1.0	0.917	0.892	0.705	0.0	-1.0	0.639	0.154	0.0	1.0	-1.0	0.0	-1.0	-1.0	0.0	-1.0	0.0	-1.0	-1.0	0.375	1.0	-1.0	-1.0	-1.0	-1.0	0.923	0.438	-1.0	0.0	0.794	-1.0	0.0	0.139	0.0	-1.0	0.0	-1.0	-1.0	1.0	-1.0	-1.0	0.769	-1.0	0.0	-1.0	-1.0	-1.0	0.0	-1.0	-1.0	1.0	0.0	1.0	0.0	0.086	1.0	0.583	1.0	-1.0	0.0	0.706	-1.0	0.0	1.0	1.0	0.773	-1.0	-1.0	0.0	1.0	0.0	-1.0	0.278	0.158	-1.0	-1.0	-1.0	-1.0	-1.0	0.0	0.0	-1.0	0.0	0.917	0.0	-1.0	-1.0	-1.0	0.0	0.0	-1.0	0.833	0.303	0.0	0.092	0.2	0.0	-1.0	-1.0	-1.0	-1.0	-1.0	0.346	0.0	1.0	-1.0	0.143	0.0	-1.0	-1.0	0.0	1.0	-1.0	-1.0	0.139	0.0	-1.0	-1.0	-1.0	-1.0	0.833	0.353	0.0	-1.0	0.67	0.735	1.0	-1.0	-1.0	0.75	0.032	-1.0	-1.0	0.0	0.014	-1.0	-1.0	-1.0	0.0	-1.0
gnl|Prokka|GCF_001314995.1_1|4684929|A	-1.0	-1.0	0.488	-1.0	0.0	-1.0	-1.0	0.0	-1.0	0.0	-1.0	-1.0	0.0	-1.0	-1.0	-1.0	0.0	-1.0	-1.0	1.0	0.0	0.182	-1.0	-1.0	-1.0	1.0	0.0	-1.0	-1.0	-1.0	-1.0	0.924	-1.0	-1.0	0.524	0.0	0.75	0.0	1.0	0.384	0.156	-1.0	0.0	-1.0	-1.0	-1.0	0.286	0.478	0.0	-1.0	1.0	-1.0	1.0	-1.0	1.0	1.0	0.444	0.741	-1.0	0.349	0.0	-1.0	0.0	-1.0	0.0	-1.0	-1.0	0.169	-1.0	0.308	0.957	-1.0	0.0	0.571	-1.0	-1.0	-1.0	0.0	0.0	1.0	-1.0	0.0	0.0	-1.0	0.75	0.8	0.56	-1.0	1.0	-1.0	-1.0	0.0	-1.0	-1.0	0.15	-1.0	0.0	-1.0	-1.0	-1.0	-1.0	-1.0	-1.0	0.0	0.909	0.333	0.0	0.2	1.0	0.0	0.0	-1.0	0.733	0.846	-1.0	0.729	0.921	-1.0	0.0	-1.0	1.0	1.0	-1.0	1.0	-1.0	1.0	0.0	-1.0	-1.0	-1.0	-1.0	-1.0	0.0	0.0	-1.0	0.722	1.0	0.0	-1.0	0.615	-1.0	0.0	0.0	-1.0	-1.0	0.0	0.246	0.0	0.0	0.0	-1.0	-1.0	-1.0	-1.0	-1.0	0.2	0.0	-1.0	-1.0	0.0	0.0	-1.0	-1.0	0.0	0.45	0.636	-1.0	0.0	0.776	-1.0	-1.0	-1.0	-1.0	1.0	1.0	0.725	0.526	1.0	0.0	1.0	-1.0	-1.0	0.048	0.042	-1.0	-1.0	0.0	0.0	-1.0	-1.0	-1.0	1.0	-1.0
gnl|Prokka|GCF_001314995.1_1|4684932|G	-1.0	-1.0	0.459	-1.0	0.0	-1.0	-1.0	0.0	-1.0	0.0	-1.0	-1.0	0.25	-1.0	-1.0	-1.0	0.0	-1.0	-1.0	1.0	0.0	0.182	-1.0	-1.0	-1.0	1.0	0.0	-1.0	-1.0	-1.0	-1.0	0.926	-1.0	-1.0	0.478	0.0	0.737	0.0	1.0	0.394	0.156	-1.0	0.0	-1.0	-1.0	-1.0	0.316	0.466	0.0	-1.0	1.0	-1.0	1.0	-1.0	1.0	1.0	0.447	0.769	-1.0	0.357	0.176	-1.0	0.042	-1.0	0.0	-1.0	-1.0	0.189	-1.0	0.357	0.957	-1.0	0.0	0.552	-1.0	-1.0	-1.0	0.0	0.0	1.0	-1.0	0.0	0.0	-1.0	0.75	0.813	0.575	-1.0	1.0	-1.0	-1.0	0.0	-1.0	-1.0	0.158	-1.0	0.0	-1.0	-1.0	-1.0	0.0	-1.0	-1.0	0.0	0.909	0.375	0.0	0.205	1.0	0.0	0.0	-1.0	0.702	0.87	-1.0	0.745	0.942	-1.0	0.0	-1.0	1.0	1.0	-1.0	1.0	-1.0	1.0	0.0	-1.0	-1.0	-1.0	-1.0	-1.0	0.0	0.0	-1.0	0.667	1.0	0.0	-1.0	0.75	-1.0	0.0	0.0	-1.0	-1.0	0.0	0.286	0.0	0.0	0.0	-1.0	-1.0	-1.0	-1.0	-1.0	0.0	0.0	-1.0	-1.0	0.0	0.0	-1.0	-1.0	0.0	-1.0	0.7	-1.0	0.0	0.792	-1.0	-1.0	-1.0	-1.0	1.0	1.0	0.711	0.556	1.0	0.0	1.0	-1.0	-1.0	0.053	0.036	-1.0	-1.0	0.0	0.0	-1.0	-1.0	-1.0	1.0	-1.0
gnl|Prokka|GCF_001314995.1_1|4684965|T	-1.0	-1.0	1.0	-1.0	0.0	-1.0	-1.0	0.0	-1.0	0.0	-1.0	-1.0	0.333	-1.0	-1.0	-1.0	-1.0	-1.0	-1.0	1.0	0.0	1.0	-1.0	-1.0	-1.0	1.0	0.0	-1.0	-1.0	-1.0	-1.0	0.0	-1.0	-1.0	0.562	0.0	0.462	1.0	0.727	0.697	1.0	-1.0	-1.0	-1.0	-1.0	-1.0	0.227	0.0	1.0	-1.0	1.0	-1.0	0.0	-1.0	0.0	0.0	0.432	0.381	-1.0	0.629	0.0	0.455	0.959	-1.0	0.0	-1.0	-1.0	0.846	-1.0	0.583	0.034	-1.0	0.0	0.857	-1.0	-1.0	-1.0	0.0	0.0	-1.0	0.0	0.0	0.0	-1.0	0.619	1.0	0.422	-1.0	0.406	-1.0	-1.0	0.277	-1.0	-1.0	0.0	-1.0	0.0	-1.0	-1.0	-1.0	0.65	-1.0	-1.0	0.603	0.0	1.0	0.0	0.0	1.0	1.0	0.0	-1.0	0.413	0.87	-1.0	1.0	1.0	-1.0	0.0	-1.0	1.0	1.0	-1.0	0.776	-1.0	1.0	0.265	-1.0	-1.0	-1.0	-1.0	-1.0	0.0	0.0	-1.0	0.353	0.0	0.862	-1.0	0.273	-1.0	0.725	0.4	-1.0	0.0	0.4	0.0	0.161	1.0	0.529	-1.0	-1.0	-1.0	-1.0	-1.0	0.0	0.667	0.429	-1.0	0.182	1.0	-1.0	-1.0	0.571	0.15	0.0	-1.0	-1.0	0.8	-1.0	-1.0	-1.0	-1.0	1.0	0.462	0.0	0.0	0.612	0.0	0.0	-1.0	-1.0	0.804	1.0	-1.0	-1.0	0.0	0.0	-1.0	-1.0	-1.0	-1.0	-1.0
gnl|Prokka|GCF_001314995.1_1|4689315|A	-1.0	-1.0	0.38	-1.0	0.2	-1.0	-1.0	0.0	-1.0	0.0	-1.0	-1.0	0.0	-1.0	-1.0	-1.0	0.0	-1.0	-1.0	1.0	1.0	0.0	-1.0	-1.0	-1.0	-1.0	0.475	-1.0	-1.0	-1.0	-1.0	0.102	-1.0	-1.0	0.634	0.0	0.643	0.571	1.0	0.0	0.0	-1.0	0.0	1.0	-1.0	-1.0	0.722	0.547	0.055	-1.0	0.919	-1.0	1.0	-1.0	0.0	0.324	0.56	0.0	-1.0	1.0	1.0	1.0	0.0	-1.0	1.0	-1.0	-1.0	0.0	-1.0	-1.0	0.079	-1.0	0.269	0.0	-1.0	-1.0	-1.0	-1.0	0.922	0.0	-1.0	1.0	0.258	-1.0	0.538	0.892	0.0	-1.0	0.318	-1.0	-1.0	0.88	-1.0	-1.0	1.0	-1.0	1.0	-1.0	-1.0	-1.0	0.0	-1.0	-1.0	0.0	0.346	0.562	1.0	0.892	0.115	-1.0	0.55	-1.0	0.212	0.75	-1.0	0.849	0.0	0.762	0.924	-1.0	1.0	1.0	0.0	0.78	-1.0	1.0	0.871	-1.0	-1.0	-1.0	-1.0	-1.0	-1.0	0.176	-1.0	0.0	0.209	0.153	-1.0	-1.0	-1.0	0.4	1.0	-1.0	0.0	0.548	0.727	1.0	0.0	1.0	-1.0	-1.0	-1.0	-1.0	-1.0	0.81	1.0	-1.0	-1.0	1.0	-1.0	-1.0	-1.0	0.727	0.474	0.0	-1.0	1.0	0.714	-1.0	-1.0	-1.0	-1.0	1.0	0.0	0.7	0.0	1.0	0.617	1.0	-1.0	-1.0	0.094	0.0	-1.0	-1.0	1.0	1.0	-1.0	-1.0	-1.0	0.0	-1.0
gnl|Prokka|GCF_001314995.1_1|4689376|G	-1.0	-1.0	0.304	-1.0	0.0	-1.0	-1.0	-1.0	-1.0	0.0	-1.0	-1.0	0.0	-1.0	-1.0	-1.0	0.0	-1.0	-1.0	1.0	1.0	0.0	-1.0	-1.0	-1.0	-1.0	0.464	-1.0	-1.0	-1.0	-1.0	0.138	0.375	-1.0	0.694	0.0	0.636	0.529	1.0	0.0	0.0	-1.0	-1.0	1.0	-1.0	-1.0	0.714	0.509	0.049	-1.0	1.0	-1.0	1.0	-1.0	0.0	0.195	0.652	0.0	-1.0	1.0	1.0	1.0	0.0	-1.0	1.0	-1.0	-1.0	0.0	-1.0	-1.0	0.073	-1.0	0.13	0.0	-1.0	-1.0	-1.0	-1.0	0.907	-1.0	0.0	1.0	0.32	-1.0	0.667	0.901	0.0	-1.0	0.296	-1.0	-1.0	0.842	-1.0	-1.0	1.0	-1.0	0.846	-1.0	-1.0	-1.0	0.0	-1.0	-1.0	0.0	0.329	0.438	1.0	0.957	0.195	0.0	0.75	-1.0	0.417	1.0	-1.0	0.925	0.0	0.826	0.946	-1.0	1.0	1.0	-1.0	0.742	-1.0	1.0	0.857	-1.0	-1.0	-1.0	-1.0	-1.0	0.0	0.167	-1.0	0.333	0.333	0.148	-1.0	-1.0	-1.0	0.533	0.667	-1.0	0.0	0.714	0.836	1.0	0.0	1.0	-1.0	-1.0	-1.0	-1.0	-1.0	0.556	1.0	-1.0	-1.0	1.0	-1.0	-1.0	-1.0	0.545	0.462	0.0	-1.0	1.0	0.679	-1.0	-1.0	-1.0	-1.0	1.0	0.0	0.75	0.0	1.0	0.605	1.0	-1.0	-1.0	0.143	0.0	-1.0	-1.0	1.0	1.0	-1.0	-1.0	-1.0	0.0	-1.0
gnl|Prokka|GCF_001314995.1_1|4692034|C	-1.0	-1.0	0.511	-1.0	0.0	-1.0	-1.0	0.545	-1.0	0.0	-1.0	-1.0	-1.0	-1.0	-1.0	-1.0	0.0	-1.0	-1.0	1.0	1.0	0.0	-1.0	-1.0	-1.0	-1.0	0.188	-1.0	-1.0	-1.0	-1.0	0.098	-1.0	-1.0	0.562	0.385	0.72	0.627	1.0	0.0	0.179	-1.0	1.0	1.0	-1.0	-1.0	0.211	0.586	0.0	-1.0	0.875	-1.0	1.0	-1.0	0.0	0.324	0.639	0.0	-1.0	1.0	0.867	1.0	0.0	-1.0	1.0	-1.0	-1.0	0.0	-1.0	1.0	0.0	-1.0	0.438	0.0	-1.0	-1.0	-1.0	-1.0	1.0	-1.0	0.0	1.0	0.289	-1.0	0.692	0.806	0.0	-1.0	0.294	-1.0	-1.0	0.696	-1.0	-1.0	1.0	-1.0	0.829	-1.0	-1.0	-1.0	0.0	-1.0	-1.0	0.0	0.329	0.786	1.0	0.877	0.0	0.0	0.455	-1.0	0.389	1.0	-1.0	0.712	0.0	1.0	0.953	-1.0	0.556	1.0	-1.0	0.568	-1.0	1.0	0.806	-1.0	-1.0	-1.0	-1.0	-1.0	0.0	0.0	-1.0	0.0	0.103	0.104	-1.0	0.478	-1.0	0.568	1.0	-1.0	0.0	0.583	0.757	0.9	0.0	0.789	-1.0	-1.0	-1.0	-1.0	-1.0	1.0	1.0	-1.0	-1.0	1.0	0.571	-1.0	-1.0	0.714	0.368	0.0	-1.0	1.0	0.545	-1.0	-1.0	-1.0	-1.0	1.0	0.0	0.625	0.0	0.619	0.748	0.731	-1.0	-1.0	0.139	0.0	-1.0	-1.0	1.0	1.0	-1.0	-1.0	-1.0	-1.0	-1.0
gnl|Prokka|GCF_001314995.1_1|4692040|T	-1.0	-1.0	0.478	-1.0	0.0	-1.0	-1.0	0.545	-1.0	0.0	-1.0	-1.0	-1.0	-1.0	-1.0	-1.0	0.0	-1.0	-1.0	1.0	1.0	0.0	-1.0	-1.0	-1.0	-1.0	0.218	-1.0	-1.0	-1.0	-1.0	0.082	-1.0	-1.0	0.62	0.429	0.696	0.622	1.0	0.0	0.172	-1.0	0.667	1.0	-1.0	-1.0	0.211	0.591	0.0	-1.0	0.853	-1.0	1.0	-1.0	0.0	0.333	0.649	0.0	-1.0	1.0	0.871	1.0	0.0	-1.0	1.0	-1.0	-1.0	0.0	-1.0	1.0	0.0	-1.0	0.375	0.0	-1.0	-1.0	-1.0	-1.0	1.0	-1.0	0.0	1.0	0.297	-1.0	0.667	0.781	0.0	-1.0	0.333	-1.0	-1.0	0.711	-1.0	-1.0	1.0	-1.0	0.848	-1.0	-1.0	-1.0	0.2	-1.0	-1.0	0.0	0.364	0.75	1.0	0.881	0.0	0.0	0.444	-1.0	0.308	1.0	-1.0	0.701	0.0	1.0	0.948	-1.0	0.625	1.0	-1.0	0.553	-1.0	1.0	0.781	-1.0	-1.0	-1.0	-1.0	-1.0	0.0	0.0	-1.0	0.0	0.121	0.139	-1.0	0.524	-1.0	0.521	0.6	-1.0	0.0	0.522	0.69	0.867	0.0	0.778	-1.0	-1.0	-1.0	-1.0	-1.0	1.0	1.0	-1.0	-1.0	1.0	0.571	-1.0	-1.0	0.714	0.368	0.0	-1.0	0.914	0.536	-1.0	-1.0	-1.0	-1.0	1.0	0.0	0.645	0.0	0.616	0.755	0.708	-1.0	-1.0	0.143	0.0	-1.0	-1.0	1.0	0.993	-1.0	-1.0	-1.0	-1.0	-1.0
gnl|Prokka|GCF_001314995.1_1|4704511|G	-1.0	-1.0	0.532	-1.0	0.0	-1.0	-1.0	1.0	-1.0	0.0	-1.0	-1.0	0.0	-1.0	-1.0	-1.0	0.0	-1.0	-1.0	0.0	1.0	0.417	-1.0	-1.0	-1.0	1.0	0.0	-1.0	-1.0	-1.0	-1.0	0.092	-1.0	0.0	0.625	0.0	0.0	0.0	0.364	0.725	0.912	-1.0	0.0	-1.0	-1.0	-1.0	0.238	0.485	1.0	-1.0	0.0	-1.0	-1.0	-1.0	0.0	0.0	0.875	0.654	-1.0	0.0	0.615	-1.0	0.0	-1.0	1.0	-1.0	-1.0	0.281	-1.0	0.0	0.963	-1.0	0.211	0.317	-1.0	-1.0	-1.0	0.583	0.0	0.0	-1.0	0.444	0.257	-1.0	0.2	0.247	0.949	-1.0	0.0	-1.0	-1.0	0.0	-1.0	-1.0	0.192	-1.0	0.0	-1.0	-1.0	-1.0	0.0	-1.0	-1.0	0.624	0.225	0.0	1.0	0.849	1.0	0.444	0.0	-1.0	0.435	1.0	-1.0	0.0	0.862	-1.0	0.0	-1.0	1.0	0.0	1.0	0.0	-1.0	0.091	0.7	-1.0	-1.0	-1.0	-1.0	-1.0	1.0	1.0	-1.0	0.0	0.0	0.792	-1.0	0.0	-1.0	0.451	0.636	-1.0	0.0	0.75	0.667	1.0	0.0	0.679	-1.0	-1.0	-1.0	-1.0	-1.0	0.433	1.0	0.0	-1.0	1.0	1.0	-1.0	-1.0	1.0	0.0	0.0	-1.0	0.0	0.0	-1.0	-1.0	-1.0	-1.0	0.786	0.312	1.0	0.0	0.385	0.116	0.0	-1.0	-1.0	0.0	1.0	-1.0	-1.0	1.0	0.971	-1.0	-1.0	-1.0	0.0	-1.0
gnl|Prokka|GCF_001314995.1_1|4743199|T	-1.0	-1.0	0.333	-1.0	0.0	-1.0	-1.0	0.0	-1.0	0.4	-1.0	-1.0	0.273	-1.0	-1.0	-1.0	0.824	-1.0	-1.0	0.0	0.0	1.0	-1.0	-1.0	-1.0	1.0	0.0	-1.0	-1.0	-1.0	-1.0	0.028	-1.0	1.0	0.293	-1.0	0.15	0.0	0.667	1.0	1.0	-1.0	0.6	-1.0	-1.0	-1.0	0.25	0.0	0.951	-1.0	0.0	-1.0	0.0	-1.0	0.954	0.185	0.927	0.0	-1.0	1.0	0.0	0.684	0.926	-1.0	0.0	-1.0	-1.0	0.803	-1.0	-1.0	0.0	-1.0	0.0	1.0	-1.0	-1.0	-1.0	-1.0	1.0	1.0	0.545	0.0	0.0	-1.0	0.438	0.879	0.345	-1.0	0.0	-1.0	-1.0	0.927	-1.0	-1.0	0.0	-1.0	1.0	-1.0	-1.0	-1.0	0.0	-1.0	-1.0	1.0	0.685	0.545	0.0	0.172	1.0	0.0	0.0	-1.0	1.0	0.571	-1.0	0.679	0.964	-1.0	0.848	-1.0	0.429	0.554	0.375	1.0	-1.0	1.0	0.0	-1.0	-1.0	-1.0	-1.0	-1.0	0.0	0.323	-1.0	0.0	1.0	1.0	-1.0	0.2	-1.0	0.0	0.0	-1.0	0.0	0.0	0.297	0.132	0.0	0.6	-1.0	-1.0	-1.0	-1.0	-1.0	0.25	-1.0	0.0	-1.0	0.0	-1.0	-1.0	-1.0	0.333	0.769	0.0	-1.0	0.0	0.0	-1.0	-1.0	-1.0	-1.0	1.0	1.0	0.0	1.0	0.314	0.804	0.0	-1.0	-1.0	0.81	1.0	-1.0	-1.0	0.0	0.0	-1.0	-1.0	-1.0	-1.0	-1.0
gnl|Prokka|GCF_001314995.1_1|4743202|T	-1.0	-1.0	0.353	-1.0	0.0	-1.0	-1.0	0.0	-1.0	0.364	-1.0	-1.0	0.273	-1.0	-1.0	-1.0	0.824	-1.0	-1.0	0.0	0.0	1.0	-1.0	-1.0	-1.0	1.0	0.075	-1.0	-1.0	-1.0	-1.0	0.027	0.0	1.0	0.25	-1.0	0.158	0.0	0.667	1.0	1.0	-1.0	0.556	-1.0	-1.0	-1.0	0.25	0.0	0.951	-1.0	0.0	-1.0	0.0	-1.0	0.953	0.167	0.907	0.0	-1.0	1.0	0.0	0.7	0.943	-1.0	0.0	-1.0	-1.0	0.8	-1.0	-1.0	0.0	-1.0	0.0	1.0	-1.0	-1.0	-1.0	-1.0	1.0	1.0	0.545	0.0	0.0	-1.0	0.412	0.881	0.353	-1.0	0.0	-1.0	-1.0	0.936	-1.0	-1.0	0.0	-1.0	1.0	-1.0	-1.0	-1.0	0.0	-1.0	-1.0	1.0	0.699	0.6	0.0	0.167	1.0	0.0	0.0	-1.0	1.0	0.571	-1.0	0.679	0.965	-1.0	0.838	-1.0	-1.0	0.564	0.333	1.0	-1.0	1.0	0.0	-1.0	-1.0	-1.0	-1.0	-1.0	0.0	0.0	-1.0	0.0	1.0	1.0	-1.0	0.214	-1.0	0.0	0.0	-1.0	0.0	0.0	0.308	0.0	0.0	0.625	-1.0	-1.0	-1.0	-1.0	-1.0	0.2	-1.0	0.0	-1.0	0.0	-1.0	-1.0	-1.0	0.455	0.769	0.0	-1.0	0.0	0.0	-1.0	-1.0	-1.0	-1.0	1.0	1.0	0.0	1.0	0.332	0.755	0.0	-1.0	-1.0	0.762	1.0	-1.0	-1.0	0.0	0.0	-1.0	-1.0	-1.0	-1.0	-1.0
gnl|Prokka|GCF_001314995.1_1|4746205|G	-1.0	-1.0	0.0	-1.0	0.0	-1.0	-1.0	0.0	-1.0	0.0	-1.0	-1.0	0.3	-1.0	-1.0	-1.0	-1.0	-1.0	-1.0	0.0	0.0	0.15	-1.0	-1.0	-1.0	0.0	0.0	-1.0	-1.0	-1.0	-1.0	0.0	0.0	0.667	0.185	0.227	0.381	0.477	0.733	0.338	0.711	-1.0	-1.0	-1.0	-1.0	-1.0	1.0	0.0	0.0	-1.0	0.097	-1.0	0.0	-1.0	1.0	-1.0	0.154	0.759	-1.0	0.055	0.0	0.0	1.0	-1.0	0.0	-1.0	-1.0	0.063	-1.0	-1.0	0.0	-1.0	0.655	0.417	-1.0	-1.0	-1.0	0.467	0.0	0.833	0.4	0.0	0.0	-1.0	0.591	0.949	0.59	-1.0	0.0	-1.0	-1.0	0.754	-1.0	-1.0	0.0	-1.0	0.0	-1.0	-1.0	-1.0	0.0	-1.0	-1.0	0.427	0.753	0.556	0.0	0.117	0.0	0.0	1.0	-1.0	0.447	0.0	-1.0	1.0	0.032	0.0	0.792	-1.0	0.0	0.606	1.0	1.0	-1.0	0.9	0.0	-1.0	-1.0	-1.0	-1.0	-1.0	0.0	0.676	-1.0	-1.0	0.96	0.138	-1.0	0.0	-1.0	0.625	0.0	-1.0	-1.0	0.0	0.0	0.13	0.0	0.364	-1.0	-1.0	-1.0	-1.0	-1.0	0.296	0.0	-1.0	-1.0	0.07	0.444	-1.0	-1.0	0.0	0.444	1.0	-1.0	0.0	0.0	-1.0	-1.0	-1.0	-1.0	1.0	0.844	0.0	1.0	0.402	0.804	0.0	-1.0	-1.0	0.393	0.0	-1.0	-1.0	0.0	0.03	-1.0	-1.0	-1.0	0.0	-1.0
gnl|Prokka|GCF_001314995.1_1|4750086|T	-1.0	-1.0	1.0	-1.0	0.0	-1.0	-1.0	0.267	-1.0	0.208	-1.0	-1.0	-1.0	-1.0	-1.0	-1.0	1.0	-1.0	-1.0	1.0	0.0	1.0	-1.0	-1.0	-1.0	0.571	0.0	-1.0	-1.0	-1.0	-1.0	0.902	1.0	0.0	-1.0	-1.0	0.423	1.0	0.4	0.752	0.293	-1.0	0.0	-1.0	-1.0	-1.0	0.286	0.536	0.978	-1.0	0.808	-1.0	0.0	-1.0	1.0	0.0	0.656	0.276	-1.0	0.438	0.0	0.214	1.0	-1.0	0.0	-1.0	-1.0	0.0	-1.0	-1.0	1.0	-1.0	0.259	1.0	-1.0	-1.0	-1.0	-1.0	0.0	0.0	-1.0	0.3	0.862	-1.0	0.875	0.0	0.415	-1.0	1.0	-1.0	-1.0	0.0	-1.0	-1.0	1.0	-1.0	0.0	-1.0	-1.0	-1.0	0.188	-1.0	-1.0	0.974	0.746	1.0	0.0	0.178	1.0	1.0	1.0	-1.0	0.476	1.0	-1.0	0.0	1.0	-1.0	0.0	-1.0	0.0	0.452	0.0	0.0	-1.0	1.0	0.321	-1.0	-1.0	-1.0	-1.0	-1.0	0.333	0.633	-1.0	0.217	0.0	0.951	-1.0	0.0	-1.0	0.679	0.0	-1.0	-1.0	0.0	0.195	0.0	1.0	0.0	-1.0	-1.0	-1.0	-1.0	-1.0	0.0	0.0	0.6	-1.0	0.128	1.0	-1.0	-1.0	-1.0	0.733	0.0	-1.0	0.789	1.0	-1.0	-1.0	-1.0	-1.0	0.0	0.259	0.522	0.706	0.013	0.763	0.0	-1.0	-1.0	0.419	0.489	-1.0	-1.0	0.0	0.023	-1.0	-1.0	-1.0	-1.0	-1.0
gnl|Prokka|GCF_001314995.1_1|4750953|A	-1.0	-1.0	1.0	-1.0	1.0	-1.0	-1.0	0.0	-1.0	1.0	-1.0	-1.0	-1.0	-1.0	-1.0	-1.0	0.0	-1.0	-1.0	0.7	0.0	0.833	-1.0	-1.0	-1.0	0.0	0.0	-1.0	-1.0	-1.0	-1.0	0.925	0.0	1.0	0.4	1.0	0.688	0.532	-1.0	0.735	0.824	-1.0	0.444	-1.0	-1.0	-1.0	0.619	0.557	0.971	-1.0	0.867	-1.0	1.0	-1.0	0.0	0.294	0.409	0.0	-1.0	0.571	0.35	0.0	1.0	-1.0	0.0	-1.0	-1.0	0.635	-1.0	1.0	1.0	-1.0	0.207	0.178	-1.0	-1.0	-1.0	0.636	0.929	0.0	0.429	-1.0	0.793	-1.0	1.0	1.0	0.449	-1.0	1.0	-1.0	-1.0	1.0	-1.0	-1.0	0.0	-1.0	0.0	-1.0	-1.0	-1.0	0.0	-1.0	-1.0	1.0	0.842	0.769	0.0	0.127	0.0	0.333	0.0	-1.0	0.0	0.0	-1.0	0.633	0.031	-1.0	0.873	-1.0	-1.0	0.955	0.571	1.0	-1.0	0.0	0.371	-1.0	-1.0	-1.0	-1.0	-1.0	0.0	0.0	-1.0	0.0	0.0	1.0	-1.0	0.765	-1.0	0.613	0.25	-1.0	0.0	0.0	0.0	0.0	1.0	0.667	-1.0	-1.0	-1.0	-1.0	-1.0	0.273	1.0	-1.0	-1.0	0.0	-1.0	-1.0	-1.0	0.0	0.467	0.0	-1.0	-1.0	-1.0	-1.0	-1.0	-1.0	-1.0	1.0	0.522	0.378	0.0	0.535	0.221	1.0	-1.0	-1.0	0.171	0.912	-1.0	-1.0	0.0	0.0	-1.0	-1.0	-1.0	0.222	-1.0
gnl|Prokka|GCF_001314995.1_1|4757150|G	-1.0	-1.0	0.333	-1.0	0.0	-1.0	-1.0	0.0	-1.0	0.222	-1.0	-1.0	0.0	-1.0	-1.0	-1.0	0.0	-1.0	-1.0	1.0	0.0	0.0	-1.0	-1.0	-1.0	-1.0	0.0	-1.0	-1.0	-1.0	-1.0	0.031	1.0	1.0	1.0	1.0	0.632	0.371	1.0	0.294	0.809	-1.0	0.0	-1.0	-1.0	-1.0	0.667	0.496	0.0	-1.0	1.0	-1.0	0.188	-1.0	0.0	-1.0	0.409	0.312	-1.0	0.444	0.182	0.0	0.0	-1.0	0.0	-1.0	-1.0	0.0	-1.0	1.0	0.907	-1.0	0.0	0.167	-1.0	-1.0	-1.0	0.0	0.0	1.0	0.0	0.0	0.773	-1.0	0.143	1.0	0.0	-1.0	0.381	-1.0	-1.0	0.868	-1.0	-1.0	0.0	-1.0	0.0	-1.0	-1.0	-1.0	0.667	-1.0	-1.0	0.971	0.714	0.0	0.0	0.0	0.0	0.0	1.0	-1.0	0.806	1.0	-1.0	0.642	0.0	-1.0	0.86	-1.0	1.0	0.487	0.714	1.0	-1.0	0.875	0.0	-1.0	-1.0	-1.0	-1.0	-1.0	-1.0	0.0	-1.0	0.37	1.0	0.946	-1.0	0.0	-1.0	0.0	0.0	-1.0	0.319	0.414	0.0	0.059	0.0	0.0	-1.0	-1.0	-1.0	-1.0	-1.0	0.611	-1.0	-1.0	-1.0	0.0	0.0	-1.0	-1.0	-1.0	0.474	0.0	-1.0	-1.0	1.0	-1.0	-1.0	-1.0	-1.0	1.0	0.0	0.297	0.3	0.405	0.469	0.519	-1.0	-1.0	0.151	0.0	-1.0	-1.0	0.0	0.033	-1.0	-1.0	-1.0	0.0	-1.0
gnl|Prokka|GCF_001314995.1_1|4939082|T	-1.0	-1.0	1.0	-1.0	1.0	-1.0	-1.0	-1.0	-1.0	1.0	-1.0	-1.0	1.0	-1.0	-1.0	-1.0	1.0	-1.0	-1.0	1.0	0.0	1.0	-1.0	-1.0	-1.0	0.0	1.0	-1.0	-1.0	-1.0	-1.0	0.102	1.0	0.0	0.571	0.0	0.688	0.714	-1.0	0.885	0.821	-1.0	0.0	1.0	-1.0	-1.0	1.0	0.823	1.0	-1.0	1.0	-1.0	1.0	-1.0	1.0	0.0	0.387	-1.0	-1.0	0.679	0.0	-1.0	1.0	-1.0	0.0	-1.0	-1.0	0.423	-1.0	1.0	0.0	-1.0	0.0	0.0	-1.0	-1.0	-1.0	-1.0	0.0	0.0	-1.0	1.0	0.0	-1.0	1.0	0.261	1.0	-1.0	0.0	-1.0	-1.0	0.0	-1.0	-1.0	0.0	-1.0	0.0	-1.0	-1.0	-1.0	-1.0	-1.0	-1.0	0.0	0.222	1.0	0.0	0.049	0.0	-1.0	1.0	-1.0	0.852	1.0	-1.0	0.0	0.0	1.0	0.0	-1.0	1.0	0.0	1.0	0.0	-1.0	0.0	0.0	-1.0	-1.0	-1.0	-1.0	-1.0	-1.0	0.182	-1.0	1.0	0.304	0.0	-1.0	1.0	-1.0	0.0	0.0	-1.0	0.0	0.0	0.0	0.077	0.615	0.222	-1.0	-1.0	-1.0	-1.0	-1.0	0.278	0.556	1.0	-1.0	0.0	0.643	-1.0	-1.0	0.0	0.0	1.0	-1.0	0.0	1.0	-1.0	-1.0	-1.0	-1.0	0.771	0.0	0.0	-1.0	1.0	0.165	0.735	-1.0	-1.0	0.829	0.72	-1.0	-1.0	0.0	0.107	-1.0	-1.0	-1.0	-1.0	-1.0
gnl|Prokka|GCF_001314995.1_1|4943995|G	-1.0	-1.0	0.367	-1.0	1.0	-1.0	-1.0	-1.0	-1.0	0.733	-1.0	-1.0	-1.0	-1.0	-1.0	-1.0	0.0	-1.0	-1.0	1.0	0.0	1.0	-1.0	-1.0	-1.0	1.0	0.914	-1.0	-1.0	-1.0	-1.0	0.033	0.0	1.0	0.204	0.0	1.0	0.386	-1.0	0.627	0.261	-1.0	0.0	1.0	-1.0	-1.0	0.0	0.507	0.965	-1.0	0.722	-1.0	1.0	-1.0	0.043	0.0	0.0	0.312	-1.0	0.0	0.0	0.0	1.0	-1.0	0.0	-1.0	-1.0	0.0	-1.0	-1.0	0.0	-1.0	0.261	0.45	-1.0	-1.0	-1.0	0.0	0.0	0.0	-1.0	0.357	0.0	-1.0	0.485	1.0	0.411	-1.0	0.0	-1.0	-1.0	0.0	-1.0	-1.0	0.0	-1.0	0.0	-1.0	-1.0	-1.0	0.0	-1.0	-1.0	0.0	0.067	1.0	0.0	0.0	1.0	0.231	0.424	-1.0	0.429	0.0	-1.0	0.648	1.0	0.667	0.0	-1.0	1.0	0.641	0.429	0.617	-1.0	0.0	0.0	-1.0	-1.0	-1.0	-1.0	-1.0	0.0	0.0	-1.0	0.24	0.053	0.0	-1.0	1.0	-1.0	0.0	0.0	-1.0	0.083	0.0	0.0	0.0	0.0	0.188	-1.0	-1.0	-1.0	-1.0	-1.0	0.158	0.538	1.0	-1.0	0.0	0.556	-1.0	-1.0	0.0	0.0	0.222	-1.0	0.0	0.853	-1.0	-1.0	-1.0	-1.0	1.0	0.531	0.0	0.0	1.0	0.17	0.778	-1.0	-1.0	0.327	0.545	-1.0	-1.0	0.0	0.103	-1.0	-1.0	-1.0	0.0	-1.0
gnl|Prokka|GCF_001314995.1_1|4976448|T	-1.0	-1.0	0.524	-1.0	0.0	-1.0	-1.0	0.0	-1.0	0.0	-1.0	-1.0	1.0	-1.0	-1.0	-1.0	1.0	-1.0	-1.0	0.0	0.0	1.0	-1.0	-1.0	-1.0	-1.0	1.0	-1.0	-1.0	-1.0	-1.0	0.937	-1.0	-1.0	0.431	0.0	0.533	0.557	1.0	0.748	0.897	-1.0	0.583	-1.0	-1.0	-1.0	0.0	0.0	1.0	-1.0	0.182	-1.0	0.0	-1.0	0.861	0.294	0.333	0.167	-1.0	0.591	0.0	1.0	0.974	-1.0	0.0	-1.0	-1.0	0.577	-1.0	-1.0	1.0	-1.0	1.0	-1.0	-1.0	-1.0	-1.0	0.308	0.944	-1.0	0.0	0.0	0.0	-1.0	1.0	1.0	0.354	-1.0	1.0	-1.0	-1.0	0.805	-1.0	-1.0	1.0	-1.0	1.0	-1.0	-1.0	-1.0	1.0	-1.0	-1.0	0.402	0.75	0.0	0.0	0.153	1.0	0.7	1.0	-1.0	0.438	0.214	-1.0	1.0	1.0	-1.0	1.0	-1.0	0.727	0.603	1.0	0.538	-1.0	0.879	0.0	-1.0	-1.0	-1.0	-1.0	-1.0	0.545	0.706	-1.0	0.0	0.0	0.0	-1.0	0.467	-1.0	0.0	0.214	-1.0	1.0	0.577	0.0	0.125	0.0	0.0	-1.0	-1.0	-1.0	-1.0	-1.0	0.519	-1.0	-1.0	-1.0	0.0	-1.0	-1.0	-1.0	0.0	0.25	0.0	-1.0	0.565	0.257	-1.0	-1.0	-1.0	-1.0	1.0	0.429	0.303	0.333	0.452	0.621	0.333	-1.0	-1.0	0.511	0.562	-1.0	-1.0	0.0	0.013	-1.0	-1.0	-1.0	0.0	-1.0
gnl|Prokka|GCF_001314995.1_1|5006888|A	-1.0	-1.0	1.0	-1.0	1.0	-1.0	-1.0	0.462	-1.0	1.0	-1.0	-1.0	0.0	-1.0	-1.0	-1.0	1.0	-1.0	-1.0	0.455	0.0	0.0	-1.0	-1.0	-1.0	-1.0	0.75	-1.0	-1.0	-1.0	-1.0	0.88	1.0	-1.0	0.34	0.7	1.0	1.0	0.25	0.0	1.0	-1.0	0.375	0.0	-1.0	-1.0	0.769	1.0	0.0	-1.0	1.0	-1.0	0.429	-1.0	0.873	0.914	0.465	0.0	-1.0	1.0	0.0	-1.0	1.0	-1.0	0.0	-1.0	-1.0	0.923	-1.0	-1.0	1.0	-1.0	0.591	-1.0	-1.0	-1.0	-1.0	0.0	0.0	-1.0	0.0	0.235	0.682	-1.0	0.7	0.157	0.063	-1.0	0.826	-1.0	-1.0	0.27	-1.0	-1.0	0.0	-1.0	0.0	-1.0	-1.0	-1.0	0.467	-1.0	-1.0	0.505	0.0	1.0	0.0	0.049	1.0	1.0	0.0	-1.0	0.595	1.0	-1.0	0.425	1.0	0.0	0.155	-1.0	1.0	0.429	0.571	0.353	-1.0	0.0	0.286	-1.0	-1.0	-1.0	-1.0	-1.0	0.647	0.0	-1.0	0.375	0.058	0.958	-1.0	1.0	-1.0	0.741	0.455	-1.0	0.94	0.463	0.231	0.0	1.0	0.0	-1.0	-1.0	-1.0	-1.0	-1.0	-1.0	-1.0	-1.0	-1.0	0.0	0.0	-1.0	-1.0	0.0	0.235	1.0	-1.0	0.739	0.75	-1.0	-1.0	-1.0	-1.0	0.0	1.0	0.429	0.0	1.0	0.0	0.615	-1.0	-1.0	-1.0	0.457	-1.0	-1.0	0.0	0.0	-1.0	-1.0	-1.0	0.0	-1.0
gnl|Prokka|GCF_001314995.1_1|5052329|T	-1.0	-1.0	0.0	-1.0	0.312	-1.0	-1.0	0.727	-1.0	0.0	-1.0	-1.0	0.0	-1.0	-1.0	-1.0	1.0	-1.0	-1.0	0.235	1.0	1.0	-1.0	-1.0	-1.0	0.0	0.333	-1.0	-1.0	-1.0	-1.0	0.092	0.0	-1.0	0.0	-1.0	0.0	0.642	-1.0	1.0	0.8	-1.0	1.0	0.85	-1.0	-1.0	0.0	0.553	1.0	-1.0	0.0	-1.0	0.429	-1.0	0.0	-1.0	1.0	0.0	-1.0	1.0	0.769	0.273	1.0	-1.0	1.0	-1.0	-1.0	1.0	-1.0	0.0	0.92	-1.0	0.0	0.0	-1.0	-1.0	-1.0	0.444	0.0	0.75	-1.0	-1.0	0.174	-1.0	0.0	0.855	0.876	-1.0	0.0	-1.0	-1.0	0.0	-1.0	-1.0	0.15	-1.0	1.0	-1.0	-1.0	-1.0	1.0	-1.0	-1.0	0.436	0.179	0.667	1.0	0.885	0.074	-1.0	1.0	-1.0	0.276	0.615	-1.0	0.617	0.0	1.0	0.0	-1.0	1.0	0.632	0.0	0.575	-1.0	0.0	1.0	-1.0	-1.0	-1.0	-1.0	-1.0	-1.0	0.192	-1.0	0.0	-1.0	0.227	-1.0	0.375	-1.0	1.0	0.75	-1.0	0.0	0.286	1.0	0.833	0.0	0.625	-1.0	-1.0	-1.0	-1.0	-1.0	0.647	1.0	-1.0	-1.0	0.846	1.0	-1.0	-1.0	-1.0	0.31	0.0	-1.0	0.692	0.0	-1.0	-1.0	-1.0	-1.0	1.0	0.0	1.0	0.35	0.0	0.577	0.308	-1.0	-1.0	0.444	0.462	-1.0	-1.0	1.0	0.968	-1.0	-1.0	-1.0	0.0	-1.0
gnl|Prokka|GCF_001314995.1_1|5069023|T	-1.0	-1.0	0.553	-1.0	0.0	-1.0	-1.0	0.273	-1.0	0.158	-1.0	-1.0	1.0	-1.0	-1.0	-1.0	0.667	-1.0	-1.0	0.545	0.0	1.0	-1.0	-1.0	-1.0	0.286	1.0	-1.0	-1.0	-1.0	-1.0	0.029	1.0	0.2	0.673	0.87	0.571	1.0	0.0	0.686	0.75	-1.0	0.0	1.0	-1.0	-1.0	0.632	0.538	0.973	-1.0	0.13	-1.0	0.0	-1.0	0.961	0.8	0.568	1.0	-1.0	1.0	0.16	0.182	0.0	-1.0	0.0	-1.0	-1.0	1.0	-1.0	-1.0	0.942	-1.0	1.0	0.525	-1.0	-1.0	-1.0	0.0	0.0	0.812	-1.0	-1.0	0.821	-1.0	0.0	0.206	0.912	-1.0	0.0	-1.0	-1.0	0.366	-1.0	-1.0	0.0	-1.0	0.0	-1.0	-1.0	-1.0	1.0	-1.0	-1.0	1.0	0.652	0.0	0.0	0.156	0.0	0.176	1.0	-1.0	0.684	1.0	-1.0	0.0	0.0	1.0	0.11	-1.0	0.667	0.377	1.0	0.36	-1.0	0.0	0.333	-1.0	-1.0	-1.0	-1.0	-1.0	-1.0	0.0	-1.0	1.0	-1.0	0.857	-1.0	0.417	-1.0	0.571	-1.0	-1.0	1.0	-1.0	0.0	0.0	1.0	0.333	-1.0	-1.0	-1.0	-1.0	-1.0	0.346	1.0	-1.0	-1.0	0.0	-1.0	-1.0	-1.0	0.0	0.556	1.0	-1.0	-1.0	0.436	-1.0	-1.0	-1.0	-1.0	0.417	0.714	0.17	1.0	0.0	0.451	0.222	-1.0	-1.0	0.412	0.97	-1.0	-1.0	0.0	0.024	-1.0	-1.0	-1.0	1.0	-1.0
gnl|Prokka|GCF_001314995.1_1|5107982|G	-1.0	-1.0	0.226	-1.0	0.0	-1.0	-1.0	0.0	-1.0	0.0	-1.0	-1.0	-1.0	-1.0	-1.0	-1.0	0.636	-1.0	-1.0	1.0	0.0	0.0	-1.0	-1.0	-1.0	1.0	1.0	-1.0	-1.0	-1.0	-1.0	0.0	-1.0	1.0	0.265	0.375	0.444	-1.0	0.667	0.0	1.0	-1.0	0.0	-1.0	-1.0	-1.0	0.412	0.0	0.0	-1.0	0.476	-1.0	-1.0	-1.0	1.0	0.2	0.4	0.0	-1.0	0.583	0.0	0.0	1.0	-1.0	0.0	-1.0	-1.0	0.356	-1.0	1.0	0.0	-1.0	0.0	0.912	-1.0	-1.0	-1.0	0.0	0.788	0.214	-1.0	1.0	0.0	-1.0	1.0	1.0	0.0	-1.0	0.333	-1.0	-1.0	0.786	-1.0	-1.0	1.0	-1.0	0.0	-1.0	-1.0	-1.0	0.0	-1.0	-1.0	0.961	0.066	0.786	0.0	0.03	0.931	0.0	0.0	-1.0	0.579	1.0	-1.0	0.857	0.961	-1.0	1.0	-1.0	-1.0	1.0	1.0	0.543	-1.0	1.0	0.0	-1.0	-1.0	-1.0	-1.0	-1.0	0.0	1.0	-1.0	0.0	0.0	0.902	-1.0	0.571	-1.0	0.0	0.286	-1.0	0.0	0.0	0.0	0.068	0.0	0.0	-1.0	-1.0	-1.0	-1.0	-1.0	0.24	0.0	1.0	-1.0	0.0	-1.0	-1.0	-1.0	0.0	0.444	0.429	-1.0	0.452	0.643	-1.0	-1.0	-1.0	-1.0	1.0	0.375	0.0	1.0	0.493	1.0	0.0	-1.0	-1.0	1.0	0.09	-1.0	-1.0	0.0	0.023	-1.0	-1.0	-1.0	1.0	-1.0
gnl|Prokka|GCF_001314995.1_1|5109013|C	-1.0	-1.0	0.727	-1.0	0.0	-1.0	-1.0	-1.0	-1.0	0.217	-1.0	-1.0	0.0	-1.0	-1.0	-1.0	0.0	-1.0	-1.0	0.273	1.0	0.0	-1.0	-1.0	-1.0	0.0	1.0	-1.0	-1.0	-1.0	-1.0	0.052	0.429	1.0	0.341	0.0	0.458	0.405	-1.0	0.0	0.0	-1.0	-1.0	-1.0	-1.0	-1.0	0.75	0.0	0.018	-1.0	0.172	-1.0	0.3	-1.0	0.0	0.161	0.649	0.375	-1.0	0.31	0.864	0.562	0.942	-1.0	1.0	-1.0	-1.0	0.0	-1.0	-1.0	1.0	-1.0	0.0	0.0	-1.0	-1.0	-1.0	1.0	0.0	0.312	0.462	-1.0	0.261	-1.0	0.3	1.0	0.0	-1.0	0.348	-1.0	-1.0	0.0	-1.0	-1.0	0.0	-1.0	1.0	-1.0	-1.0	-1.0	0.0	-1.0	-1.0	0.031	0.151	0.375	1.0	0.822	0.0	0.0	0.438	-1.0	0.346	0.0	-1.0	0.761	0.0	1.0	0.886	-1.0	0.333	0.639	1.0	1.0	-1.0	1.0	0.824	-1.0	-1.0	-1.0	-1.0	-1.0	0.0	0.852	-1.0	0.219	0.232	0.109	-1.0	0.308	-1.0	0.358	0.308	-1.0	0.0	0.304	1.0	1.0	0.0	1.0	-1.0	-1.0	-1.0	-1.0	-1.0	0.458	0.0	1.0	-1.0	1.0	0.529	-1.0	-1.0	0.812	0.379	0.0	-1.0	0.088	0.0	-1.0	-1.0	-1.0	-1.0	0.824	0.704	1.0	0.0	0.381	0.0	0.24	-1.0	-1.0	0.936	0.496	-1.0	-1.0	1.0	0.988	-1.0	-1.0	-1.0	0.0	-1.0
gnl|Prokka|GCF_001314995.1_1|5112574|C	-1.0	-1.0	0.429	-1.0	0.0	-1.0	-1.0	0.0	-1.0	0.312	-1.0	-1.0	0.0	-1.0	-1.0	-1.0	1.0	-1.0	-1.0	1.0	0.0	0.778	-1.0	-1.0	-1.0	1.0	0.0	-1.0	-1.0	-1.0	-1.0	0.903	1.0	0.0	0.193	0.0	0.737	0.355	0.25	0.699	0.208	-1.0	0.4	-1.0	-1.0	-1.0	0.586	0.531	1.0	-1.0	0.917	-1.0	-1.0	-1.0	0.847	0.853	0.341	0.75	-1.0	0.297	0.0	0.333	1.0	-1.0	0.0	-1.0	-1.0	0.672	-1.0	0.375	1.0	-1.0	0.0	0.444	-1.0	-1.0	-1.0	0.0	0.0	0.0	0.375	1.0	0.0	-1.0	0.0	0.0	0.956	-1.0	1.0	-1.0	-1.0	0.186	-1.0	-1.0	0.0	-1.0	0.0	-1.0	-1.0	-1.0	0.778	-1.0	-1.0	1.0	0.726	0.556	0.0	0.037	1.0	0.0	0.0	-1.0	0.211	1.0	-1.0	0.0	1.0	-1.0	0.835	-1.0	1.0	0.407	0.0	0.0	-1.0	0.864	0.2	-1.0	-1.0	-1.0	-1.0	-1.0	0.7	0.208	-1.0	0.0	0.0	0.885	-1.0	0.0	-1.0	0.0	-1.0	-1.0	0.0	0.7	0.143	0.0	0.222	0.0	-1.0	-1.0	-1.0	-1.0	-1.0	0.382	-1.0	-1.0	-1.0	0.0	1.0	-1.0	-1.0	0.308	0.267	0.0	-1.0	0.0	0.857	-1.0	-1.0	-1.0	-1.0	0.0	0.136	0.37	0.0	0.0	0.102	0.0	-1.0	-1.0	0.733	0.47	-1.0	-1.0	0.0	0.0	-1.0	-1.0	-1.0	1.0	-1.0
gnl|Prokka|GCF_001314995.1_1|5112586|G	-1.0	-1.0	0.375	-1.0	0.0	-1.0	-1.0	0.0	-1.0	0.4	-1.0	-1.0	0.0	-1.0	-1.0	-1.0	1.0	-1.0	-1.0	1.0	0.0	0.778	-1.0	-1.0	-1.0	0.0	0.0	-1.0	-1.0	-1.0	-1.0	0.901	1.0	0.0	0.0	0.0	0.75	0.312	-1.0	0.733	0.061	-1.0	0.333	-1.0	-1.0	-1.0	0.226	0.589	1.0	-1.0	1.0	-1.0	-1.0	-1.0	0.889	0.828	0.314	0.697	-1.0	0.324	0.0	0.462	1.0	-1.0	0.0	-1.0	-1.0	0.7	-1.0	-1.0	1.0	-1.0	0.0	0.0	-1.0	-1.0	-1.0	0.0	0.0	0.0	0.6	1.0	0.0	-1.0	0.0	0.0	0.955	-1.0	1.0	-1.0	-1.0	0.231	-1.0	-1.0	0.0	-1.0	0.0	-1.0	-1.0	-1.0	0.778	-1.0	-1.0	0.966	0.716	1.0	0.0	0.043	0.0	0.0	0.0	-1.0	0.25	1.0	-1.0	0.0	0.0	-1.0	0.845	-1.0	1.0	0.388	0.0	0.0	-1.0	0.864	0.2	-1.0	-1.0	-1.0	-1.0	-1.0	0.667	0.276	-1.0	0.0	0.0	0.892	-1.0	0.0	-1.0	0.0	-1.0	-1.0	0.0	0.682	0.133	0.0	0.0	0.0	-1.0	-1.0	-1.0	-1.0	-1.0	0.389	0.375	0.6	-1.0	0.088	-1.0	-1.0	-1.0	0.273	0.25	0.0	-1.0	0.0	0.857	-1.0	-1.0	-1.0	-1.0	0.0	0.0	0.4	0.0	0.0	0.0	0.0	-1.0	-1.0	0.723	0.4	-1.0	-1.0	0.0	0.0	-1.0	-1.0	-1.0	1.0	-1.0
gnl|Prokka|GCF_001314995.1_1|5112598|A	-1.0	-1.0	0.417	-1.0	0.0	-1.0	-1.0	0.0	-1.0	0.353	-1.0	-1.0	0.0	-1.0	-1.0	-1.0	1.0	-1.0	-1.0	1.0	0.0	1.0	-1.0	-1.0	-1.0	1.0	0.0	-1.0	-1.0	-1.0	-1.0	0.899	1.0	0.0	0.0	0.0	0.737	0.355	0.0	0.75	0.256	-1.0	0.444	-1.0	-1.0	-1.0	0.586	0.594	1.0	-1.0	0.906	-1.0	-1.0	-1.0	0.873	0.875	0.343	0.643	-1.0	0.267	0.0	-1.0	1.0	-1.0	0.0	-1.0	-1.0	0.721	-1.0	1.0	1.0	-1.0	0.0	0.432	-1.0	-1.0	-1.0	0.0	0.0	0.0	0.667	1.0	0.038	-1.0	0.0	0.0	0.962	-1.0	1.0	-1.0	-1.0	0.158	-1.0	-1.0	0.0	-1.0	0.0	-1.0	-1.0	-1.0	1.0	-1.0	-1.0	1.0	0.731	1.0	0.0	0.039	1.0	0.0	0.0	-1.0	0.333	1.0	-1.0	0.0	1.0	0.0	0.841	-1.0	1.0	0.397	0.0	0.0	-1.0	0.875	0.156	-1.0	-1.0	-1.0	-1.0	-1.0	0.7	0.29	-1.0	0.0	0.0	0.889	-1.0	0.0	-1.0	0.0	-1.0	-1.0	0.0	0.7	0.13	0.0	0.235	0.0	-1.0	-1.0	-1.0	-1.0	-1.0	0.4	0.375	0.615	-1.0	0.0	0.7	-1.0	-1.0	0.455	0.222	0.0	-1.0	0.0	0.848	-1.0	-1.0	-1.0	-1.0	0.0	0.0	0.4	0.0	0.411	0.062	0.0	-1.0	-1.0	0.721	0.511	-1.0	-1.0	0.0	0.0	-1.0	-1.0	-1.0	1.0	-1.0
gnl|Prokka|GCF_001314995.1_1|5117588|C	-1.0	-1.0	0.487	-1.0	1.0	-1.0	-1.0	0.273	-1.0	0.571	-1.0	-1.0	0.0	-1.0	-1.0	-1.0	1.0	-1.0	-1.0	1.0	0.0	0.231	-1.0	-1.0	-1.0	-1.0	1.0	-1.0	-1.0	-1.0	-1.0	0.83	-1.0	1.0	0.538	0.0	1.0	0.6	1.0	0.0	0.25	-1.0	0.0	-1.0	-1.0	-1.0	0.375	0.525	0.0	-1.0	0.727	-1.0	1.0	-1.0	0.931	0.105	0.273	0.727	-1.0	1.0	0.0	0.0	0.0	-1.0	0.0	-1.0	-1.0	0.847	-1.0	-1.0	0.0	-1.0	0.538	0.212	-1.0	-1.0	-1.0	0.0	1.0	0.625	0.0	0.0	0.792	-1.0	1.0	1.0	0.0	-1.0	0.643	-1.0	-1.0	0.841	-1.0	-1.0	1.0	-1.0	0.0	-1.0	-1.0	-1.0	0.789	-1.0	-1.0	0.0	0.789	-1.0	0.0	0.047	1.0	0.0	1.0	-1.0	0.727	1.0	-1.0	0.842	1.0	1.0	0.904	-1.0	0.375	0.716	-1.0	0.81	-1.0	1.0	0.0	-1.0	-1.0	-1.0	-1.0	-1.0	-1.0	1.0	-1.0	0.3	0.107	0.0	-1.0	1.0	-1.0	0.0	0.0	-1.0	0.205	0.0	0.0	0.071	0.0	0.136	-1.0	-1.0	-1.0	-1.0	-1.0	0.208	-1.0	1.0	-1.0	0.0	0.0	-1.0	-1.0	0.0	1.0	0.0	-1.0	0.312	0.767	-1.0	-1.0	-1.0	-1.0	1.0	0.615	0.0	-1.0	1.0	0.812	1.0	-1.0	-1.0	0.219	0.0	-1.0	-1.0	0.0	0.043	-1.0	-1.0	-1.0	0.0	-1.0
gnl|Prokka|GCF_001314995.1_1|5117606|C	-1.0	-1.0	0.474	-1.0	0.0	-1.0	-1.0	0.231	-1.0	-1.0	-1.0	-1.0	0.0	-1.0	-1.0	-1.0	1.0	-1.0	-1.0	1.0	0.0	0.222	-1.0	-1.0	-1.0	-1.0	0.93	-1.0	-1.0	-1.0	-1.0	0.839	0.0	1.0	0.412	0.0	-1.0	0.512	1.0	0.0	0.25	-1.0	0.0	1.0	-1.0	-1.0	0.444	0.0	0.0	-1.0	0.8	-1.0	1.0	-1.0	0.901	0.075	0.286	0.739	-1.0	1.0	0.0	0.0	0.0	-1.0	0.0	-1.0	-1.0	0.855	-1.0	-1.0	0.0	-1.0	0.571	0.31	-1.0	-1.0	-1.0	0.0	0.93	0.667	-1.0	0.0	0.841	-1.0	1.0	1.0	0.0	-1.0	0.625	-1.0	-1.0	0.776	-1.0	-1.0	1.0	-1.0	0.0	-1.0	-1.0	-1.0	0.789	-1.0	-1.0	0.0	0.779	0.0	0.0	0.04	1.0	0.0	1.0	-1.0	0.708	0.727	-1.0	0.766	1.0	-1.0	0.939	-1.0	0.375	0.78	-1.0	0.75	-1.0	1.0	0.0	-1.0	-1.0	-1.0	-1.0	-1.0	0.625	1.0	-1.0	0.208	0.086	0.0	-1.0	0.444	-1.0	0.0	0.0	-1.0	0.167	0.0	0.0	0.083	0.0	0.0	-1.0	-1.0	-1.0	-1.0	-1.0	0.217	-1.0	1.0	-1.0	0.0	0.0	-1.0	-1.0	-1.0	0.875	0.0	-1.0	0.278	0.75	-1.0	-1.0	-1.0	-1.0	1.0	0.562	0.0	-1.0	0.619	0.823	0.375	-1.0	-1.0	0.172	0.037	-1.0	-1.0	0.0	0.061	-1.0	-1.0	-1.0	0.0	-1.0
gnl|Prokka|GCF_001314995.1_1|5117642|T	-1.0	-1.0	0.404	-1.0	0.0	-1.0	-1.0	0.0	-1.0	0.0	-1.0	-1.0	0.0	-1.0	-1.0	-1.0	1.0	-1.0	-1.0	1.0	0.0	0.227	-1.0	-1.0	-1.0	-1.0	0.87	-1.0	-1.0	-1.0	-1.0	0.839	0.273	1.0	0.283	0.0	0.438	0.333	1.0	0.0	0.222	-1.0	0.0	-1.0	-1.0	-1.0	0.235	0.0	0.0	-1.0	0.818	-1.0	-1.0	-1.0	0.838	0.179	0.375	0.64	-1.0	1.0	0.0	0.0	0.0	-1.0	0.0	-1.0	-1.0	0.853	-1.0	-1.0	0.0	-1.0	0.444	0.387	-1.0	-1.0	-1.0	0.0	0.889	-1.0	0.0	0.0	0.821	-1.0	1.0	1.0	0.0	-1.0	0.36	-1.0	-1.0	0.621	-1.0	-1.0	1.0	-1.0	0.0	-1.0	-1.0	-1.0	0.714	-1.0	-1.0	0.0	0.772	0.0	0.0	0.04	1.0	0.0	1.0	-1.0	0.722	0.611	-1.0	0.673	1.0	-1.0	0.891	-1.0	0.556	0.64	-1.0	0.739	-1.0	1.0	0.0	-1.0	-1.0	-1.0	-1.0	-1.0	-1.0	1.0	-1.0	0.147	0.0	0.0	-1.0	0.312	-1.0	0.0	0.0	-1.0	0.188	0.0	0.0	0.125	0.0	0.0	-1.0	-1.0	-1.0	-1.0	-1.0	0.3	-1.0	1.0	-1.0	0.0	0.0	-1.0	-1.0	-1.0	0.8	0.0	-1.0	0.238	0.657	-1.0	-1.0	-1.0	-1.0	1.0	0.435	0.0	0.0	0.491	0.77	0.364	-1.0	-1.0	0.135	0.043	-1.0	-1.0	0.0	0.026	-1.0	-1.0	-1.0	0.0	-1.0
gnl|Prokka|GCF_001314995.1_1|5117899|C	-1.0	-1.0	0.541	-1.0	0.0	-1.0	-1.0	-1.0	-1.0	0.0	-1.0	-1.0	0.0	-1.0	-1.0	-1.0	1.0	-1.0	-1.0	1.0	0.0	1.0	-1.0	-1.0	-1.0	-1.0	0.94	-1.0	-1.0	-1.0	-1.0	0.852	1.0	-1.0	0.841	1.0	1.0	0.41	-1.0	0.761	1.0	-1.0	0.0	1.0	-1.0	-1.0	0.32	0.528	0.97	-1.0	0.793	-1.0	1.0	-1.0	0.78	1.0	0.231	0.0	-1.0	0.406	0.167	0.0	0.0	-1.0	0.0	-1.0	-1.0	0.125	-1.0	-1.0	0.0	-1.0	0.435	0.645	-1.0	-1.0	-1.0	-1.0	0.939	0.0	0.0	0.0	0.784	-1.0	0.417	0.139	0.385	-1.0	0.318	-1.0	-1.0	0.625	-1.0	-1.0	0.885	-1.0	0.0	-1.0	-1.0	-1.0	0.0	-1.0	-1.0	0.541	0.789	0.0	0.0	0.03	1.0	0.667	1.0	-1.0	0.75	0.0	-1.0	0.0	0.953	1.0	0.866	-1.0	-1.0	0.0	1.0	0.0	-1.0	1.0	0.0	-1.0	-1.0	-1.0	-1.0	-1.0	0.364	1.0	-1.0	0.0	0.059	0.935	-1.0	1.0	-1.0	0.0	0.0	-1.0	0.28	0.0	0.0	0.14	0.636	0.0	-1.0	-1.0	-1.0	-1.0	-1.0	0.0	-1.0	1.0	-1.0	0.0	1.0	-1.0	-1.0	0.0	0.75	0.0	-1.0	0.348	0.595	-1.0	-1.0	-1.0	-1.0	0.4	0.4	0.0	0.0	1.0	0.724	1.0	-1.0	-1.0	0.68	0.608	-1.0	-1.0	0.0	0.091	-1.0	-1.0	-1.0	0.0	-1.0
gnl|Prokka|GCF_001314995.1_1|5121062|C	-1.0	-1.0	0.564	-1.0	0.0	-1.0	-1.0	1.0	-1.0	0.0	-1.0	-1.0	0.0	-1.0	-1.0	-1.0	0.0	-1.0	-1.0	0.0	1.0	0.0	-1.0	-1.0	-1.0	-1.0	0.0	-1.0	-1.0	-1.0	-1.0	0.091	-1.0	-1.0	0.611	0.0	0.0	0.581	0.571	0.026	0.853	-1.0	0.571	-1.0	-1.0	-1.0	0.0	0.0	0.0	-1.0	0.0	-1.0	0.0	-1.0	0.0	0.0	0.514	0.211	-1.0	0.659	1.0	1.0	0.0	-1.0	1.0	-1.0	-1.0	0.644	-1.0	-1.0	0.0	-1.0	0.0	0.0	-1.0	-1.0	-1.0	1.0	0.0	0.0	-1.0	0.571	0.129	-1.0	0.0	0.841	0.0	-1.0	0.207	-1.0	-1.0	0.0	-1.0	-1.0	1.0	-1.0	1.0	-1.0	-1.0	-1.0	1.0	-1.0	-1.0	0.372	0.224	0.0	1.0	0.817	0.0	0.0	0.0	-1.0	0.318	0.35	-1.0	0.66	0.0	-1.0	1.0	-1.0	0.0	1.0	0.556	0.783	-1.0	1.0	0.581	-1.0	-1.0	-1.0	-1.0	-1.0	0.0	0.158	-1.0	0.824	0.0	0.155	-1.0	0.385	-1.0	1.0	1.0	-1.0	0.0	1.0	0.8	1.0	0.0	0.438	-1.0	-1.0	-1.0	-1.0	-1.0	0.438	-1.0	-1.0	-1.0	0.914	-1.0	-1.0	-1.0	1.0	0.56	0.0	-1.0	1.0	0.483	-1.0	-1.0	-1.0	-1.0	1.0	0.548	0.484	-1.0	0.0	0.0	0.0	-1.0	-1.0	0.556	0.429	-1.0	-1.0	1.0	0.963	-1.0	-1.0	-1.0	0.0	-1.0
gnl|Prokka|GCF_001314995.1_1|5132952|G	-1.0	-1.0	0.588	-1.0	0.0	-1.0	-1.0	0.0	-1.0	0.0	-1.0	-1.0	1.0	-1.0	-1.0	-1.0	1.0	-1.0	-1.0	1.0	0.0	1.0	-1.0	-1.0	-1.0	-1.0	0.955	-1.0	-1.0	-1.0	-1.0	0.0	-1.0	-1.0	0.311	0.19	0.368	0.556	-1.0	0.805	0.476	-1.0	-1.0	1.0	-1.0	-1.0	0.308	0.0	0.965	-1.0	0.731	-1.0	0.571	-1.0	0.902	0.25	0.896	0.0	-1.0	0.459	0.122	-1.0	1.0	-1.0	0.0	-1.0	-1.0	0.0	-1.0	1.0	0.13	-1.0	0.0	0.583	-1.0	-1.0	-1.0	-1.0	0.0	0.333	-1.0	0.273	0.0	-1.0	1.0	1.0	0.421	-1.0	0.28	-1.0	-1.0	0.818	-1.0	-1.0	1.0	-1.0	1.0	-1.0	-1.0	-1.0	0.0	-1.0	-1.0	0.0	0.0	1.0	0.0	0.039	1.0	0.625	0.587	-1.0	0.471	1.0	-1.0	0.643	1.0	1.0	0.914	-1.0	1.0	0.719	1.0	0.652	-1.0	1.0	0.0	-1.0	-1.0	-1.0	-1.0	-1.0	0.0	1.0	-1.0	0.0	0.164	0.205	-1.0	0.0	-1.0	0.0	0.0	-1.0	0.0	0.0	0.0	0.125	1.0	-1.0	-1.0	-1.0	-1.0	-1.0	-1.0	0.526	1.0	1.0	-1.0	0.0	-1.0	-1.0	-1.0	0.0	0.667	0.417	-1.0	0.0	0.676	-1.0	-1.0	-1.0	-1.0	1.0	0.389	0.0	1.0	0.577	0.808	0.609	-1.0	-1.0	1.0	0.75	-1.0	-1.0	0.0	0.179	-1.0	-1.0	-1.0	0.143	-1.0
gnl|Prokka|GCF_001314995.1_1|5140733|T	-1.0	-1.0	0.484	-1.0	0.0	-1.0	-1.0	0.0	-1.0	0.0	-1.0	-1.0	1.0	-1.0	-1.0	-1.0	1.0	-1.0	-1.0	1.0	0.0	1.0	-1.0	-1.0	-1.0	1.0	1.0	-1.0	-1.0	-1.0	-1.0	0.0	-1.0	1.0	0.432	0.167	0.562	0.585	1.0	0.632	0.286	-1.0	-1.0	1.0	-1.0	-1.0	0.333	0.0	1.0	-1.0	0.719	-1.0	0.625	-1.0	0.809	0.12	1.0	0.0	-1.0	0.625	0.0	1.0	1.0	-1.0	0.0	-1.0	-1.0	0.174	-1.0	1.0	0.043	-1.0	0.0	0.41	-1.0	-1.0	-1.0	-1.0	0.0	0.48	0.0	0.214	0.0	-1.0	1.0	1.0	0.571	-1.0	-1.0	-1.0	-1.0	0.698	-1.0	-1.0	1.0	-1.0	0.852	-1.0	-1.0	-1.0	0.0	-1.0	-1.0	0.0	0.103	0.471	0.0	0.033	1.0	0.333	0.472	-1.0	0.588	0.769	-1.0	0.625	1.0	1.0	0.91	-1.0	1.0	0.584	0.538	0.681	-1.0	1.0	0.0	-1.0	-1.0	-1.0	-1.0	-1.0	-1.0	1.0	-1.0	0.0	0.188	0.0	-1.0	1.0	-1.0	0.0	0.0	-1.0	0.0	0.0	0.08	0.372	0.583	0.3	-1.0	-1.0	-1.0	-1.0	-1.0	0.25	0.4	1.0	-1.0	0.0	-1.0	-1.0	-1.0	0.0	0.417	0.0	-1.0	0.0	0.647	-1.0	-1.0	-1.0	-1.0	1.0	-1.0	0.0	0.308	0.536	0.831	0.538	-1.0	-1.0	0.875	0.781	-1.0	-1.0	0.0	0.154	-1.0	-1.0	-1.0	0.0	-1.0
gnl|Prokka|GCF_001314995.1_1|5175087|T	-1.0	-1.0	0.512	-1.0	0.0	-1.0	-1.0	0.556	-1.0	0.0	-1.0	-1.0	0.455	-1.0	-1.0	-1.0	0.0	-1.0	-1.0	1.0	1.0	0.0	-1.0	-1.0	-1.0	0.0	0.306	-1.0	-1.0	-1.0	-1.0	0.0	0.417	1.0	0.0	0.0	0.0	0.0	1.0	0.0	0.15	-1.0	-1.0	1.0	-1.0	-1.0	0.0	0.0	0.017	-1.0	0.75	-1.0	0.333	-1.0	0.0	0.0	0.561	0.0	-1.0	0.538	-1.0	0.571	0.0	-1.0	1.0	-1.0	-1.0	0.289	-1.0	-1.0	1.0	-1.0	0.0	0.159	-1.0	-1.0	-1.0	1.0	0.0	0.731	-1.0	-1.0	0.197	-1.0	0.0	0.824	0.0	-1.0	0.0	-1.0	-1.0	0.259	-1.0	-1.0	0.0	-1.0	0.842	-1.0	-1.0	-1.0	0.0	-1.0	-1.0	0.0	0.21	0.214	1.0	0.906	0.0	1.0	0.543	-1.0	0.0	0.0	-1.0	0.694	0.0	0.571	0.0	-1.0	0.0	0.746	0.0	0.923	-1.0	0.0	1.0	-1.0	-1.0	-1.0	-1.0	-1.0	0.0	0.562	-1.0	0.0	0.294	0.2	-1.0	-1.0	-1.0	0.312	-1.0	-1.0	0.0	0.308	0.783	0.886	0.0	0.897	-1.0	-1.0	-1.0	-1.0	-1.0	0.727	-1.0	0.385	-1.0	0.824	0.4	-1.0	-1.0	0.0	0.0	0.0	-1.0	0.0	0.537	-1.0	-1.0	-1.0	-1.0	1.0	0.75	1.0	0.0	0.418	0.0	0.333	-1.0	-1.0	0.34	0.05	-1.0	-1.0	1.0	0.948	-1.0	-1.0	-1.0	-1.0	-1.0
gnl|Prokka|GCF_001314995.1_1|5187927|A	-1.0	-1.0	0.0	-1.0	0.0	-1.0	-1.0	0.533	-1.0	0.0	-1.0	-1.0	0.0	-1.0	-1.0	-1.0	0.0	-1.0	-1.0	0.235	1.0	0.667	-1.0	-1.0	-1.0	1.0	0.4	-1.0	-1.0	-1.0	-1.0	1.0	0.0	-1.0	0.095	0.0	0.0	0.0	0.0	0.403	0.0	-1.0	-1.0	1.0	-1.0	-1.0	0.0	0.0	1.0	-1.0	0.0	-1.0	0.0	-1.0	0.0	0.0	1.0	0.0	-1.0	0.324	0.583	0.714	1.0	-1.0	1.0	-1.0	-1.0	0.085	-1.0	0.0	0.0	-1.0	0.0	0.175	-1.0	-1.0	-1.0	-1.0	0.739	0.0	0.0	0.375	0.169	-1.0	0.316	0.0	0.177	-1.0	1.0	-1.0	-1.0	0.538	-1.0	-1.0	0.0	-1.0	1.0	-1.0	-1.0	-1.0	0.235	-1.0	-1.0	0.0	0.15	-1.0	1.0	0.745	1.0	0.0	0.246	-1.0	0.28	0.4	-1.0	0.156	1.0	-1.0	0.717	-1.0	1.0	0.0	1.0	0.0	-1.0	1.0	0.562	-1.0	-1.0	-1.0	-1.0	-1.0	0.0	0.0	-1.0	0.0	0.0	0.083	-1.0	0.0	-1.0	1.0	-1.0	-1.0	0.0	0.161	0.512	1.0	0.0	0.389	-1.0	-1.0	-1.0	-1.0	-1.0	-1.0	-1.0	-1.0	-1.0	1.0	0.357	-1.0	-1.0	-1.0	0.0	0.0	-1.0	0.0	0.0	-1.0	-1.0	-1.0	-1.0	0.571	0.294	0.346	0.0	0.0	0.528	0.13	-1.0	-1.0	0.864	0.635	-1.0	-1.0	1.0	1.0	-1.0	-1.0	-1.0	0.0	-1.0
gnl|Prokka|GCF_001314995.1_1|5243485|A	-1.0	-1.0	0.533	-1.0	-1.0	-1.0	-1.0	-1.0	-1.0	0.0	-1.0	-1.0	1.0	-1.0	-1.0	-1.0	1.0	-1.0	-1.0	1.0	0.0	1.0	-1.0	-1.0	-1.0	-1.0	1.0	-1.0	-1.0	-1.0	-1.0	0.068	-1.0	1.0	0.343	0.0	0.462	0.634	1.0	0.873	1.0	-1.0	0.0	1.0	-1.0	-1.0	0.467	0.0	1.0	-1.0	1.0	-1.0	0.636	-1.0	0.881	0.0	0.571	0.0	-1.0	0.565	0.0	-1.0	1.0	-1.0	0.0	-1.0	-1.0	0.152	-1.0	-1.0	0.0	-1.0	0.0	0.72	-1.0	-1.0	-1.0	1.0	0.0	0.643	0.0	0.0	0.0	-1.0	1.0	1.0	0.492	-1.0	0.0	-1.0	-1.0	0.806	-1.0	-1.0	0.0	-1.0	0.0	-1.0	-1.0	-1.0	-1.0	-1.0	-1.0	0.0	0.088	0.429	0.0	0.037	1.0	-1.0	0.611	-1.0	0.75	0.7	-1.0	0.756	1.0	1.0	0.0	-1.0	1.0	0.654	1.0	0.69	-1.0	0.0	0.0	-1.0	-1.0	-1.0	-1.0	-1.0	0.0	0.583	-1.0	0.0	0.167	0.0	-1.0	0.385	-1.0	0.0	-1.0	-1.0	0.0	0.0	0.111	0.375	0.364	0.429	-1.0	-1.0	-1.0	-1.0	-1.0	0.0	0.7	1.0	-1.0	0.0	0.429	-1.0	-1.0	-1.0	0.0	0.0	-1.0	0.0	0.659	-1.0	-1.0	-1.0	-1.0	1.0	1.0	0.0	1.0	0.0	0.301	0.556	-1.0	-1.0	0.836	0.724	-1.0	-1.0	0.0	0.233	-1.0	-1.0	-1.0	0.0	-1.0
gnl|Prokka|GCF_001314995.1_1|5243512|A	-1.0	-1.0	0.429	-1.0	-1.0	-1.0	-1.0	-1.0	-1.0	0.0	-1.0	-1.0	1.0	-1.0	-1.0	-1.0	0.824	-1.0	-1.0	1.0	0.0	1.0	-1.0	-1.0	-1.0	1.0	1.0	-1.0	-1.0	-1.0	-1.0	0.061	-1.0	1.0	0.289	0.0	0.368	0.48	1.0	0.876	1.0	-1.0	0.0	1.0	-1.0	-1.0	0.312	0.0	1.0	-1.0	1.0	-1.0	0.7	-1.0	0.893	0.0	0.6	0.0	-1.0	0.571	0.0	-1.0	1.0	-1.0	0.0	-1.0	-1.0	0.103	-1.0	-1.0	0.0	-1.0	0.0	0.64	-1.0	-1.0	-1.0	-1.0	0.0	0.75	0.0	0.4	0.0	-1.0	1.0	1.0	0.438	-1.0	0.0	-1.0	-1.0	0.814	-1.0	-1.0	0.214	-1.0	0.0	-1.0	-1.0	-1.0	0.0	-1.0	-1.0	0.0	0.152	0.556	0.0	0.04	1.0	-1.0	0.548	-1.0	0.774	0.667	-1.0	0.723	1.0	1.0	0.0	-1.0	1.0	0.545	1.0	0.645	-1.0	0.0	0.0	-1.0	-1.0	-1.0	-1.0	-1.0	0.0	0.625	-1.0	0.0	0.145	0.0	-1.0	0.267	-1.0	0.0	0.0	-1.0	0.0	0.0	0.098	0.143	0.364	0.333	-1.0	-1.0	-1.0	-1.0	-1.0	0.231	1.0	1.0	-1.0	0.0	-1.0	-1.0	-1.0	0.0	0.0	0.0	-1.0	0.562	0.651	-1.0	-1.0	-1.0	-1.0	1.0	1.0	0.0	1.0	0.0	0.273	0.45	-1.0	-1.0	0.836	0.693	-1.0	-1.0	0.0	0.215	-1.0	-1.0	-1.0	0.0	-1.0
gnl|Prokka|GCF_001314995.1_1|5243513|G	-1.0	-1.0	0.472	-1.0	-1.0	-1.0	-1.0	-1.0	-1.0	0.0	-1.0	-1.0	1.0	-1.0	-1.0	-1.0	0.842	-1.0	-1.0	1.0	0.0	1.0	-1.0	-1.0	-1.0	1.0	1.0	-1.0	-1.0	-1.0	-1.0	0.053	-1.0	1.0	0.306	0.0	0.368	0.49	1.0	0.874	1.0	-1.0	0.0	1.0	-1.0	-1.0	0.588	0.0	1.0	-1.0	1.0	-1.0	0.7	-1.0	0.892	0.0	0.6	0.0	-1.0	0.571	0.0	-1.0	1.0	-1.0	0.0	-1.0	-1.0	0.103	-1.0	-1.0	0.0	-1.0	0.636	0.625	-1.0	-1.0	-1.0	-1.0	0.0	0.733	0.0	0.4	0.0	-1.0	1.0	1.0	0.43	-1.0	0.0	-1.0	-1.0	0.829	-1.0	-1.0	0.214	-1.0	0.0	-1.0	-1.0	-1.0	0.0	-1.0	-1.0	0.486	0.152	0.556	0.0	0.043	1.0	1.0	0.538	-1.0	0.806	0.667	-1.0	1.0	1.0	1.0	0.0	-1.0	1.0	0.558	1.0	0.645	-1.0	0.0	0.0	-1.0	-1.0	-1.0	-1.0	-1.0	0.0	0.625	-1.0	0.0	0.133	0.0	-1.0	0.267	-1.0	0.0	0.0	-1.0	0.25	0.0	0.1	0.143	0.4	0.333	-1.0	-1.0	-1.0	-1.0	-1.0	0.308	1.0	1.0	-1.0	0.0	-1.0	-1.0	-1.0	0.0	0.3	0.0	-1.0	-1.0	0.674	-1.0	-1.0	-1.0	-1.0	1.0	1.0	0.0	1.0	0.0	0.297	0.474	-1.0	-1.0	0.875	0.706	-1.0	-1.0	0.0	0.226	-1.0	-1.0	-1.0	0.0	-1.0
gnl|Prokka|GCF_001314995.1_1|5352320|T	-1.0	-1.0	0.0	-1.0	0.0	-1.0	-1.0	0.0	-1.0	0.0	-1.0	-1.0	1.0	-1.0	-1.0	-1.0	0.182	-1.0	-1.0	0.0	0.0	1.0	-1.0	-1.0	-1.0	0.571	0.128	-1.0	-1.0	-1.0	-1.0	0.837	0.0	-1.0	0.814	0.0	0.565	0.453	-1.0	0.715	0.156	-1.0	0.0	-1.0	-1.0	-1.0	0.0	0.0	0.981	-1.0	0.194	-1.0	0.0	-1.0	0.0	0.0	0.286	0.296	-1.0	0.286	0.0	0.476	1.0	-1.0	0.0	-1.0	-1.0	0.865	-1.0	-1.0	0.969	-1.0	0.0	0.513	-1.0	-1.0	-1.0	-1.0	0.788	0.333	0.0	1.0	0.0	-1.0	0.526	1.0	0.35	-1.0	0.412	-1.0	-1.0	1.0	-1.0	-1.0	0.0	-1.0	0.0	-1.0	-1.0	-1.0	0.733	-1.0	-1.0	0.587	0.819	0.647	0.0	0.021	0.952	0.526	0.0	-1.0	0.532	1.0	-1.0	0.647	1.0	0.0	0.0	-1.0	1.0	0.592	1.0	0.622	-1.0	1.0	0.225	-1.0	-1.0	-1.0	-1.0	-1.0	-1.0	1.0	-1.0	0.8	0.0	0.935	-1.0	0.0	-1.0	0.0	0.0	-1.0	0.0	0.0	0.0	0.0	1.0	0.0	-1.0	-1.0	-1.0	-1.0	-1.0	0.353	-1.0	-1.0	-1.0	0.0	0.0	-1.0	-1.0	0.0	0.0	0.0	-1.0	0.147	0.452	-1.0	-1.0	-1.0	-1.0	1.0	0.32	0.655	0.0	0.464	0.218	0.0	-1.0	-1.0	0.768	0.464	-1.0	-1.0	0.0	0.0	-1.0	-1.0	-1.0	0.0	-1.0
gnl|Prokka|GCF_001314995.1_1|5477433|T	-1.0	-1.0	0.0	-1.0	0.556	-1.0	-1.0	0.0	-1.0	0.765	-1.0	-1.0	-1.0	-1.0	-1.0	-1.0	0.812	-1.0	-1.0	0.2	0.0	1.0	-1.0	-1.0	-1.0	-1.0	0.237	-1.0	-1.0	-1.0	-1.0	0.886	1.0	-1.0	0.0	1.0	1.0	1.0	1.0	1.0	0.881	-1.0	0.0	1.0	-1.0	-1.0	0.179	0.513	0.973	-1.0	0.0	-1.0	1.0	-1.0	1.0	0.216	0.448	0.556	-1.0	0.396	0.231	0.333	1.0	-1.0	0.0	-1.0	-1.0	0.731	-1.0	0.0	0.0	-1.0	0.0	1.0	-1.0	-1.0	-1.0	-1.0	0.867	-1.0	-1.0	-1.0	0.776	-1.0	0.722	0.194	0.381	-1.0	0.0	-1.0	-1.0	0.054	-1.0	-1.0	0.176	-1.0	0.0	-1.0	-1.0	-1.0	0.833	-1.0	-1.0	0.451	0.0	1.0	0.0	0.133	1.0	0.842	0.878	-1.0	0.273	0.0	-1.0	0.0	1.0	0.7	0.0	-1.0	0.0	0.387	0.444	1.0	-1.0	1.0	0.353	-1.0	-1.0	-1.0	-1.0	-1.0	0.0	0.68	-1.0	0.389	1.0	0.0	-1.0	0.727	-1.0	0.743	0.4	-1.0	0.0	0.0	0.0	0.0	0.312	0.0	-1.0	-1.0	-1.0	-1.0	-1.0	0.0	0.0	1.0	-1.0	0.0	1.0	-1.0	-1.0	0.0	0.483	0.0	-1.0	1.0	0.484	-1.0	-1.0	-1.0	-1.0	0.765	1.0	0.0	0.765	0.641	0.962	0.655	-1.0	-1.0	0.269	0.455	-1.0	-1.0	0.0	0.037	-1.0	-1.0	-1.0	0.154	-1.0
gnl|Prokka|GCF_001314995.1_1|5502153|A	-1.0	-1.0	0.702	-1.0	0.222	-1.0	-1.0	-1.0	-1.0	0.103	-1.0	-1.0	0.0	-1.0	-1.0	-1.0	0.6	-1.0	-1.0	0.0	1.0	0.0	-1.0	-1.0	-1.0	0.0	0.0	-1.0	-1.0	-1.0	-1.0	0.128	-1.0	1.0	0.812	1.0	0.0	0.0	-1.0	0.244	0.0	-1.0	1.0	-1.0	-1.0	-1.0	0.6	0.0	0.034	-1.0	0.0	-1.0	0.0	-1.0	0.875	0.091	0.615	0.0	-1.0	1.0	0.826	1.0	1.0	-1.0	1.0	-1.0	-1.0	0.186	-1.0	0.0	0.0	-1.0	-1.0	0.237	-1.0	-1.0	-1.0	-1.0	0.889	0.13	0.667	1.0	1.0	-1.0	0.097	0.806	0.0	-1.0	1.0	-1.0	-1.0	0.676	-1.0	-1.0	1.0	-1.0	1.0	-1.0	-1.0	-1.0	0.3	-1.0	-1.0	0.427	0.148	0.0	1.0	0.851	0.058	1.0	0.0	-1.0	0.35	0.0	-1.0	1.0	0.076	-1.0	1.0	-1.0	0.0	0.685	0.267	0.879	-1.0	1.0	1.0	-1.0	-1.0	-1.0	-1.0	-1.0	0.0	0.1	-1.0	0.0	0.0	0.0	-1.0	0.0	-1.0	0.393	0.692	-1.0	0.0	1.0	0.652	0.879	-1.0	0.579	-1.0	-1.0	-1.0	-1.0	-1.0	0.714	0.0	0.0	-1.0	0.932	-1.0	-1.0	-1.0	-1.0	0.45	-1.0	-1.0	0.4	0.0	-1.0	-1.0	-1.0	-1.0	1.0	0.519	0.523	0.0	0.442	0.455	0.0	-1.0	-1.0	0.491	0.321	-1.0	-1.0	1.0	0.985	-1.0	-1.0	-1.0	1.0	-1.0
gnl|Prokka|GCF_001314995.1_1|5503695|A	-1.0	-1.0	0.312	-1.0	0.8	-1.0	-1.0	0.0	-1.0	0.714	-1.0	-1.0	0.176	-1.0	-1.0	-1.0	1.0	-1.0	-1.0	1.0	0.0	1.0	-1.0	-1.0	-1.0	1.0	1.0	-1.0	-1.0	-1.0	-1.0	0.0	-1.0	1.0	0.732	0.789	1.0	0.442	1.0	0.73	1.0	-1.0	-1.0	-1.0	-1.0	-1.0	0.0	0.429	0.982	-1.0	1.0	-1.0	1.0	-1.0	0.932	0.0	0.378	0.0	-1.0	1.0	0.0	0.0	0.973	-1.0	0.0	-1.0	-1.0	1.0	-1.0	-1.0	1.0	-1.0	0.632	0.585	-1.0	-1.0	-1.0	1.0	0.0	0.273	0.0	0.0	0.795	-1.0	1.0	1.0	0.465	-1.0	0.0	-1.0	-1.0	0.0	-1.0	-1.0	0.0	-1.0	0.0	-1.0	-1.0	-1.0	1.0	-1.0	-1.0	1.0	0.88	1.0	0.0	0.024	1.0	0.571	0.0	-1.0	0.269	1.0	-1.0	1.0	1.0	-1.0	0.133	-1.0	-1.0	0.618	1.0	0.623	-1.0	-1.0	0.0	-1.0	-1.0	-1.0	-1.0	-1.0	0.0	0.263	-1.0	0.0	0.049	1.0	-1.0	0.667	-1.0	0.0	0.0	-1.0	0.091	0.0	0.0	0.136	0.375	0.632	-1.0	-1.0	-1.0	-1.0	-1.0	0.333	-1.0	1.0	-1.0	0.0	-1.0	-1.0	-1.0	0.0	0.208	0.0	-1.0	0.0	0.826	-1.0	-1.0	-1.0	-1.0	1.0	0.227	0.395	0.0	1.0	0.177	1.0	-1.0	-1.0	0.905	0.534	-1.0	-1.0	0.0	0.0	-1.0	-1.0	-1.0	1.0	-1.0
gnl|Prokka|GCF_001314995.1_1|5505323|A	-1.0	-1.0	0.512	-1.0	0.0	-1.0	-1.0	0.0	-1.0	0.158	-1.0	-1.0	-1.0	-1.0	-1.0	-1.0	1.0	-1.0	-1.0	1.0	0.0	1.0	-1.0	-1.0	-1.0	1.0	1.0	-1.0	-1.0	-1.0	-1.0	0.031	-1.0	1.0	0.207	-1.0	0.0	0.0	0.583	0.789	0.204	-1.0	0.0	-1.0	-1.0	-1.0	-1.0	0.0	0.971	-1.0	1.0	-1.0	-1.0	-1.0	0.859	1.0	0.371	0.0	-1.0	1.0	0.0	0.0	0.0	-1.0	0.0	-1.0	-1.0	1.0	-1.0	1.0	-1.0	-1.0	0.0	0.478	-1.0	-1.0	-1.0	0.267	0.0	0.467	0.4	0.0	0.0	-1.0	1.0	0.836	0.424	-1.0	0.0	-1.0	-1.0	0.0	-1.0	-1.0	0.0	-1.0	0.0	-1.0	-1.0	-1.0	0.762	-1.0	-1.0	0.538	0.905	0.0	0.0	0.0	1.0	-1.0	0.0	-1.0	0.545	0.833	-1.0	0.707	1.0	-1.0	0.0	-1.0	1.0	0.714	0.0	0.691	-1.0	0.0	0.0	-1.0	-1.0	-1.0	-1.0	-1.0	0.176	0.0	-1.0	0.0	0.0	0.887	-1.0	0.588	-1.0	0.0	0.0	-1.0	0.049	0.0	0.0	0.106	0.353	0.158	-1.0	-1.0	-1.0	-1.0	-1.0	0.25	1.0	0.0	-1.0	0.0	0.571	-1.0	-1.0	0.0	0.0	0.0	-1.0	0.0	0.71	-1.0	-1.0	-1.0	-1.0	0.727	0.357	0.476	0.0	1.0	0.631	1.0	-1.0	-1.0	0.603	0.63	-1.0	-1.0	0.0	0.0	-1.0	-1.0	-1.0	0.0	-1.0
gnl|Prokka|GCF_001314995.1_1|5505653|T	-1.0	-1.0	0.25	-1.0	0.864	-1.0	-1.0	0.0	-1.0	0.7	-1.0	-1.0	-1.0	-1.0	-1.0	-1.0	0.0	-1.0	-1.0	1.0	0.0	1.0	-1.0	-1.0	-1.0	-1.0	1.0	-1.0	-1.0	-1.0	-1.0	0.0	1.0	-1.0	0.233	0.0	1.0	0.46	1.0	0.697	1.0	-1.0	0.0	0.0	-1.0	-1.0	0.444	0.642	1.0	-1.0	0.844	-1.0	1.0	-1.0	0.0	0.0	0.488	0.0	-1.0	0.0	0.0	0.0	0.967	-1.0	0.0	-1.0	-1.0	-1.0	-1.0	1.0	0.0	-1.0	-1.0	0.333	-1.0	-1.0	-1.0	0.0	0.0	0.32	0.0	0.0	0.0	-1.0	1.0	1.0	0.46	-1.0	0.778	-1.0	-1.0	0.0	-1.0	-1.0	0.156	-1.0	0.0	-1.0	-1.0	-1.0	0.455	-1.0	-1.0	0.0	0.096	1.0	0.0	0.0	0.892	0.0	0.0	-1.0	0.511	1.0	-1.0	0.643	1.0	-1.0	0.0	-1.0	0.6	0.713	1.0	0.582	-1.0	0.162	0.0	-1.0	-1.0	-1.0	-1.0	-1.0	-1.0	0.0	-1.0	0.0	-1.0	0.0	-1.0	1.0	-1.0	0.0	0.0	-1.0	0.0	0.0	0.0	0.094	0.235	0.0	-1.0	-1.0	-1.0	-1.0	-1.0	0.524	0.667	0.667	-1.0	0.0	0.75	-1.0	-1.0	0.0	0.0	0.19	-1.0	0.075	0.925	-1.0	-1.0	-1.0	-1.0	1.0	0.308	0.0	0.2	0.416	0.142	0.0	-1.0	-1.0	0.939	0.579	-1.0	-1.0	0.0	0.0	-1.0	-1.0	-1.0	0.0	-1.0
gnl|Prokka|GCF_001314995.1_1|5505668|G	-1.0	-1.0	0.283	-1.0	1.0	-1.0	-1.0	0.267	-1.0	0.611	-1.0	-1.0	-1.0	-1.0	-1.0	-1.0	1.0	-1.0	-1.0	1.0	0.0	1.0	-1.0	-1.0	-1.0	-1.0	1.0	-1.0	-1.0	-1.0	-1.0	0.0	1.0	-1.0	1.0	0.0	1.0	0.508	1.0	1.0	1.0	-1.0	0.0	0.0	-1.0	-1.0	0.538	1.0	1.0	-1.0	0.765	-1.0	1.0	-1.0	0.814	0.921	0.409	0.0	-1.0	1.0	0.0	0.0	1.0	-1.0	0.0	-1.0	-1.0	-1.0	-1.0	1.0	0.0	-1.0	0.0	0.326	-1.0	-1.0	-1.0	0.0	0.0	0.36	0.0	0.0	0.0	-1.0	1.0	1.0	0.468	-1.0	0.821	-1.0	-1.0	0.0	-1.0	-1.0	0.2	-1.0	0.0	-1.0	-1.0	-1.0	0.417	-1.0	-1.0	0.0	0.093	1.0	0.0	0.0	0.944	0.0	0.0	-1.0	1.0	1.0	-1.0	0.614	1.0	-1.0	0.0	-1.0	0.667	0.713	1.0	0.569	-1.0	0.176	0.0	-1.0	-1.0	-1.0	-1.0	-1.0	1.0	0.217	-1.0	0.0	0.0	0.0	-1.0	1.0	-1.0	0.0	0.0	-1.0	0.215	0.607	0.0	0.1	0.211	0.0	-1.0	-1.0	-1.0	-1.0	-1.0	0.45	0.7	1.0	-1.0	0.0	0.714	-1.0	-1.0	0.0	0.0	0.2	-1.0	0.077	0.921	-1.0	-1.0	-1.0	-1.0	1.0	0.333	0.0	0.0	0.432	0.168	0.0	-1.0	-1.0	0.926	0.592	-1.0	-1.0	0.0	0.0	-1.0	-1.0	-1.0	0.0	-1.0
gnl|Prokka|GCF_001314995.1_1|5506394|A	-1.0	-1.0	0.517	-1.0	1.0	-1.0	-1.0	-1.0	-1.0	1.0	-1.0	-1.0	-1.0	-1.0	-1.0	-1.0	1.0	-1.0	-1.0	1.0	0.0	1.0	-1.0	-1.0	-1.0	1.0	1.0	-1.0	-1.0	-1.0	-1.0	0.0	1.0	1.0	0.333	0.0	1.0	0.73	0.75	0.83	1.0	-1.0	-1.0	1.0	-1.0	-1.0	0.3	0.633	1.0	-1.0	0.909	-1.0	1.0	-1.0	0.887	0.0	0.538	0.0	-1.0	0.533	0.0	0.0	1.0	-1.0	0.0	-1.0	-1.0	0.0	-1.0	1.0	0.0	-1.0	0.0	0.375	-1.0	-1.0	-1.0	-1.0	0.0	0.353	0.0	0.273	0.0	-1.0	1.0	1.0	0.556	-1.0	1.0	-1.0	-1.0	0.0	-1.0	-1.0	0.0	-1.0	0.0	-1.0	-1.0	-1.0	-1.0	-1.0	-1.0	0.0	0.123	1.0	0.0	0.0	1.0	0.375	0.538	-1.0	0.8	1.0	-1.0	0.66	1.0	1.0	0.0	-1.0	0.636	0.914	1.0	1.0	-1.0	0.176	0.0	-1.0	-1.0	-1.0	-1.0	-1.0	-1.0	0.0	-1.0	0.0	0.128	0.0	-1.0	1.0	-1.0	0.0	-1.0	-1.0	0.0	0.0	0.103	0.172	0.333	0.278	-1.0	-1.0	-1.0	-1.0	-1.0	0.4	0.722	-1.0	-1.0	0.214	-1.0	-1.0	-1.0	0.0	0.0	0.0	-1.0	0.0	1.0	-1.0	-1.0	-1.0	-1.0	1.0	0.625	0.0	-1.0	0.555	0.235	0.647	-1.0	-1.0	1.0	0.682	-1.0	-1.0	0.0	0.232	-1.0	-1.0	-1.0	-1.0	-1.0
gnl|Prokka|GCF_001314995.1_1|5506433|G	-1.0	-1.0	0.548	-1.0	0.727	-1.0	-1.0	-1.0	-1.0	1.0	-1.0	-1.0	1.0	-1.0	-1.0	-1.0	1.0	-1.0	-1.0	0.632	0.0	1.0	-1.0	-1.0	-1.0	0.769	0.781	-1.0	-1.0	-1.0	-1.0	0.0	1.0	1.0	0.2	0.0	1.0	0.604	0.643	0.752	1.0	-1.0	0.0	0.0	-1.0	-1.0	-1.0	0.547	1.0	-1.0	0.833	-1.0	0.545	-1.0	0.932	0.0	0.512	0.0	-1.0	0.51	0.0	0.0	1.0	-1.0	0.0	-1.0	-1.0	0.0	-1.0	1.0	0.0	-1.0	0.0	0.35	-1.0	-1.0	-1.0	-1.0	0.0	0.25	0.0	0.0	0.0	-1.0	1.0	1.0	0.493	-1.0	0.688	-1.0	-1.0	0.0	-1.0	-1.0	0.0	-1.0	0.0	-1.0	-1.0	-1.0	0.0	-1.0	-1.0	0.0	0.068	1.0	0.0	0.024	1.0	0.417	0.0	-1.0	0.579	1.0	-1.0	0.61	1.0	0.0	0.0	-1.0	0.769	0.833	-1.0	0.857	-1.0	0.13	0.0	-1.0	-1.0	-1.0	-1.0	-1.0	-1.0	0.0	-1.0	0.0	0.0	0.0	-1.0	0.733	-1.0	0.0	0.0	-1.0	0.0	0.0	0.0	0.156	0.444	0.0	-1.0	-1.0	-1.0	-1.0	-1.0	0.345	0.722	0.625	-1.0	0.182	1.0	-1.0	-1.0	0.0	0.0	0.0	-1.0	0.0	0.857	-1.0	-1.0	-1.0	-1.0	0.273	0.522	0.0	-1.0	0.509	0.236	0.474	-1.0	-1.0	1.0	0.609	-1.0	-1.0	0.0	0.013	-1.0	-1.0	-1.0	-1.0	-1.0
gnl|Prokka|GCF_001314995.1_1|5506544|C	-1.0	-1.0	0.404	-1.0	0.625	-1.0	-1.0	0.0	-1.0	0.65	-1.0	-1.0	1.0	-1.0	-1.0	-1.0	1.0	-1.0	-1.0	1.0	0.0	1.0	-1.0	-1.0	-1.0	1.0	1.0	-1.0	-1.0	-1.0	-1.0	0.0	1.0	1.0	0.135	0.0	1.0	0.538	0.769	0.716	1.0	-1.0	0.0	1.0	-1.0	-1.0	0.312	0.486	1.0	-1.0	0.867	-1.0	1.0	-1.0	0.889	0.0	0.256	0.0	-1.0	0.333	0.0	0.0	1.0	-1.0	0.0	-1.0	-1.0	0.0	-1.0	1.0	0.033	-1.0	0.176	0.393	-1.0	-1.0	-1.0	0.3	0.0	0.222	-1.0	0.0	0.0	-1.0	1.0	1.0	0.363	-1.0	0.0	-1.0	-1.0	0.0	-1.0	-1.0	0.0	-1.0	0.0	-1.0	-1.0	-1.0	0.0	-1.0	-1.0	0.0	0.113	1.0	0.0	0.032	1.0	0.357	0.25	-1.0	0.56	1.0	-1.0	0.587	1.0	1.0	0.0	-1.0	1.0	0.7	0.429	0.825	-1.0	0.147	0.0	-1.0	-1.0	-1.0	-1.0	-1.0	0.273	0.0	-1.0	0.0	0.077	0.045	-1.0	0.643	-1.0	0.0	0.0	-1.0	0.051	0.0	0.069	0.088	0.429	0.0	-1.0	-1.0	-1.0	-1.0	-1.0	0.233	1.0	0.357	-1.0	0.103	-1.0	-1.0	-1.0	0.0	0.0	0.188	-1.0	0.0	0.93	-1.0	-1.0	-1.0	-1.0	1.0	0.281	0.0	0.0	0.457	0.165	0.6	-1.0	-1.0	0.947	0.533	-1.0	-1.0	0.0	0.14	-1.0	-1.0	-1.0	0.0	-1.0
gnl|Prokka|GCF_001314995.1_1|5506547|T	-1.0	-1.0	0.397	-1.0	0.625	-1.0	-1.0	0.0	-1.0	0.632	-1.0	-1.0	1.0	-1.0	-1.0	-1.0	1.0	-1.0	-1.0	1.0	0.0	1.0	-1.0	-1.0	-1.0	1.0	1.0	-1.0	-1.0	-1.0	-1.0	0.022	1.0	1.0	0.167	0.0	1.0	0.556	0.75	0.734	1.0	-1.0	0.0	1.0	-1.0	-1.0	0.312	0.491	1.0	-1.0	0.867	-1.0	1.0	-1.0	0.873	0.0	0.22	0.0	-1.0	0.321	0.0	0.0	1.0	-1.0	0.0	-1.0	-1.0	0.0	-1.0	1.0	0.033	-1.0	0.19	0.385	-1.0	-1.0	-1.0	0.364	0.0	0.235	-1.0	0.0	0.0	-1.0	1.0	1.0	0.357	-1.0	0.0	-1.0	-1.0	0.0	-1.0	-1.0	0.0	-1.0	0.0	-1.0	-1.0	-1.0	0.0	-1.0	-1.0	0.0	0.114	1.0	0.0	0.032	1.0	0.333	0.246	-1.0	0.556	1.0	-1.0	0.609	1.0	1.0	0.0	-1.0	1.0	0.722	-1.0	0.839	-1.0	0.121	0.0	-1.0	-1.0	-1.0	-1.0	-1.0	0.273	0.0	-1.0	0.0	0.079	0.044	-1.0	0.643	-1.0	0.0	0.0	-1.0	0.069	0.0	0.071	0.086	0.471	0.0	-1.0	-1.0	-1.0	-1.0	-1.0	0.241	1.0	-1.0	-1.0	0.103	-1.0	-1.0	-1.0	0.0	0.0	0.0	-1.0	0.0	0.929	-1.0	-1.0	-1.0	-1.0	1.0	0.241	0.0	-1.0	0.46	0.169	0.579	-1.0	-1.0	0.948	0.526	-1.0	-1.0	0.0	0.142	-1.0	-1.0	-1.0	0.0	-1.0
gnl|Prokka|GCF_001314995.1_1|5506568|A	-1.0	-1.0	0.346	-1.0	-1.0	-1.0	-1.0	0.0	-1.0	0.737	-1.0	-1.0	1.0	-1.0	-1.0	-1.0	1.0	-1.0	-1.0	1.0	0.0	1.0	-1.0	-1.0	-1.0	1.0	1.0	-1.0	-1.0	-1.0	-1.0	0.0	1.0	1.0	0.147	-1.0	1.0	0.483	0.75	0.717	1.0	-1.0	0.0	1.0	-1.0	-1.0	0.231	0.513	0.982	-1.0	0.839	-1.0	1.0	-1.0	0.794	0.0	0.195	0.0	-1.0	0.298	0.0	0.0	1.0	-1.0	0.0	-1.0	-1.0	0.0	-1.0	1.0	0.0	-1.0	0.158	0.36	-1.0	-1.0	-1.0	0.364	0.0	0.294	-1.0	0.0	0.0	-1.0	1.0	1.0	0.346	-1.0	0.0	-1.0	-1.0	0.0	-1.0	-1.0	0.0	-1.0	0.0	-1.0	-1.0	-1.0	0.0	-1.0	-1.0	0.0	0.13	1.0	0.0	0.036	1.0	0.273	0.284	-1.0	0.552	1.0	-1.0	0.606	1.0	0.833	0.0	-1.0	1.0	0.69	0.429	0.764	-1.0	0.114	0.13	-1.0	-1.0	-1.0	-1.0	-1.0	0.25	0.0	-1.0	0.0	0.122	0.0	-1.0	0.692	-1.0	0.0	0.0	-1.0	0.052	0.0	0.107	0.132	0.421	0.154	-1.0	-1.0	-1.0	-1.0	-1.0	0.226	1.0	0.462	-1.0	0.091	1.0	-1.0	-1.0	0.0	0.0	0.0	-1.0	0.0	0.897	-1.0	-1.0	-1.0	-1.0	1.0	0.333	0.0	-1.0	0.445	0.143	0.611	-1.0	-1.0	0.945	0.521	-1.0	-1.0	0.0	0.144	-1.0	-1.0	-1.0	0.0	-1.0
gnl|Prokka|GCF_001314995.1_1|5506604|G	-1.0	-1.0	0.435	-1.0	0.421	-1.0	-1.0	0.0	-1.0	0.737	-1.0	-1.0	1.0	-1.0	-1.0	-1.0	1.0	-1.0	-1.0	1.0	0.0	1.0	-1.0	-1.0	-1.0	1.0	1.0	-1.0	-1.0	-1.0	-1.0	0.032	1.0	1.0	0.2	0.0	1.0	0.526	0.727	0.725	1.0	-1.0	0.0	1.0	-1.0	-1.0	0.25	0.483	0.981	-1.0	0.833	-1.0	1.0	-1.0	0.798	0.0	0.217	0.0	-1.0	0.24	0.0	0.0	1.0	-1.0	0.0	-1.0	-1.0	0.0	-1.0	-1.0	0.0	-1.0	0.2	0.333	-1.0	-1.0	-1.0	0.462	0.0	0.333	0.0	0.0	0.0	-1.0	1.0	1.0	0.34	-1.0	0.0	-1.0	-1.0	0.0	-1.0	-1.0	0.214	-1.0	0.0	-1.0	-1.0	-1.0	0.0	-1.0	-1.0	0.0	0.121	1.0	0.0	0.037	1.0	0.25	0.257	-1.0	0.581	1.0	-1.0	0.671	1.0	1.0	0.0	-1.0	1.0	0.679	-1.0	0.714	-1.0	0.108	0.0	-1.0	-1.0	-1.0	-1.0	-1.0	0.286	0.0	-1.0	0.0	0.105	0.0	-1.0	0.8	-1.0	0.0	0.0	-1.0	0.0	0.0	0.118	0.167	0.353	0.2	-1.0	-1.0	-1.0	-1.0	-1.0	0.265	1.0	-1.0	-1.0	0.07	1.0	-1.0	-1.0	0.0	0.0	0.25	-1.0	0.0	0.829	-1.0	-1.0	-1.0	-1.0	1.0	0.44	0.0	-1.0	0.495	0.211	0.625	-1.0	-1.0	1.0	0.508	-1.0	-1.0	0.0	0.144	-1.0	-1.0	-1.0	0.0	-1.0
gnl|Prokka|GCF_001314995.1_1|5521402|T	-1.0	-1.0	0.316	-1.0	0.0	-1.0	-1.0	0.286	-1.0	-1.0	-1.0	-1.0	0.571	-1.0	-1.0	-1.0	1.0	-1.0	-1.0	1.0	0.0	1.0	-1.0	-1.0	-1.0	-1.0	0.958	-1.0	-1.0	-1.0	-1.0	0.024	0.0	1.0	0.298	0.25	0.0	0.0	0.333	0.874	0.217	-1.0	0.0	1.0	-1.0	-1.0	0.231	0.0	1.0	-1.0	0.882	-1.0	0.526	-1.0	0.828	0.0	0.459	0.0	-1.0	0.533	0.0	-1.0	0.0	-1.0	0.0	-1.0	-1.0	0.208	-1.0	1.0	0.0	-1.0	0.167	0.511	-1.0	-1.0	-1.0	-1.0	0.81	0.0	-1.0	0.0	0.0	-1.0	1.0	0.84	0.424	-1.0	0.0	-1.0	-1.0	0.707	-1.0	-1.0	0.348	-1.0	0.0	-1.0	-1.0	-1.0	0.0	-1.0	-1.0	0.0	0.095	0.0	0.0	0.049	1.0	0.667	0.481	-1.0	0.784	0.654	-1.0	0.446	0.961	-1.0	0.0	-1.0	1.0	0.557	0.0	-1.0	-1.0	0.0	0.0	-1.0	-1.0	-1.0	-1.0	-1.0	0.0	1.0	-1.0	0.0	0.113	0.0	-1.0	0.474	-1.0	0.0	0.0	-1.0	-1.0	0.0	0.048	0.2	0.385	-1.0	-1.0	-1.0	-1.0	-1.0	-1.0	0.0	-1.0	0.0	-1.0	0.0	0.0	-1.0	-1.0	0.0	0.0	0.467	-1.0	0.333	0.375	-1.0	-1.0	-1.0	-1.0	1.0	0.304	0.0	0.0	0.439	0.671	0.545	-1.0	-1.0	0.849	0.653	-1.0	-1.0	0.0	0.165	-1.0	-1.0	-1.0	0.0	-1.0
gnl|Prokka|GCF_001314995.1_1|5529344|G	-1.0	-1.0	1.0	-1.0	0.786	-1.0	-1.0	0.0	-1.0	1.0	-1.0	-1.0	-1.0	-1.0	-1.0	-1.0	0.714	-1.0	-1.0	1.0	0.0	1.0	-1.0	-1.0	-1.0	-1.0	0.447	-1.0	-1.0	-1.0	-1.0	0.054	1.0	-1.0	0.317	0.0	0.696	0.0	1.0	0.729	1.0	-1.0	-1.0	1.0	-1.0	-1.0	0.263	0.537	0.967	-1.0	0.735	-1.0	1.0	-1.0	0.819	0.0	0.433	0.346	-1.0	0.591	0.0	0.0	1.0	-1.0	0.0	-1.0	-1.0	0.0	-1.0	1.0	0.0	-1.0	0.238	0.436	-1.0	-1.0	-1.0	-1.0	0.0	-1.0	0.0	-1.0	0.0	-1.0	0.667	0.864	0.415	-1.0	0.0	-1.0	-1.0	0.0	-1.0	-1.0	0.318	-1.0	0.0	-1.0	-1.0	-1.0	0.0	-1.0	-1.0	0.0	0.852	0.75	0.0	0.043	1.0	0.333	0.443	-1.0	-1.0	1.0	-1.0	0.629	0.974	1.0	0.0	-1.0	1.0	0.617	0.364	0.625	-1.0	0.0	0.0	-1.0	-1.0	-1.0	-1.0	-1.0	0.294	0.595	-1.0	0.222	0.069	0.0	-1.0	0.545	-1.0	0.0	0.0	-1.0	0.041	0.593	0.079	0.243	0.429	0.0	-1.0	-1.0	-1.0	-1.0	-1.0	0.429	-1.0	-1.0	-1.0	0.0	-1.0	-1.0	-1.0	0.0	0.0	0.0	-1.0	0.0	0.812	-1.0	-1.0	-1.0	-1.0	1.0	0.393	0.0	0.4	1.0	0.212	1.0	-1.0	-1.0	0.867	1.0	-1.0	-1.0	0.0	0.195	-1.0	-1.0	-1.0	0.0	-1.0
gnl|Prokka|GCF_001314995.1_1|5530606|G	-1.0	-1.0	1.0	-1.0	1.0	-1.0	-1.0	0.0	-1.0	0.786	-1.0	-1.0	0.0	-1.0	-1.0	-1.0	1.0	-1.0	-1.0	1.0	0.0	1.0	-1.0	-1.0	-1.0	1.0	0.316	-1.0	-1.0	-1.0	-1.0	0.033	-1.0	-1.0	0.267	0.0	-1.0	0.0	-1.0	0.873	1.0	-1.0	0.0	1.0	-1.0	-1.0	0.4	0.616	1.0	-1.0	0.769	-1.0	1.0	-1.0	0.942	0.0	0.464	0.308	-1.0	0.586	0.0	0.0	1.0	-1.0	0.0	-1.0	-1.0	0.067	-1.0	1.0	0.0	-1.0	-1.0	0.529	-1.0	-1.0	-1.0	0.571	0.0	-1.0	-1.0	0.0	0.0	-1.0	1.0	0.917	0.45	-1.0	0.0	-1.0	-1.0	0.0	-1.0	-1.0	0.375	-1.0	0.0	-1.0	-1.0	-1.0	0.0	-1.0	-1.0	0.0	0.912	1.0	0.0	0.035	1.0	0.429	0.415	-1.0	0.679	1.0	-1.0	0.476	1.0	1.0	0.0	-1.0	-1.0	0.671	1.0	0.64	-1.0	0.0	0.0	-1.0	-1.0	-1.0	-1.0	-1.0	0.429	1.0	-1.0	0.294	0.157	0.0	-1.0	1.0	-1.0	0.0	0.0	-1.0	0.0	0.742	0.0	0.114	0.429	0.273	-1.0	-1.0	-1.0	-1.0	-1.0	0.231	-1.0	0.0	-1.0	0.0	-1.0	-1.0	-1.0	0.0	0.0	0.0	-1.0	0.0	1.0	-1.0	-1.0	-1.0	-1.0	1.0	0.643	0.0	0.0	1.0	0.1	1.0	-1.0	-1.0	0.945	1.0	-1.0	-1.0	0.0	0.126	-1.0	-1.0	-1.0	0.0	-1.0
gnl|Prokka|GCF_001314995.1_1|5530678|G	-1.0	-1.0	1.0	-1.0	1.0	-1.0	-1.0	0.0	-1.0	1.0	-1.0	-1.0	-1.0	-1.0	-1.0	-1.0	1.0	-1.0	-1.0	1.0	0.0	1.0	-1.0	-1.0	-1.0	1.0	0.462	-1.0	-1.0	-1.0	-1.0	0.0	1.0	1.0	0.162	0.0	-1.0	0.0	1.0	0.804	1.0	-1.0	-1.0	1.0	-1.0	-1.0	0.7	0.602	1.0	-1.0	0.846	-1.0	1.0	-1.0	0.943	0.0	0.481	0.6	-1.0	0.739	0.0	-1.0	1.0	-1.0	0.0	-1.0	-1.0	0.114	-1.0	1.0	0.0	-1.0	0.0	0.594	-1.0	-1.0	-1.0	-1.0	0.0	1.0	-1.0	-1.0	0.0	-1.0	1.0	0.912	0.536	-1.0	0.0	-1.0	-1.0	0.0	-1.0	-1.0	0.0	-1.0	0.0	-1.0	-1.0	-1.0	0.0	-1.0	-1.0	0.0	0.93	1.0	0.0	0.047	1.0	0.429	-1.0	-1.0	0.692	1.0	-1.0	0.629	1.0	1.0	0.0	-1.0	-1.0	0.783	1.0	0.68	-1.0	0.0	0.0	-1.0	-1.0	-1.0	-1.0	-1.0	0.375	1.0	-1.0	0.308	0.102	0.0	-1.0	1.0	-1.0	0.0	0.0	-1.0	0.0	0.735	0.0	0.16	0.364	0.364	-1.0	-1.0	-1.0	-1.0	-1.0	0.0	0.625	0.0	-1.0	0.0	-1.0	-1.0	-1.0	0.0	0.0	0.0	-1.0	0.0	0.932	-1.0	-1.0	-1.0	-1.0	1.0	0.625	0.0	-1.0	1.0	0.276	1.0	-1.0	-1.0	1.0	1.0	-1.0	-1.0	0.0	0.18	-1.0	-1.0	-1.0	0.0	-1.0
gnl|Prokka|GCF_001314995.1_1|5552342|G	-1.0	-1.0	0.44	-1.0	0.529	-1.0	-1.0	0.0	-1.0	0.727	-1.0	-1.0	0.0	-1.0	-1.0	-1.0	0.0	-1.0	-1.0	1.0	0.0	1.0	-1.0	-1.0	-1.0	-1.0	1.0	-1.0	-1.0	-1.0	-1.0	0.021	-1.0	1.0	1.0	0.0	1.0	1.0	1.0	0.774	1.0	-1.0	0.0	-1.0	-1.0	-1.0	1.0	0.591	0.967	-1.0	1.0	-1.0	1.0	-1.0	0.0	0.167	0.522	0.0	-1.0	0.463	0.25	0.0	1.0	-1.0	0.0	-1.0	-1.0	0.086	-1.0	-1.0	0.0	-1.0	0.4	0.356	-1.0	-1.0	-1.0	0.0	0.0	0.0	-1.0	0.0	0.0	-1.0	1.0	1.0	0.543	-1.0	0.304	-1.0	-1.0	0.0	-1.0	-1.0	1.0	-1.0	0.0	-1.0	-1.0	-1.0	0.0	-1.0	-1.0	0.378	0.885	1.0	0.0	0.019	1.0	0.4	0.0	-1.0	0.531	0.467	-1.0	0.591	1.0	-1.0	1.0	-1.0	1.0	1.0	1.0	0.727	-1.0	1.0	0.0	-1.0	-1.0	-1.0	-1.0	-1.0	0.0	0.677	-1.0	0.0	0.0	0.0	-1.0	1.0	-1.0	0.0	0.0	-1.0	0.052	0.0	0.0	0.0	0.294	0.0	-1.0	-1.0	-1.0	-1.0	-1.0	0.474	0.6	1.0	-1.0	0.0	0.375	-1.0	-1.0	0.0	0.0	0.0	-1.0	1.0	0.375	-1.0	-1.0	-1.0	-1.0	1.0	0.6	0.0	0.0	1.0	0.222	1.0	-1.0	-1.0	0.377	0.542	-1.0	-1.0	0.0	0.013	-1.0	-1.0	-1.0	0.0	-1.0
gnl|Prokka|GCF_001314995.1_1|5552366|T	-1.0	-1.0	0.478	-1.0	0.438	-1.0	-1.0	0.0	-1.0	0.696	-1.0	-1.0	0.0	-1.0	-1.0	-1.0	0.0	-1.0	-1.0	1.0	0.0	1.0	-1.0	-1.0	-1.0	-1.0	1.0	-1.0	-1.0	-1.0	-1.0	0.021	0.0	1.0	1.0	0.0	1.0	1.0	1.0	0.784	1.0	-1.0	0.0	-1.0	-1.0	-1.0	1.0	0.597	0.974	-1.0	0.889	-1.0	1.0	-1.0	0.0	0.25	0.529	0.0	-1.0	-1.0	0.19	0.0	1.0	-1.0	0.0	-1.0	-1.0	0.125	-1.0	-1.0	0.035	-1.0	0.391	0.408	-1.0	-1.0	-1.0	0.0	0.0	0.0	-1.0	0.0	0.0	-1.0	1.0	1.0	0.539	-1.0	0.286	-1.0	-1.0	0.0	-1.0	-1.0	1.0	-1.0	0.0	-1.0	-1.0	-1.0	0.0	-1.0	-1.0	0.402	0.883	1.0	0.0	0.0	1.0	0.4	0.0	-1.0	0.656	0.438	-1.0	0.61	1.0	-1.0	1.0	-1.0	1.0	1.0	-1.0	1.0	-1.0	1.0	0.0	-1.0	-1.0	-1.0	-1.0	-1.0	0.0	0.613	-1.0	0.0	0.0	0.0	-1.0	1.0	-1.0	0.0	0.0	-1.0	0.0	0.0	0.0	0.0	0.25	0.0	-1.0	-1.0	-1.0	-1.0	-1.0	0.368	0.667	1.0	-1.0	0.0	0.0	-1.0	-1.0	0.0	0.0	0.0	-1.0	1.0	0.353	-1.0	-1.0	-1.0	-1.0	1.0	1.0	0.0	0.0	1.0	0.255	1.0	-1.0	-1.0	0.379	0.523	-1.0	-1.0	0.0	0.014	-1.0	-1.0	-1.0	0.0	-1.0
gnl|Prokka|GCF_001314995.1_1|5552370|C	-1.0	-1.0	0.444	-1.0	0.4	-1.0	-1.0	0.0	-1.0	0.708	-1.0	-1.0	0.0	-1.0	-1.0	-1.0	0.0	-1.0	-1.0	1.0	0.0	1.0	-1.0	-1.0	-1.0	-1.0	1.0	-1.0	-1.0	-1.0	-1.0	0.021	-1.0	1.0	1.0	0.0	1.0	1.0	1.0	0.781	1.0	-1.0	0.0	-1.0	-1.0	-1.0	1.0	0.598	0.968	-1.0	0.889	-1.0	1.0	-1.0	0.0	0.188	0.578	0.0	-1.0	-1.0	0.261	0.0	1.0	-1.0	0.0	-1.0	-1.0	0.125	-1.0	-1.0	0.035	-1.0	0.429	0.4	-1.0	-1.0	-1.0	0.0	0.0	0.0	-1.0	0.0	0.0	-1.0	1.0	1.0	0.542	-1.0	0.333	-1.0	-1.0	0.0	-1.0	-1.0	1.0	-1.0	0.0	-1.0	-1.0	-1.0	0.0	-1.0	-1.0	0.378	0.875	1.0	0.0	0.0	1.0	0.25	0.0	-1.0	0.656	0.438	-1.0	0.643	1.0	-1.0	1.0	-1.0	1.0	1.0	-1.0	1.0	-1.0	1.0	0.0	-1.0	-1.0	-1.0	-1.0	-1.0	0.0	0.633	-1.0	0.0	0.0	0.0	-1.0	1.0	-1.0	0.0	0.0	-1.0	0.0	0.0	0.0	0.0	0.294	0.0	-1.0	-1.0	-1.0	-1.0	-1.0	0.389	0.571	1.0	-1.0	0.0	0.0	-1.0	-1.0	0.0	0.0	0.0	-1.0	1.0	0.312	-1.0	-1.0	-1.0	-1.0	1.0	1.0	0.0	0.0	1.0	0.253	1.0	-1.0	-1.0	0.417	0.535	-1.0	-1.0	0.0	0.014	-1.0	-1.0	-1.0	0.357	-1.0
gnl|Prokka|GCF_001314995.1_1|5552405|G	-1.0	-1.0	0.464	-1.0	0.364	-1.0	-1.0	0.0	-1.0	0.85	-1.0	-1.0	0.0	-1.0	-1.0	-1.0	0.0	-1.0	-1.0	1.0	0.0	1.0	-1.0	-1.0	-1.0	1.0	1.0	-1.0	-1.0	-1.0	-1.0	0.0	0.0	1.0	1.0	0.0	1.0	1.0	1.0	0.818	1.0	-1.0	0.0	-1.0	-1.0	-1.0	1.0	0.579	1.0	-1.0	0.903	-1.0	1.0	-1.0	0.0	0.176	0.622	0.0	-1.0	0.535	0.292	0.0	1.0	-1.0	0.0	-1.0	-1.0	0.092	-1.0	-1.0	0.031	-1.0	0.478	0.447	-1.0	-1.0	-1.0	0.0	0.0	0.0	-1.0	0.0	0.0	-1.0	1.0	1.0	0.526	-1.0	0.333	-1.0	-1.0	0.0	-1.0	-1.0	1.0	-1.0	0.0	-1.0	-1.0	-1.0	0.188	-1.0	-1.0	0.337	0.855	1.0	0.0	0.0	1.0	0.333	0.0	-1.0	0.529	0.538	-1.0	0.605	1.0	-1.0	1.0	-1.0	1.0	1.0	-1.0	0.69	-1.0	1.0	0.0	-1.0	-1.0	-1.0	-1.0	-1.0	0.0	0.767	-1.0	0.0	0.0	0.0	-1.0	-1.0	-1.0	0.0	0.0	-1.0	0.0	0.0	0.0	0.0	0.529	0.0	-1.0	-1.0	-1.0	-1.0	-1.0	0.333	-1.0	1.0	-1.0	0.0	0.444	-1.0	-1.0	0.0	0.0	0.0	-1.0	1.0	0.421	-1.0	-1.0	-1.0	-1.0	1.0	0.467	0.0	0.0	1.0	0.221	1.0	-1.0	-1.0	0.415	0.531	-1.0	-1.0	0.0	0.016	-1.0	-1.0	-1.0	-1.0	-1.0
gnl|Prokka|GCF_001314995.1_1|5557779|G	-1.0	-1.0	0.521	-1.0	0.0	-1.0	-1.0	1.0	-1.0	0.0	-1.0	-1.0	0.0	-1.0	-1.0	-1.0	0.0	-1.0	-1.0	0.824	1.0	1.0	-1.0	-1.0	-1.0	0.0	0.913	-1.0	-1.0	-1.0	-1.0	0.072	1.0	1.0	0.408	0.13	0.0	0.0	1.0	0.857	0.421	-1.0	1.0	1.0	-1.0	-1.0	0.556	0.0	1.0	-1.0	0.762	-1.0	0.7	-1.0	0.0	0.241	0.556	0.0	-1.0	0.0	0.786	1.0	0.0	-1.0	1.0	-1.0	-1.0	0.115	-1.0	-1.0	0.0	-1.0	0.0	0.45	-1.0	-1.0	-1.0	-1.0	0.85	0.0	-1.0	0.667	0.321	-1.0	0.769	0.807	0.39	-1.0	0.353	-1.0	-1.0	0.805	-1.0	-1.0	1.0	-1.0	1.0	-1.0	-1.0	-1.0	0.3	-1.0	-1.0	0.039	0.28	0.0	1.0	0.895	1.0	1.0	0.0	-1.0	0.281	0.0	-1.0	0.535	1.0	1.0	0.0	-1.0	0.4	0.547	0.444	0.604	-1.0	1.0	1.0	-1.0	-1.0	-1.0	-1.0	-1.0	0.0	0.909	-1.0	0.0	0.18	0.125	-1.0	0.333	-1.0	0.216	0.625	-1.0	0.0	0.611	0.692	1.0	0.231	1.0	-1.0	-1.0	-1.0	-1.0	-1.0	0.615	0.467	0.0	-1.0	0.909	1.0	-1.0	-1.0	0.375	0.562	0.0	-1.0	0.516	0.656	-1.0	-1.0	-1.0	-1.0	1.0	0.364	0.667	0.0	0.459	0.758	0.7	-1.0	-1.0	0.1	0.569	-1.0	-1.0	1.0	0.849	-1.0	-1.0	-1.0	0.267	-1.0
gnl|Prokka|GCF_001314995.1_1|5557845|A	-1.0	-1.0	0.465	-1.0	0.0	-1.0	-1.0	0.643	-1.0	0.0	-1.0	-1.0	-1.0	-1.0	-1.0	-1.0	0.0	-1.0	-1.0	1.0	1.0	1.0	-1.0	-1.0	-1.0	0.0	0.917	-1.0	-1.0	-1.0	-1.0	0.059	-1.0	1.0	0.28	0.0	0.15	0.0	-1.0	0.816	0.143	-1.0	0.444	1.0	-1.0	-1.0	0.55	0.0	1.0	-1.0	0.765	-1.0	0.667	-1.0	0.037	0.286	0.548	0.0	-1.0	0.0	0.739	0.625	0.0	-1.0	1.0	-1.0	-1.0	0.094	-1.0	-1.0	0.0	-1.0	0.0	0.0	-1.0	-1.0	-1.0	-1.0	0.872	0.0	0.0	0.615	0.338	-1.0	0.632	0.84	0.394	-1.0	0.0	-1.0	-1.0	0.75	-1.0	-1.0	1.0	-1.0	1.0	-1.0	-1.0	-1.0	0.0	-1.0	-1.0	0.0	0.313	0.0	1.0	0.841	0.0	0.545	0.519	-1.0	0.219	0.0	-1.0	0.638	0.0	1.0	0.0	-1.0	0.455	0.557	0.0	0.617	-1.0	1.0	0.828	-1.0	-1.0	-1.0	-1.0	-1.0	0.0	1.0	-1.0	0.0	0.164	0.0	-1.0	0.455	-1.0	0.167	0.6	-1.0	0.0	0.682	0.698	0.936	0.333	0.56	-1.0	-1.0	-1.0	-1.0	-1.0	0.692	-1.0	0.0	-1.0	1.0	-1.0	-1.0	-1.0	-1.0	0.375	0.0	-1.0	0.429	0.571	-1.0	-1.0	-1.0	-1.0	1.0	0.0	0.562	0.0	0.438	0.766	0.619	-1.0	-1.0	0.118	0.469	-1.0	-1.0	1.0	1.0	-1.0	-1.0	-1.0	0.222	-1.0
gnl|Prokka|GCF_001314995.1_1|5562075|G	-1.0	-1.0	0.719	-1.0	0.0	-1.0	-1.0	-1.0	-1.0	0.0	-1.0	-1.0	-1.0	-1.0	-1.0	-1.0	-1.0	-1.0	-1.0	1.0	0.0	1.0	-1.0	-1.0	-1.0	0.571	1.0	-1.0	-1.0	-1.0	-1.0	0.033	0.0	1.0	0.161	0.0	0.438	0.0	1.0	0.851	0.381	-1.0	0.0	0.625	-1.0	-1.0	0.4	0.0	0.981	-1.0	1.0	-1.0	0.476	-1.0	0.0	0.088	0.375	0.0	-1.0	0.0	0.0	0.0	0.0	-1.0	0.0	-1.0	-1.0	0.139	-1.0	-1.0	0.0	-1.0	0.227	0.615	-1.0	-1.0	-1.0	-1.0	0.0	0.3	0.0	-1.0	0.0	-1.0	0.593	0.89	0.43	-1.0	0.259	-1.0	-1.0	0.0	-1.0	-1.0	1.0	-1.0	0.0	-1.0	-1.0	-1.0	0.278	-1.0	-1.0	0.0	0.145	0.0	0.0	0.042	1.0	-1.0	0.373	-1.0	0.6	0.75	-1.0	0.85	1.0	1.0	0.0	-1.0	1.0	0.681	1.0	0.676	-1.0	1.0	0.0	-1.0	-1.0	-1.0	-1.0	-1.0	0.0	0.762	-1.0	0.0	0.109	0.0	-1.0	0.667	-1.0	0.0	0.0	-1.0	0.0	0.0	0.0	0.214	0.357	0.0	-1.0	-1.0	-1.0	-1.0	-1.0	0.0	1.0	0.0	-1.0	0.0	-1.0	-1.0	-1.0	0.0	0.0	0.375	-1.0	0.0	0.548	-1.0	-1.0	-1.0	-1.0	1.0	0.188	0.0	0.0	0.497	0.256	0.35	-1.0	-1.0	0.0	0.575	-1.0	-1.0	0.0	0.167	-1.0	-1.0	-1.0	0.182	-1.0
gnl|Prokka|GCF_001314995.1_1|5580163|T	-1.0	-1.0	0.0	-1.0	0.667	-1.0	-1.0	0.0	-1.0	0.571	-1.0	-1.0	0.375	-1.0	-1.0	-1.0	1.0	-1.0	-1.0	0.0	0.0	0.0	-1.0	-1.0	-1.0	0.0	0.081	-1.0	-1.0	-1.0	-1.0	0.949	-1.0	1.0	1.0	0.0	1.0	1.0	1.0	0.202	0.0	-1.0	1.0	-1.0	-1.0	-1.0	0.0	0.447	0.0	-1.0	0.0	-1.0	1.0	-1.0	1.0	0.0	0.1	0.0	-1.0	1.0	0.222	0.333	0.967	-1.0	0.0	-1.0	-1.0	1.0	-1.0	1.0	1.0	-1.0	1.0	0.0	-1.0	-1.0	-1.0	0.0	0.0	1.0	0.308	0.0	0.0	-1.0	0.0	1.0	0.079	-1.0	0.72	-1.0	-1.0	0.289	-1.0	-1.0	0.0	-1.0	0.0	-1.0	-1.0	-1.0	1.0	-1.0	-1.0	1.0	0.419	1.0	0.0	0.052	0.0	0.571	1.0	-1.0	0.533	1.0	-1.0	1.0	0.0	0.429	1.0	-1.0	-1.0	1.0	1.0	1.0	-1.0	0.0	0.417	-1.0	-1.0	-1.0	-1.0	-1.0	0.0	0.0	-1.0	0.0	1.0	0.775	-1.0	-1.0	-1.0	0.372	0.444	-1.0	0.0	0.0	0.377	0.0	0.0	0.188	-1.0	-1.0	-1.0	-1.0	-1.0	0.12	-1.0	-1.0	-1.0	0.0	-1.0	-1.0	-1.0	0.0	0.471	0.0	-1.0	-1.0	0.647	-1.0	-1.0	-1.0	-1.0	1.0	0.576	0.35	0.0	-1.0	0.065	1.0	-1.0	-1.0	0.82	0.0	-1.0	-1.0	0.0	0.0	-1.0	-1.0	-1.0	0.0	-1.0
gnl|Prokka|GCF_001314995.1_1|5580174|G	-1.0	-1.0	0.0	-1.0	1.0	-1.0	-1.0	0.375	-1.0	1.0	-1.0	-1.0	0.375	-1.0	-1.0	-1.0	1.0	-1.0	-1.0	0.0	1.0	0.875	-1.0	-1.0	-1.0	-1.0	0.098	-1.0	-1.0	-1.0	-1.0	0.94	-1.0	1.0	0.0	0.0	1.0	1.0	1.0	0.767	0.0	-1.0	1.0	-1.0	-1.0	-1.0	0.0	0.474	1.0	-1.0	0.0	-1.0	1.0	-1.0	1.0	0.0	0.375	0.0	-1.0	1.0	0.667	0.385	0.957	-1.0	0.0	-1.0	-1.0	0.211	-1.0	1.0	1.0	-1.0	1.0	0.0	-1.0	-1.0	-1.0	0.0	0.0	-1.0	0.308	0.0	0.143	-1.0	0.409	1.0	0.515	-1.0	0.75	-1.0	-1.0	0.25	-1.0	-1.0	0.0	-1.0	0.0	-1.0	-1.0	-1.0	0.412	-1.0	-1.0	0.0	0.0	1.0	1.0	0.861	0.0	1.0	1.0	-1.0	0.375	1.0	-1.0	0.641	0.0	0.429	1.0	-1.0	1.0	0.808	1.0	1.0	-1.0	0.0	1.0	-1.0	-1.0	-1.0	-1.0	-1.0	0.0	0.0	-1.0	0.0	0.0	0.0	-1.0	-1.0	-1.0	0.0	1.0	-1.0	0.818	0.0	1.0	0.927	0.526	0.562	-1.0	-1.0	-1.0	-1.0	-1.0	0.625	-1.0	-1.0	-1.0	0.0	-1.0	-1.0	-1.0	0.0	0.333	0.357	-1.0	0.59	0.629	-1.0	-1.0	-1.0	-1.0	1.0	0.543	1.0	0.0	0.534	0.367	1.0	-1.0	-1.0	0.816	0.535	-1.0	-1.0	0.0	0.955	-1.0	-1.0	-1.0	0.0	-1.0
gnl|Prokka|GCF_001314995.1_1|5604781|A	-1.0	-1.0	0.344	-1.0	0.0	-1.0	-1.0	0.444	-1.0	0.0	-1.0	-1.0	-1.0	-1.0	-1.0	-1.0	1.0	-1.0	-1.0	1.0	1.0	1.0	-1.0	-1.0	-1.0	0.0	0.0	-1.0	-1.0	-1.0	-1.0	0.138	1.0	1.0	0.0	0.0	0.571	0.82	1.0	0.79	0.0	-1.0	0.0	-1.0	-1.0	-1.0	0.0	0.0	1.0	-1.0	1.0	-1.0	0.0	-1.0	0.881	0.156	0.718	0.0	-1.0	0.447	0.8	0.0	1.0	-1.0	1.0	-1.0	-1.0	0.0	-1.0	-1.0	0.286	-1.0	0.0	0.0	-1.0	-1.0	-1.0	0.769	0.0	1.0	1.0	0.667	0.233	-1.0	-1.0	1.0	0.351	-1.0	0.0	-1.0	-1.0	0.0	-1.0	-1.0	0.0	-1.0	0.0	-1.0	-1.0	-1.0	-1.0	-1.0	-1.0	0.0	0.72	0.667	1.0	0.959	0.0	0.0	0.0	-1.0	0.0	1.0	-1.0	1.0	0.0	-1.0	0.0	-1.0	1.0	0.875	1.0	0.612	-1.0	0.0	0.591	-1.0	-1.0	-1.0	-1.0	-1.0	0.0	0.533	-1.0	0.0	0.0	0.0	-1.0	0.0	-1.0	1.0	-1.0	-1.0	0.0	1.0	0.692	1.0	0.357	-1.0	-1.0	-1.0	-1.0	-1.0	-1.0	1.0	1.0	-1.0	-1.0	1.0	-1.0	-1.0	-1.0	0.444	0.0	0.0	-1.0	0.0	0.717	-1.0	-1.0	-1.0	-1.0	1.0	0.0	0.786	0.0	0.426	0.192	0.0	-1.0	-1.0	0.842	0.474	-1.0	-1.0	1.0	1.0	-1.0	-1.0	-1.0	0.0	-1.0
gnl|Prokka|GCF_001314995.1_1|5614064|T	-1.0	-1.0	0.111	-1.0	1.0	-1.0	-1.0	0.0	-1.0	0.75	-1.0	-1.0	0.0	-1.0	-1.0	-1.0	1.0	-1.0	-1.0	-1.0	0.0	0.0	-1.0	-1.0	-1.0	-1.0	0.25	-1.0	-1.0	-1.0	-1.0	0.893	1.0	1.0	0.0	0.0	1.0	0.0	1.0	0.558	1.0	-1.0	-1.0	-1.0	-1.0	-1.0	0.455	1.0	0.0	-1.0	0.357	-1.0	1.0	-1.0	0.851	0.36	0.457	0.357	-1.0	1.0	0.0	1.0	0.0	-1.0	0.0	-1.0	-1.0	0.429	-1.0	-1.0	1.0	-1.0	0.455	0.0	-1.0	-1.0	-1.0	-1.0	0.0	1.0	-1.0	0.4	0.0	-1.0	1.0	0.918	0.077	-1.0	1.0	-1.0	-1.0	0.061	-1.0	-1.0	1.0	-1.0	1.0	-1.0	-1.0	-1.0	0.0	-1.0	-1.0	1.0	0.821	0.429	0.0	0.129	0.0	0.824	1.0	-1.0	0.703	0.273	-1.0	0.837	0.0	-1.0	1.0	-1.0	0.0	0.787	-1.0	0.514	-1.0	0.875	0.0	-1.0	-1.0	-1.0	-1.0	-1.0	1.0	0.0	-1.0	0.353	1.0	1.0	-1.0	0.444	-1.0	0.59	0.294	-1.0	0.077	0.455	0.0	0.0	0.0	0.562	-1.0	-1.0	-1.0	-1.0	-1.0	0.0	0.0	0.571	-1.0	0.0	0.0	-1.0	-1.0	0.0	0.833	0.0	-1.0	0.0	0.647	-1.0	-1.0	-1.0	-1.0	1.0	0.0	0.462	0.0	0.798	0.139	0.731	-1.0	-1.0	0.294	0.0	-1.0	-1.0	0.0	0.0	-1.0	-1.0	-1.0	0.0	-1.0
gnl|Prokka|GCF_001314995.1_1|5614646|A	-1.0	-1.0	0.078	-1.0	1.0	-1.0	-1.0	0.556	-1.0	0.733	-1.0	-1.0	1.0	-1.0	-1.0	-1.0	1.0	-1.0	-1.0	0.0	0.0	1.0	-1.0	-1.0	-1.0	1.0	0.188	-1.0	-1.0	-1.0	-1.0	0.0	0.0	-1.0	0.8	0.0	1.0	1.0	1.0	1.0	1.0	-1.0	0.4	-1.0	-1.0	-1.0	0.308	1.0	1.0	-1.0	0.086	-1.0	1.0	-1.0	0.868	0.211	0.326	0.308	-1.0	1.0	0.15	0.667	0.945	-1.0	0.0	-1.0	-1.0	0.882	-1.0	-1.0	0.0	-1.0	-1.0	0.654	-1.0	-1.0	-1.0	0.0	0.0	1.0	0.0	0.0	0.0	-1.0	0.455	1.0	0.481	-1.0	0.0	-1.0	-1.0	0.122	-1.0	-1.0	0.0	-1.0	1.0	-1.0	-1.0	-1.0	0.727	-1.0	-1.0	1.0	0.75	0.75	0.0	0.077	1.0	0.0	1.0	-1.0	0.562	0.0	-1.0	0.643	1.0	-1.0	0.162	-1.0	0.0	0.554	0.667	0.945	-1.0	0.133	0.297	-1.0	-1.0	-1.0	-1.0	-1.0	-1.0	0.0	-1.0	0.0	1.0	0.855	-1.0	0.75	-1.0	0.0	0.429	-1.0	0.05	0.0	0.0	0.057	0.294	0.0	-1.0	-1.0	-1.0	-1.0	-1.0	0.167	0.0	-1.0	-1.0	0.0	-1.0	-1.0	-1.0	0.0	0.32	0.0	-1.0	0.857	0.297	-1.0	-1.0	-1.0	-1.0	1.0	1.0	0.0	0.0	0.544	0.717	0.762	-1.0	-1.0	0.288	0.519	-1.0	-1.0	0.0	0.019	-1.0	-1.0	-1.0	-1.0	-1.0
gnl|Prokka|GCF_001314995.1_1|5624188|C	-1.0	-1.0	0.421	-1.0	0.0	-1.0	-1.0	0.0	-1.0	0.0	-1.0	-1.0	-1.0	-1.0	-1.0	-1.0	1.0	-1.0	-1.0	1.0	0.0	1.0	-1.0	-1.0	-1.0	0.0	0.128	-1.0	-1.0	-1.0	-1.0	0.913	0.0	1.0	1.0	0.261	-1.0	0.383	1.0	0.636	0.0	-1.0	0.0	0.0	-1.0	-1.0	0.579	0.378	0.975	-1.0	1.0	-1.0	0.0	-1.0	0.838	0.889	0.079	0.0	-1.0	0.933	0.429	-1.0	1.0	-1.0	0.0	-1.0	-1.0	0.672	-1.0	-1.0	1.0	-1.0	0.0	0.0	-1.0	-1.0	-1.0	1.0	0.816	0.0	-1.0	0.0	0.0	-1.0	0.667	1.0	0.4	-1.0	1.0	-1.0	-1.0	0.837	-1.0	-1.0	1.0	-1.0	0.0	-1.0	-1.0	-1.0	1.0	-1.0	-1.0	1.0	0.81	0.667	0.0	0.133	0.0	0.636	1.0	-1.0	0.892	1.0	-1.0	0.512	0.056	-1.0	0.186	-1.0	1.0	0.747	0.333	0.891	-1.0	1.0	0.344	-1.0	-1.0	-1.0	-1.0	-1.0	1.0	0.0	-1.0	0.562	0.0	1.0	-1.0	0.333	-1.0	0.0	0.55	-1.0	0.0	0.0	0.0	0.114	1.0	0.308	-1.0	-1.0	-1.0	-1.0	-1.0	0.542	0.444	1.0	-1.0	0.0	-1.0	-1.0	-1.0	0.286	0.0	0.0	-1.0	0.3	1.0	-1.0	-1.0	-1.0	-1.0	1.0	0.524	0.667	0.0	0.443	0.951	0.375	-1.0	-1.0	1.0	0.486	-1.0	-1.0	0.0	0.022	-1.0	-1.0	-1.0	0.893	-1.0
gnl|Prokka|GCF_001314995.1_1|5625339|A	-1.0	-1.0	0.611	-1.0	1.0	-1.0	-1.0	0.0	-1.0	0.864	-1.0	-1.0	0.0	-1.0	-1.0	-1.0	1.0	-1.0	-1.0	0.0	0.0	0.176	-1.0	-1.0	-1.0	1.0	0.0	-1.0	-1.0	-1.0	-1.0	0.046	0.0	1.0	0.0	0.786	1.0	0.452	-1.0	0.0	0.146	-1.0	1.0	-1.0	-1.0	-1.0	0.824	0.512	0.0	-1.0	0.174	-1.0	1.0	-1.0	0.821	0.0	0.857	0.0	-1.0	1.0	0.0	1.0	0.949	-1.0	0.0	-1.0	-1.0	1.0	-1.0	1.0	1.0	-1.0	0.0	0.633	-1.0	-1.0	-1.0	-1.0	0.113	0.167	0.0	0.0	0.909	-1.0	0.333	1.0	0.093	-1.0	0.421	-1.0	-1.0	0.0	-1.0	-1.0	0.0	-1.0	1.0	-1.0	-1.0	-1.0	1.0	-1.0	-1.0	0.484	0.727	1.0	0.0	-1.0	1.0	0.4	0.0	-1.0	0.524	0.0	-1.0	0.667	1.0	-1.0	0.94	-1.0	0.0	0.507	0.538	0.583	-1.0	1.0	0.0	-1.0	-1.0	-1.0	-1.0	-1.0	-1.0	0.0	-1.0	0.0	0.0	1.0	-1.0	0.417	-1.0	0.0	0.0	-1.0	0.065	0.0	0.0	0.119	0.0	-1.0	-1.0	-1.0	-1.0	-1.0	-1.0	0.211	0.0	1.0	-1.0	0.0	0.0	-1.0	-1.0	0.444	0.345	0.0	-1.0	0.138	0.0	-1.0	-1.0	-1.0	-1.0	1.0	1.0	0.486	0.0	1.0	0.687	0.773	-1.0	-1.0	0.404	0.545	-1.0	-1.0	0.028	0.016	-1.0	-1.0	-1.0	0.0	-1.0
gnl|Prokka|GCF_001314995.1_1|5625342|G	-1.0	-1.0	0.595	-1.0	1.0	-1.0	-1.0	0.0	-1.0	0.857	-1.0	-1.0	0.0	-1.0	-1.0	-1.0	0.0	-1.0	-1.0	0.0	0.0	0.235	-1.0	-1.0	-1.0	1.0	0.0	-1.0	-1.0	-1.0	-1.0	0.062	0.0	1.0	0.0	0.769	1.0	0.482	-1.0	0.0	0.152	-1.0	1.0	-1.0	-1.0	-1.0	1.0	0.504	0.0	-1.0	0.2	-1.0	1.0	-1.0	0.0	0.0	0.861	0.0	-1.0	0.316	0.0	1.0	0.961	-1.0	0.0	-1.0	-1.0	0.737	-1.0	1.0	1.0	-1.0	0.0	0.655	-1.0	-1.0	-1.0	-1.0	0.118	0.238	0.0	0.0	0.867	-1.0	0.353	1.0	0.099	-1.0	0.444	-1.0	-1.0	0.054	-1.0	-1.0	0.0	-1.0	1.0	-1.0	-1.0	-1.0	1.0	-1.0	-1.0	0.517	0.69	1.0	0.0	0.02	1.0	0.429	0.0	-1.0	0.12	0.0	-1.0	0.689	1.0	-1.0	0.943	-1.0	0.0	0.522	0.6	0.583	-1.0	1.0	0.0	-1.0	-1.0	-1.0	-1.0	-1.0	-1.0	0.0	-1.0	0.0	0.0	1.0	-1.0	0.545	-1.0	0.0	0.0	-1.0	0.063	0.0	0.0	0.119	0.0	-1.0	-1.0	-1.0	-1.0	-1.0	-1.0	0.211	0.0	1.0	-1.0	0.0	0.0	-1.0	-1.0	0.4	0.391	0.0	-1.0	0.161	0.0	-1.0	-1.0	-1.0	-1.0	1.0	1.0	0.472	0.0	1.0	0.716	0.783	-1.0	-1.0	0.404	0.597	-1.0	-1.0	0.03	0.018	-1.0	-1.0	-1.0	0.0	-1.0
gnl|Prokka|GCF_001314995.1_1|5805445|C	-1.0	-1.0	0.0	-1.0	1.0	-1.0	-1.0	0.364	-1.0	1.0	-1.0	-1.0	0.0	-1.0	-1.0	-1.0	-1.0	-1.0	-1.0	0.615	0.0	0.0	-1.0	-1.0	-1.0	0.0	1.0	-1.0	-1.0	-1.0	-1.0	0.877	1.0	1.0	0.0	0.857	1.0	1.0	0.0	0.0	0.909	-1.0	0.0	1.0	-1.0	-1.0	0.312	1.0	0.019	-1.0	0.146	-1.0	1.0	-1.0	1.0	1.0	0.265	0.0	-1.0	1.0	0.0	0.0	0.0	-1.0	0.0	-1.0	-1.0	0.937	-1.0	-1.0	-1.0	-1.0	0.0	0.333	-1.0	-1.0	-1.0	-1.0	0.0	0.0	-1.0	0.417	0.698	-1.0	1.0	1.0	0.176	-1.0	1.0	-1.0	-1.0	0.0	-1.0	-1.0	0.0	-1.0	0.0	-1.0	-1.0	-1.0	0.0	-1.0	-1.0	1.0	0.661	0.583	0.0	0.0	0.064	0.417	-1.0	-1.0	0.27	0.0	-1.0	1.0	0.0	1.0	0.0	-1.0	0.0	1.0	1.0	1.0	-1.0	1.0	0.0	-1.0	-1.0	-1.0	-1.0	-1.0	0.417	1.0	-1.0	0.0	1.0	0.878	-1.0	1.0	-1.0	0.0	0.0	-1.0	0.0	0.0	0.0	0.049	0.0	0.0	-1.0	-1.0	-1.0	-1.0	-1.0	0.263	-1.0	-1.0	-1.0	0.0	0.0	-1.0	-1.0	0.0	0.533	0.0	-1.0	0.214	0.0	-1.0	-1.0	-1.0	-1.0	0.0	0.652	0.394	0.0	0.567	0.056	1.0	-1.0	-1.0	0.647	0.0	-1.0	-1.0	0.0	0.016	-1.0	-1.0	-1.0	-1.0	-1.0
gnl|Prokka|GCF_001314995.1_1|5808195|G	-1.0	-1.0	1.0	-1.0	1.0	-1.0	-1.0	0.333	-1.0	1.0	-1.0	-1.0	1.0	-1.0	-1.0	-1.0	1.0	-1.0	-1.0	0.733	0.0	1.0	-1.0	-1.0	-1.0	1.0	0.81	-1.0	-1.0	-1.0	-1.0	0.0	1.0	1.0	0.0	0.278	0.733	1.0	0.375	0.95	1.0	-1.0	0.0	0.0	-1.0	-1.0	0.4	0.453	0.969	-1.0	0.844	-1.0	1.0	-1.0	1.0	0.0	0.682	0.0	-1.0	0.435	0.0	0.0	0.0	-1.0	0.0	-1.0	-1.0	0.125	-1.0	0.0	0.0	-1.0	0.188	0.682	-1.0	-1.0	-1.0	0.467	0.0	-1.0	0.0	0.0	0.0	-1.0	1.0	1.0	1.0	-1.0	0.0	-1.0	-1.0	0.0	-1.0	-1.0	0.111	-1.0	0.0	-1.0	-1.0	-1.0	0.25	-1.0	-1.0	0.0	0.068	0.417	0.0	0.0	0.933	1.0	-1.0	-1.0	0.167	0.364	-1.0	1.0	1.0	0.0	0.0	-1.0	0.727	1.0	-1.0	1.0	-1.0	0.0	0.0	-1.0	-1.0	-1.0	-1.0	-1.0	0.0	0.632	-1.0	0.0	0.0	0.0	-1.0	1.0	-1.0	0.0	0.0	-1.0	0.0	0.0	0.0	0.0	0.471	0.55	-1.0	-1.0	-1.0	-1.0	-1.0	0.273	0.333	1.0	-1.0	0.0	-1.0	-1.0	-1.0	0.0	0.0	0.0	-1.0	0.0	0.783	-1.0	-1.0	-1.0	-1.0	0.0	1.0	0.0	-1.0	0.0	0.218	0.0	-1.0	-1.0	0.75	1.0	-1.0	-1.0	0.0	0.0	-1.0	-1.0	-1.0	-1.0	-1.0
gnl|Prokka|GCF_001314995.1_1|5824555|G	-1.0	-1.0	0.8	-1.0	1.0	-1.0	-1.0	-1.0	-1.0	1.0	-1.0	-1.0	0.0	-1.0	-1.0	-1.0	1.0	-1.0	-1.0	1.0	0.0	0.8	-1.0	-1.0	-1.0	-1.0	0.937	-1.0	-1.0	-1.0	-1.0	0.0	1.0	1.0	1.0	0.0	1.0	1.0	-1.0	1.0	1.0	-1.0	0.0	1.0	-1.0	-1.0	0.273	1.0	0.965	-1.0	0.692	-1.0	1.0	-1.0	1.0	0.0	0.182	0.0	-1.0	0.581	0.0	0.0	1.0	-1.0	0.0	-1.0	-1.0	0.387	-1.0	1.0	0.0	-1.0	0.0	0.679	-1.0	-1.0	-1.0	0.0	0.0	-1.0	-1.0	0.0	0.0	-1.0	1.0	0.217	1.0	-1.0	0.0	-1.0	-1.0	0.0	-1.0	-1.0	0.171	-1.0	0.0	-1.0	-1.0	-1.0	0.0	-1.0	-1.0	0.0	0.079	1.0	0.0	0.0	1.0	0.0	-1.0	-1.0	0.723	1.0	-1.0	1.0	0.948	1.0	0.0	-1.0	1.0	0.07	0.7	0.543	-1.0	0.0	0.0	-1.0	-1.0	-1.0	-1.0	-1.0	0.7	1.0	-1.0	0.0	1.0	0.0	-1.0	0.444	-1.0	0.0	0.0	-1.0	0.093	0.0	0.0	0.095	0.357	-1.0	-1.0	-1.0	-1.0	-1.0	-1.0	0.308	1.0	-1.0	-1.0	0.0	-1.0	-1.0	-1.0	0.211	0.0	0.308	-1.0	0.0	0.567	-1.0	-1.0	-1.0	-1.0	0.0	0.526	0.0	-1.0	1.0	0.197	1.0	-1.0	-1.0	1.0	1.0	-1.0	-1.0	0.0	0.0	-1.0	-1.0	-1.0	0.0	-1.0
gnl|Prokka|GCF_001314995.1_1|5824639|A	-1.0	-1.0	0.789	-1.0	1.0	-1.0	-1.0	0.353	-1.0	1.0	-1.0	-1.0	0.0	-1.0	-1.0	-1.0	1.0	-1.0	-1.0	1.0	0.0	0.771	-1.0	-1.0	-1.0	-1.0	1.0	-1.0	-1.0	-1.0	-1.0	0.0	1.0	1.0	1.0	0.0	1.0	1.0	-1.0	0.963	1.0	-1.0	0.0	1.0	-1.0	-1.0	0.4	1.0	0.976	-1.0	0.769	-1.0	1.0	-1.0	1.0	0.0	0.409	0.0	-1.0	0.655	0.0	0.0	1.0	-1.0	0.0	-1.0	-1.0	0.397	-1.0	1.0	0.0	-1.0	0.0	0.696	-1.0	-1.0	-1.0	0.0	0.0	-1.0	-1.0	-1.0	0.0	-1.0	1.0	0.171	1.0	-1.0	0.0	-1.0	-1.0	0.0	-1.0	-1.0	0.138	-1.0	0.0	-1.0	-1.0	-1.0	0.0	-1.0	-1.0	0.0	0.101	1.0	0.0	0.0	1.0	0.0	-1.0	-1.0	0.667	1.0	-1.0	1.0	0.962	1.0	0.0	-1.0	1.0	0.057	-1.0	0.553	-1.0	0.0	0.0	-1.0	-1.0	-1.0	-1.0	-1.0	1.0	1.0	-1.0	0.0	1.0	0.0	-1.0	0.625	-1.0	0.0	0.0	-1.0	0.053	0.0	0.0	0.143	0.375	0.389	-1.0	-1.0	-1.0	-1.0	-1.0	0.238	1.0	-1.0	-1.0	0.0	-1.0	-1.0	-1.0	0.0	0.0	0.308	-1.0	0.0	0.759	-1.0	-1.0	-1.0	-1.0	0.0	0.444	0.0	-1.0	1.0	0.179	1.0	-1.0	-1.0	1.0	1.0	-1.0	-1.0	0.0	0.0	-1.0	-1.0	-1.0	-1.0	-1.0
gnl|Prokka|GCF_001314995.1_1|5827714|G	-1.0	-1.0	1.0	-1.0	1.0	-1.0	-1.0	0.375	-1.0	1.0	-1.0	-1.0	0.0	-1.0	-1.0	-1.0	1.0	-1.0	-1.0	0.538	0.0	0.0	-1.0	-1.0	-1.0	-1.0	0.604	-1.0	-1.0	-1.0	-1.0	0.933	1.0	1.0	0.273	0.0	1.0	1.0	0.25	0.0	0.829	-1.0	-1.0	0.0	-1.0	-1.0	0.0	1.0	0.0	-1.0	1.0	-1.0	1.0	-1.0	1.0	0.152	0.448	0.0	-1.0	1.0	0.0	0.0	1.0	-1.0	0.0	-1.0	-1.0	0.25	-1.0	1.0	1.0	-1.0	0.0	0.0	-1.0	-1.0	-1.0	0.0	0.0	0.098	0.0	0.0	0.0	-1.0	1.0	0.179	0.059	-1.0	1.0	-1.0	-1.0	0.0	-1.0	-1.0	0.0	-1.0	0.0	-1.0	-1.0	-1.0	1.0	-1.0	-1.0	1.0	0.851	1.0	0.0	0.0	0.063	-1.0	-1.0	-1.0	0.35	0.8	-1.0	1.0	-1.0	0.0	0.0	-1.0	1.0	0.071	1.0	1.0	-1.0	1.0	0.0	-1.0	-1.0	-1.0	-1.0	-1.0	1.0	1.0	-1.0	0.0	0.0	0.786	-1.0	1.0	-1.0	0.0	0.0	-1.0	0.0	0.0	0.0	0.145	0.0	0.0	-1.0	-1.0	-1.0	-1.0	-1.0	0.368	-1.0	-1.0	-1.0	0.0	0.0	-1.0	-1.0	0.0	0.0	0.429	-1.0	-1.0	0.658	-1.0	-1.0	-1.0	-1.0	0.0	0.474	0.118	0.0	0.532	0.068	1.0	-1.0	-1.0	1.0	0.0	-1.0	-1.0	0.0	0.0	-1.0	-1.0	-1.0	-1.0	-1.0
gnl|Prokka|GCF_001314995.1_1|5828320|C	-1.0	-1.0	1.0	-1.0	1.0	-1.0	-1.0	0.444	-1.0	1.0	-1.0	-1.0	0.0	-1.0	-1.0	-1.0	1.0	-1.0	-1.0	0.571	0.0	1.0	-1.0	-1.0	-1.0	1.0	0.0	-1.0	-1.0	-1.0	-1.0	0.926	1.0	1.0	0.0	0.0	1.0	1.0	0.429	1.0	1.0	-1.0	-1.0	0.0	-1.0	-1.0	0.455	1.0	1.0	-1.0	1.0	-1.0	0.529	-1.0	1.0	0.103	0.143	0.0	-1.0	0.463	0.0	0.0	1.0	-1.0	0.0	-1.0	-1.0	0.107	-1.0	-1.0	0.0	-1.0	0.0	0.682	-1.0	-1.0	-1.0	0.333	0.0	0.0	0.0	0.0	0.0	-1.0	0.188	0.107	1.0	-1.0	1.0	-1.0	-1.0	0.0	-1.0	-1.0	0.0	-1.0	0.0	-1.0	-1.0	-1.0	0.0	-1.0	-1.0	0.0	0.797	1.0	0.0	0.0	1.0	-1.0	-1.0	-1.0	0.333	0.0	-1.0	1.0	1.0	0.0	0.0	-1.0	0.0	0.12	0.667	0.0	-1.0	1.0	0.0	-1.0	-1.0	-1.0	-1.0	-1.0	1.0	1.0	-1.0	0.0	0.0	0.0	-1.0	0.625	-1.0	0.0	0.0	-1.0	0.0	0.0	0.0	0.106	0.278	0.0	-1.0	-1.0	-1.0	-1.0	-1.0	0.429	0.0	-1.0	-1.0	0.0	-1.0	-1.0	-1.0	-1.0	0.0	0.0	-1.0	-1.0	0.643	-1.0	-1.0	-1.0	-1.0	0.188	0.333	0.0	-1.0	0.63	0.317	1.0	-1.0	-1.0	1.0	1.0	-1.0	-1.0	0.0	0.062	-1.0	-1.0	-1.0	1.0	-1.0
gnl|Prokka|GCF_001314995.1_1|5841153|T	-1.0	-1.0	0.0	-1.0	1.0	-1.0	-1.0	-1.0	-1.0	-1.0	-1.0	-1.0	0.0	-1.0	-1.0	-1.0	1.0	-1.0	-1.0	0.0	1.0	1.0	-1.0	-1.0	-1.0	-1.0	0.429	-1.0	-1.0	-1.0	-1.0	1.0	1.0	0.0	0.342	0.214	0.389	0.0	0.0	0.737	0.919	-1.0	-1.0	0.0	-1.0	-1.0	0.0	0.494	1.0	-1.0	0.0	-1.0	0.545	-1.0	1.0	0.0	0.625	0.0	-1.0	0.622	0.727	-1.0	0.0	-1.0	1.0	-1.0	-1.0	0.705	-1.0	0.0	0.0	-1.0	0.0	0.267	-1.0	-1.0	-1.0	1.0	0.867	0.0	-1.0	1.0	0.1	-1.0	1.0	0.0	0.4	-1.0	0.238	-1.0	-1.0	0.587	-1.0	-1.0	0.812	-1.0	1.0	-1.0	-1.0	-1.0	1.0	-1.0	-1.0	0.041	0.119	0.0	1.0	0.791	1.0	0.0	0.479	-1.0	0.778	0.688	-1.0	0.0	0.935	0.0	0.932	-1.0	1.0	0.0	-1.0	0.0	-1.0	1.0	0.385	-1.0	-1.0	-1.0	-1.0	-1.0	-1.0	0.852	-1.0	0.0	0.0	0.068	-1.0	1.0	-1.0	0.457	0.333	-1.0	0.0	0.381	0.763	1.0	0.286	0.462	-1.0	-1.0	-1.0	-1.0	-1.0	1.0	1.0	-1.0	-1.0	0.857	1.0	-1.0	-1.0	0.0	0.389	0.0	-1.0	0.367	0.0	-1.0	-1.0	-1.0	-1.0	0.667	0.269	0.476	0.0	0.475	0.721	1.0	-1.0	-1.0	0.245	0.54	-1.0	-1.0	1.0	1.0	-1.0	-1.0	-1.0	0.0	-1.0
gnl|Prokka|GCF_001314995.1_1|5841156|A	-1.0	-1.0	0.0	-1.0	1.0	-1.0	-1.0	-1.0	-1.0	-1.0	-1.0	-1.0	0.0	-1.0	-1.0	-1.0	1.0	-1.0	-1.0	0.0	1.0	1.0	-1.0	-1.0	-1.0	-1.0	0.375	-1.0	-1.0	-1.0	-1.0	1.0	1.0	0.0	0.342	0.231	0.333	0.0	0.0	0.72	0.921	-1.0	-1.0	0.0	-1.0	-1.0	0.0	0.512	1.0	-1.0	0.0	-1.0	0.545	-1.0	0.95	0.0	0.688	0.0	-1.0	0.525	0.727	-1.0	0.0	-1.0	1.0	-1.0	-1.0	0.708	-1.0	0.0	0.0	-1.0	0.0	0.25	-1.0	-1.0	-1.0	1.0	0.892	0.0	-1.0	1.0	0.091	-1.0	1.0	0.0	0.383	-1.0	0.261	-1.0	-1.0	0.574	-1.0	-1.0	0.778	-1.0	1.0	-1.0	-1.0	-1.0	1.0	-1.0	-1.0	0.038	0.134	0.273	1.0	0.781	1.0	0.0	0.481	-1.0	0.787	0.667	-1.0	0.0	0.951	0.0	0.932	-1.0	1.0	0.0	-1.0	0.0	-1.0	1.0	0.429	-1.0	-1.0	-1.0	-1.0	-1.0	-1.0	0.852	-1.0	0.0	0.0	0.082	-1.0	0.571	-1.0	0.444	0.385	-1.0	0.0	0.316	0.763	1.0	0.267	0.538	-1.0	-1.0	-1.0	-1.0	-1.0	1.0	1.0	-1.0	-1.0	0.893	1.0	-1.0	-1.0	0.0	0.368	0.0	-1.0	0.355	0.0	-1.0	-1.0	-1.0	-1.0	0.68	0.296	0.476	-1.0	0.471	0.705	1.0	-1.0	-1.0	0.24	0.519	-1.0	-1.0	1.0	1.0	-1.0	-1.0	-1.0	0.0	-1.0
gnl|Prokka|GCF_001314995.1_1|5841300|G	-1.0	-1.0	0.0	-1.0	1.0	-1.0	-1.0	1.0	-1.0	0.0	-1.0	-1.0	0.0	-1.0	-1.0	-1.0	1.0	-1.0	-1.0	0.0	1.0	0.789	-1.0	-1.0	-1.0	-1.0	0.484	-1.0	-1.0	-1.0	-1.0	1.0	1.0	-1.0	0.353	0.188	0.522	0.0	0.0	0.677	1.0	-1.0	-1.0	-1.0	-1.0	-1.0	0.182	0.496	1.0	-1.0	0.0	-1.0	0.429	-1.0	0.911	0.152	0.609	0.0	-1.0	0.4	0.6	-1.0	0.0	-1.0	1.0	-1.0	-1.0	0.787	-1.0	0.0	0.0	-1.0	0.25	0.545	-1.0	-1.0	-1.0	-1.0	1.0	0.0	-1.0	1.0	0.123	-1.0	0.786	0.0	0.376	-1.0	0.321	-1.0	-1.0	0.618	-1.0	-1.0	0.84	-1.0	1.0	-1.0	-1.0	-1.0	1.0	-1.0	-1.0	0.0	0.256	0.214	1.0	0.873	1.0	0.267	0.349	-1.0	0.618	1.0	-1.0	0.098	1.0	0.0	0.855	-1.0	0.625	0.0	-1.0	0.0	-1.0	1.0	0.412	-1.0	-1.0	-1.0	-1.0	-1.0	0.0	0.923	-1.0	0.0	0.0	0.11	-1.0	-1.0	-1.0	0.175	0.4	-1.0	0.0	0.391	0.774	1.0	0.429	0.375	-1.0	-1.0	-1.0	-1.0	-1.0	0.467	1.0	0.0	-1.0	1.0	1.0	-1.0	-1.0	0.455	0.406	0.0	-1.0	0.394	0.0	-1.0	-1.0	-1.0	-1.0	0.719	0.458	0.6	0.0	0.556	0.587	1.0	-1.0	-1.0	0.158	0.472	-1.0	-1.0	1.0	1.0	-1.0	-1.0	-1.0	0.0	-1.0
gnl|Prokka|GCF_001314995.1_1|5844752|G	-1.0	-1.0	0.07	-1.0	1.0	-1.0	-1.0	0.0	-1.0	0.625	-1.0	-1.0	0.0	-1.0	-1.0	-1.0	1.0	-1.0	-1.0	0.231	0.0	1.0	-1.0	-1.0	-1.0	1.0	0.896	-1.0	-1.0	-1.0	-1.0	0.0	0.0	0.0	0.0	0.0	0.278	0.0	0.25	0.659	0.0	-1.0	0.0	1.0	-1.0	-1.0	0.261	0.408	0.96	-1.0	0.0	-1.0	1.0	-1.0	0.812	0.192	0.182	0.2	-1.0	0.286	0.0	0.0	0.0	-1.0	0.0	-1.0	-1.0	0.689	-1.0	-1.0	0.045	-1.0	-1.0	0.342	-1.0	-1.0	-1.0	-1.0	0.804	-1.0	-1.0	0.385	0.0	-1.0	1.0	0.0	0.371	-1.0	0.15	-1.0	-1.0	0.556	-1.0	-1.0	0.857	-1.0	0.0	-1.0	-1.0	-1.0	0.75	-1.0	-1.0	0.0	0.0	0.273	0.0	0.0	1.0	0.0	0.298	-1.0	0.265	0.833	-1.0	0.0	0.922	-1.0	0.865	-1.0	0.667	0.0	0.0	0.0	-1.0	1.0	0.0	-1.0	-1.0	-1.0	-1.0	-1.0	0.0	0.0	-1.0	0.188	0.172	0.115	-1.0	0.714	-1.0	0.0	0.0	-1.0	-1.0	0.0	0.0	0.13	-1.0	0.2	-1.0	-1.0	-1.0	-1.0	-1.0	0.0	1.0	-1.0	-1.0	0.0	-1.0	-1.0	-1.0	0.0	0.207	0.0	-1.0	0.182	0.273	-1.0	-1.0	-1.0	-1.0	0.574	0.538	0.0	-1.0	0.526	0.794	1.0	-1.0	-1.0	0.463	0.398	-1.0	-1.0	0.0	0.082	-1.0	-1.0	-1.0	0.0	-1.0
gnl|Prokka|GCF_001314995.1_1|5849986|C	-1.0	-1.0	0.0	-1.0	0.0	-1.0	-1.0	0.353	-1.0	0.0	-1.0	-1.0	0.0	-1.0	-1.0	-1.0	0.0	-1.0	-1.0	0.444	1.0	0.556	-1.0	-1.0	-1.0	-1.0	0.421	-1.0	-1.0	-1.0	-1.0	0.115	0.0	0.0	0.055	0.0	0.0	0.0	0.0	0.629	0.0	-1.0	-1.0	0.6	-1.0	-1.0	0.0	0.0	1.0	-1.0	0.097	-1.0	-1.0	-1.0	0.0	0.0	0.786	0.0	-1.0	0.54	-1.0	0.6	0.0	-1.0	1.0	-1.0	-1.0	0.0	-1.0	-1.0	0.0	-1.0	0.0	0.318	-1.0	-1.0	-1.0	-1.0	0.742	0.0	0.0	0.667	0.172	-1.0	0.824	0.0	0.413	-1.0	0.28	-1.0	-1.0	0.714	-1.0	-1.0	1.0	-1.0	1.0	-1.0	-1.0	-1.0	0.273	-1.0	-1.0	0.0	0.114	0.0	1.0	0.824	1.0	-1.0	0.433	-1.0	0.195	0.667	-1.0	0.0	0.943	0.417	0.886	-1.0	-1.0	0.037	0.25	0.0	-1.0	1.0	0.778	-1.0	-1.0	-1.0	-1.0	-1.0	0.0	1.0	-1.0	0.0	0.127	0.066	-1.0	0.0	-1.0	0.134	0.0	-1.0	0.0	-1.0	0.746	1.0	0.231	0.526	-1.0	-1.0	-1.0	-1.0	-1.0	0.0	-1.0	-1.0	-1.0	1.0	1.0	-1.0	-1.0	0.556	0.273	0.529	-1.0	0.2	0.0	-1.0	-1.0	-1.0	-1.0	0.667	0.316	0.556	0.0	0.0	0.676	0.423	-1.0	-1.0	0.143	0.449	-1.0	-1.0	1.0	1.0	-1.0	-1.0	-1.0	0.0	-1.0
gnl|Prokka|GCF_001314995.1_1|5853810|C	-1.0	-1.0	0.086	-1.0	1.0	-1.0	-1.0	0.385	-1.0	0.714	-1.0	-1.0	0.0	-1.0	-1.0	-1.0	1.0	-1.0	-1.0	0.25	1.0	1.0	-1.0	-1.0	-1.0	-1.0	0.875	-1.0	-1.0	-1.0	-1.0	0.088	0.0	0.0	0.149	0.0	0.562	0.0	0.0	0.775	0.0	-1.0	0.375	0.533	-1.0	-1.0	0.294	0.593	1.0	-1.0	0.0	-1.0	1.0	-1.0	0.909	0.0	0.862	0.6	-1.0	0.485	0.632	-1.0	0.0	-1.0	1.0	-1.0	-1.0	0.085	-1.0	0.0	0.033	-1.0	0.0	0.163	-1.0	-1.0	-1.0	-1.0	0.862	0.0	-1.0	1.0	0.143	-1.0	1.0	0.0	0.35	-1.0	0.318	-1.0	-1.0	0.65	-1.0	-1.0	1.0	-1.0	1.0	-1.0	-1.0	-1.0	-1.0	-1.0	-1.0	0.037	0.171	0.438	1.0	0.85	1.0	0.158	0.328	-1.0	0.536	0.885	-1.0	0.0	1.0	1.0	0.821	-1.0	-1.0	0.0	0.0	0.0	-1.0	1.0	0.68	-1.0	-1.0	-1.0	-1.0	-1.0	0.0	1.0	-1.0	0.381	0.107	0.095	-1.0	-1.0	-1.0	0.312	0.0	-1.0	0.059	0.323	0.7	1.0	0.538	0.667	-1.0	-1.0	-1.0	-1.0	-1.0	0.471	-1.0	0.0	-1.0	0.885	-1.0	-1.0	-1.0	0.0	0.294	0.333	-1.0	0.0	0.325	-1.0	-1.0	-1.0	-1.0	0.78	0.273	0.387	-1.0	0.58	0.643	1.0	-1.0	-1.0	0.619	0.463	-1.0	-1.0	1.0	1.0	-1.0	-1.0	-1.0	0.0	-1.0
gnl|Prokka|GCF_001314995.1_1|5855619|G	-1.0	-1.0	1.0	-1.0	0.0	-1.0	-1.0	0.0	-1.0	0.0	-1.0	-1.0	0.4	-1.0	-1.0	-1.0	0.0	-1.0	-1.0	0.364	0.0	0.167	-1.0	-1.0	-1.0	0.0	0.0	-1.0	-1.0	-1.0	-1.0	0.877	-1.0	-1.0	0.0	0.789	0.185	0.0	-1.0	0.404	0.875	-1.0	-1.0	0.0	-1.0	-1.0	0.75	0.593	0.0	-1.0	1.0	-1.0	0.0	-1.0	0.0	0.839	0.091	0.556	-1.0	0.765	0.0	0.286	0.0	-1.0	0.0	-1.0	-1.0	0.882	-1.0	1.0	0.927	-1.0	1.0	0.171	-1.0	-1.0	-1.0	-1.0	0.25	0.812	0.375	0.444	0.86	-1.0	0.174	1.0	0.634	-1.0	0.529	-1.0	-1.0	0.136	-1.0	-1.0	0.0	-1.0	-1.0	-1.0	-1.0	-1.0	1.0	-1.0	-1.0	1.0	0.841	0.3	0.0	0.234	0.0	0.273	0.75	-1.0	0.457	0.0	-1.0	1.0	0.0	0.308	0.122	-1.0	0.0	0.598	-1.0	1.0	-1.0	0.0	0.333	-1.0	-1.0	-1.0	-1.0	-1.0	1.0	0.0	-1.0	0.0	0.935	0.852	-1.0	0.0	-1.0	0.644	0.286	-1.0	1.0	0.571	0.0	0.0	0.632	0.261	-1.0	-1.0	-1.0	-1.0	-1.0	0.0	-1.0	0.0	-1.0	0.158	0.0	-1.0	-1.0	-1.0	0.0	-1.0	-1.0	0.0	0.648	-1.0	-1.0	-1.0	-1.0	0.333	0.727	0.333	0.0	0.402	0.184	0.0	-1.0	-1.0	0.083	0.44	-1.0	-1.0	0.0	0.0	-1.0	-1.0	-1.0	0.0	-1.0
gnl|Prokka|GCF_001314995.1_1|5908167|C	-1.0	-1.0	0.467	-1.0	0.0	-1.0	-1.0	0.0	-1.0	0.0	-1.0	-1.0	0.0	-1.0	-1.0	-1.0	0.0	-1.0	-1.0	0.812	1.0	1.0	-1.0	-1.0	-1.0	1.0	0.244	-1.0	-1.0	-1.0	-1.0	0.122	-1.0	1.0	0.348	0.0	0.25	0.0	0.556	0.826	0.25	-1.0	0.0	1.0	-1.0	-1.0	0.0	0.0	1.0	-1.0	1.0	-1.0	0.364	-1.0	0.0	0.217	0.19	0.0	-1.0	0.0	0.857	0.0	0.0	-1.0	1.0	-1.0	-1.0	0.273	-1.0	-1.0	0.08	-1.0	0.0	0.514	-1.0	-1.0	-1.0	-1.0	0.0	1.0	-1.0	0.8	0.171	-1.0	0.312	0.887	0.436	-1.0	0.0	-1.0	-1.0	0.0	-1.0	-1.0	1.0	-1.0	0.0	-1.0	-1.0	-1.0	0.0	-1.0	-1.0	0.0	0.309	0.0	1.0	0.865	1.0	-1.0	0.462	-1.0	0.6	0.667	-1.0	0.906	0.968	1.0	0.0	-1.0	1.0	0.855	0.333	0.673	-1.0	0.0	0.76	-1.0	-1.0	-1.0	-1.0	-1.0	0.571	0.0	-1.0	0.0	0.176	0.0	-1.0	0.0	-1.0	0.408	0.692	-1.0	0.0	-1.0	0.857	1.0	0.429	0.765	-1.0	-1.0	-1.0	-1.0	-1.0	0.808	1.0	0.0	-1.0	0.897	-1.0	-1.0	-1.0	0.545	0.0	0.0	-1.0	0.0	0.371	-1.0	-1.0	-1.0	-1.0	1.0	0.65	0.852	0.0	0.544	0.235	0.333	-1.0	-1.0	0.167	0.572	-1.0	-1.0	1.0	0.971	-1.0	-1.0	-1.0	0.0	-1.0
gnl|Prokka|GCF_001314995.1_1|5917300|G	-1.0	-1.0	0.0	-1.0	0.0	-1.0	-1.0	0.429	-1.0	0.0	-1.0	-1.0	0.0	-1.0	-1.0	-1.0	0.0	-1.0	-1.0	0.286	1.0	0.786	-1.0	-1.0	-1.0	-1.0	0.333	-1.0	-1.0	-1.0	-1.0	0.19	-1.0	1.0	0.231	0.0	0.0	0.0	-1.0	0.787	0.229	-1.0	0.0	1.0	-1.0	-1.0	-1.0	0.0	1.0	-1.0	0.0	-1.0	0.438	-1.0	0.0	0.088	0.41	0.0	-1.0	0.0	0.8	0.25	0.0	-1.0	1.0	-1.0	-1.0	0.222	-1.0	-1.0	0.0	-1.0	0.0	0.591	-1.0	-1.0	-1.0	0.0	0.0	-1.0	-1.0	1.0	0.425	-1.0	0.316	0.817	0.514	-1.0	0.333	-1.0	-1.0	0.0	-1.0	-1.0	0.156	-1.0	0.0	-1.0	-1.0	-1.0	0.0	-1.0	-1.0	0.041	0.173	0.0	1.0	0.897	1.0	0.429	0.516	-1.0	0.541	0.706	-1.0	0.833	1.0	1.0	0.944	-1.0	1.0	0.684	0.0	0.758	-1.0	1.0	0.719	-1.0	-1.0	-1.0	-1.0	-1.0	0.0	0.294	-1.0	0.0	0.375	0.0	-1.0	0.0	-1.0	0.474	-1.0	-1.0	0.0	0.421	0.769	1.0	0.389	0.211	-1.0	-1.0	-1.0	-1.0	-1.0	0.714	1.0	-1.0	-1.0	0.932	1.0	-1.0	-1.0	1.0	0.421	0.0	-1.0	0.0	0.0	-1.0	-1.0	-1.0	-1.0	1.0	0.556	0.789	0.0	0.0	0.25	0.4	-1.0	-1.0	0.14	0.651	-1.0	-1.0	1.0	0.983	-1.0	-1.0	-1.0	0.211	-1.0
gnl|Prokka|GCF_001314995.1_1|6024439|C	-1.0	-1.0	0.0	-1.0	1.0	-1.0	-1.0	0.0	-1.0	1.0	-1.0	-1.0	-1.0	-1.0	-1.0	-1.0	0.375	-1.0	-1.0	0.0	0.0	1.0	-1.0	-1.0	-1.0	-1.0	0.208	-1.0	-1.0	-1.0	-1.0	0.0	0.0	0.0	0.333	0.333	0.786	0.268	0.3	0.644	1.0	-1.0	0.0	-1.0	-1.0	-1.0	0.19	0.387	1.0	-1.0	0.0	-1.0	0.786	-1.0	0.843	0.115	0.323	0.474	-1.0	0.361	0.0	-1.0	1.0	-1.0	0.0	-1.0	-1.0	0.125	-1.0	-1.0	0.0	-1.0	0.0	0.488	-1.0	-1.0	-1.0	-1.0	0.927	0.0	0.0	0.0	0.0	-1.0	0.0	0.146	0.469	-1.0	0.25	-1.0	-1.0	0.647	-1.0	-1.0	0.842	-1.0	0.0	-1.0	-1.0	-1.0	0.2	-1.0	-1.0	0.0	0.0	1.0	0.0	0.019	1.0	-1.0	0.429	-1.0	0.478	1.0	-1.0	0.0	1.0	0.571	0.826	-1.0	0.6	0.0	1.0	0.324	-1.0	1.0	0.0	-1.0	-1.0	-1.0	-1.0	-1.0	0.0	0.0	-1.0	0.381	0.058	0.044	-1.0	1.0	-1.0	0.0	0.0	-1.0	0.0	0.0	0.0	0.244	-1.0	0.25	-1.0	-1.0	-1.0	-1.0	-1.0	0.44	-1.0	-1.0	-1.0	0.0	-1.0	-1.0	-1.0	0.0	0.375	0.0	-1.0	0.375	0.189	-1.0	-1.0	-1.0	-1.0	0.593	1.0	0.0	0.0	0.586	0.682	0.733	-1.0	-1.0	0.722	0.588	-1.0	-1.0	0.0	0.125	-1.0	-1.0	-1.0	0.0	-1.0
gnl|Prokka|GCF_001314995.1_1|6047589|G	-1.0	-1.0	0.4	-1.0	0.0	-1.0	-1.0	0.0	-1.0	0.0	-1.0	-1.0	1.0	-1.0	-1.0	-1.0	1.0	-1.0	-1.0	1.0	0.0	1.0	-1.0	-1.0	-1.0	-1.0	1.0	-1.0	-1.0	-1.0	-1.0	0.0	0.0	1.0	0.157	0.0	0.0	0.0	0.0	1.0	0.182	-1.0	-1.0	1.0	-1.0	-1.0	0.231	0.0	0.978	-1.0	0.769	-1.0	0.571	-1.0	0.75	0.156	0.389	0.0	-1.0	0.32	0.0	0.0	0.0	-1.0	0.0	-1.0	-1.0	0.091	-1.0	-1.0	0.061	-1.0	0.0	0.346	-1.0	-1.0	-1.0	0.0	0.0	1.0	-1.0	0.429	0.0	-1.0	1.0	0.758	0.328	-1.0	0.0	-1.0	-1.0	0.0	-1.0	-1.0	1.0	-1.0	0.0	-1.0	-1.0	-1.0	0.0	-1.0	-1.0	0.0	0.098	0.0	0.0	0.143	1.0	0.4	0.326	-1.0	-1.0	0.545	-1.0	0.646	1.0	1.0	0.84	-1.0	0.667	0.557	-1.0	0.538	-1.0	1.0	0.0	-1.0	-1.0	-1.0	-1.0	-1.0	0.0	1.0	-1.0	0.0	1.0	0.0	-1.0	0.0	-1.0	0.0	0.0	-1.0	0.0	0.0	0.083	0.0	0.812	0.0	-1.0	-1.0	-1.0	-1.0	-1.0	0.103	-1.0	0.0	-1.0	0.129	1.0	-1.0	-1.0	-1.0	0.0	0.0	-1.0	0.0	0.44	-1.0	-1.0	-1.0	-1.0	0.588	0.192	0.0	0.0	0.36	0.082	0.208	-1.0	-1.0	0.0	0.459	-1.0	-1.0	0.0	0.105	-1.0	-1.0	-1.0	1.0	-1.0
gnl|Prokka|GCF_001314995.1_1|6048794|A	-1.0	-1.0	1.0	-1.0	0.0	-1.0	-1.0	0.0	-1.0	0.0	-1.0	-1.0	1.0	-1.0	-1.0	-1.0	1.0	-1.0	-1.0	1.0	0.0	1.0	-1.0	-1.0	-1.0	1.0	1.0	-1.0	-1.0	-1.0	-1.0	0.158	-1.0	1.0	0.255	0.0	0.214	0.0	1.0	1.0	1.0	-1.0	-1.0	1.0	-1.0	-1.0	0.357	0.0	0.978	-1.0	1.0	-1.0	0.0	-1.0	0.867	0.143	0.429	0.0	-1.0	0.536	0.0	0.364	0.0	-1.0	0.0	-1.0	-1.0	0.0	-1.0	0.0	0.064	-1.0	0.0	0.591	-1.0	-1.0	-1.0	0.308	0.0	1.0	-1.0	-1.0	0.0	-1.0	1.0	0.938	0.431	-1.0	0.357	-1.0	-1.0	0.0	-1.0	-1.0	1.0	-1.0	0.0	-1.0	-1.0	-1.0	0.231	-1.0	-1.0	0.0	0.22	0.7	0.0	0.0	1.0	1.0	0.476	-1.0	0.667	0.85	-1.0	1.0	1.0	1.0	1.0	-1.0	-1.0	0.805	-1.0	1.0	-1.0	1.0	0.0	-1.0	-1.0	-1.0	-1.0	-1.0	-1.0	1.0	-1.0	0.0	0.6	0.0	-1.0	0.0	-1.0	0.0	0.0	-1.0	0.0	0.0	0.088	0.167	0.533	0.231	-1.0	-1.0	-1.0	-1.0	-1.0	0.161	0.714	-1.0	-1.0	0.0	-1.0	-1.0	-1.0	0.0	0.667	-1.0	-1.0	0.0	0.621	-1.0	-1.0	-1.0	-1.0	1.0	0.357	0.0	0.0	0.6	0.244	0.769	-1.0	-1.0	0.0	0.963	-1.0	-1.0	0.0	0.149	-1.0	-1.0	-1.0	-1.0	-1.0
gnl|Prokka|GCF_001314995.1_1|6048819|G	-1.0	-1.0	0.68	-1.0	0.0	-1.0	-1.0	0.0	-1.0	0.0	-1.0	-1.0	-1.0	-1.0	-1.0	-1.0	1.0	-1.0	-1.0	1.0	0.0	1.0	-1.0	-1.0	-1.0	1.0	1.0	-1.0	-1.0	-1.0	-1.0	0.136	-1.0	1.0	0.347	0.0	0.188	0.0	1.0	0.926	1.0	-1.0	-1.0	1.0	-1.0	-1.0	0.467	0.0	0.981	-1.0	1.0	-1.0	0.0	-1.0	0.884	0.16	0.345	0.0	-1.0	0.385	0.0	0.0	0.0	-1.0	0.0	-1.0	-1.0	0.0	-1.0	0.0	0.056	-1.0	0.0	-1.0	-1.0	-1.0	-1.0	0.333	0.0	1.0	-1.0	0.0	0.0	-1.0	1.0	0.952	0.425	-1.0	0.375	-1.0	-1.0	0.0	-1.0	-1.0	1.0	-1.0	0.0	-1.0	-1.0	-1.0	0.25	-1.0	-1.0	0.0	0.175	1.0	0.0	0.0	1.0	1.0	0.562	-1.0	0.696	0.778	-1.0	1.0	1.0	1.0	1.0	-1.0	1.0	0.741	-1.0	1.0	-1.0	1.0	0.0	-1.0	-1.0	-1.0	-1.0	-1.0	0.571	1.0	-1.0	0.0	0.375	0.0	-1.0	0.0	-1.0	0.0	0.0	-1.0	0.125	0.0	0.058	0.189	0.571	0.0	-1.0	-1.0	-1.0	-1.0	-1.0	0.214	0.786	0.0	-1.0	0.0	-1.0	-1.0	-1.0	0.0	0.556	-1.0	-1.0	0.143	0.733	-1.0	-1.0	-1.0	-1.0	1.0	0.0	0.0	0.0	0.602	0.2	0.714	-1.0	-1.0	0.0	0.854	-1.0	-1.0	0.0	0.144	-1.0	-1.0	-1.0	0.571	-1.0
gnl|Prokka|GCF_001314995.1_1|6048888|A	-1.0	-1.0	0.438	-1.0	0.0	-1.0	-1.0	-1.0	-1.0	0.0	-1.0	-1.0	1.0	-1.0	-1.0	-1.0	1.0	-1.0	-1.0	1.0	0.0	1.0	-1.0	-1.0	-1.0	1.0	1.0	-1.0	-1.0	-1.0	-1.0	0.154	-1.0	1.0	0.405	0.0	0.263	0.0	1.0	0.869	1.0	-1.0	-1.0	1.0	-1.0	-1.0	0.412	0.0	0.969	-1.0	1.0	-1.0	0.308	-1.0	0.875	0.172	0.448	0.0	-1.0	0.4	0.0	0.0	0.0	-1.0	0.0	-1.0	-1.0	0.0	-1.0	0.0	0.063	-1.0	0.0	-1.0	-1.0	-1.0	-1.0	-1.0	0.0	1.0	0.0	0.0	0.0	-1.0	1.0	0.909	0.379	-1.0	0.273	-1.0	-1.0	0.0	-1.0	-1.0	1.0	-1.0	0.0	-1.0	-1.0	-1.0	0.0	-1.0	-1.0	0.0	0.134	1.0	0.0	0.0	1.0	1.0	0.54	-1.0	0.696	0.812	-1.0	0.8	1.0	1.0	0.88	-1.0	1.0	0.679	0.0	0.788	-1.0	1.0	0.0	-1.0	-1.0	-1.0	-1.0	-1.0	-1.0	1.0	-1.0	0.0	0.152	-1.0	-1.0	0.273	-1.0	0.0	0.0	-1.0	0.0	0.0	0.111	0.225	0.467	0.0	-1.0	-1.0	-1.0	-1.0	-1.0	0.13	0.556	-1.0	-1.0	0.0	-1.0	-1.0	-1.0	0.0	0.429	-1.0	-1.0	0.185	0.655	-1.0	-1.0	-1.0	-1.0	1.0	0.0	0.0	0.0	0.598	0.25	0.6	-1.0	-1.0	0.0	0.689	-1.0	-1.0	0.0	0.144	-1.0	-1.0	-1.0	0.158	-1.0
gnl|Prokka|GCF_001314995.1_1|6131671|T	-1.0	-1.0	0.421	-1.0	1.0	-1.0	-1.0	1.0	-1.0	0.647	-1.0	-1.0	0.375	-1.0	-1.0	-1.0	1.0	-1.0	-1.0	0.4	0.0	1.0	-1.0	-1.0	-1.0	-1.0	0.661	-1.0	-1.0	-1.0	-1.0	0.041	0.0	1.0	1.0	0.0	1.0	0.426	0.0	0.667	0.0	-1.0	-1.0	1.0	-1.0	-1.0	0.364	1.0	1.0	-1.0	0.0	-1.0	1.0	-1.0	0.878	0.0	0.535	0.0	-1.0	1.0	0.429	0.0	1.0	-1.0	0.0	-1.0	-1.0	0.106	-1.0	-1.0	0.0	-1.0	0.25	0.0	-1.0	-1.0	-1.0	-1.0	0.0	-1.0	0.0	-1.0	0.0	-1.0	0.771	1.0	0.419	-1.0	0.259	-1.0	-1.0	0.0	-1.0	-1.0	0.0	-1.0	0.0	-1.0	-1.0	-1.0	0.231	-1.0	-1.0	0.391	0.891	1.0	0.0	0.125	0.263	-1.0	1.0	-1.0	0.727	1.0	-1.0	0.0	0.0	0.667	0.0	-1.0	1.0	0.0	-1.0	0.309	-1.0	1.0	0.4	-1.0	-1.0	-1.0	-1.0	-1.0	-1.0	0.0	-1.0	0.0	0.117	0.111	-1.0	0.556	-1.0	0.0	0.7	-1.0	0.217	1.0	0.442	0.0	0.0	-1.0	-1.0	-1.0	-1.0	-1.0	-1.0	0.233	1.0	1.0	-1.0	0.0	0.6	-1.0	-1.0	0.0	1.0	0.0	-1.0	0.0	0.0	-1.0	-1.0	-1.0	-1.0	0.718	0.0	0.0	0.0	0.491	0.179	0.824	-1.0	-1.0	0.911	1.0	-1.0	-1.0	0.0	0.308	-1.0	-1.0	-1.0	0.0	-1.0
gnl|Prokka|GCF_001314995.1_1|6176187|T	-1.0	-1.0	0.0	-1.0	0.0	-1.0	-1.0	0.571	-1.0	0.0	-1.0	-1.0	0.0	-1.0	-1.0	-1.0	1.0	-1.0	-1.0	0.0	1.0	1.0	-1.0	-1.0	-1.0	-1.0	0.058	-1.0	-1.0	-1.0	-1.0	0.105	-1.0	0.0	0.667	0.0	0.214	1.0	0.444	1.0	0.125	-1.0	-1.0	0.0	-1.0	-1.0	0.0	0.429	0.958	-1.0	0.306	-1.0	0.0	-1.0	0.855	0.0	0.714	0.0	-1.0	0.588	0.824	0.7	0.944	-1.0	1.0	-1.0	-1.0	0.87	-1.0	0.0	0.953	-1.0	0.625	0.583	-1.0	-1.0	-1.0	-1.0	0.0	1.0	-1.0	-1.0	0.3	-1.0	0.538	0.21	0.412	-1.0	0.0	-1.0	-1.0	0.075	-1.0	-1.0	0.0	-1.0	1.0	-1.0	-1.0	-1.0	1.0	-1.0	-1.0	0.463	0.224	0.571	1.0	1.0	0.906	0.0	0.589	-1.0	0.571	0.733	-1.0	0.306	1.0	0.0	0.122	-1.0	1.0	0.558	-1.0	0.323	-1.0	0.0	1.0	-1.0	-1.0	-1.0	-1.0	-1.0	0.583	0.28	-1.0	0.0	0.855	0.136	-1.0	0.0	-1.0	1.0	1.0	-1.0	0.167	0.588	0.829	0.825	0.0	0.7	-1.0	-1.0	-1.0	-1.0	-1.0	1.0	1.0	1.0	-1.0	1.0	1.0	-1.0	-1.0	1.0	0.235	0.0	-1.0	1.0	0.0	-1.0	-1.0	-1.0	-1.0	0.065	1.0	1.0	0.0	0.0	0.272	0.0	-1.0	-1.0	0.509	0.645	-1.0	-1.0	1.0	0.805	-1.0	-1.0	-1.0	0.0	-1.0
gnl|Prokka|GCF_001314995.1_1|6434896|T	-1.0	-1.0	1.0	-1.0	0.0	-1.0	-1.0	0.0	-1.0	0.0	-1.0	-1.0	0.0	-1.0	-1.0	-1.0	0.636	-1.0	-1.0	1.0	0.0	0.862	-1.0	-1.0	-1.0	1.0	0.0	-1.0	-1.0	-1.0	-1.0	0.0	1.0	1.0	0.256	1.0	0.478	0.0	-1.0	0.619	1.0	-1.0	0.0	-1.0	-1.0	-1.0	1.0	0.0	0.979	-1.0	0.806	-1.0	-1.0	-1.0	0.796	1.0	0.111	1.0	-1.0	0.286	0.0	0.0	0.0	-1.0	0.0	-1.0	-1.0	1.0	-1.0	-1.0	1.0	-1.0	-1.0	0.567	-1.0	-1.0	-1.0	0.0	0.0	0.0	-1.0	-1.0	0.919	-1.0	0.0	1.0	0.948	-1.0	0.542	-1.0	-1.0	0.55	-1.0	-1.0	0.0	-1.0	0.0	-1.0	-1.0	-1.0	1.0	-1.0	-1.0	0.0	0.0	0.0	0.0	0.04	1.0	1.0	0.0	-1.0	0.458	1.0	-1.0	0.565	0.933	-1.0	0.0	-1.0	1.0	0.575	1.0	0.486	-1.0	1.0	0.0	-1.0	-1.0	-1.0	-1.0	-1.0	0.545	1.0	-1.0	0.278	0.0	0.0	-1.0	0.0	-1.0	0.0	-1.0	-1.0	0.107	0.375	0.218	0.0	1.0	0.182	-1.0	-1.0	-1.0	-1.0	-1.0	0.222	0.571	0.0	-1.0	0.0	-1.0	-1.0	-1.0	0.0	0.0	0.0	-1.0	0.0	0.633	-1.0	-1.0	-1.0	-1.0	0.0	0.24	0.457	0.0	0.402	0.462	0.0	-1.0	-1.0	0.628	1.0	-1.0	-1.0	0.0	0.0	-1.0	-1.0	-1.0	1.0	-1.0
gnl|Prokka|GCF_001314995.1_1|6434897|C	-1.0	-1.0	1.0	-1.0	0.0	-1.0	-1.0	0.0	-1.0	0.0	-1.0	-1.0	0.0	-1.0	-1.0	-1.0	0.636	-1.0	-1.0	1.0	0.0	0.862	-1.0	-1.0	-1.0	1.0	0.0	-1.0	-1.0	-1.0	-1.0	0.0	1.0	1.0	0.25	1.0	0.478	0.0	-1.0	0.621	1.0	-1.0	0.0	-1.0	-1.0	-1.0	1.0	0.0	0.979	-1.0	0.781	-1.0	-1.0	-1.0	0.811	1.0	0.118	1.0	-1.0	0.295	0.0	0.0	0.0	-1.0	0.0	-1.0	-1.0	1.0	-1.0	-1.0	1.0	-1.0	-1.0	0.562	-1.0	-1.0	-1.0	0.0	0.0	0.0	-1.0	-1.0	0.919	-1.0	0.0	1.0	0.949	-1.0	0.542	-1.0	-1.0	0.561	-1.0	-1.0	0.0	-1.0	0.0	-1.0	-1.0	-1.0	1.0	-1.0	-1.0	0.0	0.0	0.0	0.0	0.047	1.0	1.0	0.0	-1.0	0.478	1.0	-1.0	0.581	0.939	-1.0	0.0	-1.0	1.0	0.575	1.0	0.455	-1.0	1.0	0.0	-1.0	-1.0	-1.0	-1.0	-1.0	-1.0	1.0	-1.0	0.316	0.0	0.0	-1.0	0.0	-1.0	0.0	-1.0	-1.0	0.089	0.444	0.233	0.0	1.0	0.19	-1.0	-1.0	-1.0	-1.0	-1.0	0.207	0.615	0.0	-1.0	0.0	-1.0	-1.0	-1.0	0.0	0.294	0.0	-1.0	0.0	0.656	-1.0	-1.0	-1.0	-1.0	0.0	0.25	0.441	0.0	0.407	0.446	0.0	-1.0	-1.0	0.644	1.0	-1.0	-1.0	0.0	0.0	-1.0	-1.0	-1.0	1.0	-1.0
gnl|Prokka|GCF_001314995.1_1|6434999|A	-1.0	-1.0	1.0	-1.0	0.0	-1.0	-1.0	0.0	-1.0	0.611	-1.0	-1.0	-1.0	-1.0	-1.0	-1.0	0.429	-1.0	-1.0	0.625	0.0	0.0	-1.0	-1.0	-1.0	0.0	0.0	-1.0	-1.0	-1.0	-1.0	0.027	1.0	-1.0	0.4	1.0	0.462	0.0	-1.0	0.301	1.0	-1.0	0.667	-1.0	-1.0	-1.0	1.0	0.0	0.0	-1.0	1.0	-1.0	0.0	-1.0	1.0	1.0	0.25	1.0	-1.0	1.0	0.0	0.0	0.032	-1.0	0.0	-1.0	-1.0	1.0	-1.0	0.0	1.0	-1.0	0.0	0.585	-1.0	-1.0	-1.0	0.0	0.0	0.87	1.0	0.0	0.905	-1.0	0.0	0.065	0.491	-1.0	0.0	-1.0	-1.0	0.433	-1.0	-1.0	0.72	-1.0	0.0	-1.0	-1.0	-1.0	0.8	-1.0	-1.0	1.0	0.787	0.0	0.0	0.134	0.0	1.0	1.0	-1.0	0.84	1.0	-1.0	0.0	0.0	-1.0	0.081	-1.0	1.0	0.0	1.0	0.576	-1.0	1.0	0.417	-1.0	-1.0	-1.0	-1.0	-1.0	0.0	0.0	-1.0	1.0	1.0	1.0	-1.0	0.0	-1.0	0.706	0.667	-1.0	1.0	0.579	0.25	0.143	-1.0	0.348	-1.0	-1.0	-1.0	-1.0	-1.0	0.16	-1.0	-1.0	-1.0	0.0	-1.0	-1.0	-1.0	0.0	0.529	1.0	-1.0	0.0	1.0	-1.0	-1.0	-1.0	-1.0	0.188	0.667	0.357	-1.0	0.0	0.255	0.0	-1.0	-1.0	0.615	0.461	-1.0	-1.0	0.0	0.018	-1.0	-1.0	-1.0	1.0	-1.0
gnl|Prokka|GCF_001314995.1_1|6438252|A	-1.0	-1.0	0.0	-1.0	0.0	-1.0	-1.0	-1.0	-1.0	0.0	-1.0	-1.0	0.0	-1.0	-1.0	-1.0	0.0	-1.0	-1.0	0.267	1.0	1.0	-1.0	-1.0	-1.0	-1.0	0.938	-1.0	-1.0	-1.0	-1.0	0.15	-1.0	0.0	0.429	0.0	0.0	0.707	1.0	0.741	0.211	-1.0	0.0	1.0	-1.0	-1.0	0.312	0.0	1.0	-1.0	0.238	-1.0	0.385	-1.0	0.0	0.214	0.531	0.0	-1.0	0.0	1.0	0.769	0.0	-1.0	1.0	-1.0	-1.0	0.0	-1.0	-1.0	0.0	-1.0	0.308	0.514	-1.0	-1.0	-1.0	0.571	0.829	0.0	-1.0	0.615	0.25	-1.0	0.429	0.0	0.361	-1.0	0.0	-1.0	-1.0	0.0	-1.0	-1.0	0.0	-1.0	1.0	-1.0	-1.0	-1.0	0.0	-1.0	-1.0	0.034	0.189	0.0	1.0	0.793	1.0	0.0	0.364	-1.0	0.727	0.765	-1.0	0.0	0.932	1.0	0.0	-1.0	1.0	0.591	0.3	0.0	-1.0	0.0	-1.0	-1.0	-1.0	-1.0	-1.0	-1.0	0.0	0.786	-1.0	0.192	0.11	0.0	-1.0	0.0	-1.0	0.321	0.667	-1.0	0.0	0.609	0.662	1.0	0.357	0.286	-1.0	-1.0	-1.0	-1.0	-1.0	0.667	1.0	-1.0	-1.0	1.0	1.0	-1.0	-1.0	-1.0	-1.0	0.0	-1.0	1.0	0.0	-1.0	-1.0	-1.0	-1.0	1.0	-1.0	0.727	0.0	0.454	0.69	0.3	-1.0	-1.0	0.0	0.514	-1.0	-1.0	1.0	1.0	-1.0	-1.0	-1.0	0.0	-1.0
gnl|Prokka|GCF_001314995.1_1|6441234|T	-1.0	-1.0	0.516	-1.0	0.0	-1.0	-1.0	0.556	-1.0	0.0	-1.0	-1.0	-1.0	-1.0	-1.0	-1.0	1.0	-1.0	-1.0	1.0	1.0	1.0	-1.0	-1.0	-1.0	-1.0	0.0	-1.0	-1.0	-1.0	-1.0	0.138	-1.0	-1.0	0.256	0.25	0.0	0.0	0.0	0.802	0.25	-1.0	-1.0	-1.0	-1.0	-1.0	0.429	0.0	1.0	-1.0	0.733	-1.0	0.0	-1.0	0.865	0.0	0.0	0.389	-1.0	0.652	0.692	0.625	0.0	-1.0	1.0	-1.0	-1.0	0.156	-1.0	1.0	0.0	-1.0	0.0	0.618	-1.0	-1.0	-1.0	0.364	0.0	0.0	0.0	0.636	0.246	-1.0	0.0	0.0	0.373	-1.0	0.389	-1.0	-1.0	0.898	-1.0	-1.0	0.0	-1.0	0.8	-1.0	-1.0	-1.0	0.0	-1.0	-1.0	0.0	0.167	0.0	1.0	0.854	1.0	0.444	0.0	-1.0	0.342	0.0	-1.0	0.0	1.0	-1.0	0.0	-1.0	0.0	0.076	0.0	0.0	-1.0	1.0	1.0	-1.0	-1.0	-1.0	-1.0	-1.0	0.0	1.0	-1.0	0.393	0.0	0.0	-1.0	0.0	-1.0	0.311	0.0	-1.0	0.0	0.455	0.698	0.878	0.429	0.45	-1.0	-1.0	-1.0	-1.0	-1.0	0.516	-1.0	0.0	-1.0	0.885	1.0	-1.0	-1.0	-1.0	0.0	0.0	-1.0	0.0	1.0	-1.0	-1.0	-1.0	-1.0	0.0	0.692	0.667	0.0	0.505	0.17	0.267	-1.0	-1.0	0.13	0.559	-1.0	-1.0	1.0	0.961	-1.0	-1.0	-1.0	0.0	-1.0
gnl|Prokka|GCF_001314995.1_1|6442641|G	-1.0	-1.0	1.0	-1.0	0.615	-1.0	-1.0	1.0	-1.0	0.667	-1.0	-1.0	0.0	-1.0	-1.0	-1.0	1.0	-1.0	-1.0	1.0	0.0	1.0	-1.0	-1.0	-1.0	1.0	1.0	-1.0	-1.0	-1.0	-1.0	0.899	-1.0	0.667	0.63	0.176	0.538	0.493	0.0	1.0	1.0	-1.0	0.0	-1.0	-1.0	-1.0	0.333	1.0	0.964	-1.0	0.773	-1.0	-1.0	-1.0	0.828	0.0	0.535	0.0	-1.0	0.476	0.25	0.0	0.973	-1.0	0.0	-1.0	-1.0	0.685	-1.0	1.0	1.0	-1.0	0.391	0.318	-1.0	-1.0	-1.0	-1.0	0.0	0.786	0.0	0.0	0.0	-1.0	0.368	0.0	0.455	-1.0	1.0	-1.0	-1.0	0.725	-1.0	-1.0	0.0	-1.0	0.0	-1.0	-1.0	-1.0	1.0	-1.0	-1.0	0.411	0.0	1.0	0.0	0.185	1.0	0.444	0.0	-1.0	0.864	0.786	-1.0	0.0	1.0	-1.0	0.965	-1.0	1.0	0.444	-1.0	0.319	-1.0	1.0	0.0	-1.0	-1.0	-1.0	-1.0	-1.0	0.571	0.0	-1.0	0.0	1.0	0.127	-1.0	1.0	-1.0	0.686	-1.0	-1.0	1.0	0.0	0.0	0.0	0.4	0.556	-1.0	-1.0	-1.0	-1.0	-1.0	0.15	0.667	0.0	-1.0	0.0	-1.0	-1.0	-1.0	0.0	0.538	1.0	-1.0	0.8	0.4	-1.0	-1.0	-1.0	-1.0	0.0	1.0	0.417	0.0	1.0	0.221	0.706	-1.0	-1.0	0.6	1.0	-1.0	-1.0	0.0	0.0	-1.0	-1.0	-1.0	0.0	-1.0
gnl|Prokka|GCF_001314995.1_1|6445312|G	-1.0	-1.0	1.0	-1.0	0.214	-1.0	-1.0	0.0	-1.0	0.0	-1.0	-1.0	0.0	-1.0	-1.0	-1.0	1.0	-1.0	-1.0	1.0	0.0	0.182	-1.0	-1.0	-1.0	0.0	0.308	-1.0	-1.0	-1.0	-1.0	0.044	1.0	0.625	0.34	1.0	0.364	1.0	0.0	0.0	0.658	-1.0	0.0	1.0	-1.0	-1.0	-1.0	0.0	0.0	-1.0	1.0	-1.0	1.0	-1.0	1.0	-1.0	0.406	-1.0	-1.0	1.0	0.0	0.0	1.0	-1.0	0.0	-1.0	-1.0	1.0	-1.0	-1.0	1.0	-1.0	0.0	0.0	-1.0	-1.0	-1.0	0.0	0.0	0.0	-1.0	0.0	0.0	-1.0	0.474	1.0	0.0	-1.0	0.2	-1.0	-1.0	1.0	-1.0	-1.0	0.852	-1.0	0.0	-1.0	-1.0	-1.0	1.0	-1.0	-1.0	0.685	0.831	0.636	0.0	0.0	0.093	0.0	1.0	-1.0	0.76	1.0	-1.0	0.824	0.0	1.0	0.137	-1.0	-1.0	1.0	1.0	1.0	-1.0	1.0	0.292	-1.0	-1.0	-1.0	-1.0	-1.0	0.0	1.0	-1.0	-1.0	0.087	0.889	-1.0	0.0	-1.0	0.0	0.0	-1.0	0.18	0.588	0.128	0.0	-1.0	0.0	-1.0	-1.0	-1.0	-1.0	-1.0	0.389	0.429	1.0	-1.0	0.0	0.0	-1.0	-1.0	-1.0	0.0	0.0	-1.0	0.684	1.0	-1.0	-1.0	-1.0	-1.0	0.689	0.536	0.485	-1.0	0.0	0.085	0.208	-1.0	-1.0	1.0	0.447	-1.0	-1.0	0.0	0.125	-1.0	-1.0	-1.0	-1.0	-1.0
gnl|Prokka|GCF_014131755.1_1|32215|T	0.0	0.0	-1.0	-1.0	-1.0	0.0	-1.0	1.0	-1.0	-1.0	-1.0	-1.0	-1.0	-1.0	-1.0	-1.0	0.0	-1.0	1.0	-1.0	-1.0	-1.0	0.0	-1.0	-1.0	-1.0	-1.0	-1.0	-1.0	-1.0	0.0	1.0	0.0	-1.0	1.0	1.0	0.0	-1.0	-1.0	0.037	1.0	1.0	-1.0	-1.0	0.2	0.0	1.0	0.0	1.0	-1.0	-1.0	0.333	-1.0	-1.0	1.0	1.0	0.333	1.0	1.0	0.261	1.0	-1.0	1.0	1.0	-1.0	0.214	1.0	1.0	1.0	-1.0	0.0	-1.0	1.0	0.0	0.0	0.842	-1.0	-1.0	0.857	0.15	-1.0	0.0	0.099	1.0	0.0	1.0	0.0	-1.0	0.0	0.0	-1.0	0.0	-1.0	-1.0	1.0	-1.0	0.0	-1.0	-1.0	0.0	0.0	-1.0	1.0	-1.0	0.0	-1.0	1.0	1.0	1.0	0.0	0.0	0.0	-1.0	0.0	-1.0	0.0	-1.0	0.0	1.0	0.0	1.0	1.0	-1.0	1.0	0.0	1.0	1.0	-1.0	-1.0	-1.0	-1.0	-1.0	-1.0	0.0	-1.0	1.0	0.0	0.583	1.0	0.0	1.0	-1.0	-1.0	-1.0	0.0	0.0	1.0	0.781	-1.0	0.0	0.0	0.286	-1.0	1.0	-1.0	0.0	1.0	-1.0	-1.0	0.0	-1.0	-1.0	-1.0	-1.0	-1.0	-1.0	-1.0	0.0	0.0	-1.0	-1.0	-1.0	-1.0	0.25	0.0	-1.0	0.0	-1.0	0.577	0.593	0.526	1.0	0.885	-1.0	-1.0	-1.0	-1.0	0.0	-1.0	-1.0	-1.0	0.0	-1.0
gnl|Prokka|GCF_014131755.1_1|43200|C	1.0	-1.0	-1.0	-1.0	-1.0	1.0	-1.0	1.0	-1.0	-1.0	-1.0	-1.0	-1.0	-1.0	-1.0	1.0	0.571	-1.0	0.0	-1.0	-1.0	-1.0	-1.0	-1.0	-1.0	-1.0	-1.0	-1.0	-1.0	-1.0	0.0	0.0	1.0	-1.0	0.704	0.0	-1.0	-1.0	-1.0	0.966	0.087	1.0	-1.0	0.0	1.0	1.0	1.0	1.0	0.0	-1.0	-1.0	1.0	-1.0	-1.0	1.0	0.0	1.0	1.0	0.0	0.877	0.0	-1.0	0.0	0.0	-1.0	0.526	0.739	1.0	0.0	-1.0	1.0	-1.0	0.0	1.0	1.0	0.231	-1.0	-1.0	0.0	1.0	-1.0	0.75	1.0	0.0	1.0	0.0	1.0	-1.0	0.0	1.0	-1.0	1.0	-1.0	-1.0	0.188	-1.0	1.0	-1.0	-1.0	0.0	1.0	-1.0	0.0	-1.0	1.0	-1.0	0.205	1.0	0.0	1.0	0.0	1.0	0.0	-1.0	-1.0	1.0	-1.0	0.765	0.0	1.0	0.0	0.0	-1.0	0.0	0.0	0.0	1.0	-1.0	0.0	-1.0	-1.0	-1.0	-1.0	0.0	-1.0	0.0	0.636	0.0	0.0	1.0	0.0	-1.0	-1.0	0.0	1.0	1.0	0.615	0.061	-1.0	1.0	0.0	1.0	-1.0	1.0	-1.0	0.583	0.727	-1.0	-1.0	0.0	-1.0	-1.0	-1.0	-1.0	-1.0	0.0	-1.0	1.0	0.0	-1.0	-1.0	-1.0	-1.0	0.0	0.158	-1.0	1.0	-1.0	0.25	0.389	0.0	0.0	0.0	-1.0	-1.0	-1.0	-1.0	0.0	-1.0	-1.0	-1.0	1.0	-1.0
gnl|Prokka|GCF_014131755.1_1|65802|C	0.542	0.0	-1.0	-1.0	-1.0	0.0	-1.0	0.739	-1.0	-1.0	-1.0	-1.0	-1.0	-1.0	-1.0	-1.0	0.667	-1.0	0.0	-1.0	-1.0	-1.0	-1.0	-1.0	-1.0	0.0	-1.0	-1.0	-1.0	-1.0	1.0	1.0	0.0	-1.0	0.148	0.0	-1.0	0.571	-1.0	1.0	0.0	1.0	-1.0	0.0	1.0	0.0	1.0	0.062	1.0	-1.0	-1.0	0.25	-1.0	-1.0	1.0	0.0	1.0	1.0	0.75	0.0	0.0	-1.0	1.0	0.0	-1.0	0.0	1.0	1.0	0.3	-1.0	1.0	-1.0	0.333	1.0	1.0	0.0	-1.0	-1.0	1.0	0.0	-1.0	0.0	0.2	1.0	0.0	0.0	0.0	-1.0	0.0	0.0	-1.0	0.0	-1.0	-1.0	0.0	-1.0	0.0	-1.0	-1.0	1.0	1.0	-1.0	1.0	-1.0	0.0	-1.0	0.881	1.0	1.0	0.0	1.0	0.0	1.0	0.0	-1.0	0.0	-1.0	0.0	1.0	0.0	1.0	0.0	-1.0	0.909	1.0	-1.0	0.0	-1.0	0.0	-1.0	-1.0	-1.0	-1.0	0.864	-1.0	0.0	-1.0	0.0	-1.0	0.444	0.0	-1.0	-1.0	0.0	0.6	0.0	1.0	0.583	-1.0	1.0	1.0	0.263	-1.0	1.0	-1.0	0.0	0.444	-1.0	-1.0	1.0	-1.0	-1.0	-1.0	-1.0	-1.0	1.0	-1.0	0.375	0.0	-1.0	-1.0	-1.0	-1.0	1.0	1.0	-1.0	0.0	-1.0	1.0	0.615	0.522	0.0	0.0	-1.0	-1.0	-1.0	-1.0	0.0	-1.0	-1.0	-1.0	1.0	-1.0
gnl|Prokka|GCF_014131755.1_1|107257|T	0.0	0.3	-1.0	-1.0	-1.0	0.0	-1.0	1.0	-1.0	-1.0	0.0	-1.0	-1.0	-1.0	-1.0	-1.0	1.0	-1.0	1.0	-1.0	-1.0	-1.0	-1.0	-1.0	-1.0	0.0	-1.0	-1.0	-1.0	-1.0	1.0	1.0	0.0	-1.0	0.44	1.0	0.0	0.0	-1.0	0.0	0.581	1.0	-1.0	0.0	0.455	0.0	1.0	1.0	1.0	-1.0	-1.0	0.0	0.0	-1.0	1.0	1.0	0.0	0.0	1.0	0.13	0.0	-1.0	0.0	1.0	-1.0	0.273	1.0	0.014	0.364	-1.0	0.0	-1.0	1.0	0.0	0.0	0.0	-1.0	-1.0	1.0	0.0	-1.0	0.0	0.862	1.0	0.0	0.0	0.0	-1.0	0.0	0.0	-1.0	-1.0	-1.0	-1.0	0.4	-1.0	0.0	-1.0	-1.0	-1.0	0.0	-1.0	1.0	-1.0	0.0	-1.0	1.0	0.0	1.0	0.0	1.0	0.0	1.0	-1.0	-1.0	0.353	-1.0	0.0	1.0	0.0	0.0	1.0	-1.0	1.0	1.0	-1.0	1.0	-1.0	0.0	-1.0	-1.0	-1.0	-1.0	0.786	-1.0	0.333	0.0	-1.0	0.0	0.0	0.0	-1.0	-1.0	-1.0	0.0	1.0	1.0	0.867	-1.0	0.0	1.0	0.0	-1.0	1.0	-1.0	1.0	1.0	-1.0	-1.0	1.0	-1.0	-1.0	-1.0	-1.0	-1.0	1.0	-1.0	0.0	0.939	-1.0	-1.0	-1.0	-1.0	1.0	0.786	-1.0	1.0	-1.0	0.783	0.429	0.364	0.0	0.0	-1.0	-1.0	-1.0	-1.0	1.0	-1.0	-1.0	-1.0	0.0	-1.0
gnl|Prokka|GCF_014131755.1_1|153032|C	1.0	-1.0	-1.0	-1.0	-1.0	0.0	-1.0	0.0	-1.0	-1.0	-1.0	-1.0	-1.0	-1.0	-1.0	-1.0	0.0	-1.0	1.0	-1.0	-1.0	-1.0	-1.0	-1.0	-1.0	-1.0	-1.0	-1.0	-1.0	-1.0	0.0	0.0	0.0	-1.0	0.333	1.0	-1.0	1.0	-1.0	0.044	0.538	0.0	-1.0	1.0	1.0	1.0	0.0	1.0	1.0	-1.0	-1.0	0.0	0.0	-1.0	1.0	1.0	0.556	1.0	-1.0	1.0	0.0	-1.0	1.0	1.0	-1.0	1.0	0.296	0.0	1.0	-1.0	1.0	-1.0	0.667	0.0	1.0	0.36	-1.0	-1.0	1.0	0.0	-1.0	0.0	0.0	0.0	0.0	0.0	1.0	-1.0	1.0	-1.0	-1.0	1.0	-1.0	-1.0	1.0	-1.0	0.0	-1.0	-1.0	1.0	0.0	-1.0	0.0	-1.0	0.0	-1.0	0.114	0.0	1.0	0.0	0.0	1.0	1.0	0.0	-1.0	0.583	-1.0	1.0	0.136	0.0	1.0	1.0	-1.0	1.0	0.0	1.0	0.0	-1.0	1.0	-1.0	-1.0	-1.0	-1.0	0.0	-1.0	0.0	1.0	1.0	1.0	0.75	0.0	-1.0	-1.0	-1.0	0.0	1.0	0.231	0.324	-1.0	1.0	0.0	0.0	-1.0	1.0	-1.0	0.0	0.0	-1.0	-1.0	1.0	-1.0	-1.0	-1.0	-1.0	-1.0	-1.0	-1.0	0.256	0.0	-1.0	-1.0	-1.0	-1.0	1.0	0.0	-1.0	0.0	-1.0	1.0	0.0	0.0	1.0	0.0	-1.0	-1.0	-1.0	-1.0	0.0	-1.0	-1.0	-1.0	1.0	-1.0
gnl|Prokka|GCF_014131755.1_1|159957|G	0.524	1.0	-1.0	-1.0	-1.0	0.0	-1.0	0.0	-1.0	-1.0	-1.0	-1.0	-1.0	-1.0	-1.0	-1.0	0.0	-1.0	1.0	-1.0	-1.0	-1.0	1.0	-1.0	-1.0	-1.0	-1.0	-1.0	-1.0	-1.0	0.0	0.273	0.0	-1.0	0.529	0.0	0.0	-1.0	-1.0	0.0	1.0	0.0	-1.0	1.0	1.0	0.0	0.0	1.0	0.0	-1.0	-1.0	-1.0	-1.0	-1.0	1.0	1.0	1.0	0.0	1.0	0.077	1.0	-1.0	0.0	1.0	-1.0	0.333	0.306	0.0	1.0	-1.0	1.0	-1.0	0.333	0.0	1.0	0.6	-1.0	-1.0	0.167	0.241	-1.0	0.214	0.0	0.0	0.0	1.0	0.0	-1.0	1.0	1.0	-1.0	0.0	-1.0	-1.0	1.0	-1.0	0.0	-1.0	-1.0	1.0	0.0	-1.0	1.0	-1.0	0.0	-1.0	0.12	0.0	0.0	1.0	0.0	1.0	1.0	1.0	-1.0	0.375	-1.0	0.0	1.0	0.0	0.0	1.0	-1.0	1.0	0.0	1.0	0.0	-1.0	0.0	0.0	-1.0	-1.0	-1.0	0.0	-1.0	1.0	0.0	1.0	-1.0	-1.0	1.0	-1.0	-1.0	-1.0	0.158	0.0	0.0	0.388	-1.0	0.429	0.0	0.0	-1.0	1.0	-1.0	0.0	0.0	-1.0	-1.0	-1.0	-1.0	-1.0	-1.0	-1.0	-1.0	1.0	-1.0	0.4	0.0	-1.0	-1.0	-1.0	-1.0	1.0	0.0	-1.0	0.0	-1.0	0.278	0.455	-1.0	0.733	0.842	-1.0	-1.0	-1.0	-1.0	0.0	-1.0	-1.0	-1.0	1.0	-1.0
gnl|Prokka|GCF_014131755.1_1|258695|C	0.6	-1.0	-1.0	-1.0	-1.0	0.0	-1.0	1.0	-1.0	-1.0	-1.0	-1.0	-1.0	-1.0	-1.0	-1.0	0.4	-1.0	1.0	-1.0	-1.0	-1.0	-1.0	-1.0	-1.0	-1.0	-1.0	-1.0	-1.0	-1.0	0.0	0.0	1.0	-1.0	0.52	-1.0	1.0	1.0	-1.0	0.047	1.0	1.0	-1.0	1.0	1.0	0.0	1.0	1.0	1.0	-1.0	-1.0	1.0	-1.0	-1.0	1.0	1.0	1.0	1.0	0.273	0.0	1.0	-1.0	0.0	0.0	-1.0	0.0	0.696	1.0	0.333	-1.0	1.0	-1.0	0.533	0.0	1.0	1.0	-1.0	-1.0	1.0	0.0	-1.0	1.0	0.119	0.0	0.0	1.0	0.0	-1.0	1.0	0.0	-1.0	0.0	-1.0	-1.0	1.0	-1.0	1.0	-1.0	-1.0	1.0	0.0	-1.0	0.0	-1.0	1.0	-1.0	0.0	1.0	0.0	0.0	0.0	0.0	0.0	0.0	-1.0	0.0	-1.0	0.0	0.0	1.0	0.0	1.0	-1.0	0.0	0.0	0.75	0.0	-1.0	-1.0	0.0	-1.0	-1.0	-1.0	0.833	-1.0	0.636	0.0	0.0	1.0	0.643	1.0	-1.0	-1.0	1.0	0.0	0.0	1.0	0.465	-1.0	-1.0	0.0	0.0	-1.0	-1.0	-1.0	-1.0	1.0	-1.0	-1.0	0.0	-1.0	-1.0	-1.0	-1.0	-1.0	0.0	-1.0	0.382	0.052	-1.0	-1.0	-1.0	-1.0	0.667	0.0	-1.0	0.0	-1.0	0.786	0.0	0.0	1.0	1.0	-1.0	-1.0	-1.0	-1.0	0.0	-1.0	-1.0	-1.0	1.0	-1.0
gnl|Prokka|GCF_014131755.1_1|438333|A	0.0	-1.0	-1.0	-1.0	-1.0	1.0	-1.0	1.0	-1.0	-1.0	-1.0	-1.0	-1.0	-1.0	-1.0	0.0	-1.0	-1.0	1.0	-1.0	-1.0	-1.0	-1.0	-1.0	-1.0	1.0	-1.0	-1.0	-1.0	-1.0	1.0	1.0	0.892	-1.0	0.667	-1.0	1.0	-1.0	-1.0	1.0	0.535	0.0	-1.0	1.0	0.429	0.0	1.0	0.0	1.0	-1.0	-1.0	1.0	1.0	-1.0	1.0	-1.0	0.0	1.0	1.0	0.0	0.0	-1.0	0.0	0.0	-1.0	0.0	0.206	1.0	0.417	-1.0	0.0	-1.0	0.364	1.0	0.0	0.0	-1.0	-1.0	1.0	0.0	-1.0	0.75	0.151	1.0	0.0	0.0	0.0	-1.0	0.0	0.0	-1.0	0.0	-1.0	-1.0	0.0	-1.0	1.0	-1.0	-1.0	1.0	1.0	-1.0	1.0	-1.0	1.0	-1.0	0.861	1.0	0.0	0.0	1.0	0.0	1.0	0.0	-1.0	0.4	-1.0	0.0	1.0	1.0	0.0	1.0	-1.0	1.0	1.0	0.545	0.0	-1.0	0.0	-1.0	-1.0	-1.0	-1.0	0.0	-1.0	0.0	-1.0	1.0	0.0	0.0	0.0	-1.0	-1.0	0.231	0.0	0.0	0.333	0.902	-1.0	0.0	1.0	0.0	-1.0	0.375	-1.0	0.0	1.0	-1.0	-1.0	1.0	-1.0	-1.0	-1.0	-1.0	-1.0	1.0	-1.0	0.676	1.0	-1.0	-1.0	-1.0	-1.0	1.0	0.0	-1.0	0.0	-1.0	0.545	-1.0	0.25	1.0	0.0	-1.0	-1.0	-1.0	-1.0	0.0	-1.0	-1.0	-1.0	0.0	-1.0
gnl|Prokka|GCF_014131755.1_1|499391|T	1.0	1.0	-1.0	-1.0	-1.0	-1.0	-1.0	0.0	-1.0	-1.0	-1.0	-1.0	-1.0	-1.0	-1.0	1.0	0.0	-1.0	1.0	-1.0	-1.0	-1.0	-1.0	-1.0	-1.0	1.0	-1.0	-1.0	-1.0	-1.0	0.0	0.0	1.0	-1.0	0.0	1.0	-1.0	1.0	-1.0	0.049	0.521	0.0	-1.0	1.0	1.0	1.0	1.0	0.0	1.0	-1.0	-1.0	0.643	1.0	-1.0	1.0	1.0	-1.0	0.0	0.0	0.847	0.0	-1.0	0.0	-1.0	-1.0	0.364	0.0	0.0	0.25	-1.0	1.0	-1.0	0.733	0.0	1.0	0.25	-1.0	-1.0	1.0	0.0	-1.0	1.0	0.0	0.0	0.0	0.0	1.0	-1.0	0.0	-1.0	-1.0	1.0	-1.0	-1.0	0.0	-1.0	1.0	-1.0	-1.0	1.0	0.0	-1.0	0.0	-1.0	1.0	-1.0	0.0	0.0	0.333	1.0	0.0	0.0	1.0	1.0	-1.0	1.0	-1.0	0.0	0.0	1.0	-1.0	1.0	-1.0	1.0	0.0	0.727	1.0	-1.0	0.0	-1.0	-1.0	-1.0	-1.0	0.769	-1.0	0.0	0.0	1.0	1.0	-1.0	0.0	-1.0	-1.0	0.0	0.0	0.0	0.0	0.661	-1.0	1.0	1.0	0.0	-1.0	0.75	-1.0	1.0	1.0	-1.0	-1.0	0.0	-1.0	-1.0	-1.0	-1.0	-1.0	0.0	-1.0	0.31	0.0	-1.0	-1.0	-1.0	-1.0	0.0	0.87	-1.0	0.0	-1.0	0.385	-1.0	0.0	1.0	0.0	-1.0	-1.0	-1.0	-1.0	0.042	-1.0	-1.0	-1.0	1.0	-1.0
gnl|Prokka|GCF_014131755.1_1|509200|A	1.0	1.0	-1.0	-1.0	-1.0	0.0	-1.0	0.0	-1.0	-1.0	0.0	-1.0	-1.0	-1.0	-1.0	0.0	0.556	-1.0	0.0	-1.0	-1.0	-1.0	1.0	-1.0	-1.0	-1.0	-1.0	-1.0	-1.0	-1.0	0.0	0.0	1.0	-1.0	0.0	0.0	-1.0	1.0	-1.0	0.966	0.372	0.0	-1.0	0.0	1.0	1.0	0.0	0.0	0.0	-1.0	-1.0	0.786	1.0	-1.0	0.0	0.0	1.0	1.0	0.0	0.878	1.0	-1.0	0.0	0.0	-1.0	-1.0	0.0	1.0	0.0	-1.0	1.0	-1.0	0.0	1.0	1.0	0.25	-1.0	-1.0	0.0	0.87	-1.0	1.0	0.081	0.0	1.0	0.158	1.0	-1.0	0.0	1.0	-1.0	1.0	-1.0	-1.0	0.0	-1.0	1.0	-1.0	-1.0	1.0	1.0	-1.0	0.0	-1.0	1.0	-1.0	0.0	1.0	1.0	1.0	0.0	1.0	1.0	1.0	-1.0	1.0	-1.0	1.0	0.0	1.0	-1.0	0.0	-1.0	1.0	0.0	-1.0	0.0	-1.0	0.0	-1.0	-1.0	-1.0	-1.0	0.0	-1.0	0.0	-1.0	0.0	1.0	1.0	0.0	-1.0	-1.0	0.0	1.0	1.0	0.0	0.0	-1.0	1.0	0.0	1.0	-1.0	-1.0	-1.0	1.0	0.0	-1.0	-1.0	-1.0	-1.0	-1.0	-1.0	-1.0	-1.0	0.0	-1.0	0.405	0.0	-1.0	-1.0	-1.0	-1.0	0.0	0.174	-1.0	0.0	-1.0	0.217	0.556	0.6	0.0	1.0	-1.0	-1.0	-1.0	-1.0	1.0	-1.0	-1.0	-1.0	1.0	-1.0
gnl|Prokka|GCF_014131755.1_1|622043|C	1.0	-1.0	-1.0	-1.0	-1.0	0.0	-1.0	0.0	-1.0	-1.0	-1.0	-1.0	-1.0	-1.0	-1.0	-1.0	-1.0	-1.0	1.0	-1.0	-1.0	-1.0	1.0	-1.0	-1.0	0.0	-1.0	-1.0	-1.0	-1.0	1.0	0.0	0.0	-1.0	1.0	0.0	-1.0	-1.0	-1.0	0.035	1.0	0.0	-1.0	1.0	0.643	0.0	0.0	1.0	1.0	-1.0	-1.0	0.214	-1.0	-1.0	1.0	1.0	1.0	0.0	1.0	0.833	0.0	-1.0	0.583	1.0	-1.0	1.0	0.0	1.0	0.8	-1.0	1.0	-1.0	1.0	0.0	1.0	0.333	-1.0	-1.0	1.0	0.0	-1.0	0.214	0.097	0.0	0.0	1.0	1.0	-1.0	0.0	0.0	-1.0	1.0	-1.0	-1.0	0.0	-1.0	0.0	-1.0	-1.0	0.0	0.0	-1.0	1.0	-1.0	0.0	-1.0	0.189	1.0	1.0	0.0	1.0	0.0	0.0	0.0	-1.0	0.417	-1.0	0.0	1.0	0.0	-1.0	1.0	-1.0	0.188	1.0	-1.0	0.0	-1.0	0.0	-1.0	-1.0	-1.0	-1.0	0.4	-1.0	0.0	0.0	1.0	-1.0	1.0	0.0	-1.0	-1.0	1.0	0.0	0.0	0.0	0.926	-1.0	1.0	0.0	0.0	-1.0	1.0	-1.0	0.0	1.0	-1.0	-1.0	0.0	-1.0	-1.0	-1.0	-1.0	-1.0	1.0	-1.0	0.393	0.0	-1.0	-1.0	-1.0	-1.0	0.0	0.0	-1.0	0.0	-1.0	0.682	0.658	0.333	1.0	0.846	-1.0	-1.0	-1.0	-1.0	1.0	-1.0	-1.0	-1.0	1.0	-1.0
gnl|Prokka|GCF_014131755.1_1|663378|T	0.0	-1.0	-1.0	-1.0	-1.0	0.0	-1.0	0.0	-1.0	-1.0	-1.0	-1.0	-1.0	-1.0	-1.0	1.0	1.0	-1.0	0.0	-1.0	-1.0	-1.0	-1.0	-1.0	-1.0	-1.0	-1.0	-1.0	-1.0	-1.0	1.0	0.32	1.0	-1.0	0.0	0.0	1.0	0.0	-1.0	0.0	0.324	0.0	-1.0	1.0	0.391	0.0	0.0	1.0	1.0	-1.0	-1.0	1.0	1.0	-1.0	0.0	1.0	0.0	1.0	-1.0	0.047	1.0	-1.0	1.0	0.0	-1.0	0.0	0.287	0.0	0.714	-1.0	0.0	-1.0	0.385	0.0	0.0	0.667	-1.0	-1.0	1.0	0.273	-1.0	1.0	0.0	0.0	0.0	1.0	0.0	-1.0	0.0	1.0	-1.0	0.0	-1.0	-1.0	0.0	-1.0	1.0	-1.0	-1.0	1.0	0.0	-1.0	1.0	-1.0	1.0	-1.0	0.1	0.0	0.0	1.0	1.0	0.0	1.0	1.0	-1.0	0.0	-1.0	0.0	1.0	1.0	-1.0	1.0	-1.0	1.0	0.0	1.0	0.0	-1.0	1.0	0.0	-1.0	-1.0	-1.0	0.0	-1.0	1.0	0.0	0.0	-1.0	0.0	1.0	-1.0	-1.0	0.0	0.0	0.0	1.0	0.508	-1.0	0.0	0.0	0.0	-1.0	0.429	-1.0	1.0	0.625	-1.0	-1.0	1.0	-1.0	-1.0	-1.0	-1.0	-1.0	1.0	-1.0	0.674	1.0	-1.0	-1.0	-1.0	-1.0	1.0	0.0	-1.0	0.0	-1.0	0.0	1.0	0.188	1.0	1.0	-1.0	-1.0	-1.0	-1.0	0.0	-1.0	-1.0	-1.0	0.0	-1.0
gnl|Prokka|GCF_014131755.1_1|683046|C	0.381	-1.0	-1.0	-1.0	-1.0	1.0	-1.0	0.2	-1.0	-1.0	1.0	-1.0	-1.0	-1.0	-1.0	0.0	-1.0	-1.0	1.0	-1.0	-1.0	-1.0	-1.0	-1.0	-1.0	0.0	-1.0	-1.0	-1.0	-1.0	1.0	0.375	0.936	-1.0	0.727	0.0	-1.0	1.0	-1.0	1.0	0.558	0.0	-1.0	1.0	0.6	0.13	0.0	0.0	0.0	-1.0	-1.0	0.412	0.0	-1.0	0.0	1.0	1.0	0.0	1.0	0.196	0.0	-1.0	1.0	1.0	-1.0	0.094	0.263	0.0	1.0	-1.0	1.0	-1.0	1.0	1.0	1.0	0.0	-1.0	-1.0	0.0	0.0	-1.0	0.562	0.0	0.0	0.0	0.0	0.0	-1.0	0.0	0.0	-1.0	0.0	-1.0	-1.0	1.0	-1.0	0.0	-1.0	-1.0	0.0	1.0	-1.0	1.0	-1.0	0.0	-1.0	0.079	0.0	1.0	0.0	1.0	0.0	1.0	0.0	-1.0	0.458	-1.0	1.0	1.0	0.0	1.0	0.0	-1.0	0.806	0.0	1.0	0.0	-1.0	1.0	1.0	-1.0	-1.0	-1.0	0.0	-1.0	0.214	0.0	1.0	1.0	0.467	0.0	-1.0	-1.0	0.667	0.0	0.0	0.0	0.87	-1.0	-1.0	0.0	0.167	-1.0	0.75	-1.0	0.0	0.0	-1.0	-1.0	1.0	-1.0	-1.0	-1.0	-1.0	-1.0	1.0	-1.0	1.0	1.0	-1.0	-1.0	-1.0	-1.0	0.0	0.0	-1.0	0.0	-1.0	0.75	0.526	0.375	1.0	0.0	-1.0	-1.0	-1.0	-1.0	0.0	-1.0	-1.0	-1.0	1.0	-1.0
gnl|Prokka|GCF_014131755.1_1|691082|G	0.429	0.0	-1.0	-1.0	-1.0	0.0	-1.0	1.0	-1.0	-1.0	-1.0	-1.0	-1.0	-1.0	-1.0	-1.0	-1.0	-1.0	0.0	-1.0	-1.0	-1.0	-1.0	-1.0	-1.0	0.0	-1.0	-1.0	-1.0	-1.0	0.0	1.0	0.913	-1.0	0.478	1.0	0.0	-1.0	-1.0	1.0	0.343	1.0	-1.0	0.0	0.571	0.0	1.0	0.0	0.0	-1.0	-1.0	0.375	0.0	-1.0	1.0	0.0	1.0	1.0	1.0	0.045	1.0	-1.0	0.0	0.0	-1.0	0.0	0.825	0.0	1.0	-1.0	1.0	-1.0	1.0	1.0	1.0	1.0	-1.0	-1.0	0.0	0.212	-1.0	0.688	0.0	1.0	0.0	1.0	0.0	-1.0	0.0	0.0	-1.0	0.0	-1.0	-1.0	1.0	-1.0	0.0	-1.0	-1.0	0.0	1.0	-1.0	1.0	-1.0	0.0	-1.0	1.0	0.0	0.0	0.0	0.0	0.0	0.0	0.0	-1.0	0.44	-1.0	1.0	0.786	0.0	0.0	0.0	-1.0	0.0	1.0	0.429	1.0	-1.0	0.0	-1.0	-1.0	-1.0	-1.0	0.0	-1.0	1.0	0.0	1.0	1.0	-1.0	1.0	-1.0	-1.0	0.571	0.2	0.0	0.765	0.771	-1.0	1.0	1.0	0.0	-1.0	0.75	-1.0	0.375	1.0	-1.0	-1.0	0.0	-1.0	-1.0	-1.0	-1.0	-1.0	1.0	-1.0	1.0	0.063	-1.0	-1.0	-1.0	-1.0	1.0	1.0	-1.0	0.0	-1.0	0.72	0.467	0.444	0.0	0.917	-1.0	-1.0	-1.0	-1.0	0.0	-1.0	-1.0	-1.0	1.0	-1.0
gnl|Prokka|GCF_014131755.1_1|697024|A	0.478	1.0	-1.0	-1.0	-1.0	1.0	-1.0	0.0	-1.0	-1.0	-1.0	-1.0	-1.0	-1.0	-1.0	0.0	-1.0	-1.0	1.0	-1.0	-1.0	-1.0	-1.0	-1.0	-1.0	1.0	-1.0	-1.0	-1.0	-1.0	1.0	0.0	1.0	-1.0	0.429	1.0	1.0	1.0	-1.0	0.039	0.769	0.0	-1.0	0.0	0.733	0.0	0.0	1.0	1.0	-1.0	-1.0	0.692	-1.0	-1.0	0.0	1.0	1.0	0.0	0.0	0.214	0.0	-1.0	1.0	1.0	-1.0	0.545	0.306	1.0	0.0	-1.0	1.0	-1.0	0.0	0.0	1.0	0.0	-1.0	-1.0	1.0	0.0	-1.0	1.0	0.122	0.0	0.0	0.0	0.0	-1.0	1.0	1.0	-1.0	-1.0	-1.0	-1.0	0.0	-1.0	1.0	-1.0	-1.0	1.0	0.0	-1.0	0.0	-1.0	1.0	-1.0	0.912	1.0	1.0	1.0	1.0	0.0	1.0	1.0	-1.0	0.0	-1.0	1.0	0.0	1.0	1.0	1.0	-1.0	1.0	0.0	-1.0	0.0	-1.0	1.0	-1.0	-1.0	-1.0	-1.0	0.0	-1.0	0.0	0.0	0.0	0.0	0.0	0.0	-1.0	-1.0	0.375	0.286	0.0	1.0	0.284	-1.0	1.0	0.0	0.0	-1.0	1.0	-1.0	1.0	0.0	-1.0	-1.0	1.0	-1.0	-1.0	-1.0	-1.0	-1.0	0.0	-1.0	1.0	0.914	-1.0	-1.0	-1.0	-1.0	0.0	0.0	-1.0	0.0	-1.0	0.0	0.391	0.0	0.0	0.0	-1.0	-1.0	-1.0	-1.0	0.0	-1.0	-1.0	-1.0	1.0	-1.0
gnl|Prokka|GCF_014131755.1_1|707503|T	0.4	-1.0	-1.0	-1.0	-1.0	1.0	-1.0	1.0	-1.0	-1.0	0.0	-1.0	-1.0	-1.0	-1.0	-1.0	-1.0	-1.0	1.0	-1.0	-1.0	-1.0	-1.0	-1.0	-1.0	-1.0	-1.0	-1.0	-1.0	-1.0	0.0	1.0	0.897	-1.0	0.56	0.0	0.0	1.0	-1.0	0.0	0.6	1.0	-1.0	0.0	0.706	0.0	1.0	1.0	0.0	-1.0	-1.0	0.333	-1.0	-1.0	1.0	1.0	1.0	0.0	1.0	0.0	0.0	-1.0	-1.0	0.0	-1.0	0.545	0.729	1.0	1.0	-1.0	1.0	-1.0	1.0	0.0	1.0	0.0	-1.0	-1.0	0.0	0.381	-1.0	1.0	0.125	1.0	0.0	0.0	0.0	-1.0	0.0	0.0	-1.0	0.0	-1.0	-1.0	1.0	-1.0	0.0	-1.0	-1.0	0.0	0.0	-1.0	1.0	-1.0	0.0	-1.0	0.923	1.0	1.0	0.0	0.0	0.0	0.0	0.0	-1.0	0.0	-1.0	0.0	1.0	0.0	1.0	1.0	-1.0	0.0	1.0	1.0	0.0	-1.0	0.0	-1.0	-1.0	-1.0	-1.0	1.0	-1.0	0.556	0.0	1.0	1.0	0.25	0.0	-1.0	-1.0	1.0	0.0	0.0	0.0	0.542	-1.0	1.0	1.0	0.0	-1.0	-1.0	-1.0	0.0	1.0	-1.0	-1.0	0.0	-1.0	-1.0	-1.0	-1.0	-1.0	1.0	-1.0	1.0	0.0	-1.0	-1.0	-1.0	-1.0	1.0	0.68	-1.0	0.0	-1.0	1.0	1.0	0.444	0.0	0.0	-1.0	-1.0	-1.0	-1.0	1.0	-1.0	-1.0	-1.0	1.0	-1.0
gnl|Prokka|GCF_014131755.1_1|708708|G	0.333	-1.0	-1.0	-1.0	-1.0	0.0	-1.0	1.0	-1.0	-1.0	-1.0	-1.0	-1.0	-1.0	-1.0	0.0	1.0	-1.0	1.0	-1.0	-1.0	-1.0	1.0	-1.0	-1.0	0.0	-1.0	-1.0	-1.0	-1.0	1.0	1.0	1.0	-1.0	0.4	0.0	-1.0	1.0	-1.0	0.0	0.721	1.0	-1.0	0.0	0.538	0.0	1.0	0.0	0.0	-1.0	-1.0	-1.0	1.0	-1.0	1.0	1.0	1.0	0.0	1.0	0.0	0.0	-1.0	-1.0	0.0	-1.0	0.533	1.0	1.0	1.0	-1.0	1.0	-1.0	1.0	0.0	1.0	0.0	-1.0	-1.0	0.0	0.0	-1.0	1.0	0.128	1.0	0.0	0.231	0.0	-1.0	0.0	0.0	-1.0	0.0	-1.0	-1.0	1.0	-1.0	0.0	-1.0	-1.0	0.0	0.0	-1.0	1.0	-1.0	0.0	-1.0	0.0	1.0	1.0	0.0	1.0	0.0	0.0	0.0	-1.0	0.0	-1.0	-1.0	1.0	0.0	1.0	1.0	-1.0	0.0	1.0	1.0	0.0	-1.0	-1.0	-1.0	-1.0	-1.0	-1.0	0.85	-1.0	0.417	-1.0	1.0	0.667	-1.0	0.0	-1.0	-1.0	0.0	0.0	0.0	0.0	0.783	-1.0	0.444	1.0	0.0	-1.0	1.0	-1.0	-1.0	1.0	-1.0	-1.0	0.444	-1.0	-1.0	-1.0	-1.0	-1.0	1.0	-1.0	1.0	0.0	-1.0	-1.0	-1.0	-1.0	1.0	1.0	-1.0	0.0	-1.0	0.667	0.571	0.619	0.0	0.0	-1.0	-1.0	-1.0	-1.0	1.0	-1.0	-1.0	-1.0	1.0	-1.0
gnl|Prokka|GCF_014131755.1_1|767092|T	0.0	-1.0	-1.0	-1.0	-1.0	-1.0	-1.0	1.0	-1.0	-1.0	-1.0	-1.0	-1.0	-1.0	-1.0	1.0	0.0	-1.0	1.0	-1.0	-1.0	-1.0	-1.0	-1.0	-1.0	1.0	-1.0	-1.0	-1.0	-1.0	1.0	1.0	1.0	-1.0	0.458	1.0	1.0	0.0	-1.0	0.062	0.327	1.0	-1.0	-1.0	0.0	0.0	1.0	0.936	0.0	-1.0	-1.0	1.0	-1.0	-1.0	0.0	0.0	0.0	1.0	0.75	0.116	1.0	-1.0	0.0	1.0	-1.0	0.0	0.772	0.0	1.0	-1.0	0.0	-1.0	0.462	1.0	0.0	1.0	-1.0	-1.0	0.0	0.211	-1.0	1.0	0.0	1.0	0.0	1.0	0.0	-1.0	1.0	1.0	-1.0	0.0	-1.0	-1.0	0.0	-1.0	1.0	-1.0	-1.0	1.0	0.0	-1.0	1.0	-1.0	1.0	-1.0	0.879	0.0	1.0	1.0	1.0	0.0	-1.0	1.0	-1.0	0.16	-1.0	0.0	0.8	1.0	0.0	1.0	-1.0	0.0	0.0	-1.0	0.0	-1.0	0.0	-1.0	-1.0	-1.0	-1.0	0.0	-1.0	1.0	0.0	1.0	0.0	0.0	1.0	-1.0	-1.0	1.0	0.0	0.0	0.0	0.639	-1.0	0.0	0.0	0.0	-1.0	0.0	-1.0	1.0	1.0	-1.0	-1.0	0.0	-1.0	-1.0	-1.0	-1.0	-1.0	1.0	-1.0	0.0	0.079	-1.0	-1.0	-1.0	-1.0	1.0	0.0	-1.0	0.0	-1.0	1.0	0.395	0.389	0.0	1.0	-1.0	-1.0	-1.0	-1.0	0.0	-1.0	-1.0	-1.0	0.0	-1.0
gnl|Prokka|GCF_014131755.1_1|792943|A	0.357	0.0	-1.0	-1.0	-1.0	1.0	-1.0	1.0	-1.0	-1.0	0.0	-1.0	-1.0	-1.0	-1.0	-1.0	-1.0	-1.0	0.0	-1.0	-1.0	-1.0	1.0	-1.0	-1.0	1.0	-1.0	-1.0	-1.0	-1.0	1.0	0.0	1.0	-1.0	1.0	0.0	-1.0	-1.0	-1.0	1.0	0.0	1.0	-1.0	0.0	1.0	0.0	0.0	0.06	0.0	-1.0	-1.0	0.562	1.0	-1.0	1.0	1.0	0.545	1.0	0.0	0.114	0.0	-1.0	0.571	1.0	-1.0	0.0	0.735	1.0	0.0	-1.0	1.0	-1.0	0.0	1.0	1.0	0.367	-1.0	-1.0	0.0	0.581	-1.0	-1.0	0.149	0.243	1.0	0.0	0.0	-1.0	1.0	0.0	-1.0	0.0	-1.0	-1.0	0.0	-1.0	1.0	-1.0	-1.0	1.0	1.0	-1.0	0.0	-1.0	1.0	-1.0	0.892	1.0	1.0	0.48	1.0	0.0	1.0	0.0	-1.0	0.577	-1.0	1.0	0.0	1.0	1.0	0.0	-1.0	1.0	1.0	0.636	1.0	-1.0	-1.0	1.0	-1.0	-1.0	-1.0	0.0	-1.0	0.0	0.0	0.0	0.0	0.0	0.0	-1.0	-1.0	0.0	1.0	1.0	0.0	0.28	-1.0	1.0	1.0	0.0	-1.0	-1.0	-1.0	-1.0	0.0	-1.0	-1.0	0.4	-1.0	-1.0	-1.0	-1.0	-1.0	0.0	-1.0	0.345	0.954	-1.0	-1.0	-1.0	-1.0	0.0	1.0	-1.0	0.0	-1.0	1.0	0.0	0.0	0.0	0.152	-1.0	-1.0	-1.0	-1.0	0.0	-1.0	-1.0	-1.0	1.0	-1.0
gnl|Prokka|GCF_014131755.1_1|792949|G	0.345	0.0	-1.0	-1.0	-1.0	1.0	-1.0	1.0	-1.0	-1.0	0.0	-1.0	-1.0	-1.0	-1.0	-1.0	-1.0	-1.0	0.0	-1.0	-1.0	-1.0	1.0	-1.0	-1.0	1.0	-1.0	-1.0	-1.0	-1.0	1.0	0.0	1.0	-1.0	0.885	0.0	-1.0	-1.0	-1.0	1.0	0.0	1.0	-1.0	0.0	1.0	0.0	0.0	0.093	0.0	-1.0	-1.0	0.529	-1.0	-1.0	1.0	1.0	0.583	1.0	0.0	0.104	0.0	-1.0	0.6	1.0	-1.0	0.0	0.737	1.0	0.0	-1.0	1.0	-1.0	0.0	1.0	1.0	0.344	-1.0	-1.0	0.0	0.562	-1.0	1.0	0.148	0.208	1.0	0.0	0.0	-1.0	1.0	0.0	-1.0	0.0	-1.0	-1.0	0.0	-1.0	1.0	-1.0	-1.0	1.0	1.0	-1.0	0.0	-1.0	1.0	-1.0	0.895	1.0	1.0	0.52	1.0	0.0	1.0	0.0	-1.0	0.593	-1.0	1.0	0.0	1.0	1.0	0.0	-1.0	1.0	1.0	0.7	1.0	-1.0	1.0	1.0	-1.0	-1.0	-1.0	0.0	-1.0	0.0	0.0	0.0	0.0	0.0	0.0	-1.0	-1.0	0.0	1.0	1.0	0.0	0.247	-1.0	1.0	1.0	0.0	-1.0	-1.0	-1.0	-1.0	0.0	-1.0	-1.0	0.538	-1.0	-1.0	-1.0	-1.0	-1.0	0.188	-1.0	0.367	0.953	-1.0	-1.0	-1.0	-1.0	0.0	1.0	-1.0	0.0	-1.0	1.0	0.0	0.0	0.0	0.138	-1.0	-1.0	-1.0	-1.0	0.0	-1.0	-1.0	-1.0	1.0	-1.0
gnl|Prokka|GCF_014131755.1_1|793018|G	0.444	0.0	-1.0	-1.0	-1.0	1.0	-1.0	1.0	-1.0	-1.0	-1.0	-1.0	-1.0	-1.0	-1.0	-1.0	-1.0	-1.0	0.0	-1.0	-1.0	-1.0	-1.0	-1.0	-1.0	1.0	-1.0	-1.0	-1.0	-1.0	1.0	0.0	1.0	-1.0	1.0	0.0	-1.0	-1.0	-1.0	1.0	0.0	1.0	-1.0	0.0	1.0	0.0	0.0	0.094	0.0	-1.0	-1.0	0.65	1.0	-1.0	1.0	1.0	1.0	1.0	0.0	0.098	0.0	-1.0	0.444	1.0	-1.0	0.0	0.793	1.0	0.0	-1.0	1.0	-1.0	0.0	1.0	1.0	0.0	-1.0	-1.0	0.0	0.0	-1.0	1.0	0.119	0.0	1.0	0.0	0.0	-1.0	1.0	0.0	-1.0	0.0	-1.0	-1.0	0.0	-1.0	1.0	-1.0	-1.0	1.0	1.0	-1.0	0.0	-1.0	1.0	-1.0	0.9	1.0	1.0	0.0	1.0	0.0	1.0	0.0	-1.0	0.458	-1.0	1.0	0.0	1.0	-1.0	0.0	-1.0	1.0	1.0	1.0	1.0	-1.0	1.0	-1.0	-1.0	-1.0	-1.0	0.0	-1.0	0.0	0.0	0.0	-1.0	0.0	0.0	-1.0	-1.0	0.45	1.0	1.0	0.0	0.277	-1.0	1.0	1.0	0.0	-1.0	0.786	-1.0	-1.0	0.0	-1.0	-1.0	0.6	-1.0	-1.0	-1.0	-1.0	-1.0	0.0	-1.0	0.355	0.958	-1.0	-1.0	-1.0	-1.0	0.0	1.0	-1.0	0.0	-1.0	1.0	0.0	0.0	0.0	0.138	-1.0	-1.0	-1.0	-1.0	0.0	-1.0	-1.0	-1.0	1.0	-1.0
gnl|Prokka|GCF_014131755.1_1|796412|G	0.389	1.0	-1.0	-1.0	-1.0	1.0	-1.0	0.0	-1.0	-1.0	-1.0	-1.0	-1.0	-1.0	-1.0	-1.0	-1.0	-1.0	0.0	-1.0	-1.0	-1.0	-1.0	-1.0	-1.0	1.0	-1.0	-1.0	-1.0	-1.0	1.0	0.0	1.0	-1.0	0.643	0.0	1.0	1.0	-1.0	1.0	0.0	0.0	-1.0	0.0	1.0	0.0	0.0	1.0	0.0	-1.0	-1.0	0.714	-1.0	-1.0	1.0	1.0	1.0	0.0	0.0	0.0	0.0	-1.0	1.0	0.0	-1.0	0.0	0.0	0.988	0.0	-1.0	1.0	-1.0	0.0	0.0	1.0	0.0	-1.0	-1.0	0.105	0.0	-1.0	0.692	0.119	0.0	1.0	1.0	0.0	-1.0	0.0	1.0	-1.0	0.0	-1.0	-1.0	1.0	-1.0	1.0	-1.0	-1.0	1.0	1.0	-1.0	0.0	-1.0	1.0	-1.0	0.804	1.0	1.0	1.0	0.0	0.0	1.0	1.0	-1.0	0.0	-1.0	1.0	0.19	0.0	1.0	0.0	-1.0	1.0	1.0	0.7	1.0	-1.0	1.0	-1.0	-1.0	-1.0	-1.0	0.0	-1.0	0.0	1.0	1.0	-1.0	0.0	0.0	-1.0	-1.0	0.0	1.0	1.0	0.0	0.0	-1.0	1.0	1.0	0.0	-1.0	1.0	-1.0	0.0	0.0	-1.0	-1.0	-1.0	-1.0	-1.0	-1.0	-1.0	-1.0	0.0	-1.0	0.333	1.0	-1.0	-1.0	-1.0	-1.0	0.0	0.682	-1.0	0.0	-1.0	0.769	0.571	0.0	0.0	0.167	-1.0	-1.0	-1.0	-1.0	0.033	-1.0	-1.0	-1.0	1.0	-1.0
gnl|Prokka|GCF_014131755.1_1|823659|G	0.464	1.0	-1.0	-1.0	-1.0	1.0	-1.0	0.889	-1.0	-1.0	-1.0	-1.0	-1.0	-1.0	-1.0	0.429	0.625	-1.0	0.0	-1.0	-1.0	-1.0	1.0	-1.0	-1.0	0.0	-1.0	-1.0	-1.0	-1.0	0.0	0.8	0.089	-1.0	0.636	1.0	-1.0	-1.0	-1.0	0.0	0.0	1.0	-1.0	0.0	0.529	0.0	1.0	0.0	0.0	-1.0	-1.0	0.0	-1.0	-1.0	0.0	0.0	1.0	1.0	0.0	0.136	0.0	-1.0	-1.0	0.0	-1.0	0.235	1.0	1.0	0.2	-1.0	1.0	-1.0	0.0	0.0	1.0	0.0	-1.0	-1.0	0.0	0.0	-1.0	0.0	1.0	1.0	0.0	0.0	0.0	-1.0	0.0	1.0	-1.0	0.0	-1.0	-1.0	0.0	-1.0	0.0	-1.0	-1.0	0.0	0.0	-1.0	0.0	-1.0	0.0	-1.0	1.0	1.0	0.0	1.0	1.0	0.0	1.0	1.0	-1.0	0.579	-1.0	1.0	0.143	0.0	1.0	0.0	-1.0	1.0	1.0	-1.0	0.0	-1.0	1.0	0.6	-1.0	-1.0	-1.0	1.0	-1.0	0.0	-1.0	1.0	0.0	0.556	0.0	-1.0	-1.0	0.0	0.0	0.0	1.0	0.242	-1.0	0.667	1.0	0.0	-1.0	0.4	-1.0	0.0	0.727	-1.0	-1.0	1.0	-1.0	-1.0	-1.0	-1.0	-1.0	0.0	-1.0	0.463	1.0	-1.0	-1.0	-1.0	-1.0	1.0	1.0	-1.0	1.0	-1.0	1.0	1.0	0.0	1.0	0.0	-1.0	-1.0	-1.0	-1.0	0.0	-1.0	-1.0	-1.0	1.0	-1.0
gnl|Prokka|GCF_014131755.1_1|836068|A	0.316	0.571	-1.0	-1.0	-1.0	1.0	-1.0	1.0	-1.0	-1.0	0.0	-1.0	-1.0	-1.0	-1.0	-1.0	-1.0	-1.0	1.0	-1.0	-1.0	-1.0	-1.0	-1.0	-1.0	0.0	-1.0	-1.0	-1.0	-1.0	1.0	0.222	0.0	-1.0	1.0	1.0	0.0	1.0	-1.0	0.036	1.0	1.0	-1.0	1.0	1.0	0.0	0.0	0.919	1.0	-1.0	-1.0	0.545	0.0	-1.0	1.0	1.0	1.0	0.0	1.0	0.163	1.0	-1.0	0.0	1.0	-1.0	0.0	0.83	1.0	1.0	-1.0	1.0	-1.0	1.0	0.0	1.0	0.625	-1.0	-1.0	1.0	0.111	-1.0	0.0	0.141	0.0	0.0	1.0	0.0	-1.0	1.0	0.0	-1.0	0.0	-1.0	-1.0	1.0	-1.0	0.0	-1.0	-1.0	-1.0	0.0	-1.0	1.0	-1.0	0.0	-1.0	1.0	1.0	-1.0	0.0	0.0	0.0	0.0	-1.0	-1.0	0.0	-1.0	-1.0	1.0	0.0	0.0	1.0	-1.0	0.0	0.0	-1.0	0.0	-1.0	0.0	-1.0	-1.0	-1.0	-1.0	0.0	-1.0	0.0	0.0	0.727	-1.0	0.417	1.0	-1.0	-1.0	1.0	0.0	0.0	1.0	0.679	-1.0	0.739	0.0	0.0	-1.0	1.0	-1.0	-1.0	0.0	-1.0	-1.0	0.0	-1.0	-1.0	-1.0	-1.0	-1.0	1.0	-1.0	1.0	0.0	-1.0	-1.0	-1.0	-1.0	1.0	0.0	-1.0	0.0	-1.0	1.0	0.342	1.0	1.0	1.0	-1.0	-1.0	-1.0	-1.0	0.0	-1.0	-1.0	-1.0	1.0	-1.0
gnl|Prokka|GCF_014131755.1_1|1091744|C	1.0	1.0	-1.0	-1.0	-1.0	1.0	-1.0	1.0	-1.0	-1.0	0.556	-1.0	-1.0	-1.0	-1.0	-1.0	-1.0	-1.0	-1.0	-1.0	-1.0	-1.0	0.667	-1.0	-1.0	1.0	-1.0	-1.0	-1.0	-1.0	0.0	-1.0	1.0	-1.0	0.538	-1.0	1.0	1.0	-1.0	0.947	0.0	1.0	-1.0	0.0	1.0	1.0	1.0	0.0	0.0	-1.0	-1.0	0.737	-1.0	-1.0	0.0	-1.0	-1.0	0.0	0.0	1.0	0.0	-1.0	1.0	0.0	-1.0	0.429	0.804	0.0	1.0	-1.0	1.0	-1.0	0.0	1.0	1.0	0.375	-1.0	-1.0	0.0	0.0	-1.0	1.0	0.0	1.0	0.0	0.0	1.0	-1.0	0.0	1.0	-1.0	1.0	-1.0	-1.0	0.235	-1.0	1.0	-1.0	-1.0	1.0	1.0	-1.0	0.0	-1.0	1.0	-1.0	0.918	0.0	1.0	1.0	1.0	0.0	0.0	1.0	-1.0	1.0	-1.0	0.0	0.188	1.0	0.7	0.0	-1.0	0.0	1.0	-1.0	1.0	-1.0	1.0	-1.0	-1.0	-1.0	-1.0	0.0	-1.0	0.0	0.0	0.0	0.0	1.0	0.0	-1.0	-1.0	0.0	0.0	0.0	0.0	0.473	-1.0	1.0	1.0	0.0	-1.0	0.722	-1.0	1.0	0.0	-1.0	-1.0	0.0	-1.0	-1.0	-1.0	-1.0	-1.0	-1.0	-1.0	0.333	0.0	-1.0	-1.0	-1.0	-1.0	0.0	1.0	-1.0	0.0	-1.0	0.182	0.611	0.0	0.0	0.0	-1.0	-1.0	-1.0	-1.0	1.0	-1.0	-1.0	-1.0	1.0	-1.0
gnl|Prokka|GCF_014131755.1_1|1094527|C	0.0	-1.0	-1.0	-1.0	-1.0	1.0	-1.0	0.88	-1.0	-1.0	0.0	-1.0	-1.0	-1.0	-1.0	-1.0	-1.0	-1.0	0.0	-1.0	-1.0	-1.0	0.0	-1.0	-1.0	1.0	-1.0	-1.0	-1.0	-1.0	1.0	0.625	1.0	-1.0	0.667	1.0	-1.0	0.0	-1.0	0.0	0.411	1.0	-1.0	1.0	0.364	1.0	1.0	0.0	0.0	-1.0	-1.0	0.692	1.0	-1.0	1.0	1.0	0.0	0.0	0.0	0.088	1.0	-1.0	0.0	1.0	-1.0	0.588	1.0	0.0	0.0	-1.0	0.0	-1.0	0.812	0.0	0.0	0.55	-1.0	-1.0	0.097	0.28	-1.0	0.75	0.0	1.0	1.0	1.0	0.0	-1.0	0.0	1.0	-1.0	0.0	-1.0	-1.0	0.0	-1.0	1.0	-1.0	-1.0	1.0	0.0	-1.0	0.0	-1.0	1.0	-1.0	0.842	0.0	0.0	1.0	1.0	0.0	0.0	-1.0	-1.0	0.575	-1.0	1.0	0.0	1.0	0.417	0.0	-1.0	0.0	1.0	1.0	0.0	-1.0	0.0	1.0	-1.0	-1.0	-1.0	0.0	-1.0	1.0	-1.0	0.0	0.0	0.0	1.0	-1.0	-1.0	0.0	0.0	1.0	1.0	0.547	-1.0	0.0	1.0	0.0	-1.0	0.0	-1.0	-1.0	0.0	-1.0	-1.0	0.364	-1.0	-1.0	-1.0	-1.0	-1.0	0.0	-1.0	0.0	1.0	-1.0	-1.0	-1.0	-1.0	0.769	0.893	-1.0	0.0	-1.0	0.167	1.0	0.0	0.786	1.0	-1.0	-1.0	-1.0	-1.0	0.0	-1.0	-1.0	-1.0	0.0	-1.0
gnl|Prokka|GCF_014131755.1_1|1094542|C	0.0	0.375	-1.0	-1.0	-1.0	1.0	-1.0	0.885	-1.0	-1.0	0.0	-1.0	-1.0	-1.0	-1.0	-1.0	-1.0	-1.0	0.0	-1.0	-1.0	-1.0	0.0	-1.0	-1.0	1.0	-1.0	-1.0	-1.0	-1.0	1.0	0.571	1.0	-1.0	0.579	1.0	1.0	-1.0	-1.0	0.0	0.415	1.0	-1.0	1.0	0.333	1.0	1.0	0.0	0.0	-1.0	-1.0	0.7	1.0	-1.0	1.0	1.0	0.0	0.0	0.0	0.117	1.0	-1.0	0.0	1.0	-1.0	0.588	1.0	0.0	0.0	-1.0	0.0	-1.0	0.722	0.0	0.0	0.545	-1.0	-1.0	0.097	0.25	-1.0	0.722	0.0	1.0	1.0	1.0	0.0	-1.0	0.0	1.0	-1.0	0.0	-1.0	-1.0	0.0	-1.0	1.0	-1.0	-1.0	1.0	0.0	-1.0	0.0	-1.0	1.0	-1.0	0.811	0.0	0.0	1.0	1.0	0.0	0.0	-1.0	-1.0	0.615	-1.0	1.0	0.0	1.0	0.462	0.0	-1.0	0.0	1.0	1.0	0.0	-1.0	0.0	1.0	-1.0	-1.0	-1.0	0.167	-1.0	1.0	0.0	0.0	0.0	0.0	1.0	-1.0	-1.0	-1.0	0.0	1.0	-1.0	0.524	-1.0	0.0	1.0	0.0	-1.0	0.0	-1.0	1.0	0.0	-1.0	-1.0	0.385	-1.0	-1.0	-1.0	-1.0	-1.0	0.0	-1.0	0.0	1.0	-1.0	-1.0	-1.0	-1.0	0.7	0.885	-1.0	0.0	-1.0	0.179	1.0	0.0	1.0	1.0	-1.0	-1.0	-1.0	-1.0	0.0	-1.0	-1.0	-1.0	0.0	-1.0
gnl|Prokka|GCF_014131755.1_1|1097907|A	1.0	1.0	-1.0	-1.0	-1.0	1.0	-1.0	0.0	-1.0	-1.0	-1.0	-1.0	-1.0	-1.0	-1.0	-1.0	0.0	-1.0	0.0	-1.0	-1.0	-1.0	1.0	-1.0	-1.0	1.0	-1.0	-1.0	-1.0	-1.0	0.0	0.0	1.0	-1.0	0.0	1.0	1.0	1.0	-1.0	0.0	0.0	1.0	-1.0	0.0	0.786	1.0	0.0	0.051	0.0	-1.0	-1.0	1.0	1.0	-1.0	1.0	0.0	-1.0	1.0	0.0	0.943	1.0	-1.0	0.583	0.0	-1.0	0.571	0.724	1.0	0.762	-1.0	1.0	-1.0	0.0	0.0	1.0	0.15	-1.0	-1.0	0.0	0.0	-1.0	0.636	0.073	0.0	0.0	0.0	1.0	-1.0	0.0	1.0	-1.0	1.0	-1.0	-1.0	1.0	-1.0	1.0	-1.0	-1.0	1.0	0.0	-1.0	0.0	-1.0	1.0	-1.0	0.93	1.0	1.0	1.0	1.0	0.0	-1.0	1.0	-1.0	1.0	-1.0	0.0	0.0	1.0	1.0	0.0	-1.0	1.0	1.0	0.0	0.0	-1.0	-1.0	-1.0	-1.0	-1.0	-1.0	0.0	-1.0	0.0	-1.0	0.0	-1.0	1.0	0.0	-1.0	-1.0	0.0	0.0	1.0	0.0	0.299	-1.0	1.0	1.0	-1.0	-1.0	0.462	-1.0	1.0	0.0	-1.0	-1.0	1.0	-1.0	-1.0	-1.0	-1.0	-1.0	0.0	-1.0	0.405	0.0	-1.0	-1.0	-1.0	-1.0	0.0	1.0	-1.0	0.0	-1.0	0.25	0.724	0.0	0.0	0.0	-1.0	-1.0	-1.0	-1.0	0.0	-1.0	-1.0	-1.0	1.0	-1.0
gnl|Prokka|GCF_014131755.1_1|1135677|C	0.833	-1.0	-1.0	-1.0	-1.0	1.0	-1.0	0.0	-1.0	-1.0	-1.0	-1.0	-1.0	-1.0	-1.0	-1.0	1.0	-1.0	0.0	-1.0	-1.0	-1.0	0.0	-1.0	-1.0	1.0	-1.0	-1.0	-1.0	-1.0	0.0	1.0	0.893	-1.0	1.0	1.0	-1.0	0.0	-1.0	0.963	0.447	1.0	-1.0	0.0	0.556	1.0	1.0	0.0	0.0	-1.0	-1.0	1.0	-1.0	-1.0	0.0	1.0	0.0	-1.0	0.0	0.947	1.0	-1.0	0.0	1.0	-1.0	0.423	0.727	1.0	0.0	-1.0	0.0	-1.0	0.0	1.0	0.0	0.435	-1.0	-1.0	0.0	0.0	-1.0	0.529	1.0	1.0	1.0	0.0	1.0	-1.0	0.0	0.0	-1.0	1.0	-1.0	-1.0	0.0	-1.0	1.0	-1.0	-1.0	1.0	1.0	-1.0	0.0	-1.0	1.0	-1.0	0.759	1.0	1.0	0.0	0.0	1.0	1.0	0.0	-1.0	-1.0	-1.0	1.0	0.0	1.0	0.0	0.0	-1.0	0.861	1.0	0.4	1.0	-1.0	0.0	-1.0	-1.0	-1.0	-1.0	-1.0	-1.0	0.0	0.0	0.231	-1.0	1.0	0.0	-1.0	-1.0	0.0	0.0	1.0	0.667	0.0	-1.0	0.0	1.0	0.0	-1.0	0.0	-1.0	0.0	0.8	-1.0	-1.0	1.0	-1.0	-1.0	-1.0	-1.0	-1.0	0.0	-1.0	0.0	0.05	-1.0	-1.0	-1.0	-1.0	0.0	1.0	-1.0	1.0	-1.0	0.32	0.0	0.0	0.0	1.0	-1.0	-1.0	-1.0	-1.0	1.0	-1.0	-1.0	-1.0	0.0	-1.0
gnl|Prokka|GCF_014131755.1_1|1298426|T	0.525	1.0	-1.0	-1.0	-1.0	0.0	-1.0	0.0	-1.0	-1.0	-1.0	-1.0	-1.0	-1.0	-1.0	-1.0	0.0	-1.0	0.0	-1.0	-1.0	-1.0	1.0	-1.0	-1.0	0.0	-1.0	-1.0	-1.0	-1.0	0.0	1.0	0.094	-1.0	1.0	0.0	-1.0	-1.0	-1.0	1.0	1.0	1.0	-1.0	-1.0	0.833	0.0	1.0	1.0	0.0	-1.0	-1.0	0.417	0.0	-1.0	1.0	-1.0	1.0	1.0	1.0	0.0	1.0	-1.0	0.0	1.0	-1.0	0.353	0.683	1.0	0.0	-1.0	1.0	-1.0	0.0	1.0	1.0	1.0	-1.0	-1.0	0.0	0.0	-1.0	0.0	0.18	1.0	0.0	1.0	0.0	-1.0	1.0	1.0	-1.0	0.0	-1.0	-1.0	0.0	-1.0	0.0	-1.0	-1.0	0.0	1.0	-1.0	1.0	-1.0	0.0	-1.0	1.0	1.0	1.0	1.0	0.0	0.0	0.0	1.0	-1.0	0.381	-1.0	1.0	0.667	0.0	0.0	1.0	-1.0	0.0	0.0	1.0	0.0	-1.0	0.0	-1.0	-1.0	-1.0	-1.0	0.0	-1.0	1.0	0.0	0.273	1.0	0.571	1.0	-1.0	-1.0	0.0	0.0	0.0	1.0	0.229	-1.0	1.0	0.0	0.304	-1.0	1.0	-1.0	0.0	1.0	-1.0	-1.0	0.0	-1.0	-1.0	-1.0	-1.0	-1.0	1.0	-1.0	1.0	0.0	-1.0	-1.0	-1.0	-1.0	0.364	0.0	-1.0	0.0	-1.0	1.0	0.323	0.308	0.0	1.0	-1.0	-1.0	-1.0	-1.0	0.0	-1.0	-1.0	-1.0	1.0	-1.0
gnl|Prokka|GCF_014131755.1_1|1298492|G	0.371	1.0	-1.0	-1.0	-1.0	0.0	-1.0	0.0	-1.0	-1.0	-1.0	-1.0	-1.0	-1.0	-1.0	-1.0	-1.0	-1.0	0.0	-1.0	-1.0	-1.0	1.0	-1.0	-1.0	0.0	-1.0	-1.0	-1.0	-1.0	0.0	1.0	0.0	-1.0	1.0	0.0	-1.0	-1.0	-1.0	1.0	1.0	1.0	-1.0	0.0	1.0	0.0	1.0	0.913	0.0	-1.0	-1.0	0.3	0.0	-1.0	0.897	-1.0	1.0	0.0	1.0	0.0	1.0	-1.0	0.0	1.0	-1.0	-1.0	0.725	1.0	0.25	-1.0	1.0	-1.0	0.0	1.0	1.0	0.714	-1.0	-1.0	0.0	0.0	-1.0	0.0	0.148	1.0	0.0	-1.0	0.0	-1.0	1.0	1.0	-1.0	0.0	-1.0	-1.0	0.0	-1.0	0.0	-1.0	-1.0	0.0	1.0	-1.0	1.0	-1.0	0.0	-1.0	1.0	1.0	1.0	1.0	0.0	0.0	0.0	-1.0	-1.0	0.474	-1.0	1.0	0.625	0.0	0.0	1.0	-1.0	0.0	0.0	1.0	0.0	-1.0	-1.0	1.0	-1.0	-1.0	-1.0	0.0	-1.0	1.0	0.0	0.3	1.0	0.444	1.0	-1.0	-1.0	0.0	0.0	0.0	1.0	0.241	-1.0	0.636	0.0	0.167	-1.0	0.667	-1.0	0.0	1.0	-1.0	-1.0	0.0	-1.0	-1.0	-1.0	-1.0	-1.0	0.8	-1.0	1.0	0.0	-1.0	-1.0	-1.0	-1.0	0.0	0.0	-1.0	0.0	-1.0	1.0	0.455	0.375	0.0	0.85	-1.0	-1.0	-1.0	-1.0	0.0	-1.0	-1.0	-1.0	1.0	-1.0
gnl|Prokka|GCF_014131755.1_1|1299697|C	1.0	-1.0	-1.0	-1.0	-1.0	1.0	-1.0	1.0	-1.0	-1.0	0.0	-1.0	-1.0	-1.0	-1.0	-1.0	0.0	-1.0	0.0	-1.0	-1.0	-1.0	-1.0	-1.0	-1.0	1.0	-1.0	-1.0	-1.0	-1.0	0.0	0.0	0.833	-1.0	0.273	1.0	1.0	1.0	-1.0	1.0	0.0	0.0	-1.0	0.0	1.0	0.0	0.0	0.0	0.0	-1.0	-1.0	0.438	1.0	-1.0	0.0	1.0	1.0	0.0	0.0	0.833	0.0	-1.0	0.0	1.0	-1.0	-1.0	0.309	0.0	0.0	-1.0	1.0	-1.0	0.0	1.0	1.0	0.0	-1.0	-1.0	0.0	0.846	-1.0	1.0	0.854	0.0	1.0	0.0	1.0	-1.0	0.0	0.0	-1.0	1.0	-1.0	-1.0	0.0	-1.0	1.0	-1.0	-1.0	1.0	1.0	-1.0	0.0	-1.0	1.0	-1.0	0.922	0.0	0.0	0.0	0.0	1.0	1.0	-1.0	-1.0	1.0	-1.0	0.0	0.0	1.0	-1.0	0.0	-1.0	0.882	1.0	1.0	1.0	-1.0	0.0	0.375	-1.0	-1.0	-1.0	0.0	-1.0	0.0	1.0	0.167	0.0	1.0	0.0	-1.0	-1.0	0.0	1.0	1.0	0.0	0.044	-1.0	1.0	0.0	1.0	-1.0	-1.0	-1.0	1.0	0.0	-1.0	-1.0	1.0	-1.0	-1.0	-1.0	-1.0	-1.0	0.0	-1.0	1.0	0.0	-1.0	-1.0	-1.0	-1.0	1.0	0.111	-1.0	1.0	-1.0	1.0	0.0	-1.0	0.0	0.0	-1.0	-1.0	-1.0	-1.0	1.0	-1.0	-1.0	-1.0	1.0	-1.0
gnl|Prokka|GCF_014131755.1_1|1335332|T	0.37	-1.0	-1.0	-1.0	-1.0	1.0	-1.0	0.862	-1.0	-1.0	-1.0	-1.0	-1.0	-1.0	-1.0	0.0	0.0	-1.0	0.0	-1.0	-1.0	-1.0	-1.0	-1.0	-1.0	-1.0	-1.0	-1.0	-1.0	-1.0	0.0	0.762	1.0	-1.0	1.0	-1.0	-1.0	-1.0	-1.0	0.0	0.0	1.0	-1.0	0.0	1.0	1.0	1.0	0.0	0.0	-1.0	-1.0	1.0	1.0	-1.0	0.0	-1.0	1.0	0.0	0.0	0.0	0.0	-1.0	0.0	1.0	-1.0	0.0	1.0	1.0	0.0	-1.0	1.0	-1.0	0.0	0.0	1.0	0.0	-1.0	-1.0	0.0	0.769	-1.0	0.714	1.0	1.0	1.0	0.0	0.0	-1.0	0.0	1.0	-1.0	0.0	-1.0	-1.0	0.0	-1.0	1.0	-1.0	-1.0	1.0	0.0	-1.0	0.0	-1.0	1.0	-1.0	0.0	1.0	1.0	1.0	0.0	1.0	1.0	1.0	-1.0	0.409	-1.0	1.0	0.0	1.0	0.0	0.0	-1.0	1.0	1.0	-1.0	1.0	-1.0	0.0	-1.0	-1.0	-1.0	-1.0	0.765	-1.0	0.0	1.0	0.0	0.0	0.462	0.0	-1.0	-1.0	0.0	1.0	1.0	0.0	0.086	-1.0	1.0	1.0	1.0	-1.0	1.0	-1.0	1.0	0.821	-1.0	-1.0	1.0	-1.0	-1.0	-1.0	-1.0	-1.0	0.0	-1.0	0.237	0.0	-1.0	-1.0	-1.0	-1.0	0.556	0.889	-1.0	-1.0	-1.0	0.0	0.0	0.704	0.0	0.0	-1.0	-1.0	-1.0	-1.0	1.0	-1.0	-1.0	-1.0	1.0	-1.0
gnl|Prokka|GCF_014131755.1_1|1335620|T	0.406	1.0	-1.0	-1.0	-1.0	1.0	-1.0	0.85	-1.0	-1.0	0.0	-1.0	-1.0	-1.0	-1.0	-1.0	-1.0	-1.0	0.0	-1.0	-1.0	-1.0	-1.0	-1.0	-1.0	1.0	-1.0	-1.0	-1.0	-1.0	0.0	0.538	1.0	-1.0	1.0	0.0	-1.0	1.0	-1.0	0.0	0.0	1.0	-1.0	0.0	1.0	1.0	1.0	0.0	0.0	-1.0	-1.0	0.0	1.0	-1.0	1.0	1.0	1.0	0.0	0.188	0.0	0.0	-1.0	0.0	1.0	-1.0	0.0	1.0	1.0	0.0	-1.0	1.0	-1.0	0.0	0.0	1.0	0.0	-1.0	-1.0	0.0	1.0	-1.0	1.0	1.0	1.0	0.0	0.0	0.0	-1.0	0.0	1.0	-1.0	0.0	-1.0	-1.0	0.0	-1.0	0.0	-1.0	-1.0	1.0	0.0	-1.0	0.0	-1.0	1.0	-1.0	0.0	1.0	1.0	0.789	0.0	1.0	1.0	1.0	-1.0	0.538	-1.0	1.0	0.222	1.0	0.0	0.0	-1.0	0.906	1.0	0.4	1.0	-1.0	0.0	-1.0	-1.0	-1.0	-1.0	1.0	-1.0	0.0	1.0	0.0	0.0	-1.0	0.0	-1.0	-1.0	0.0	1.0	0.0	-1.0	0.078	-1.0	0.786	1.0	1.0	-1.0	0.385	-1.0	1.0	1.0	-1.0	-1.0	0.636	-1.0	-1.0	-1.0	-1.0	-1.0	0.0	-1.0	0.462	0.0	-1.0	-1.0	-1.0	-1.0	0.588	0.897	-1.0	1.0	-1.0	0.0	0.0	0.781	0.0	0.0	-1.0	-1.0	-1.0	-1.0	1.0	-1.0	-1.0	-1.0	1.0	-1.0
gnl|Prokka|GCF_014131755.1_1|1339907|C	0.0	-1.0	-1.0	-1.0	-1.0	1.0	-1.0	0.879	-1.0	-1.0	-1.0	-1.0	-1.0	-1.0	-1.0	0.0	0.0	-1.0	1.0	-1.0	-1.0	-1.0	0.0	-1.0	-1.0	-1.0	-1.0	-1.0	-1.0	-1.0	0.0	1.0	1.0	-1.0	0.609	1.0	1.0	-1.0	-1.0	0.0	0.702	1.0	-1.0	0.0	0.273	1.0	1.0	0.0	0.0	-1.0	-1.0	1.0	-1.0	-1.0	0.826	0.0	0.0	0.0	1.0	0.109	0.0	-1.0	0.0	0.0	-1.0	0.0	0.79	1.0	1.0	-1.0	0.0	-1.0	0.0	0.0	0.0	0.0	-1.0	-1.0	0.0	0.733	-1.0	1.0	1.0	1.0	0.0	0.0	0.0	-1.0	0.0	1.0	-1.0	0.0	-1.0	-1.0	1.0	-1.0	1.0	-1.0	-1.0	1.0	0.0	-1.0	1.0	-1.0	1.0	-1.0	0.912	1.0	0.0	1.0	0.0	1.0	-1.0	1.0	-1.0	0.333	-1.0	0.0	1.0	1.0	0.0	0.0	-1.0	1.0	1.0	0.0	1.0	-1.0	0.0	0.0	-1.0	-1.0	-1.0	0.571	-1.0	0.273	-1.0	0.897	1.0	0.0	0.0	-1.0	-1.0	-1.0	0.812	0.0	0.692	0.386	-1.0	1.0	1.0	1.0	-1.0	-1.0	-1.0	1.0	-1.0	-1.0	-1.0	-1.0	-1.0	-1.0	-1.0	-1.0	-1.0	1.0	-1.0	0.0	0.0	-1.0	-1.0	-1.0	-1.0	0.0	1.0	-1.0	1.0	-1.0	0.3	0.0	1.0	0.0	0.0	-1.0	-1.0	-1.0	-1.0	1.0	-1.0	-1.0	-1.0	0.0	-1.0
gnl|Prokka|GCF_014131755.1_1|1339922|C	0.0	-1.0	-1.0	-1.0	-1.0	1.0	-1.0	0.879	-1.0	-1.0	-1.0	-1.0	-1.0	-1.0	-1.0	-1.0	0.0	-1.0	1.0	-1.0	-1.0	-1.0	0.0	-1.0	-1.0	-1.0	-1.0	-1.0	-1.0	-1.0	0.0	1.0	1.0	-1.0	0.593	1.0	1.0	-1.0	-1.0	1.0	0.692	1.0	-1.0	0.0	0.375	1.0	1.0	0.0	0.0	-1.0	-1.0	0.0	-1.0	-1.0	0.864	0.0	0.0	0.0	1.0	0.091	0.0	-1.0	0.0	0.0	-1.0	0.0	0.8	1.0	1.0	-1.0	0.0	-1.0	0.0	1.0	0.0	0.0	-1.0	-1.0	0.1	0.667	-1.0	1.0	1.0	1.0	0.0	0.0	0.0	-1.0	0.0	1.0	-1.0	0.0	-1.0	-1.0	1.0	-1.0	0.0	-1.0	-1.0	1.0	1.0	-1.0	1.0	-1.0	1.0	-1.0	0.878	1.0	0.0	1.0	0.0	1.0	-1.0	1.0	-1.0	0.333	-1.0	0.0	1.0	1.0	0.0	0.0	-1.0	1.0	1.0	0.0	1.0	-1.0	0.0	0.0	-1.0	-1.0	-1.0	0.533	-1.0	0.0	-1.0	1.0	1.0	0.0	0.0	-1.0	-1.0	-1.0	0.812	0.0	0.75	0.361	-1.0	1.0	1.0	1.0	-1.0	-1.0	-1.0	1.0	0.571	-1.0	-1.0	-1.0	-1.0	-1.0	-1.0	-1.0	-1.0	1.0	-1.0	0.0	0.0	-1.0	-1.0	-1.0	-1.0	0.0	1.0	-1.0	1.0	-1.0	0.214	0.0	1.0	0.0	0.0	-1.0	-1.0	-1.0	-1.0	1.0	-1.0	-1.0	-1.0	0.0	-1.0
gnl|Prokka|GCF_014131755.1_1|1340537|G	0.0	-1.0	-1.0	-1.0	-1.0	1.0	-1.0	1.0	-1.0	-1.0	0.0	-1.0	-1.0	-1.0	-1.0	0.333	1.0	-1.0	0.0	-1.0	-1.0	-1.0	0.0	-1.0	-1.0	1.0	-1.0	-1.0	-1.0	-1.0	0.0	0.591	1.0	-1.0	0.429	1.0	-1.0	0.0	-1.0	1.0	0.0	1.0	-1.0	0.0	0.417	1.0	1.0	0.0	0.0	-1.0	-1.0	0.733	-1.0	-1.0	1.0	0.0	0.0	1.0	0.0	0.239	0.0	-1.0	0.0	0.0	-1.0	0.0	0.733	1.0	0.2	-1.0	0.0	-1.0	0.0	1.0	0.0	0.0	-1.0	-1.0	0.088	1.0	-1.0	0.692	0.143	1.0	1.0	0.0	0.0	-1.0	0.0	-1.0	-1.0	0.0	-1.0	-1.0	0.0	-1.0	1.0	-1.0	-1.0	1.0	1.0	-1.0	0.0	-1.0	1.0	-1.0	0.891	1.0	0.0	0.727	0.0	1.0	1.0	1.0	-1.0	0.462	-1.0	0.0	0.0	1.0	-1.0	0.0	-1.0	0.821	1.0	0.0	1.0	-1.0	0.0	0.0	-1.0	-1.0	-1.0	0.87	-1.0	0.0	-1.0	0.25	-1.0	0.0	0.0	-1.0	-1.0	0.278	1.0	1.0	0.769	0.148	-1.0	1.0	1.0	1.0	-1.0	0.0	-1.0	0.727	-1.0	-1.0	-1.0	0.444	-1.0	-1.0	-1.0	-1.0	-1.0	0.0	-1.0	0.0	0.0	-1.0	-1.0	-1.0	-1.0	1.0	1.0	-1.0	0.0	-1.0	0.0	0.0	0.579	0.0	0.143	-1.0	-1.0	-1.0	-1.0	1.0	-1.0	-1.0	-1.0	0.0	-1.0
gnl|Prokka|GCF_014131755.1_1|1345366|T	0.0	-1.0	-1.0	-1.0	-1.0	1.0	-1.0	1.0	-1.0	-1.0	-1.0	-1.0	-1.0	-1.0	-1.0	-1.0	0.6	-1.0	0.0	-1.0	-1.0	-1.0	1.0	-1.0	-1.0	0.0	-1.0	-1.0	-1.0	-1.0	1.0	1.0	0.0	-1.0	1.0	1.0	-1.0	1.0	-1.0	1.0	0.0	1.0	-1.0	1.0	0.688	0.0	1.0	1.0	0.0	-1.0	-1.0	0.375	0.0	-1.0	0.0	-1.0	0.7	0.0	1.0	0.115	0.0	-1.0	1.0	1.0	-1.0	0.235	1.0	1.0	0.0	-1.0	0.0	-1.0	1.0	1.0	0.0	0.0	-1.0	-1.0	0.0	0.0	-1.0	0.0	0.0	1.0	0.0	0.0	0.0	-1.0	0.0	0.0	-1.0	0.0	-1.0	-1.0	1.0	-1.0	0.0	-1.0	-1.0	0.0	1.0	-1.0	0.0	-1.0	0.0	-1.0	1.0	0.0	1.0	0.0	1.0	1.0	1.0	0.0	-1.0	0.0	-1.0	1.0	1.0	0.0	1.0	1.0	-1.0	1.0	1.0	1.0	0.0	-1.0	1.0	1.0	-1.0	-1.0	-1.0	0.0	-1.0	0.0	0.0	1.0	1.0	0.444	0.0	-1.0	-1.0	1.0	0.158	0.0	0.667	0.397	-1.0	1.0	0.0	0.0	-1.0	0.333	-1.0	1.0	1.0	-1.0	-1.0	1.0	-1.0	-1.0	-1.0	-1.0	-1.0	0.556	-1.0	0.0	0.947	-1.0	-1.0	-1.0	-1.0	0.0	0.25	-1.0	0.0	-1.0	0.0	0.706	0.424	1.0	0.0	-1.0	-1.0	-1.0	-1.0	0.0	-1.0	-1.0	-1.0	1.0	-1.0
gnl|Prokka|GCF_014131755.1_1|1346512|A	0.417	-1.0	-1.0	-1.0	-1.0	0.0	-1.0	0.875	-1.0	-1.0	0.375	-1.0	-1.0	-1.0	-1.0	0.625	-1.0	-1.0	1.0	-1.0	-1.0	-1.0	-1.0	-1.0	-1.0	0.0	-1.0	-1.0	-1.0	-1.0	1.0	0.667	0.0	-1.0	1.0	1.0	-1.0	1.0	-1.0	1.0	0.0	1.0	-1.0	1.0	0.471	0.0	1.0	1.0	1.0	-1.0	-1.0	0.0	0.0	-1.0	0.0	1.0	1.0	1.0	0.0	0.073	0.0	-1.0	1.0	1.0	-1.0	0.267	1.0	1.0	0.0	-1.0	1.0	-1.0	0.571	1.0	1.0	0.0	-1.0	-1.0	1.0	0.2	-1.0	0.429	0.0	1.0	0.0	0.0	0.0	-1.0	0.0	0.0	-1.0	0.0	-1.0	-1.0	0.0	-1.0	0.0	-1.0	-1.0	0.0	1.0	-1.0	0.0	-1.0	0.0	-1.0	1.0	0.0	1.0	0.0	1.0	0.0	-1.0	0.0	-1.0	0.0	-1.0	1.0	0.0	0.0	1.0	1.0	-1.0	0.914	1.0	1.0	0.0	-1.0	1.0	-1.0	-1.0	-1.0	-1.0	0.0	-1.0	0.0	-1.0	0.231	-1.0	1.0	0.0	-1.0	-1.0	0.0	0.0	0.0	1.0	0.611	-1.0	0.625	0.0	0.0	-1.0	1.0	-1.0	1.0	-1.0	-1.0	-1.0	1.0	-1.0	-1.0	-1.0	-1.0	-1.0	0.0	-1.0	0.386	0.887	-1.0	-1.0	-1.0	-1.0	1.0	0.0	-1.0	0.0	-1.0	0.591	1.0	0.0	1.0	0.0	-1.0	-1.0	-1.0	-1.0	0.0	-1.0	-1.0	-1.0	1.0	-1.0
gnl|Prokka|GCF_014131755.1_1|1458593|G	0.0	-1.0	-1.0	-1.0	-1.0	0.0	-1.0	1.0	-1.0	-1.0	-1.0	-1.0	-1.0	-1.0	-1.0	0.0	0.0	-1.0	1.0	-1.0	-1.0	-1.0	0.0	-1.0	-1.0	0.0	-1.0	-1.0	-1.0	-1.0	1.0	1.0	0.0	-1.0	1.0	-1.0	0.0	1.0	-1.0	0.0	0.561	1.0	-1.0	1.0	0.762	0.0	0.0	0.0	0.0	-1.0	-1.0	0.318	0.0	-1.0	1.0	1.0	1.0	1.0	1.0	0.225	0.0	-1.0	1.0	1.0	-1.0	0.0	1.0	1.0	1.0	-1.0	0.0	-1.0	1.0	0.0	0.0	0.0	-1.0	-1.0	0.0	0.0	-1.0	-1.0	0.236	1.0	0.0	0.0	0.0	-1.0	1.0	0.0	-1.0	0.0	-1.0	-1.0	1.0	-1.0	0.0	-1.0	-1.0	1.0	0.0	-1.0	1.0	-1.0	0.0	-1.0	0.132	1.0	1.0	0.0	1.0	0.0	1.0	0.0	-1.0	0.0	-1.0	0.0	1.0	0.0	-1.0	0.0	-1.0	1.0	1.0	1.0	0.0	-1.0	-1.0	-1.0	-1.0	-1.0	-1.0	0.765	-1.0	0.522	0.0	0.739	1.0	0.571	0.0	-1.0	-1.0	1.0	0.304	0.0	0.714	0.875	-1.0	1.0	1.0	0.0	-1.0	-1.0	-1.0	0.0	1.0	-1.0	-1.0	-1.0	-1.0	-1.0	-1.0	-1.0	-1.0	1.0	-1.0	0.0	0.923	-1.0	-1.0	-1.0	-1.0	1.0	1.0	-1.0	0.0	-1.0	0.0	1.0	0.533	1.0	0.0	-1.0	-1.0	-1.0	-1.0	0.0	-1.0	-1.0	-1.0	1.0	-1.0
gnl|Prokka|GCF_014131755.1_1|1464244|G	0.4	-1.0	-1.0	-1.0	-1.0	0.0	-1.0	1.0	-1.0	-1.0	-1.0	-1.0	-1.0	-1.0	-1.0	-1.0	0.0	-1.0	1.0	-1.0	-1.0	-1.0	1.0	-1.0	-1.0	0.0	-1.0	-1.0	-1.0	-1.0	1.0	1.0	0.0	-1.0	1.0	1.0	0.0	1.0	-1.0	0.0	0.625	1.0	-1.0	1.0	0.625	1.0	0.0	0.933	1.0	-1.0	-1.0	0.417	0.0	-1.0	1.0	1.0	1.0	1.0	1.0	0.059	0.0	-1.0	0.444	1.0	-1.0	0.0	1.0	1.0	1.0	-1.0	1.0	-1.0	1.0	0.0	1.0	0.0	-1.0	-1.0	0.826	0.0	-1.0	0.0	0.164	0.0	0.0	0.0	0.0	-1.0	1.0	0.0	-1.0	0.0	-1.0	-1.0	1.0	-1.0	0.0	-1.0	-1.0	0.0	0.0	-1.0	1.0	-1.0	0.0	-1.0	0.2	1.0	1.0	0.0	0.0	0.0	0.0	1.0	-1.0	0.0	-1.0	0.0	1.0	0.0	1.0	0.0	-1.0	0.094	0.0	1.0	0.0	-1.0	-1.0	-1.0	-1.0	-1.0	-1.0	1.0	-1.0	0.286	0.0	1.0	1.0	0.538	0.0	-1.0	-1.0	-1.0	0.25	0.0	1.0	0.72	-1.0	1.0	0.0	0.158	-1.0	1.0	-1.0	0.0	0.0	-1.0	-1.0	0.0	-1.0	-1.0	-1.0	-1.0	-1.0	1.0	-1.0	1.0	0.932	-1.0	-1.0	-1.0	-1.0	1.0	0.0	-1.0	0.0	-1.0	0.833	0.571	0.379	1.0	0.0	-1.0	-1.0	-1.0	-1.0	0.0	-1.0	-1.0	-1.0	1.0	-1.0
gnl|Prokka|GCF_014131755.1_1|1491417|T	0.429	-1.0	-1.0	-1.0	-1.0	1.0	-1.0	0.85	-1.0	-1.0	-1.0	-1.0	-1.0	-1.0	-1.0	1.0	1.0	-1.0	1.0	-1.0	-1.0	-1.0	-1.0	-1.0	-1.0	1.0	-1.0	-1.0	-1.0	-1.0	0.0	0.87	1.0	-1.0	1.0	0.0	1.0	1.0	-1.0	0.044	0.0	1.0	-1.0	1.0	1.0	0.0	1.0	1.0	0.0	-1.0	-1.0	0.7	-1.0	-1.0	0.0	1.0	1.0	0.0	0.0	0.0	0.0	-1.0	0.0	1.0	-1.0	0.267	1.0	1.0	0.188	-1.0	1.0	-1.0	-1.0	0.0	1.0	0.0	-1.0	-1.0	0.0	0.188	-1.0	1.0	0.132	1.0	0.0	0.16	0.0	-1.0	1.0	1.0	-1.0	0.0	-1.0	-1.0	0.0	-1.0	1.0	-1.0	-1.0	1.0	0.0	-1.0	0.0	-1.0	1.0	-1.0	0.088	1.0	0.0	0.769	1.0	0.0	0.0	1.0	-1.0	0.0	-1.0	0.0	0.0	1.0	-1.0	1.0	-1.0	0.154	1.0	0.4	0.0	-1.0	-1.0	-1.0	-1.0	-1.0	-1.0	1.0	-1.0	0.0	-1.0	0.0	1.0	1.0	0.0	-1.0	-1.0	0.625	0.0	0.0	0.545	0.632	-1.0	1.0	0.0	0.0	-1.0	-1.0	-1.0	1.0	1.0	-1.0	-1.0	0.0	-1.0	-1.0	-1.0	-1.0	-1.0	0.0	-1.0	0.286	0.0	-1.0	-1.0	-1.0	-1.0	0.0	0.0	-1.0	0.0	-1.0	0.783	0.344	0.0	1.0	0.0	-1.0	-1.0	-1.0	-1.0	0.0	-1.0	-1.0	-1.0	1.0	-1.0
gnl|Prokka|GCF_014131755.1_1|1502094|T	0.576	0.429	-1.0	-1.0	-1.0	0.0	-1.0	1.0	-1.0	-1.0	0.0	-1.0	-1.0	-1.0	-1.0	-1.0	0.727	-1.0	1.0	-1.0	-1.0	-1.0	1.0	-1.0	-1.0	-1.0	-1.0	-1.0	-1.0	-1.0	1.0	1.0	0.0	-1.0	0.483	-1.0	0.0	1.0	-1.0	0.064	0.674	1.0	-1.0	0.0	0.571	0.0	1.0	1.0	0.0	-1.0	-1.0	-1.0	-1.0	-1.0	-1.0	1.0	1.0	0.0	1.0	0.131	0.0	-1.0	0.8	0.0	-1.0	0.0	1.0	1.0	1.0	-1.0	1.0	-1.0	0.0	0.0	0.88	0.0	-1.0	-1.0	0.0	0.0	-1.0	0.0	0.186	1.0	0.0	0.0	0.0	-1.0	0.0	0.0	-1.0	0.0	-1.0	-1.0	0.885	-1.0	0.0	-1.0	-1.0	0.0	0.0	-1.0	1.0	-1.0	0.0	-1.0	0.0	1.0	0.294	0.0	1.0	0.0	1.0	-1.0	-1.0	-1.0	-1.0	1.0	1.0	0.0	-1.0	0.0	-1.0	1.0	1.0	1.0	0.0	-1.0	1.0	0.7	-1.0	-1.0	-1.0	1.0	-1.0	0.353	-1.0	1.0	0.0	0.455	0.0	-1.0	-1.0	1.0	0.0	0.0	-1.0	0.684	-1.0	0.6	1.0	0.0	-1.0	0.7	-1.0	0.0	1.0	-1.0	-1.0	1.0	-1.0	-1.0	-1.0	-1.0	-1.0	0.688	-1.0	1.0	0.951	-1.0	-1.0	-1.0	-1.0	0.0	1.0	-1.0	0.0	-1.0	0.0	1.0	0.269	0.0	0.0	-1.0	-1.0	-1.0	-1.0	0.028	-1.0	-1.0	-1.0	1.0	-1.0
gnl|Prokka|GCF_014131755.1_1|1503825|C	0.714	-1.0	-1.0	-1.0	-1.0	0.0	-1.0	0.238	-1.0	-1.0	-1.0	-1.0	-1.0	-1.0	-1.0	-1.0	1.0	-1.0	0.0	-1.0	-1.0	-1.0	1.0	-1.0	-1.0	0.0	-1.0	-1.0	-1.0	-1.0	1.0	1.0	0.0	-1.0	1.0	-1.0	0.0	-1.0	-1.0	0.047	0.429	1.0	-1.0	1.0	0.615	0.0	1.0	0.0	1.0	-1.0	-1.0	0.4	0.0	-1.0	0.0	1.0	1.0	0.0	1.0	0.169	1.0	-1.0	0.286	1.0	-1.0	0.529	0.695	0.0	1.0	-1.0	1.0	-1.0	0.25	0.0	1.0	0.792	-1.0	-1.0	0.794	0.0	-1.0	0.412	0.0	1.0	0.0	1.0	0.0	-1.0	1.0	0.0	-1.0	0.0	-1.0	-1.0	0.0	-1.0	0.0	-1.0	-1.0	0.0	0.0	-1.0	1.0	-1.0	0.0	-1.0	0.895	0.0	1.0	0.0	1.0	0.0	1.0	0.0	-1.0	0.0	-1.0	-1.0	0.812	0.0	0.0	1.0	-1.0	0.923	1.0	1.0	0.0	-1.0	0.0	-1.0	-1.0	-1.0	-1.0	1.0	-1.0	1.0	-1.0	0.6	-1.0	-1.0	1.0	-1.0	-1.0	0.0	0.278	0.0	1.0	0.644	-1.0	0.769	0.0	0.0	-1.0	1.0	-1.0	0.0	1.0	-1.0	-1.0	1.0	-1.0	-1.0	-1.0	-1.0	-1.0	1.0	-1.0	1.0	1.0	-1.0	-1.0	-1.0	-1.0	0.0	0.0	-1.0	0.0	-1.0	0.611	0.31	0.524	1.0	0.885	-1.0	-1.0	-1.0	-1.0	0.0	-1.0	-1.0	-1.0	1.0	-1.0
gnl|Prokka|GCF_014131755.1_1|1504610|G	0.485	-1.0	-1.0	-1.0	-1.0	0.0	-1.0	0.0	-1.0	-1.0	-1.0	-1.0	-1.0	-1.0	-1.0	0.429	-1.0	-1.0	-1.0	-1.0	-1.0	-1.0	1.0	-1.0	-1.0	0.0	-1.0	-1.0	-1.0	-1.0	1.0	1.0	0.0	-1.0	0.44	0.0	0.0	1.0	-1.0	0.036	1.0	1.0	-1.0	0.0	0.545	0.0	1.0	1.0	0.0	-1.0	-1.0	0.273	0.0	-1.0	1.0	-1.0	-1.0	1.0	-1.0	0.129	1.0	-1.0	0.0	1.0	-1.0	0.211	0.627	0.0	1.0	-1.0	1.0	-1.0	1.0	0.0	1.0	0.8	-1.0	-1.0	0.0	0.0	-1.0	0.3	0.0	1.0	0.0	1.0	0.0	-1.0	0.0	0.0	-1.0	0.0	-1.0	-1.0	1.0	-1.0	0.0	-1.0	-1.0	0.0	0.0	-1.0	1.0	-1.0	0.0	-1.0	0.0	0.0	0.0	0.0	1.0	0.0	1.0	0.0	-1.0	0.286	-1.0	0.0	1.0	0.0	-1.0	1.0	-1.0	1.0	1.0	1.0	0.0	-1.0	0.0	-1.0	-1.0	-1.0	-1.0	0.267	-1.0	1.0	0.0	1.0	0.0	0.0	1.0	-1.0	-1.0	1.0	0.0	0.0	0.667	0.859	-1.0	0.667	0.0	0.0	-1.0	-1.0	-1.0	-1.0	1.0	-1.0	-1.0	1.0	-1.0	-1.0	-1.0	-1.0	-1.0	1.0	-1.0	1.0	1.0	-1.0	-1.0	-1.0	-1.0	1.0	0.0	-1.0	0.0	-1.0	1.0	1.0	0.45	0.0	1.0	-1.0	-1.0	-1.0	-1.0	0.0	-1.0	-1.0	-1.0	1.0	-1.0
gnl|Prokka|GCF_014131755.1_1|1507583|C	0.531	-1.0	-1.0	-1.0	-1.0	0.0	-1.0	0.156	-1.0	-1.0	-1.0	-1.0	-1.0	-1.0	-1.0	1.0	-1.0	-1.0	1.0	-1.0	-1.0	-1.0	-1.0	-1.0	-1.0	0.0	-1.0	-1.0	-1.0	-1.0	1.0	1.0	0.0	-1.0	0.633	1.0	-1.0	1.0	-1.0	0.04	0.27	1.0	-1.0	0.0	0.842	0.0	1.0	0.0	0.0	-1.0	-1.0	0.0	-1.0	-1.0	0.0	1.0	1.0	1.0	1.0	0.242	1.0	-1.0	0.0	1.0	-1.0	0.7	0.763	1.0	1.0	-1.0	1.0	-1.0	1.0	0.0	1.0	1.0	-1.0	-1.0	0.0	0.0	-1.0	0.143	1.0	1.0	0.0	1.0	0.0	-1.0	0.0	0.0	-1.0	0.0	-1.0	-1.0	0.0	-1.0	0.0	-1.0	-1.0	0.0	0.0	-1.0	1.0	-1.0	0.0	-1.0	0.0	1.0	1.0	0.0	0.0	0.0	1.0	-1.0	-1.0	0.4	-1.0	0.0	0.842	0.0	0.0	1.0	-1.0	0.833	1.0	1.0	0.0	-1.0	0.0	-1.0	-1.0	-1.0	-1.0	0.0	-1.0	1.0	0.0	1.0	0.0	-1.0	1.0	-1.0	-1.0	0.0	0.3	0.0	0.667	0.662	-1.0	0.769	0.0	0.0	-1.0	1.0	-1.0	0.0	1.0	-1.0	-1.0	0.545	-1.0	-1.0	-1.0	-1.0	-1.0	1.0	-1.0	0.605	0.036	-1.0	-1.0	-1.0	-1.0	1.0	0.0	-1.0	1.0	-1.0	0.867	0.417	0.25	0.0	1.0	-1.0	-1.0	-1.0	-1.0	0.0	-1.0	-1.0	-1.0	1.0	-1.0
gnl|Prokka|GCF_014131755.1_1|1575965|G	0.0	-1.0	-1.0	-1.0	-1.0	0.0	-1.0	1.0	-1.0	-1.0	-1.0	-1.0	-1.0	-1.0	-1.0	0.0	1.0	-1.0	1.0	-1.0	-1.0	-1.0	-1.0	-1.0	-1.0	1.0	-1.0	-1.0	-1.0	-1.0	0.0	0.643	1.0	-1.0	0.348	1.0	1.0	-1.0	-1.0	0.036	1.0	1.0	-1.0	1.0	0.25	1.0	1.0	1.0	1.0	-1.0	-1.0	1.0	1.0	-1.0	0.0	1.0	0.0	1.0	0.0	0.306	1.0	-1.0	0.0	1.0	-1.0	0.0	1.0	0.0	1.0	-1.0	0.0	-1.0	0.545	0.0	0.0	0.696	-1.0	-1.0	1.0	0.0	-1.0	1.0	0.0	1.0	1.0	0.85	0.0	-1.0	1.0	1.0	-1.0	0.0	-1.0	-1.0	1.0	-1.0	1.0	-1.0	-1.0	1.0	0.0	-1.0	0.0	-1.0	1.0	-1.0	0.14	0.0	0.0	1.0	0.0	0.0	-1.0	-1.0	-1.0	0.0	-1.0	0.0	0.0	1.0	0.0	1.0	-1.0	0.884	0.0	0.625	0.0	-1.0	0.0	-1.0	-1.0	-1.0	-1.0	0.0	-1.0	0.667	0.0	1.0	-1.0	0.0	1.0	-1.0	-1.0	0.0	0.0	0.0	1.0	0.627	-1.0	0.0	0.0	0.0	-1.0	0.0	-1.0	1.0	1.0	-1.0	-1.0	1.0	-1.0	-1.0	-1.0	-1.0	-1.0	0.0	-1.0	0.724	0.0	-1.0	-1.0	-1.0	-1.0	1.0	0.0	-1.0	0.0	-1.0	0.808	0.0	0.0	1.0	0.833	-1.0	-1.0	-1.0	-1.0	0.0	-1.0	-1.0	-1.0	0.0	-1.0
gnl|Prokka|GCF_014131755.1_1|1601710|A	0.571	1.0	-1.0	-1.0	-1.0	-1.0	-1.0	0.125	-1.0	-1.0	-1.0	-1.0	-1.0	-1.0	-1.0	-1.0	0.214	-1.0	1.0	-1.0	-1.0	-1.0	1.0	-1.0	-1.0	-1.0	-1.0	-1.0	-1.0	-1.0	0.0	0.654	1.0	-1.0	0.595	1.0	-1.0	1.0	-1.0	1.0	1.0	1.0	-1.0	1.0	1.0	0.0	1.0	1.0	0.0	-1.0	-1.0	1.0	1.0	-1.0	0.0	0.0	0.7	0.0	0.0	0.134	0.0	-1.0	0.0	1.0	-1.0	0.0	0.664	1.0	0.8	-1.0	1.0	-1.0	0.0	0.0	1.0	0.0	-1.0	-1.0	0.0	0.154	-1.0	1.0	1.0	1.0	0.0	0.0	0.0	-1.0	0.0	1.0	-1.0	0.0	-1.0	-1.0	0.0	-1.0	1.0	-1.0	-1.0	1.0	0.0	-1.0	0.0	-1.0	1.0	-1.0	0.826	1.0	1.0	1.0	0.0	0.0	-1.0	1.0	-1.0	0.13	-1.0	1.0	0.0	1.0	0.0	1.0	-1.0	1.0	0.0	0.0	0.0	-1.0	0.0	0.7	-1.0	-1.0	-1.0	1.0	-1.0	0.0	0.0	1.0	0.0	0.467	0.0	-1.0	-1.0	1.0	0.0	0.0	0.667	0.0	-1.0	1.0	0.0	0.0	-1.0	0.429	-1.0	1.0	0.0	-1.0	-1.0	1.0	-1.0	-1.0	-1.0	-1.0	-1.0	0.0	-1.0	1.0	1.0	-1.0	-1.0	-1.0	-1.0	0.0	0.0	-1.0	1.0	-1.0	0.0	0.622	0.0	1.0	0.885	-1.0	-1.0	-1.0	-1.0	0.0	-1.0	-1.0	-1.0	1.0	-1.0
gnl|Prokka|GCF_014131755.1_1|1603052|C	0.556	1.0	-1.0	-1.0	-1.0	1.0	-1.0	0.2	-1.0	-1.0	-1.0	-1.0	-1.0	-1.0	-1.0	-1.0	0.538	-1.0	0.0	-1.0	-1.0	-1.0	-1.0	-1.0	-1.0	0.0	-1.0	-1.0	-1.0	-1.0	0.0	1.0	0.179	-1.0	0.552	0.0	0.0	1.0	-1.0	1.0	0.375	0.0	-1.0	0.0	0.733	0.0	0.0	0.0	0.0	-1.0	-1.0	0.0	-1.0	-1.0	0.0	1.0	1.0	0.0	1.0	0.0	1.0	-1.0	0.0	1.0	-1.0	0.0	0.272	0.0	0.438	-1.0	1.0	-1.0	1.0	0.0	1.0	1.0	-1.0	-1.0	0.0	0.0	-1.0	0.333	0.0	1.0	0.0	1.0	0.0	-1.0	1.0	1.0	-1.0	0.0	-1.0	-1.0	1.0	-1.0	0.0	-1.0	-1.0	0.0	0.0	-1.0	1.0	-1.0	0.0	-1.0	1.0	0.0	1.0	1.0	0.0	0.0	1.0	1.0	-1.0	0.0	-1.0	1.0	1.0	0.0	-1.0	0.0	-1.0	0.889	1.0	1.0	0.0	-1.0	0.0	0.0	-1.0	-1.0	-1.0	0.176	-1.0	1.0	0.444	0.0	-1.0	-1.0	1.0	-1.0	-1.0	0.0	0.0	0.0	1.0	0.38	-1.0	1.0	1.0	0.0	-1.0	1.0	-1.0	0.0	0.0	-1.0	-1.0	1.0	-1.0	-1.0	-1.0	-1.0	-1.0	0.75	-1.0	1.0	1.0	-1.0	-1.0	-1.0	-1.0	1.0	1.0	-1.0	0.0	-1.0	0.842	0.385	0.474	0.65	0.844	-1.0	-1.0	-1.0	-1.0	0.0	-1.0	-1.0	-1.0	1.0	-1.0
gnl|Prokka|GCF_014131755.1_1|1607077|A	0.0	-1.0	-1.0	-1.0	-1.0	0.0	-1.0	0.636	-1.0	-1.0	0.0	-1.0	-1.0	-1.0	-1.0	-1.0	1.0	-1.0	1.0	-1.0	-1.0	-1.0	-1.0	-1.0	-1.0	-1.0	-1.0	-1.0	-1.0	-1.0	1.0	0.4	0.0	-1.0	0.467	1.0	0.0	1.0	-1.0	1.0	0.562	1.0	-1.0	1.0	0.64	0.0	0.0	1.0	1.0	-1.0	-1.0	0.353	-1.0	-1.0	0.0	1.0	1.0	0.0	1.0	0.238	0.0	-1.0	1.0	0.0	-1.0	0.0	1.0	1.0	0.765	-1.0	0.0	-1.0	0.375	0.0	0.0	0.0	-1.0	-1.0	1.0	0.0	-1.0	0.25	0.101	0.0	0.0	0.0	0.0	-1.0	1.0	0.0	-1.0	0.0	-1.0	-1.0	1.0	-1.0	0.0	-1.0	-1.0	-1.0	0.0	-1.0	1.0	-1.0	0.0	-1.0	0.821	1.0	1.0	0.0	1.0	0.0	1.0	0.0	-1.0	0.0	-1.0	0.0	1.0	0.0	1.0	1.0	-1.0	1.0	1.0	0.545	0.0	-1.0	0.0	-1.0	-1.0	-1.0	-1.0	0.824	-1.0	0.231	0.0	1.0	-1.0	0.769	0.0	-1.0	-1.0	0.438	0.0	0.0	1.0	0.571	-1.0	0.688	1.0	0.364	-1.0	-1.0	-1.0	0.0	0.0	-1.0	-1.0	1.0	-1.0	-1.0	-1.0	-1.0	-1.0	1.0	-1.0	0.0	1.0	-1.0	-1.0	-1.0	-1.0	0.2	1.0	-1.0	0.0	-1.0	0.828	1.0	0.429	0.0	0.0	-1.0	-1.0	-1.0	-1.0	0.0	-1.0	-1.0	-1.0	1.0	-1.0
gnl|Prokka|GCF_014131755.1_1|1630028|C	0.467	0.429	-1.0	-1.0	-1.0	-1.0	-1.0	1.0	-1.0	-1.0	-1.0	-1.0	-1.0	-1.0	-1.0	0.0	0.571	-1.0	-1.0	-1.0	-1.0	-1.0	1.0	-1.0	-1.0	0.0	-1.0	-1.0	-1.0	-1.0	1.0	1.0	0.0	-1.0	0.483	1.0	-1.0	-1.0	-1.0	0.0	0.404	1.0	-1.0	0.0	0.611	0.0	1.0	0.07	0.0	-1.0	-1.0	0.0	-1.0	-1.0	1.0	0.0	1.0	1.0	1.0	0.167	1.0	-1.0	1.0	0.0	-1.0	0.0	1.0	1.0	0.0	-1.0	1.0	-1.0	0.4	0.0	1.0	0.0	-1.0	-1.0	0.0	0.0	-1.0	0.0	0.123	1.0	0.0	0.389	0.0	-1.0	0.0	0.0	-1.0	0.0	-1.0	-1.0	0.0	-1.0	0.0	-1.0	-1.0	-1.0	1.0	-1.0	1.0	-1.0	0.0	-1.0	0.0	1.0	1.0	0.0	1.0	0.0	0.0	0.0	-1.0	0.556	-1.0	0.0	0.733	0.0	-1.0	0.0	-1.0	0.0	1.0	1.0	0.0	-1.0	-1.0	-1.0	-1.0	-1.0	-1.0	1.0	-1.0	0.0	0.0	1.0	0.0	0.231	0.0	-1.0	-1.0	0.0	0.0	1.0	-1.0	0.673	-1.0	0.789	1.0	0.25	-1.0	1.0	-1.0	0.0	1.0	-1.0	-1.0	0.0	-1.0	-1.0	-1.0	-1.0	-1.0	1.0	-1.0	0.524	1.0	-1.0	-1.0	-1.0	-1.0	0.286	1.0	-1.0	0.0	-1.0	0.407	0.556	0.462	0.0	1.0	-1.0	-1.0	-1.0	-1.0	0.0	-1.0	-1.0	-1.0	1.0	-1.0
gnl|Prokka|GCF_014131755.1_1|1630145|A	0.548	-1.0	-1.0	-1.0	-1.0	0.0	-1.0	1.0	-1.0	-1.0	-1.0	-1.0	-1.0	-1.0	-1.0	0.0	0.667	-1.0	-1.0	-1.0	-1.0	-1.0	1.0	-1.0	-1.0	0.0	-1.0	-1.0	-1.0	-1.0	1.0	1.0	0.0	-1.0	0.516	1.0	-1.0	-1.0	-1.0	0.034	0.31	1.0	-1.0	0.0	0.636	0.0	1.0	0.068	0.0	-1.0	-1.0	0.188	0.0	-1.0	1.0	-1.0	1.0	1.0	1.0	0.153	1.0	-1.0	0.667	0.0	-1.0	0.0	1.0	1.0	0.0	-1.0	1.0	-1.0	0.417	0.0	1.0	0.0	-1.0	-1.0	0.0	0.0	-1.0	0.0	0.134	1.0	0.0	0.278	0.0	-1.0	0.0	0.0	-1.0	0.0	-1.0	-1.0	0.0	-1.0	0.0	-1.0	-1.0	0.0	1.0	-1.0	1.0	-1.0	0.0	-1.0	0.0	1.0	1.0	0.0	1.0	0.0	0.0	0.0	-1.0	0.36	-1.0	0.0	0.8	0.0	1.0	0.0	-1.0	0.0	1.0	1.0	0.0	-1.0	-1.0	-1.0	-1.0	-1.0	-1.0	0.833	-1.0	0.462	0.0	1.0	-1.0	0.667	0.0	-1.0	-1.0	0.0	0.0	1.0	-1.0	0.549	-1.0	0.692	1.0	0.25	-1.0	1.0	-1.0	0.0	1.0	-1.0	-1.0	0.2	-1.0	-1.0	-1.0	-1.0	-1.0	1.0	-1.0	0.619	1.0	-1.0	-1.0	-1.0	-1.0	0.0	1.0	-1.0	0.0	-1.0	0.16	0.519	0.3	0.0	1.0	-1.0	-1.0	-1.0	-1.0	0.0	-1.0	-1.0	-1.0	1.0	-1.0
gnl|Prokka|GCF_014131755.1_1|1675721|A	0.438	-1.0	-1.0	-1.0	-1.0	0.0	-1.0	0.0	-1.0	-1.0	-1.0	-1.0	-1.0	-1.0	-1.0	-1.0	-1.0	-1.0	1.0	-1.0	-1.0	-1.0	1.0	-1.0	-1.0	-1.0	-1.0	-1.0	-1.0	-1.0	1.0	0.308	1.0	-1.0	1.0	1.0	1.0	1.0	-1.0	0.054	0.69	0.0	-1.0	0.0	1.0	0.0	0.0	1.0	0.0	-1.0	-1.0	1.0	1.0	-1.0	0.0	1.0	1.0	0.0	1.0	0.0	0.0	-1.0	1.0	1.0	-1.0	0.0	0.0	0.0	0.25	-1.0	1.0	-1.0	0.467	0.0	1.0	0.0	-1.0	-1.0	0.172	0.684	-1.0	1.0	0.0	0.0	0.0	1.0	0.0	-1.0	0.0	0.0	-1.0	0.0	-1.0	-1.0	1.0	-1.0	-1.0	-1.0	-1.0	1.0	1.0	-1.0	1.0	-1.0	0.0	-1.0	1.0	0.0	1.0	0.0	1.0	0.0	0.0	0.0	-1.0	0.0	-1.0	0.0	1.0	1.0	-1.0	1.0	-1.0	0.0	1.0	1.0	0.0	-1.0	1.0	-1.0	-1.0	-1.0	-1.0	0.0	-1.0	0.417	0.0	0.0	-1.0	0.429	0.0	-1.0	-1.0	-1.0	1.0	1.0	0.0	0.468	-1.0	0.571	0.0	1.0	-1.0	1.0	-1.0	1.0	1.0	-1.0	-1.0	0.0	-1.0	-1.0	-1.0	-1.0	-1.0	1.0	-1.0	1.0	0.0	-1.0	-1.0	-1.0	-1.0	0.263	0.0	-1.0	0.0	-1.0	0.0	0.6	1.0	0.0	0.0	-1.0	-1.0	-1.0	-1.0	0.0	-1.0	-1.0	-1.0	1.0	-1.0
gnl|Prokka|GCF_014131755.1_1|1685050|G	0.645	-1.0	-1.0	-1.0	-1.0	0.0	-1.0	1.0	-1.0	-1.0	0.0	-1.0	-1.0	-1.0	-1.0	1.0	0.0	-1.0	1.0	-1.0	-1.0	-1.0	-1.0	-1.0	-1.0	-1.0	-1.0	-1.0	-1.0	-1.0	1.0	0.688	0.0	-1.0	1.0	1.0	0.273	-1.0	-1.0	0.057	1.0	1.0	-1.0	1.0	0.556	0.0	1.0	0.0	1.0	-1.0	-1.0	0.0	0.0	-1.0	1.0	0.625	1.0	1.0	0.0	0.09	1.0	-1.0	0.444	1.0	-1.0	0.3	0.676	1.0	0.833	-1.0	1.0	-1.0	0.0	0.0	1.0	-1.0	-1.0	-1.0	0.0	0.0	-1.0	0.214	0.081	1.0	0.0	0.2	0.0	-1.0	1.0	0.0	-1.0	0.0	-1.0	-1.0	1.0	-1.0	0.0	-1.0	-1.0	0.0	0.0	-1.0	0.0	-1.0	0.0	-1.0	1.0	1.0	1.0	0.0	1.0	0.0	0.0	0.0	-1.0	0.0	-1.0	0.0	0.0	0.0	0.0	1.0	-1.0	0.0	1.0	1.0	0.0	-1.0	0.0	-1.0	-1.0	-1.0	-1.0	0.0	-1.0	0.812	0.0	0.0	-1.0	1.0	1.0	-1.0	-1.0	0.333	0.0	0.0	0.333	0.353	-1.0	1.0	0.0	0.0	-1.0	-1.0	-1.0	0.0	1.0	-1.0	-1.0	0.0	-1.0	-1.0	-1.0	-1.0	-1.0	0.0	-1.0	1.0	0.0	-1.0	-1.0	-1.0	-1.0	0.625	0.0	-1.0	0.0	-1.0	0.737	1.0	0.0	1.0	1.0	-1.0	-1.0	-1.0	-1.0	0.0	-1.0	-1.0	-1.0	1.0	-1.0
gnl|Prokka|GCF_014131755.1_1|1690090|G	0.0	-1.0	-1.0	-1.0	-1.0	0.0	-1.0	1.0	-1.0	-1.0	-1.0	-1.0	-1.0	-1.0	-1.0	-1.0	1.0	-1.0	1.0	-1.0	-1.0	-1.0	-1.0	-1.0	-1.0	0.0	-1.0	-1.0	-1.0	-1.0	1.0	1.0	0.079	-1.0	0.571	1.0	-1.0	-1.0	-1.0	0.037	0.585	1.0	-1.0	1.0	0.0	0.0	1.0	1.0	1.0	-1.0	-1.0	0.286	0.0	-1.0	0.0	1.0	0.429	1.0	1.0	0.113	0.0	-1.0	1.0	0.0	-1.0	0.389	1.0	1.0	1.0	-1.0	0.0	-1.0	-1.0	0.0	0.0	0.0	-1.0	-1.0	0.0	0.31	-1.0	0.0	0.086	1.0	0.0	0.0	0.0	-1.0	1.0	1.0	-1.0	0.0	-1.0	-1.0	1.0	-1.0	0.0	-1.0	-1.0	0.0	0.0	-1.0	1.0	-1.0	0.0	-1.0	1.0	1.0	1.0	1.0	1.0	0.0	0.0	1.0	-1.0	0.0	-1.0	0.0	1.0	0.0	-1.0	1.0	-1.0	0.0	1.0	1.0	0.0	-1.0	1.0	-1.0	-1.0	-1.0	-1.0	1.0	-1.0	0.214	0.0	1.0	1.0	0.0	0.0	-1.0	-1.0	1.0	0.0	1.0	0.273	0.643	-1.0	0.0	0.0	0.0	-1.0	1.0	-1.0	0.0	1.0	-1.0	-1.0	0.0	-1.0	-1.0	-1.0	-1.0	-1.0	1.0	-1.0	0.651	1.0	-1.0	-1.0	-1.0	-1.0	1.0	0.0	-1.0	0.0	-1.0	0.8	1.0	0.375	0.0	0.0	-1.0	-1.0	-1.0	-1.0	0.0	-1.0	-1.0	-1.0	0.0	-1.0
gnl|Prokka|GCF_014131755.1_1|1690336|C	0.0	-1.0	-1.0	-1.0	-1.0	0.0	-1.0	1.0	-1.0	-1.0	-1.0	-1.0	-1.0	-1.0	-1.0	-1.0	-1.0	-1.0	1.0	-1.0	-1.0	-1.0	-1.0	-1.0	-1.0	0.0	-1.0	-1.0	-1.0	-1.0	1.0	1.0	0.1	-1.0	0.545	1.0	-1.0	0.375	-1.0	0.031	0.652	1.0	-1.0	1.0	0.0	0.0	1.0	1.0	1.0	-1.0	-1.0	0.333	0.0	-1.0	0.0	1.0	0.3	1.0	-1.0	0.061	0.0	-1.0	1.0	0.0	-1.0	0.333	1.0	1.0	1.0	-1.0	0.0	-1.0	0.0	0.0	0.0	0.0	-1.0	-1.0	0.0	0.182	-1.0	0.0	0.062	1.0	0.0	0.0	0.0	-1.0	1.0	1.0	-1.0	0.0	-1.0	-1.0	1.0	-1.0	0.0	-1.0	-1.0	0.0	0.0	-1.0	1.0	-1.0	0.0	-1.0	1.0	1.0	-1.0	1.0	1.0	0.0	0.0	1.0	-1.0	0.0	-1.0	0.0	1.0	0.0	1.0	1.0	-1.0	0.0	1.0	1.0	0.0	-1.0	1.0	-1.0	-1.0	-1.0	-1.0	1.0	-1.0	0.333	-1.0	1.0	1.0	0.0	0.0	-1.0	-1.0	1.0	0.0	1.0	-1.0	0.577	-1.0	0.0	0.0	0.0	-1.0	1.0	-1.0	0.0	1.0	-1.0	-1.0	0.0	-1.0	-1.0	-1.0	-1.0	-1.0	1.0	-1.0	0.682	1.0	-1.0	-1.0	-1.0	-1.0	1.0	0.0	-1.0	0.0	-1.0	0.769	1.0	0.545	0.0	0.0	-1.0	-1.0	-1.0	-1.0	0.0	-1.0	-1.0	-1.0	0.0	-1.0
gnl|Prokka|GCF_014131755.1_1|1690357|C	0.0	-1.0	-1.0	-1.0	-1.0	0.0	-1.0	1.0	-1.0	-1.0	-1.0	-1.0	-1.0	-1.0	-1.0	-1.0	-1.0	-1.0	1.0	-1.0	-1.0	-1.0	-1.0	-1.0	-1.0	0.0	-1.0	-1.0	-1.0	-1.0	1.0	1.0	0.0	-1.0	0.522	1.0	-1.0	0.625	-1.0	0.0	0.649	1.0	-1.0	1.0	0.0	0.0	1.0	1.0	1.0	-1.0	-1.0	0.417	-1.0	-1.0	0.0	1.0	0.375	1.0	1.0	0.069	0.0	-1.0	1.0	0.0	-1.0	0.478	1.0	1.0	1.0	-1.0	0.0	-1.0	0.0	0.0	0.0	0.0	-1.0	-1.0	0.0	0.174	-1.0	0.0	0.091	1.0	0.0	0.0	0.0	-1.0	1.0	1.0	-1.0	0.0	-1.0	-1.0	1.0	-1.0	0.0	-1.0	-1.0	0.0	0.0	-1.0	1.0	-1.0	0.0	-1.0	1.0	1.0	1.0	1.0	1.0	0.0	0.0	1.0	-1.0	0.0	-1.0	0.0	1.0	0.0	1.0	1.0	-1.0	0.0	1.0	1.0	0.0	-1.0	1.0	-1.0	-1.0	-1.0	-1.0	1.0	-1.0	0.312	0.0	1.0	1.0	0.0	0.0	-1.0	-1.0	1.0	0.0	1.0	-1.0	0.633	-1.0	0.0	0.0	0.0	-1.0	1.0	-1.0	0.0	1.0	-1.0	-1.0	-1.0	-1.0	-1.0	-1.0	-1.0	-1.0	1.0	-1.0	0.762	1.0	-1.0	-1.0	-1.0	-1.0	1.0	0.0	-1.0	0.0	-1.0	0.75	1.0	0.733	0.0	0.0	-1.0	-1.0	-1.0	-1.0	0.0	-1.0	-1.0	-1.0	0.0	-1.0
gnl|Prokka|GCF_014131755.1_1|1693602|G	0.481	-1.0	-1.0	-1.0	-1.0	0.0	-1.0	1.0	-1.0	-1.0	-1.0	-1.0	-1.0	-1.0	-1.0	0.0	1.0	-1.0	1.0	-1.0	-1.0	-1.0	-1.0	-1.0	-1.0	0.0	-1.0	-1.0	-1.0	-1.0	1.0	0.25	0.0	-1.0	1.0	1.0	0.0	-1.0	-1.0	0.0	0.738	1.0	-1.0	1.0	0.217	1.0	1.0	1.0	1.0	-1.0	-1.0	0.462	-1.0	-1.0	0.0	1.0	0.0	0.0	-1.0	0.932	0.0	-1.0	0.0	1.0	-1.0	1.0	1.0	1.0	1.0	-1.0	0.0	-1.0	1.0	0.0	0.0	0.533	-1.0	-1.0	1.0	0.0	-1.0	0.0	0.065	1.0	0.0	0.0	1.0	-1.0	1.0	0.0	-1.0	1.0	-1.0	-1.0	1.0	-1.0	0.0	-1.0	-1.0	1.0	0.0	-1.0	1.0	-1.0	0.0	-1.0	1.0	1.0	0.0	0.0	1.0	0.0	0.0	1.0	-1.0	0.429	-1.0	0.0	0.692	0.0	0.0	1.0	-1.0	0.125	1.0	1.0	0.0	-1.0	0.0	-1.0	-1.0	-1.0	-1.0	1.0	-1.0	0.235	0.375	0.762	1.0	0.545	0.0	-1.0	-1.0	1.0	0.0	0.0	1.0	0.904	-1.0	0.0	0.0	0.0	-1.0	1.0	-1.0	0.0	0.0	-1.0	-1.0	0.0	-1.0	-1.0	-1.0	-1.0	-1.0	1.0	-1.0	0.0	-1.0	-1.0	-1.0	-1.0	-1.0	0.15	0.0	-1.0	0.0	-1.0	0.783	0.529	0.476	1.0	0.0	-1.0	-1.0	-1.0	-1.0	0.0	-1.0	-1.0	-1.0	0.0	-1.0
gnl|Prokka|GCF_014131755.1_1|1701057|A	0.571	1.0	-1.0	-1.0	-1.0	0.0	-1.0	1.0	-1.0	-1.0	-1.0	-1.0	-1.0	-1.0	-1.0	1.0	0.0	-1.0	1.0	-1.0	-1.0	-1.0	1.0	-1.0	-1.0	-1.0	-1.0	-1.0	-1.0	-1.0	0.0	1.0	0.086	-1.0	1.0	0.0	-1.0	-1.0	-1.0	1.0	0.317	1.0	-1.0	-1.0	0.737	0.0	0.0	1.0	0.0	-1.0	-1.0	0.0	0.0	-1.0	0.0	0.0	1.0	1.0	1.0	0.11	1.0	-1.0	0.0	1.0	-1.0	0.0	0.67	1.0	1.0	-1.0	1.0	-1.0	1.0	0.0	1.0	0.8	-1.0	-1.0	1.0	0.158	-1.0	0.391	0.138	0.0	0.0	1.0	0.0	-1.0	1.0	1.0	-1.0	0.0	-1.0	-1.0	0.0	-1.0	0.0	-1.0	-1.0	0.0	0.0	-1.0	1.0	-1.0	0.0	-1.0	0.208	1.0	0.0	1.0	0.0	0.0	0.0	1.0	-1.0	0.0	-1.0	0.0	1.0	0.0	0.0	1.0	-1.0	0.0	0.0	0.571	0.0	-1.0	0.0	0.0	-1.0	-1.0	-1.0	0.0	-1.0	1.0	0.0	0.714	1.0	0.353	1.0	-1.0	-1.0	0.0	0.0	0.0	0.0	0.623	-1.0	0.375	0.0	0.0	-1.0	0.2	-1.0	0.0	0.0	-1.0	-1.0	0.0	-1.0	-1.0	-1.0	-1.0	-1.0	0.769	-1.0	1.0	0.0	-1.0	-1.0	-1.0	-1.0	1.0	0.0	-1.0	0.0	-1.0	0.0	0.463	0.308	0.889	0.714	-1.0	-1.0	-1.0	-1.0	0.0	-1.0	-1.0	-1.0	1.0	-1.0
gnl|Prokka|GCF_014131755.1_1|1701213|A	0.485	-1.0	-1.0	-1.0	-1.0	0.0	-1.0	1.0	-1.0	-1.0	0.0	-1.0	-1.0	-1.0	-1.0	-1.0	0.0	-1.0	1.0	-1.0	-1.0	-1.0	-1.0	-1.0	-1.0	0.0	-1.0	-1.0	-1.0	-1.0	0.0	1.0	0.077	-1.0	0.714	0.0	0.0	-1.0	-1.0	1.0	1.0	1.0	-1.0	1.0	0.692	0.0	0.0	0.935	0.0	-1.0	-1.0	0.0	-1.0	-1.0	0.0	0.0	1.0	1.0	1.0	0.056	1.0	-1.0	0.0	0.0	-1.0	0.0	0.655	1.0	0.545	-1.0	1.0	-1.0	1.0	0.0	1.0	0.542	-1.0	-1.0	1.0	0.15	-1.0	0.143	0.141	0.0	0.0	1.0	0.0	-1.0	1.0	1.0	-1.0	0.0	-1.0	-1.0	0.765	-1.0	0.0	-1.0	-1.0	0.0	0.0	-1.0	1.0	-1.0	0.0	-1.0	0.264	1.0	0.0	1.0	0.0	1.0	0.263	1.0	-1.0	0.0	-1.0	0.0	1.0	0.0	0.0	1.0	-1.0	0.0	0.0	0.429	1.0	-1.0	0.0	0.0	-1.0	-1.0	-1.0	0.0	-1.0	1.0	0.0	-1.0	1.0	0.636	1.0	-1.0	-1.0	1.0	0.429	0.0	0.0	0.622	-1.0	0.588	0.0	0.0	-1.0	-1.0	-1.0	0.0	0.2	-1.0	-1.0	0.0	-1.0	-1.0	-1.0	-1.0	-1.0	1.0	-1.0	1.0	0.053	-1.0	-1.0	-1.0	-1.0	1.0	0.0	-1.0	0.0	-1.0	0.0	0.524	0.214	0.0	0.789	-1.0	-1.0	-1.0	-1.0	0.0	-1.0	-1.0	-1.0	1.0	-1.0
gnl|Prokka|GCF_014131755.1_1|1748008|A	0.441	-1.0	-1.0	-1.0	-1.0	0.0	-1.0	0.0	-1.0	-1.0	-1.0	-1.0	-1.0	-1.0	-1.0	-1.0	-1.0	-1.0	0.0	-1.0	-1.0	-1.0	1.0	-1.0	-1.0	0.0	-1.0	-1.0	-1.0	-1.0	1.0	0.0	0.0	-1.0	0.103	-1.0	0.0	-1.0	-1.0	1.0	0.162	1.0	-1.0	1.0	0.583	1.0	1.0	1.0	1.0	-1.0	-1.0	0.0	-1.0	-1.0	1.0	0.0	1.0	1.0	-1.0	0.0	1.0	-1.0	0.571	0.0	-1.0	0.588	1.0	0.985	0.462	-1.0	1.0	-1.0	0.417	1.0	1.0	0.6	-1.0	-1.0	1.0	0.24	-1.0	0.0	1.0	0.0	1.0	1.0	0.0	-1.0	0.0	0.0	-1.0	0.0	-1.0	-1.0	0.0	-1.0	0.0	-1.0	-1.0	0.0	1.0	-1.0	0.0	-1.0	0.0	-1.0	1.0	1.0	1.0	0.0	1.0	1.0	0.0	0.0	-1.0	0.391	-1.0	1.0	0.0	0.0	0.429	1.0	-1.0	0.0	0.0	0.0	1.0	-1.0	0.0	0.571	-1.0	-1.0	-1.0	0.0	-1.0	0.762	0.0	0.0	-1.0	0.3	1.0	-1.0	-1.0	0.0	0.0	1.0	-1.0	0.906	-1.0	0.6	0.0	0.0	-1.0	0.214	-1.0	1.0	0.0	-1.0	-1.0	-1.0	-1.0	-1.0	-1.0	-1.0	-1.0	0.0	-1.0	1.0	0.0	-1.0	-1.0	-1.0	-1.0	0.812	0.0	-1.0	1.0	-1.0	0.0	1.0	0.0	1.0	1.0	-1.0	-1.0	-1.0	-1.0	1.0	-1.0	-1.0	-1.0	1.0	-1.0
gnl|Prokka|GCF_014131755.1_1|1868568|A	0.613	-1.0	-1.0	-1.0	-1.0	0.0	-1.0	0.0	-1.0	-1.0	-1.0	-1.0	-1.0	-1.0	-1.0	-1.0	-1.0	-1.0	0.0	-1.0	-1.0	-1.0	1.0	-1.0	-1.0	0.0	-1.0	-1.0	-1.0	-1.0	1.0	0.231	0.0	-1.0	0.0	0.0	-1.0	0.0	-1.0	0.953	1.0	1.0	-1.0	1.0	0.611	0.0	0.0	1.0	1.0	-1.0	-1.0	0.333	-1.0	-1.0	0.0	-1.0	0.0	1.0	1.0	0.094	1.0	-1.0	1.0	1.0	-1.0	0.393	0.694	0.0	0.824	-1.0	1.0	-1.0	1.0	0.0	1.0	0.864	-1.0	-1.0	0.862	0.346	-1.0	0.0	0.0	0.0	1.0	1.0	0.0	-1.0	0.0	0.0	-1.0	0.0	-1.0	-1.0	0.0	-1.0	0.0	-1.0	-1.0	0.0	0.0	-1.0	1.0	-1.0	1.0	-1.0	1.0	0.0	1.0	0.0	1.0	0.0	1.0	-1.0	-1.0	0.391	-1.0	0.0	0.8	0.0	-1.0	1.0	-1.0	1.0	1.0	0.3	1.0	-1.0	0.0	1.0	-1.0	-1.0	-1.0	0.0	-1.0	0.375	0.0	1.0	0.0	0.357	1.0	-1.0	-1.0	0.0	0.0	0.0	0.0	0.828	-1.0	-1.0	1.0	0.0	-1.0	1.0	-1.0	0.0	0.0	-1.0	-1.0	1.0	-1.0	-1.0	-1.0	-1.0	-1.0	1.0	-1.0	1.0	0.045	-1.0	-1.0	-1.0	-1.0	1.0	1.0	-1.0	0.0	-1.0	1.0	0.636	0.333	1.0	0.808	-1.0	-1.0	-1.0	-1.0	0.0	-1.0	-1.0	-1.0	0.0	-1.0
gnl|Prokka|GCF_014131755.1_1|1869324|T	0.419	-1.0	-1.0	-1.0	-1.0	0.0	-1.0	0.0	-1.0	-1.0	-1.0	-1.0	-1.0	-1.0	-1.0	1.0	0.0	-1.0	1.0	-1.0	-1.0	-1.0	1.0	-1.0	-1.0	0.0	-1.0	-1.0	-1.0	-1.0	1.0	0.0	0.0	-1.0	0.0	1.0	0.0	-1.0	-1.0	1.0	1.0	1.0	-1.0	1.0	0.25	0.0	0.0	1.0	1.0	-1.0	-1.0	0.571	-1.0	-1.0	0.0	-1.0	0.0	1.0	1.0	0.083	1.0	-1.0	1.0	1.0	-1.0	0.333	0.785	0.0	0.75	-1.0	1.0	-1.0	0.417	0.0	1.0	0.688	-1.0	-1.0	1.0	0.172	-1.0	0.333	0.0	0.0	1.0	0.556	0.0	-1.0	0.0	0.0	-1.0	0.0	-1.0	-1.0	0.0	-1.0	0.0	-1.0	-1.0	0.0	0.0	-1.0	1.0	-1.0	0.0	-1.0	1.0	0.0	-1.0	0.0	1.0	0.0	1.0	0.0	-1.0	0.25	-1.0	0.0	1.0	0.0	1.0	0.0	-1.0	1.0	1.0	-1.0	1.0	-1.0	0.0	-1.0	-1.0	-1.0	-1.0	0.0	-1.0	0.278	-1.0	1.0	1.0	0.467	1.0	-1.0	-1.0	0.0	0.0	0.0	0.333	0.828	-1.0	1.0	0.0	0.0	-1.0	1.0	-1.0	-1.0	0.0	-1.0	-1.0	1.0	-1.0	-1.0	-1.0	-1.0	-1.0	-1.0	-1.0	1.0	0.0	-1.0	-1.0	-1.0	-1.0	1.0	0.158	-1.0	0.0	-1.0	1.0	0.6	0.579	1.0	0.778	-1.0	-1.0	-1.0	-1.0	0.0	-1.0	-1.0	-1.0	0.0	-1.0
gnl|Prokka|GCF_014131755.1_1|1869963|C	1.0	-1.0	-1.0	-1.0	-1.0	-1.0	-1.0	0.097	-1.0	-1.0	0.0	-1.0	-1.0	-1.0	-1.0	1.0	0.333	-1.0	0.0	-1.0	-1.0	-1.0	1.0	-1.0	-1.0	1.0	-1.0	-1.0	-1.0	-1.0	1.0	0.0	1.0	-1.0	0.0	1.0	1.0	0.0	-1.0	1.0	0.345	0.0	-1.0	0.0	0.273	0.0	0.0	1.0	0.0	-1.0	-1.0	1.0	-1.0	-1.0	0.0	0.0	-1.0	0.0	1.0	0.295	1.0	-1.0	0.529	1.0	-1.0	0.333	0.0	0.0	0.0	-1.0	1.0	-1.0	0.333	0.0	1.0	0.833	-1.0	-1.0	0.0	0.333	-1.0	1.0	0.0	0.0	1.0	0.0	0.0	-1.0	0.0	0.0	-1.0	1.0	-1.0	-1.0	0.3	-1.0	1.0	-1.0	-1.0	1.0	0.0	-1.0	1.0	-1.0	1.0	-1.0	1.0	0.0	1.0	0.0	1.0	0.0	1.0	0.0	-1.0	1.0	-1.0	0.0	1.0	1.0	1.0	0.0	-1.0	1.0	1.0	0.0	1.0	-1.0	0.0	-1.0	-1.0	-1.0	-1.0	0.0	-1.0	1.0	0.0	0.0	-1.0	-1.0	1.0	-1.0	-1.0	0.0	0.0	0.0	0.0	0.698	-1.0	1.0	0.0	0.0	-1.0	1.0	-1.0	1.0	0.0	-1.0	-1.0	1.0	-1.0	-1.0	-1.0	-1.0	-1.0	-1.0	-1.0	1.0	0.046	-1.0	-1.0	-1.0	-1.0	1.0	0.13	-1.0	0.0	-1.0	0.15	0.41	0.467	0.0	0.8	-1.0	-1.0	-1.0	-1.0	0.0	-1.0	-1.0	-1.0	0.0	-1.0
gnl|Prokka|GCF_014131755.1_1|1915950|T	-1.0	-1.0	-1.0	-1.0	-1.0	0.0	-1.0	0.0	-1.0	-1.0	-1.0	-1.0	-1.0	-1.0	-1.0	1.0	0.0	-1.0	0.0	-1.0	-1.0	-1.0	0.0	-1.0	-1.0	0.0	-1.0	-1.0	-1.0	-1.0	1.0	0.0	0.094	-1.0	0.63	1.0	0.0	1.0	-1.0	0.0	0.641	0.0	-1.0	1.0	0.778	1.0	0.0	0.0	1.0	-1.0	-1.0	0.273	0.0	-1.0	1.0	0.0	1.0	1.0	1.0	1.0	0.0	-1.0	0.0	1.0	-1.0	1.0	0.203	1.0	0.0	-1.0	0.0	-1.0	0.583	0.0	0.0	0.231	-1.0	-1.0	1.0	0.0	-1.0	0.0	0.0	0.0	1.0	0.0	1.0	-1.0	1.0	1.0	-1.0	1.0	-1.0	-1.0	1.0	-1.0	0.0	-1.0	-1.0	0.0	0.0	-1.0	1.0	-1.0	0.0	-1.0	0.0	1.0	1.0	1.0	1.0	1.0	1.0	1.0	-1.0	0.682	-1.0	0.0	0.722	0.0	0.0	0.0	-1.0	1.0	0.0	-1.0	0.0	-1.0	1.0	-1.0	-1.0	-1.0	-1.0	1.0	-1.0	0.0	-1.0	1.0	1.0	1.0	0.0	-1.0	-1.0	-1.0	0.0	1.0	0.538	0.716	-1.0	0.0	0.0	0.375	-1.0	0.0	-1.0	1.0	0.0	-1.0	-1.0	-1.0	-1.0	-1.0	-1.0	-1.0	-1.0	0.8	-1.0	0.0	1.0	-1.0	-1.0	-1.0	-1.0	0.636	1.0	-1.0	0.0	-1.0	1.0	1.0	0.529	0.0	0.0	-1.0	-1.0	-1.0	-1.0	0.0	-1.0	-1.0	-1.0	1.0	-1.0
gnl|Prokka|GCF_014131755.1_1|1922188|G	0.296	-1.0	-1.0	-1.0	-1.0	0.0	-1.0	0.826	-1.0	-1.0	-1.0	-1.0	-1.0	-1.0	-1.0	0.0	-1.0	-1.0	1.0	-1.0	-1.0	-1.0	-1.0	-1.0	-1.0	0.0	-1.0	-1.0	-1.0	-1.0	1.0	1.0	0.0	-1.0	0.591	1.0	-1.0	1.0	-1.0	1.0	0.538	1.0	-1.0	1.0	0.0	0.0	0.0	1.0	0.0	-1.0	-1.0	0.0	0.0	-1.0	0.0	1.0	0.0	0.0	1.0	0.07	0.0	-1.0	0.0	0.0	-1.0	0.0	0.768	0.0	1.0	-1.0	1.0	-1.0	1.0	0.0	1.0	0.0	-1.0	-1.0	0.0	0.0	-1.0	0.462	0.864	1.0	1.0	0.0	0.0	-1.0	1.0	-1.0	-1.0	-1.0	-1.0	-1.0	1.0	-1.0	0.0	-1.0	-1.0	0.0	0.0	-1.0	1.0	-1.0	0.0	-1.0	0.163	0.0	0.0	1.0	1.0	1.0	-1.0	1.0	-1.0	0.55	-1.0	1.0	1.0	0.0	-1.0	1.0	-1.0	0.0	1.0	1.0	0.0	-1.0	0.0	1.0	-1.0	-1.0	-1.0	0.0	-1.0	0.0	0.0	1.0	-1.0	0.333	0.0	-1.0	-1.0	-1.0	0.0	1.0	0.583	0.86	-1.0	1.0	1.0	0.0	-1.0	0.727	-1.0	0.0	1.0	-1.0	-1.0	0.0	-1.0	-1.0	-1.0	-1.0	-1.0	1.0	-1.0	0.553	1.0	-1.0	-1.0	-1.0	-1.0	0.0	1.0	-1.0	1.0	-1.0	1.0	1.0	0.6	1.0	0.286	-1.0	-1.0	-1.0	-1.0	0.0	-1.0	-1.0	-1.0	0.0	-1.0
gnl|Prokka|GCF_014131755.1_1|1983885|G	0.406	1.0	-1.0	-1.0	-1.0	0.0	-1.0	0.188	-1.0	-1.0	-1.0	-1.0	-1.0	-1.0	-1.0	-1.0	-1.0	-1.0	0.0	-1.0	-1.0	-1.0	1.0	-1.0	-1.0	1.0	-1.0	-1.0	-1.0	-1.0	0.0	1.0	1.0	-1.0	0.531	1.0	-1.0	1.0	-1.0	0.055	0.6	0.0	-1.0	-1.0	1.0	0.0	0.0	0.936	0.0	-1.0	-1.0	1.0	1.0	-1.0	1.0	1.0	1.0	0.0	1.0	0.053	0.0	-1.0	0.0	1.0	-1.0	0.667	0.0	0.0	0.692	-1.0	1.0	-1.0	1.0	0.0	1.0	0.0	-1.0	-1.0	0.0	0.0	-1.0	1.0	0.0	0.0	0.0	0.0	0.0	-1.0	1.0	1.0	-1.0	0.0	-1.0	-1.0	1.0	-1.0	1.0	-1.0	-1.0	1.0	0.0	-1.0	1.0	-1.0	1.0	-1.0	0.0	0.0	0.0	1.0	0.0	1.0	1.0	1.0	-1.0	0.0	-1.0	0.0	1.0	1.0	-1.0	1.0	-1.0	1.0	0.0	1.0	0.0	-1.0	0.0	0.0	-1.0	-1.0	-1.0	1.0	-1.0	0.467	0.0	1.0	-1.0	0.0	0.0	-1.0	-1.0	-1.0	0.0	0.0	0.7	0.882	-1.0	0.545	0.0	0.0	-1.0	1.0	-1.0	1.0	0.25	-1.0	-1.0	1.0	-1.0	-1.0	-1.0	-1.0	-1.0	1.0	-1.0	1.0	0.939	-1.0	-1.0	-1.0	-1.0	0.0	0.0	-1.0	0.0	-1.0	0.742	0.0	-1.0	0.0	0.0	-1.0	-1.0	-1.0	-1.0	0.0	-1.0	-1.0	-1.0	1.0	-1.0
gnl|Prokka|GCF_014131755.1_1|1991441|T	0.45	-1.0	-1.0	-1.0	-1.0	0.0	-1.0	1.0	-1.0	-1.0	-1.0	-1.0	-1.0	-1.0	-1.0	1.0	0.0	-1.0	1.0	-1.0	-1.0	-1.0	0.0	-1.0	-1.0	0.0	-1.0	-1.0	-1.0	-1.0	0.0	1.0	0.0	-1.0	1.0	-1.0	-1.0	-1.0	-1.0	1.0	0.478	1.0	-1.0	1.0	0.0	1.0	1.0	0.925	1.0	-1.0	-1.0	0.0	0.0	-1.0	0.0	0.0	0.0	1.0	1.0	1.0	0.0	-1.0	0.0	1.0	-1.0	1.0	0.636	1.0	1.0	-1.0	0.0	-1.0	0.538	1.0	0.0	0.0	-1.0	-1.0	1.0	0.192	-1.0	0.0	0.857	1.0	1.0	0.0	1.0	-1.0	0.0	0.0	-1.0	1.0	-1.0	-1.0	0.0	-1.0	0.0	-1.0	-1.0	1.0	1.0	-1.0	1.0	-1.0	0.0	-1.0	0.061	1.0	1.0	-1.0	0.0	1.0	-1.0	0.0	-1.0	1.0	-1.0	0.0	1.0	0.0	0.0	1.0	-1.0	0.105	0.0	0.308	0.0	-1.0	-1.0	0.0	-1.0	-1.0	-1.0	0.0	-1.0	0.0	-1.0	1.0	1.0	-1.0	0.0	-1.0	-1.0	-1.0	0.0	1.0	0.227	0.181	-1.0	0.0	0.0	0.0	-1.0	0.3	-1.0	0.0	0.2	-1.0	-1.0	0.0	-1.0	-1.0	-1.0	-1.0	-1.0	1.0	-1.0	0.757	0.954	-1.0	-1.0	-1.0	-1.0	0.25	0.0	-1.0	1.0	-1.0	1.0	0.517	0.357	1.0	0.0	-1.0	-1.0	-1.0	-1.0	0.0	-1.0	-1.0	-1.0	0.0	-1.0
gnl|Prokka|GCF_014131755.1_1|2047587|A	0.593	1.0	-1.0	-1.0	-1.0	-1.0	-1.0	0.0	-1.0	-1.0	-1.0	-1.0	-1.0	-1.0	-1.0	-1.0	0.0	-1.0	1.0	-1.0	-1.0	-1.0	-1.0	-1.0	-1.0	-1.0	-1.0	-1.0	-1.0	-1.0	0.0	0.0	1.0	-1.0	0.0	0.0	1.0	-1.0	-1.0	1.0	1.0	0.0	-1.0	0.0	1.0	1.0	0.0	1.0	0.0	-1.0	-1.0	0.714	-1.0	-1.0	1.0	1.0	1.0	0.0	0.0	0.06	0.0	-1.0	1.0	0.0	-1.0	0.25	0.0	1.0	0.0	-1.0	1.0	-1.0	0.4	0.0	1.0	0.0	-1.0	-1.0	0.12	0.778	-1.0	0.692	1.0	0.0	0.0	0.0	0.0	-1.0	0.0	1.0	-1.0	0.0	-1.0	-1.0	0.833	-1.0	1.0	-1.0	-1.0	1.0	0.0	-1.0	0.0	-1.0	1.0	-1.0	0.214	1.0	1.0	1.0	0.0	1.0	0.0	1.0	-1.0	0.0	-1.0	1.0	0.0	1.0	1.0	0.0	-1.0	0.0	1.0	-1.0	1.0	-1.0	0.0	-1.0	-1.0	-1.0	-1.0	1.0	-1.0	0.0	1.0	0.0	0.0	0.429	0.0	-1.0	-1.0	0.0	1.0	0.0	0.0	0.255	-1.0	0.75	0.0	1.0	-1.0	1.0	-1.0	1.0	1.0	-1.0	-1.0	0.0	-1.0	-1.0	-1.0	-1.0	-1.0	-1.0	-1.0	0.281	1.0	-1.0	-1.0	-1.0	-1.0	0.0	1.0	-1.0	-1.0	-1.0	0.786	0.0	0.385	0.0	1.0	-1.0	-1.0	-1.0	-1.0	1.0	-1.0	-1.0	-1.0	1.0	-1.0
gnl|Prokka|GCF_014131755.1_1|2047654|A	-1.0	1.0	-1.0	-1.0	-1.0	1.0	-1.0	0.0	-1.0	-1.0	1.0	-1.0	-1.0	-1.0	-1.0	-1.0	-1.0	-1.0	1.0	-1.0	-1.0	-1.0	-1.0	-1.0	-1.0	-1.0	-1.0	-1.0	-1.0	-1.0	0.0	0.0	1.0	-1.0	0.0	0.0	1.0	-1.0	-1.0	1.0	1.0	0.0	-1.0	0.0	1.0	1.0	0.0	1.0	0.0	-1.0	-1.0	1.0	-1.0	-1.0	1.0	1.0	1.0	0.0	0.0	0.08	0.0	-1.0	0.7	0.0	-1.0	0.611	0.0	1.0	0.385	-1.0	1.0	-1.0	0.4	0.0	1.0	0.0	-1.0	-1.0	0.0	0.783	-1.0	0.6	1.0	0.0	0.0	0.0	0.0	-1.0	0.0	1.0	-1.0	0.0	-1.0	-1.0	1.0	-1.0	1.0	-1.0	-1.0	1.0	0.0	-1.0	0.0	-1.0	1.0	-1.0	0.182	1.0	1.0	1.0	0.0	1.0	0.0	1.0	-1.0	0.0	-1.0	1.0	0.0	1.0	1.0	0.0	-1.0	0.0	1.0	-1.0	1.0	-1.0	0.0	-1.0	-1.0	-1.0	-1.0	1.0	-1.0	0.0	-1.0	0.0	0.0	0.375	0.0	-1.0	-1.0	0.0	1.0	0.0	0.0	0.204	-1.0	0.7	0.0	1.0	-1.0	0.7	-1.0	1.0	1.0	-1.0	-1.0	0.0	-1.0	-1.0	-1.0	-1.0	-1.0	0.0	-1.0	0.467	1.0	-1.0	-1.0	-1.0	-1.0	0.308	1.0	-1.0	1.0	-1.0	0.833	0.0	0.455	0.0	0.864	-1.0	-1.0	-1.0	-1.0	0.955	-1.0	-1.0	-1.0	1.0	-1.0
gnl|Prokka|GCF_014131755.1_1|2088501|G	0.526	1.0	-1.0	-1.0	-1.0	0.0	-1.0	0.222	-1.0	-1.0	-1.0	-1.0	-1.0	-1.0	-1.0	0.0	-1.0	-1.0	1.0	-1.0	-1.0	-1.0	-1.0	-1.0	-1.0	1.0	-1.0	-1.0	-1.0	-1.0	0.0	0.0	1.0	-1.0	0.448	1.0	1.0	1.0	-1.0	0.033	0.0	0.0	-1.0	1.0	1.0	0.0	0.0	1.0	1.0	-1.0	-1.0	1.0	-1.0	-1.0	1.0	1.0	0.7	1.0	0.0	0.093	0.0	-1.0	0.3	1.0	-1.0	0.765	0.0	1.0	0.722	-1.0	1.0	-1.0	0.636	0.0	1.0	0.0	-1.0	-1.0	1.0	0.0	-1.0	1.0	0.0	0.0	0.0	0.0	0.0	-1.0	1.0	1.0	-1.0	0.0	-1.0	-1.0	0.0	-1.0	1.0	-1.0	-1.0	1.0	0.0	-1.0	0.0	-1.0	1.0	-1.0	0.083	1.0	1.0	1.0	0.0	0.0	1.0	1.0	-1.0	0.0	-1.0	0.0	0.267	1.0	0.0	1.0	-1.0	1.0	0.0	1.0	0.0	-1.0	1.0	-1.0	-1.0	-1.0	-1.0	0.0	-1.0	0.0	0.0	1.0	-1.0	0.333	0.0	-1.0	-1.0	0.0	0.0	0.0	0.375	0.132	-1.0	1.0	0.0	0.0	-1.0	-1.0	-1.0	1.0	0.0	-1.0	-1.0	0.727	-1.0	-1.0	-1.0	-1.0	-1.0	0.0	-1.0	1.0	0.961	-1.0	-1.0	-1.0	-1.0	0.0	0.0	-1.0	0.0	-1.0	1.0	0.0	0.0	1.0	0.0	-1.0	-1.0	-1.0	-1.0	0.0	-1.0	-1.0	-1.0	1.0	-1.0
gnl|Prokka|GCF_014131755.1_1|2105781|C	0.632	1.0	-1.0	-1.0	-1.0	-1.0	-1.0	1.0	-1.0	-1.0	-1.0	-1.0	-1.0	-1.0	-1.0	-1.0	1.0	-1.0	0.0	-1.0	-1.0	-1.0	0.0	-1.0	-1.0	-1.0	-1.0	-1.0	-1.0	-1.0	1.0	0.636	1.0	-1.0	-1.0	0.0	1.0	-1.0	-1.0	1.0	0.0	1.0	-1.0	0.0	0.368	1.0	1.0	0.0	0.0	-1.0	-1.0	0.571	-1.0	-1.0	0.0	1.0	0.0	0.0	0.0	0.732	0.0	-1.0	0.0	0.0	-1.0	0.522	1.0	1.0	0.25	-1.0	0.0	-1.0	0.0	0.0	0.0	0.45	-1.0	-1.0	0.0	0.0	-1.0	0.824	1.0	1.0	1.0	0.0	1.0	-1.0	0.0	1.0	-1.0	1.0	-1.0	-1.0	0.0	-1.0	1.0	-1.0	-1.0	1.0	1.0	-1.0	0.0	-1.0	1.0	-1.0	0.745	1.0	1.0	1.0	1.0	0.0	0.0	1.0	-1.0	1.0	-1.0	1.0	0.0	1.0	1.0	0.0	-1.0	0.0	1.0	-1.0	1.0	-1.0	0.0	-1.0	-1.0	-1.0	-1.0	1.0	-1.0	0.0	0.0	0.0	-1.0	0.571	0.0	-1.0	-1.0	0.0	0.0	1.0	0.429	0.28	-1.0	0.412	1.0	0.158	-1.0	0.0	-1.0	1.0	0.0	-1.0	-1.0	-1.0	-1.0	-1.0	-1.0	-1.0	-1.0	0.0	-1.0	0.0	1.0	-1.0	-1.0	-1.0	-1.0	0.667	1.0	-1.0	1.0	-1.0	0.333	0.719	0.0	0.0	0.2	-1.0	-1.0	-1.0	-1.0	1.0	-1.0	-1.0	-1.0	0.0	-1.0
gnl|Prokka|GCF_014131755.1_1|2105980|C	0.667	-1.0	-1.0	-1.0	-1.0	-1.0	-1.0	0.84	-1.0	-1.0	-1.0	-1.0	-1.0	-1.0	-1.0	-1.0	1.0	-1.0	0.0	-1.0	-1.0	-1.0	0.0	-1.0	-1.0	1.0	-1.0	-1.0	-1.0	-1.0	1.0	0.636	1.0	-1.0	-1.0	1.0	1.0	0.0	-1.0	0.944	0.0	1.0	-1.0	0.0	0.267	1.0	1.0	0.0	0.0	-1.0	-1.0	0.625	-1.0	-1.0	0.0	1.0	0.0	0.0	0.0	0.878	0.0	-1.0	0.636	0.0	-1.0	0.588	1.0	0.988	0.0	-1.0	0.107	-1.0	0.0	0.0	0.0	0.286	-1.0	-1.0	0.0	0.0	-1.0	0.7	1.0	1.0	1.0	0.0	1.0	-1.0	0.0	1.0	-1.0	1.0	-1.0	-1.0	0.0	-1.0	1.0	-1.0	-1.0	1.0	1.0	-1.0	0.0	-1.0	1.0	-1.0	0.824	1.0	1.0	1.0	1.0	0.0	0.0	1.0	-1.0	1.0	-1.0	1.0	0.0	1.0	1.0	0.0	-1.0	0.0	1.0	0.625	1.0	-1.0	-1.0	0.429	-1.0	-1.0	-1.0	1.0	-1.0	0.0	0.0	0.0	0.0	0.3	0.0	-1.0	-1.0	0.0	0.0	1.0	0.538	0.295	-1.0	0.0	1.0	0.333	-1.0	0.0	-1.0	1.0	0.0	-1.0	-1.0	0.0	-1.0	-1.0	-1.0	-1.0	-1.0	0.0	-1.0	0.0	0.957	-1.0	-1.0	-1.0	-1.0	0.556	1.0	-1.0	-1.0	-1.0	0.292	-1.0	0.0	0.0	0.0	-1.0	-1.0	-1.0	-1.0	1.0	-1.0	-1.0	-1.0	0.0	-1.0
gnl|Prokka|GCF_014131755.1_1|2133292|G	0.692	-1.0	-1.0	-1.0	-1.0	-1.0	-1.0	1.0	-1.0	-1.0	-1.0	-1.0	-1.0	-1.0	-1.0	-1.0	-1.0	-1.0	0.0	-1.0	-1.0	-1.0	-1.0	-1.0	-1.0	-1.0	-1.0	-1.0	-1.0	-1.0	0.0	0.786	0.741	-1.0	1.0	-1.0	1.0	0.0	-1.0	1.0	0.0	1.0	-1.0	0.0	0.278	1.0	1.0	0.0	0.0	-1.0	-1.0	0.667	1.0	-1.0	0.0	1.0	0.0	1.0	0.0	0.913	0.0	-1.0	1.0	1.0	-1.0	0.786	0.785	0.975	0.0	-1.0	0.0	-1.0	0.0	1.0	0.0	0.333	-1.0	-1.0	0.0	0.0	-1.0	0.588	1.0	1.0	1.0	0.0	1.0	-1.0	0.0	0.0	-1.0	1.0	-1.0	-1.0	0.0	-1.0	1.0	-1.0	-1.0	1.0	1.0	-1.0	0.0	-1.0	1.0	-1.0	0.806	1.0	0.0	0.0	1.0	0.0	1.0	0.0	-1.0	1.0	-1.0	1.0	0.0	1.0	1.0	0.0	-1.0	0.893	1.0	-1.0	1.0	-1.0	0.0	1.0	-1.0	-1.0	-1.0	1.0	-1.0	0.0	0.0	0.273	0.0	0.467	0.0	-1.0	-1.0	-1.0	0.0	1.0	1.0	0.258	-1.0	0.643	1.0	0.0	-1.0	0.0	-1.0	0.0	0.714	-1.0	-1.0	1.0	-1.0	-1.0	-1.0	-1.0	-1.0	0.0	-1.0	0.634	0.0	-1.0	-1.0	-1.0	-1.0	1.0	1.0	-1.0	1.0	-1.0	0.429	0.0	0.0	0.0	0.0	-1.0	-1.0	-1.0	-1.0	0.0	-1.0	-1.0	-1.0	0.0	-1.0
gnl|Prokka|GCF_014131755.1_1|2142273|T	0.464	1.0	-1.0	-1.0	-1.0	1.0	-1.0	0.0	-1.0	-1.0	-1.0	-1.0	-1.0	-1.0	-1.0	0.429	0.0	-1.0	0.0	-1.0	-1.0	-1.0	0.0	-1.0	-1.0	0.0	-1.0	-1.0	-1.0	-1.0	0.0	0.222	0.094	-1.0	1.0	1.0	0.0	-1.0	-1.0	1.0	0.0	0.0	-1.0	1.0	0.0	1.0	0.0	0.922	1.0	-1.0	-1.0	0.545	-1.0	-1.0	1.0	1.0	0.455	0.0	1.0	1.0	0.0	-1.0	0.333	0.0	-1.0	1.0	0.185	0.0	0.769	-1.0	0.0	-1.0	1.0	1.0	0.0	1.0	-1.0	-1.0	1.0	0.294	-1.0	0.0	0.0	0.0	1.0	0.0	1.0	-1.0	0.0	-1.0	-1.0	-1.0	-1.0	-1.0	1.0	-1.0	0.0	-1.0	-1.0	0.0	1.0	-1.0	1.0	-1.0	0.0	-1.0	1.0	0.0	1.0	1.0	0.0	1.0	0.0	1.0	-1.0	1.0	-1.0	1.0	1.0	0.0	0.0	0.0	-1.0	0.0	0.0	-1.0	1.0	-1.0	0.0	-1.0	-1.0	-1.0	-1.0	0.0	-1.0	0.333	1.0	1.0	-1.0	1.0	1.0	-1.0	-1.0	-1.0	0.0	0.0	0.333	0.772	-1.0	0.0	0.0	0.0	-1.0	1.0	-1.0	0.0	0.0	-1.0	-1.0	-1.0	-1.0	-1.0	-1.0	-1.0	-1.0	-1.0	-1.0	0.0	1.0	-1.0	-1.0	-1.0	-1.0	1.0	0.211	-1.0	0.0	-1.0	1.0	0.423	0.375	1.0	0.0	-1.0	-1.0	-1.0	-1.0	1.0	-1.0	-1.0	-1.0	0.0	-1.0
gnl|Prokka|GCF_014131755.1_1|2293830|T	0.375	1.0	-1.0	-1.0	-1.0	0.0	-1.0	0.824	-1.0	-1.0	-1.0	-1.0	-1.0	-1.0	-1.0	1.0	0.0	-1.0	1.0	-1.0	-1.0	-1.0	-1.0	-1.0	-1.0	0.0	-1.0	-1.0	-1.0	-1.0	0.0	1.0	0.182	-1.0	1.0	1.0	0.0	-1.0	-1.0	0.043	0.641	1.0	-1.0	1.0	1.0	0.0	1.0	1.0	1.0	-1.0	-1.0	0.273	-1.0	-1.0	1.0	1.0	1.0	0.0	1.0	0.127	0.0	-1.0	0.231	1.0	-1.0	0.529	0.667	1.0	1.0	-1.0	1.0	-1.0	1.0	0.0	1.0	0.0	-1.0	-1.0	1.0	0.15	-1.0	0.444	0.125	1.0	0.0	0.0	0.0	-1.0	1.0	1.0	-1.0	0.0	-1.0	-1.0	0.0	-1.0	0.0	-1.0	-1.0	0.0	0.0	-1.0	1.0	-1.0	0.0	-1.0	0.0	1.0	-1.0	-1.0	0.0	0.0	0.0	1.0	-1.0	0.0	-1.0	1.0	1.0	0.0	-1.0	1.0	-1.0	0.0	0.0	1.0	0.0	-1.0	-1.0	-1.0	-1.0	-1.0	-1.0	0.0	-1.0	0.0	0.0	1.0	0.0	0.571	0.0	-1.0	-1.0	1.0	0.0	0.0	1.0	0.621	-1.0	1.0	0.0	0.0	-1.0	1.0	-1.0	0.0	-1.0	-1.0	-1.0	0.0	-1.0	-1.0	-1.0	-1.0	-1.0	1.0	-1.0	0.244	0.934	-1.0	-1.0	-1.0	-1.0	0.0	0.0	-1.0	0.0	-1.0	0.737	0.492	0.0	1.0	0.0	-1.0	-1.0	-1.0	-1.0	0.0	-1.0	-1.0	-1.0	1.0	-1.0
gnl|Prokka|GCF_014131755.1_1|2317790|T	0.481	0.0	-1.0	-1.0	-1.0	1.0	-1.0	1.0	-1.0	-1.0	1.0	-1.0	-1.0	-1.0	-1.0	-1.0	-1.0	-1.0	0.0	-1.0	-1.0	-1.0	-1.0	-1.0	-1.0	0.0	-1.0	-1.0	-1.0	-1.0	1.0	0.571	0.0	-1.0	1.0	1.0	-1.0	-1.0	-1.0	0.0	0.29	1.0	-1.0	0.0	0.733	0.0	1.0	0.0	0.0	-1.0	-1.0	0.0	0.0	-1.0	0.0	1.0	1.0	1.0	0.0	0.154	1.0	-1.0	0.0	1.0	-1.0	0.471	1.0	1.0	0.136	-1.0	1.0	-1.0	1.0	0.0	1.0	0.688	-1.0	-1.0	0.0	0.375	-1.0	0.0	0.12	1.0	0.0	1.0	0.0	-1.0	0.0	0.0	-1.0	0.0	-1.0	-1.0	0.0	-1.0	0.0	-1.0	-1.0	-1.0	0.0	-1.0	0.0	-1.0	0.0	-1.0	1.0	1.0	1.0	0.0	1.0	0.0	1.0	0.0	-1.0	0.0	-1.0	1.0	0.0	0.0	0.0	1.0	-1.0	1.0	1.0	1.0	0.0	-1.0	1.0	-1.0	-1.0	-1.0	-1.0	1.0	-1.0	1.0	0.0	0.0	0.0	-1.0	1.0	-1.0	-1.0	0.0	0.0	0.0	0.7	0.537	-1.0	1.0	1.0	0.2	-1.0	0.727	-1.0	0.0	1.0	-1.0	-1.0	1.0	-1.0	-1.0	-1.0	-1.0	-1.0	0.0	-1.0	0.222	0.0	-1.0	-1.0	-1.0	-1.0	1.0	1.0	-1.0	0.0	-1.0	0.842	1.0	0.0	0.0	0.833	-1.0	-1.0	-1.0	-1.0	0.0	-1.0	-1.0	-1.0	1.0	-1.0
gnl|Prokka|GCF_014131755.1_1|2437541|C	0.455	1.0	-1.0	-1.0	-1.0	-1.0	-1.0	0.826	-1.0	-1.0	1.0	-1.0	-1.0	-1.0	-1.0	0.429	-1.0	-1.0	1.0	-1.0	-1.0	-1.0	-1.0	-1.0	-1.0	1.0	-1.0	-1.0	-1.0	-1.0	1.0	0.545	1.0	-1.0	1.0	0.0	1.0	-1.0	-1.0	0.05	0.621	1.0	-1.0	1.0	1.0	0.0	1.0	0.889	0.0	-1.0	-1.0	1.0	-1.0	-1.0	0.0	-1.0	1.0	1.0	0.0	0.0	0.0	-1.0	0.0	1.0	-1.0	0.0	0.738	1.0	0.0	-1.0	1.0	-1.0	0.6	0.0	1.0	0.0	-1.0	-1.0	0.0	0.0	-1.0	1.0	0.143	1.0	0.0	0.0	0.0	-1.0	0.0	1.0	-1.0	0.0	-1.0	-1.0	0.0	-1.0	1.0	-1.0	-1.0	1.0	0.0	-1.0	0.0	-1.0	1.0	-1.0	0.157	1.0	-1.0	1.0	1.0	0.0	1.0	-1.0	-1.0	0.0	-1.0	0.0	0.0	1.0	0.0	1.0	-1.0	1.0	0.0	-1.0	0.0	-1.0	0.0	1.0	-1.0	-1.0	-1.0	0.0	-1.0	0.0	-1.0	0.0	-1.0	0.455	0.0	-1.0	-1.0	1.0	0.0	0.0	0.7	0.804	-1.0	1.0	0.0	0.0	-1.0	0.429	-1.0	1.0	0.0	-1.0	-1.0	0.3	-1.0	-1.0	-1.0	-1.0	-1.0	0.0	-1.0	0.444	0.929	-1.0	-1.0	-1.0	-1.0	0.0	0.0	-1.0	0.0	-1.0	0.0	0.447	0.0	1.0	0.0	-1.0	-1.0	-1.0	-1.0	1.0	-1.0	-1.0	-1.0	1.0	-1.0
gnl|Prokka|GCF_014131755.1_1|2460910|T	1.0	-1.0	-1.0	-1.0	-1.0	0.0	-1.0	0.211	-1.0	-1.0	-1.0	-1.0	-1.0	-1.0	-1.0	-1.0	1.0	-1.0	0.0	-1.0	-1.0	-1.0	1.0	-1.0	-1.0	1.0	-1.0	-1.0	-1.0	-1.0	1.0	0.0	1.0	-1.0	0.524	0.0	1.0	1.0	-1.0	0.031	0.0	1.0	-1.0	0.0	1.0	1.0	0.0	0.0	1.0	-1.0	-1.0	1.0	1.0	-1.0	0.0	1.0	0.727	1.0	0.0	1.0	0.0	-1.0	0.0	1.0	-1.0	0.769	1.0	1.0	0.0	-1.0	1.0	-1.0	0.0	0.0	1.0	0.227	-1.0	-1.0	1.0	1.0	-1.0	1.0	0.0	0.0	0.0	0.0	1.0	-1.0	0.0	1.0	-1.0	1.0	-1.0	-1.0	1.0	-1.0	1.0	-1.0	-1.0	1.0	0.0	-1.0	0.0	-1.0	1.0	-1.0	0.86	1.0	0.0	-1.0	1.0	1.0	0.0	1.0	-1.0	0.533	-1.0	0.0	0.0	1.0	0.0	1.0	-1.0	0.0	0.0	-1.0	0.0	-1.0	0.0	-1.0	-1.0	-1.0	-1.0	0.0	-1.0	0.0	-1.0	0.0	0.0	1.0	0.0	-1.0	-1.0	0.0	1.0	0.0	0.0	0.707	-1.0	1.0	0.0	1.0	-1.0	0.0	-1.0	-1.0	-1.0	-1.0	-1.0	0.0	-1.0	-1.0	-1.0	-1.0	-1.0	0.0	-1.0	1.0	0.875	-1.0	-1.0	-1.0	-1.0	-1.0	1.0	-1.0	0.0	-1.0	0.8	0.697	0.583	0.0	0.0	-1.0	-1.0	-1.0	-1.0	0.0	-1.0	-1.0	-1.0	1.0	-1.0
gnl|Prokka|GCF_014131755.1_1|2497880|G	0.571	0.0	-1.0	-1.0	-1.0	1.0	-1.0	0.0	-1.0	-1.0	-1.0	-1.0	-1.0	-1.0	-1.0	-1.0	0.0	-1.0	1.0	-1.0	-1.0	-1.0	-1.0	-1.0	-1.0	0.0	-1.0	-1.0	-1.0	-1.0	1.0	0.412	0.0	-1.0	0.0	1.0	-1.0	1.0	-1.0	0.0	1.0	1.0	-1.0	1.0	0.538	0.0	0.0	0.082	1.0	-1.0	-1.0	0.353	0.0	-1.0	1.0	-1.0	1.0	1.0	1.0	0.115	1.0	-1.0	1.0	0.0	-1.0	0.0	1.0	1.0	1.0	-1.0	1.0	-1.0	1.0	0.0	1.0	0.0	-1.0	-1.0	1.0	0.0	-1.0	0.529	0.0	0.0	0.0	1.0	0.0	-1.0	1.0	0.0	-1.0	0.0	-1.0	-1.0	0.0	-1.0	0.0	-1.0	-1.0	0.0	0.0	-1.0	1.0	-1.0	0.0	-1.0	0.147	-1.0	1.0	0.0	1.0	0.0	1.0	0.0	-1.0	0.55	-1.0	1.0	1.0	0.0	0.625	0.0	-1.0	1.0	0.0	0.0	0.0	-1.0	1.0	0.0	-1.0	-1.0	-1.0	0.16	-1.0	1.0	0.0	0.0	1.0	0.7	0.0	-1.0	-1.0	0.0	0.0	0.0	-1.0	0.911	-1.0	1.0	0.0	0.0	-1.0	0.444	-1.0	0.0	0.0	-1.0	-1.0	1.0	-1.0	-1.0	-1.0	-1.0	-1.0	1.0	-1.0	1.0	1.0	-1.0	-1.0	-1.0	-1.0	1.0	0.0	-1.0	0.0	-1.0	0.0	0.441	0.524	1.0	0.906	-1.0	-1.0	-1.0	-1.0	0.0	-1.0	-1.0	-1.0	1.0	-1.0
gnl|Prokka|GCF_014131755.1_1|2675189|G	0.444	-1.0	-1.0	-1.0	-1.0	1.0	-1.0	0.0	-1.0	-1.0	-1.0	-1.0	-1.0	-1.0	-1.0	-1.0	-1.0	-1.0	0.0	-1.0	-1.0	-1.0	-1.0	-1.0	-1.0	1.0	-1.0	-1.0	-1.0	-1.0	1.0	0.0	0.882	-1.0	0.583	0.0	-1.0	-1.0	-1.0	0.0	0.516	1.0	-1.0	0.0	1.0	0.0	1.0	0.93	1.0	-1.0	-1.0	1.0	-1.0	-1.0	0.0	1.0	1.0	1.0	1.0	0.104	1.0	-1.0	0.0	1.0	-1.0	0.0	1.0	1.0	0.0	-1.0	1.0	-1.0	1.0	0.0	1.0	0.0	-1.0	-1.0	1.0	0.158	-1.0	0.455	0.0	0.0	0.0	0.0	0.0	-1.0	1.0	0.0	-1.0	0.0	-1.0	-1.0	0.0	-1.0	1.0	-1.0	-1.0	1.0	0.0	-1.0	1.0	-1.0	1.0	-1.0	0.0	0.0	0.0	0.0	1.0	0.0	1.0	0.0	-1.0	0.0	-1.0	0.0	1.0	1.0	0.0	1.0	-1.0	1.0	1.0	1.0	0.0	-1.0	1.0	1.0	-1.0	-1.0	-1.0	0.0	-1.0	0.333	0.0	0.0	0.0	1.0	0.0	-1.0	-1.0	0.0	0.0	0.0	-1.0	0.754	-1.0	0.375	1.0	0.0	-1.0	1.0	-1.0	1.0	0.0	-1.0	-1.0	1.0	-1.0	-1.0	-1.0	-1.0	-1.0	1.0	-1.0	0.515	1.0	-1.0	-1.0	-1.0	-1.0	0.0	0.682	-1.0	0.0	-1.0	0.0	1.0	0.6	0.0	0.737	-1.0	-1.0	-1.0	-1.0	0.0	-1.0	-1.0	-1.0	1.0	-1.0
gnl|Prokka|GCF_014131755.1_1|2747661|A	0.273	1.0	-1.0	-1.0	-1.0	1.0	-1.0	1.0	-1.0	-1.0	-1.0	-1.0	-1.0	-1.0	-1.0	-1.0	-1.0	-1.0	1.0	-1.0	-1.0	-1.0	-1.0	-1.0	-1.0	1.0	-1.0	-1.0	-1.0	-1.0	0.0	0.333	1.0	-1.0	0.462	1.0	-1.0	-1.0	-1.0	0.0	0.0	1.0	-1.0	1.0	0.833	0.0	0.0	0.0	1.0	-1.0	-1.0	0.765	1.0	-1.0	0.0	1.0	1.0	1.0	0.0	0.078	0.0	-1.0	-1.0	1.0	-1.0	0.0	0.656	0.0	0.0	-1.0	1.0	-1.0	1.0	0.0	1.0	0.769	-1.0	-1.0	1.0	0.0	-1.0	1.0	0.0	1.0	0.0	0.0	0.0	-1.0	0.0	0.0	-1.0	0.0	-1.0	-1.0	0.0	-1.0	1.0	-1.0	-1.0	1.0	0.0	-1.0	0.0	-1.0	1.0	-1.0	0.217	0.0	0.0	0.429	0.0	1.0	1.0	-1.0	-1.0	0.0	-1.0	0.0	0.188	1.0	0.375	1.0	-1.0	1.0	1.0	-1.0	0.0	-1.0	0.0	0.0	-1.0	-1.0	-1.0	1.0	-1.0	0.739	0.214	1.0	0.0	0.471	1.0	-1.0	-1.0	-1.0	0.188	0.0	0.0	0.682	-1.0	1.0	1.0	0.0	-1.0	1.0	-1.0	0.0	0.0	-1.0	-1.0	0.0	-1.0	-1.0	-1.0	-1.0	-1.0	0.0	-1.0	1.0	1.0	-1.0	-1.0	-1.0	-1.0	0.0	1.0	-1.0	0.0	-1.0	1.0	0.381	0.0	1.0	0.0	-1.0	-1.0	-1.0	-1.0	0.0	-1.0	-1.0	-1.0	1.0	-1.0
gnl|Prokka|GCF_014131755.1_1|2750687|C	0.0	0.429	-1.0	-1.0	-1.0	-1.0	-1.0	1.0	-1.0	-1.0	-1.0	-1.0	-1.0	-1.0	-1.0	-1.0	-1.0	-1.0	0.0	-1.0	-1.0	-1.0	-1.0	-1.0	-1.0	-1.0	-1.0	-1.0	-1.0	-1.0	0.0	1.0	0.864	-1.0	0.481	1.0	-1.0	0.0	-1.0	0.0	1.0	1.0	-1.0	0.0	0.429	0.0	1.0	1.0	0.0	-1.0	-1.0	1.0	1.0	-1.0	1.0	0.0	0.667	1.0	1.0	0.137	1.0	-1.0	0.636	1.0	-1.0	0.211	0.614	1.0	1.0	-1.0	0.0	-1.0	0.333	0.0	0.0	0.0	-1.0	-1.0	0.116	0.0	-1.0	0.727	0.175	1.0	0.0	0.0	0.0	-1.0	1.0	0.0	-1.0	0.0	-1.0	-1.0	1.0	-1.0	1.0	-1.0	-1.0	1.0	0.0	-1.0	1.0	-1.0	1.0	-1.0	1.0	1.0	1.0	0.0	0.0	0.0	1.0	-1.0	-1.0	0.0	-1.0	0.0	1.0	1.0	1.0	0.0	-1.0	1.0	1.0	1.0	0.0	-1.0	0.0	0.0	-1.0	-1.0	-1.0	0.0	-1.0	0.0	0.0	0.0	-1.0	0.0	0.0	-1.0	-1.0	0.0	0.0	0.0	-1.0	0.074	-1.0	0.0	1.0	0.13	-1.0	0.0	-1.0	0.0	1.0	-1.0	-1.0	0.714	-1.0	-1.0	-1.0	-1.0	-1.0	-1.0	-1.0	0.452	1.0	-1.0	-1.0	-1.0	-1.0	0.25	1.0	-1.0	0.0	-1.0	0.792	0.0	0.312	0.0	1.0	-1.0	-1.0	-1.0	-1.0	1.0	-1.0	-1.0	-1.0	0.0	-1.0
gnl|Prokka|GCF_014131755.1_1|2846989|T	1.0	1.0	-1.0	-1.0	-1.0	-1.0	-1.0	1.0	-1.0	-1.0	0.0	-1.0	-1.0	-1.0	-1.0	0.0	-1.0	-1.0	0.0	-1.0	-1.0	-1.0	1.0	-1.0	-1.0	1.0	-1.0	-1.0	-1.0	-1.0	0.0	0.0	1.0	-1.0	1.0	0.0	-1.0	-1.0	-1.0	0.953	0.0	1.0	-1.0	1.0	1.0	1.0	1.0	0.0	0.0	-1.0	-1.0	0.667	-1.0	-1.0	1.0	0.0	1.0	1.0	0.0	0.796	0.0	-1.0	0.0	1.0	-1.0	0.467	0.724	1.0	1.0	-1.0	1.0	-1.0	0.0	1.0	1.0	0.0	-1.0	-1.0	0.0	0.762	-1.0	1.0	0.059	1.0	1.0	1.0	1.0	-1.0	0.0	1.0	-1.0	0.0	-1.0	-1.0	0.0	-1.0	1.0	-1.0	-1.0	1.0	1.0	-1.0	0.0	-1.0	1.0	-1.0	0.0	1.0	1.0	1.0	0.0	0.0	0.0	1.0	-1.0	1.0	-1.0	1.0	0.0	1.0	-1.0	0.0	-1.0	0.0	0.0	0.0	1.0	-1.0	0.0	-1.0	-1.0	-1.0	-1.0	0.0	-1.0	0.0	-1.0	1.0	0.0	1.0	0.0	-1.0	-1.0	-1.0	0.0	1.0	0.375	0.052	-1.0	1.0	0.0	0.0	-1.0	1.0	-1.0	0.545	0.0	-1.0	-1.0	-1.0	-1.0	-1.0	-1.0	-1.0	-1.0	0.375	-1.0	0.448	0.0	-1.0	-1.0	-1.0	-1.0	0.0	0.0	-1.0	0.0	-1.0	0.0	0.0	0.0	1.0	0.0	-1.0	-1.0	-1.0	-1.0	0.0	-1.0	-1.0	-1.0	1.0	-1.0
gnl|Prokka|GCF_014131755.1_1|2901316|A	0.4	-1.0	-1.0	-1.0	-1.0	0.0	-1.0	1.0	-1.0	-1.0	-1.0	-1.0	-1.0	-1.0	-1.0	0.0	-1.0	-1.0	1.0	-1.0	-1.0	-1.0	-1.0	-1.0	-1.0	-1.0	-1.0	-1.0	-1.0	-1.0	1.0	1.0	0.0	-1.0	0.536	1.0	0.0	-1.0	-1.0	0.038	0.0	1.0	-1.0	0.75	0.824	0.0	1.0	1.0	1.0	-1.0	-1.0	0.4	0.0	-1.0	1.0	1.0	1.0	0.0	1.0	0.194	0.0	-1.0	1.0	1.0	-1.0	0.0	1.0	1.0	1.0	-1.0	1.0	-1.0	0.538	0.0	1.0	0.0	-1.0	-1.0	1.0	0.0	-1.0	0.0	0.0	1.0	0.0	0.0	0.0	-1.0	1.0	0.0	-1.0	0.0	-1.0	-1.0	0.0	-1.0	0.0	-1.0	-1.0	0.0	0.0	-1.0	0.0	-1.0	0.0	-1.0	1.0	1.0	1.0	0.0	1.0	0.0	1.0	0.0	-1.0	0.0	-1.0	1.0	1.0	0.0	0.667	1.0	-1.0	0.897	1.0	0.444	0.0	-1.0	1.0	-1.0	-1.0	-1.0	-1.0	1.0	-1.0	-1.0	0.0	0.824	0.0	0.556	0.0	-1.0	-1.0	0.0	0.0	0.0	1.0	0.681	-1.0	1.0	1.0	0.0	-1.0	-1.0	-1.0	0.0	1.0	-1.0	-1.0	1.0	-1.0	-1.0	-1.0	-1.0	-1.0	1.0	-1.0	0.389	0.903	-1.0	-1.0	-1.0	-1.0	0.0	1.0	-1.0	0.0	-1.0	0.812	0.457	0.25	0.0	0.0	-1.0	-1.0	-1.0	-1.0	0.0	-1.0	-1.0	-1.0	1.0	-1.0
gnl|Prokka|GCF_014131755.1_1|2901338|G	0.36	-1.0	-1.0	-1.0	-1.0	0.0	-1.0	1.0	-1.0	-1.0	-1.0	-1.0	-1.0	-1.0	-1.0	0.0	-1.0	-1.0	-1.0	-1.0	-1.0	-1.0	-1.0	-1.0	-1.0	-1.0	-1.0	-1.0	-1.0	-1.0	1.0	1.0	0.0	-1.0	0.556	1.0	0.0	-1.0	-1.0	0.0	0.0	1.0	-1.0	0.75	0.857	0.0	1.0	1.0	1.0	-1.0	-1.0	0.4	0.0	-1.0	1.0	1.0	1.0	0.0	1.0	0.213	0.0	-1.0	1.0	1.0	-1.0	0.0	1.0	1.0	1.0	-1.0	1.0	-1.0	0.533	0.0	1.0	0.0	-1.0	-1.0	1.0	0.0	-1.0	-1.0	0.0	1.0	0.0	0.0	0.0	-1.0	1.0	0.0	-1.0	0.0	-1.0	-1.0	0.0	-1.0	0.0	-1.0	-1.0	0.0	0.0	-1.0	0.0	-1.0	0.0	-1.0	1.0	1.0	1.0	0.0	1.0	0.0	1.0	0.0	-1.0	0.0	-1.0	1.0	1.0	0.0	1.0	1.0	-1.0	0.88	1.0	0.444	0.0	-1.0	1.0	-1.0	-1.0	-1.0	-1.0	1.0	-1.0	0.0	0.0	1.0	0.0	0.625	0.0	-1.0	-1.0	0.0	0.0	0.0	1.0	0.662	-1.0	1.0	1.0	0.0	-1.0	-1.0	-1.0	0.0	1.0	-1.0	-1.0	1.0	-1.0	-1.0	-1.0	-1.0	-1.0	1.0	-1.0	0.535	0.957	-1.0	-1.0	-1.0	-1.0	0.0	1.0	-1.0	0.0	-1.0	0.75	0.463	0.273	0.0	0.0	-1.0	-1.0	-1.0	-1.0	0.0	-1.0	-1.0	-1.0	1.0	-1.0
gnl|Prokka|GCF_014131755.1_1|4560264|T	0.6	-1.0	-1.0	-1.0	-1.0	0.0	-1.0	0.0	-1.0	-1.0	-1.0	-1.0	-1.0	-1.0	-1.0	-1.0	-1.0	-1.0	1.0	-1.0	-1.0	-1.0	-1.0	-1.0	-1.0	0.0	-1.0	-1.0	-1.0	-1.0	1.0	0.0	0.154	-1.0	0.719	1.0	0.0	1.0	-1.0	0.0	1.0	1.0	-1.0	0.0	0.733	0.0	1.0	1.0	0.0	-1.0	-1.0	0.417	0.0	-1.0	0.0	-1.0	1.0	1.0	1.0	0.273	1.0	-1.0	0.0	0.0	-1.0	0.538	0.648	1.0	0.0	-1.0	1.0	-1.0	1.0	0.0	1.0	1.0	-1.0	-1.0	0.0	0.176	-1.0	0.267	0.098	0.0	0.0	1.0	0.0	-1.0	1.0	1.0	-1.0	0.0	-1.0	-1.0	1.0	-1.0	0.0	-1.0	-1.0	0.0	0.0	-1.0	1.0	-1.0	0.0	-1.0	0.818	1.0	1.0	1.0	1.0	0.0	0.0	0.0	-1.0	0.0	-1.0	0.0	1.0	0.0	0.0	1.0	-1.0	0.0	0.0	1.0	0.0	-1.0	0.0	-1.0	-1.0	-1.0	-1.0	0.0	-1.0	1.0	-1.0	1.0	-1.0	0.571	0.0	-1.0	-1.0	0.0	-1.0	0.0	0.0	0.567	-1.0	1.0	0.0	0.0	-1.0	1.0	-1.0	0.0	1.0	-1.0	-1.0	0.0	-1.0	-1.0	-1.0	-1.0	-1.0	1.0	-1.0	0.31	0.0	-1.0	-1.0	-1.0	-1.0	0.727	1.0	-1.0	0.0	-1.0	0.524	1.0	0.25	1.0	1.0	-1.0	-1.0	-1.0	-1.0	0.0	-1.0	-1.0	-1.0	1.0	-1.0
gnl|Prokka|GCF_014131755.1_1|5368117|T	0.571	0.571	-1.0	-1.0	-1.0	-1.0	-1.0	1.0	-1.0	-1.0	-1.0	-1.0	-1.0	-1.0	-1.0	1.0	-1.0	-1.0	1.0	-1.0	-1.0	-1.0	1.0	-1.0	-1.0	-1.0	-1.0	-1.0	-1.0	-1.0	0.0	0.667	0.0	-1.0	0.652	-1.0	0.0	1.0	-1.0	1.0	1.0	1.0	-1.0	1.0	0.682	0.0	1.0	0.0	1.0	-1.0	-1.0	0.312	-1.0	-1.0	0.0	-1.0	1.0	1.0	1.0	0.075	1.0	-1.0	0.0	0.0	-1.0	0.0	0.643	1.0	1.0	-1.0	1.0	-1.0	1.0	1.0	1.0	0.8	-1.0	-1.0	0.912	0.381	-1.0	0.0	0.05	1.0	0.0	1.0	0.0	-1.0	1.0	0.0	-1.0	0.0	-1.0	-1.0	1.0	-1.0	0.0	-1.0	-1.0	0.0	1.0	-1.0	1.0	-1.0	0.0	-1.0	1.0	1.0	1.0	0.0	0.0	0.0	0.0	0.0	-1.0	0.0	-1.0	0.0	1.0	0.0	0.0	0.0	-1.0	0.129	0.0	1.0	0.0	-1.0	0.0	0.0	-1.0	-1.0	-1.0	0.167	-1.0	1.0	0.0	1.0	0.0	0.3	1.0	-1.0	-1.0	1.0	0.333	0.0	-1.0	0.683	-1.0	0.769	0.0	0.0	-1.0	-1.0	-1.0	0.0	-1.0	-1.0	-1.0	0.0	-1.0	-1.0	-1.0	-1.0	-1.0	1.0	-1.0	1.0	0.061	-1.0	-1.0	-1.0	-1.0	0.4	0.0	-1.0	0.0	-1.0	0.0	0.543	0.273	1.0	1.0	-1.0	-1.0	-1.0	-1.0	0.0	-1.0	-1.0	-1.0	1.0	-1.0
gnl|Prokka|GCF_014131755.1_1|5487371|G	0.536	1.0	-1.0	-1.0	-1.0	0.0	-1.0	0.0	-1.0	-1.0	-1.0	-1.0	-1.0	-1.0	-1.0	-1.0	-1.0	-1.0	0.0	-1.0	-1.0	-1.0	-1.0	-1.0	-1.0	1.0	-1.0	-1.0	-1.0	-1.0	-1.0	0.615	1.0	-1.0	0.346	1.0	-1.0	-1.0	-1.0	0.0	0.273	0.0	-1.0	1.0	0.2	0.0	1.0	1.0	0.0	-1.0	-1.0	0.692	1.0	-1.0	0.0	0.0	0.0	0.0	0.0	0.155	1.0	-1.0	0.692	1.0	-1.0	0.0	0.303	0.0	1.0	-1.0	1.0	-1.0	0.0	0.0	1.0	0.0	-1.0	-1.0	0.065	0.0	-1.0	0.538	0.0	1.0	1.0	1.0	0.0	-1.0	0.0	1.0	-1.0	0.0	-1.0	-1.0	0.0	-1.0	1.0	-1.0	-1.0	1.0	0.0	-1.0	-1.0	-1.0	1.0	-1.0	0.884	0.0	0.0	1.0	1.0	0.0	1.0	1.0	-1.0	0.0	-1.0	1.0	0.0	1.0	1.0	0.0	-1.0	0.805	1.0	0.0	0.0	-1.0	1.0	-1.0	-1.0	-1.0	-1.0	1.0	-1.0	0.0	0.0	1.0	0.0	0.0	0.0	-1.0	-1.0	0.0	0.0	1.0	0.0	0.157	-1.0	0.0	1.0	0.0	-1.0	1.0	-1.0	1.0	1.0	-1.0	-1.0	0.375	-1.0	-1.0	-1.0	-1.0	-1.0	0.0	-1.0	0.393	1.0	-1.0	-1.0	-1.0	-1.0	1.0	0.714	-1.0	0.0	-1.0	0.0	0.483	0.0	1.0	1.0	-1.0	-1.0	-1.0	-1.0	0.0	-1.0	-1.0	-1.0	0.0	-1.0
gnl|Prokka|GCF_014131755.1_1|5653599|G	0.348	0.357	-1.0	-1.0	-1.0	-1.0	-1.0	0.167	-1.0	-1.0	-1.0	-1.0	-1.0	-1.0	-1.0	0.0	-1.0	-1.0	0.0	-1.0	-1.0	-1.0	1.0	-1.0	-1.0	-1.0	-1.0	-1.0	-1.0	-1.0	1.0	0.333	0.0	-1.0	0.36	1.0	-1.0	1.0	-1.0	0.0	0.306	0.0	-1.0	1.0	-1.0	0.0	1.0	1.0	1.0	-1.0	-1.0	0.0	-1.0	-1.0	1.0	1.0	0.75	1.0	-1.0	0.0	0.0	-1.0	1.0	1.0	-1.0	0.0	0.246	1.0	0.714	-1.0	1.0	-1.0	0.4	0.0	1.0	0.0	-1.0	-1.0	0.0	0.0	-1.0	-1.0	0.0	1.0	1.0	0.0	0.0	-1.0	0.0	0.0	-1.0	0.0	-1.0	-1.0	0.0	-1.0	0.0	-1.0	-1.0	0.0	1.0	-1.0	0.0	-1.0	0.0	-1.0	1.0	1.0	1.0	0.0	1.0	0.0	1.0	0.0	-1.0	0.0	-1.0	1.0	0.0	0.0	1.0	0.0	-1.0	0.853	1.0	0.625	1.0	-1.0	1.0	0.429	-1.0	-1.0	-1.0	0.682	-1.0	0.0	-1.0	0.0	0.0	0.0	0.0	-1.0	-1.0	0.0	0.231	1.0	1.0	0.638	-1.0	0.45	1.0	0.0	-1.0	0.692	-1.0	0.0	1.0	-1.0	-1.0	1.0	-1.0	-1.0	-1.0	-1.0	-1.0	0.0	-1.0	1.0	1.0	-1.0	-1.0	-1.0	-1.0	0.8	0.867	-1.0	0.0	-1.0	0.0	0.739	0.0	1.0	1.0	-1.0	-1.0	-1.0	-1.0	0.0	-1.0	-1.0	-1.0	1.0	-1.0
gnl|Prokka|GCF_014131755.1_1|5761684|C	0.304	-1.0	-1.0	-1.0	-1.0	1.0	-1.0	1.0	-1.0	-1.0	-1.0	-1.0	-1.0	-1.0	-1.0	-1.0	1.0	-1.0	0.0	-1.0	-1.0	-1.0	-1.0	-1.0	-1.0	1.0	-1.0	-1.0	-1.0	-1.0	1.0	0.444	1.0	-1.0	0.0	0.0	-1.0	1.0	-1.0	0.0	0.793	0.0	-1.0	0.0	1.0	0.0	0.0	1.0	1.0	-1.0	-1.0	1.0	1.0	-1.0	0.0	1.0	0.625	0.0	1.0	0.114	0.0	-1.0	1.0	0.0	-1.0	0.0	0.217	1.0	0.0	-1.0	1.0	-1.0	1.0	0.0	1.0	0.0	-1.0	-1.0	1.0	0.0	-1.0	1.0	0.0	0.0	0.0	0.25	0.0	-1.0	0.0	-1.0	-1.0	0.0	-1.0	-1.0	0.0	-1.0	1.0	-1.0	-1.0	1.0	0.0	-1.0	1.0	-1.0	1.0	-1.0	0.205	0.0	-1.0	1.0	1.0	0.0	1.0	1.0	-1.0	0.0	-1.0	-1.0	0.864	1.0	-1.0	1.0	-1.0	1.0	1.0	1.0	0.0	-1.0	0.0	0.0	-1.0	-1.0	-1.0	1.0	-1.0	-1.0	0.0	0.0	0.0	0.0	0.0	-1.0	-1.0	0.0	0.0	0.0	0.2	0.871	-1.0	1.0	1.0	0.0	-1.0	-1.0	-1.0	1.0	0.0	-1.0	-1.0	1.0	-1.0	-1.0	-1.0	-1.0	-1.0	1.0	-1.0	1.0	0.964	-1.0	-1.0	-1.0	-1.0	0.0	1.0	-1.0	0.0	-1.0	1.0	1.0	0.474	0.0	0.0	-1.0	-1.0	-1.0	-1.0	0.0	-1.0	-1.0	-1.0	1.0	-1.0
gnl|Prokka|GCF_014131755.1_1|5781623|G	0.371	-1.0	-1.0	-1.0	-1.0	0.0	-1.0	1.0	-1.0	-1.0	-1.0	-1.0	-1.0	-1.0	-1.0	-1.0	0.0	-1.0	1.0	-1.0	-1.0	-1.0	1.0	-1.0	-1.0	-1.0	-1.0	-1.0	-1.0	-1.0	0.0	0.0	0.0	-1.0	1.0	1.0	0.0	1.0	-1.0	0.0	1.0	1.0	-1.0	1.0	0.571	0.0	1.0	0.927	1.0	-1.0	-1.0	0.0	-1.0	-1.0	1.0	0.0	1.0	1.0	1.0	0.098	1.0	-1.0	0.167	1.0	-1.0	0.375	0.725	1.0	1.0	-1.0	1.0	-1.0	1.0	0.0	1.0	0.75	-1.0	-1.0	0.864	0.129	-1.0	0.0	1.0	1.0	0.0	0.0	0.0	-1.0	1.0	0.0	-1.0	0.0	-1.0	-1.0	0.625	-1.0	0.0	-1.0	-1.0	0.0	0.0	-1.0	1.0	-1.0	0.0	-1.0	1.0	1.0	1.0	0.0	0.0	0.0	0.0	0.0	-1.0	0.0	-1.0	0.0	1.0	0.0	0.375	1.0	-1.0	0.0	0.0	0.429	0.0	-1.0	-1.0	-1.0	-1.0	-1.0	-1.0	0.0	-1.0	1.0	0.0	1.0	-1.0	-1.0	1.0	-1.0	-1.0	-1.0	0.0	0.0	0.0	0.64	-1.0	0.833	0.0	0.0	-1.0	0.0	-1.0	0.0	1.0	-1.0	-1.0	0.0	-1.0	-1.0	-1.0	-1.0	-1.0	1.0	-1.0	1.0	0.0	-1.0	-1.0	-1.0	-1.0	0.545	0.0	-1.0	1.0	-1.0	0.75	1.0	0.3	1.0	1.0	-1.0	-1.0	-1.0	-1.0	0.0	-1.0	-1.0	-1.0	1.0	-1.0
gnl|Prokka|GCF_014131755.1_1|5782744|C	0.667	0.0	-1.0	-1.0	-1.0	-1.0	-1.0	1.0	-1.0	-1.0	-1.0	-1.0	-1.0	-1.0	-1.0	-1.0	-1.0	-1.0	1.0	-1.0	-1.0	-1.0	-1.0	-1.0	-1.0	0.0	-1.0	-1.0	-1.0	-1.0	0.0	0.438	0.129	-1.0	1.0	-1.0	0.0	1.0	-1.0	0.063	1.0	1.0	-1.0	1.0	0.692	0.0	0.0	0.892	1.0	-1.0	-1.0	0.0	-1.0	-1.0	1.0	0.0	1.0	1.0	1.0	0.058	1.0	-1.0	0.0	1.0	-1.0	0.25	0.774	1.0	1.0	-1.0	1.0	-1.0	1.0	0.0	1.0	0.476	-1.0	-1.0	1.0	0.111	-1.0	0.0	0.049	0.0	0.0	0.0	0.0	-1.0	1.0	0.0	-1.0	0.0	-1.0	-1.0	1.0	-1.0	0.0	-1.0	-1.0	-1.0	0.0	-1.0	1.0	-1.0	0.0	-1.0	1.0	1.0	1.0	0.0	0.0	0.0	-1.0	0.0	-1.0	0.0	-1.0	0.0	1.0	0.0	-1.0	1.0	-1.0	0.0	0.0	0.429	0.0	-1.0	0.0	-1.0	-1.0	-1.0	-1.0	0.0	-1.0	1.0	0.0	1.0	1.0	0.0	1.0	-1.0	-1.0	1.0	0.0	0.0	0.0	0.568	-1.0	0.667	0.0	0.0	-1.0	0.438	-1.0	0.0	0.0	-1.0	-1.0	0.0	-1.0	-1.0	-1.0	-1.0	-1.0	1.0	-1.0	1.0	0.0	-1.0	-1.0	-1.0	-1.0	1.0	0.0	-1.0	0.0	-1.0	0.765	1.0	0.667	1.0	0.842	-1.0	-1.0	-1.0	-1.0	0.0	-1.0	-1.0	-1.0	1.0	-1.0
gnl|Prokka|GCF_014131755.1_1|5782996|C	0.7	0.0	-1.0	-1.0	-1.0	0.0	-1.0	1.0	-1.0	-1.0	-1.0	-1.0	-1.0	-1.0	-1.0	-1.0	-1.0	-1.0	1.0	-1.0	-1.0	-1.0	1.0	-1.0	-1.0	0.0	-1.0	-1.0	-1.0	-1.0	0.0	0.357	0.0	-1.0	1.0	1.0	-1.0	1.0	-1.0	0.048	1.0	1.0	-1.0	1.0	0.765	0.0	0.0	1.0	1.0	-1.0	-1.0	0.0	-1.0	-1.0	1.0	0.0	1.0	1.0	1.0	0.122	1.0	-1.0	0.0	1.0	-1.0	0.312	0.794	1.0	1.0	-1.0	1.0	-1.0	1.0	0.0	1.0	0.667	-1.0	-1.0	1.0	0.139	-1.0	0.0	0.136	0.0	0.0	0.0	0.0	-1.0	1.0	0.0	-1.0	0.0	-1.0	-1.0	1.0	-1.0	0.0	-1.0	-1.0	0.0	0.0	-1.0	1.0	-1.0	0.0	-1.0	1.0	1.0	1.0	0.0	0.0	0.0	0.0	0.0	-1.0	0.0	-1.0	0.0	1.0	0.0	-1.0	1.0	-1.0	0.0	0.0	0.0	0.0	-1.0	0.0	-1.0	-1.0	-1.0	-1.0	0.0	-1.0	1.0	0.0	-1.0	-1.0	1.0	1.0	-1.0	-1.0	-1.0	0.0	0.0	0.364	0.769	-1.0	1.0	0.0	0.0	-1.0	0.7	-1.0	0.0	0.0	-1.0	-1.0	-1.0	-1.0	-1.0	-1.0	-1.0	-1.0	1.0	-1.0	1.0	0.113	-1.0	-1.0	-1.0	-1.0	1.0	0.0	-1.0	0.0	-1.0	1.0	1.0	0.417	1.0	0.783	-1.0	-1.0	-1.0	-1.0	0.0	-1.0	-1.0	-1.0	1.0	-1.0
gnl|Prokka|GCF_014131755.1_1|5814969|T	0.606	-1.0	-1.0	-1.0	-1.0	0.0	-1.0	0.875	-1.0	-1.0	0.0	-1.0	-1.0	-1.0	-1.0	1.0	-1.0	-1.0	0.0	-1.0	-1.0	-1.0	-1.0	-1.0	-1.0	1.0	-1.0	-1.0	-1.0	-1.0	0.0	0.769	1.0	-1.0	1.0	0.0	-1.0	0.0	-1.0	1.0	1.0	0.0	-1.0	0.0	0.267	1.0	1.0	-1.0	0.0	-1.0	-1.0	0.636	1.0	-1.0	0.0	-1.0	0.0	0.0	0.0	0.792	0.0	-1.0	0.0	1.0	-1.0	0.652	0.202	1.0	0.222	-1.0	0.0	-1.0	0.0	1.0	0.0	-1.0	-1.0	-1.0	0.0	0.762	-1.0	0.75	0.789	1.0	1.0	0.0	1.0	-1.0	0.0	1.0	-1.0	1.0	-1.0	-1.0	-1.0	-1.0	1.0	-1.0	-1.0	1.0	1.0	-1.0	0.0	-1.0	1.0	-1.0	0.886	1.0	0.0	1.0	0.0	1.0	1.0	-1.0	-1.0	1.0	-1.0	0.0	0.0	1.0	0.0	0.0	-1.0	1.0	1.0	1.0	1.0	-1.0	0.0	-1.0	-1.0	-1.0	-1.0	1.0	-1.0	0.625	1.0	-1.0	0.0	0.0	-1.0	-1.0	-1.0	-1.0	1.0	1.0	0.0	0.0	-1.0	0.364	0.0	1.0	-1.0	0.0	-1.0	1.0	0.706	-1.0	-1.0	-1.0	-1.0	-1.0	-1.0	-1.0	-1.0	-1.0	-1.0	0.0	0.054	-1.0	-1.0	-1.0	-1.0	0.0	0.0	-1.0	1.0	-1.0	0.231	0.0	0.684	0.0	1.0	-1.0	-1.0	-1.0	-1.0	0.0	-1.0	-1.0	-1.0	0.0	-1.0
gnl|Prokka|GCF_014131755.1_1|5854777|G	0.379	1.0	-1.0	-1.0	-1.0	0.0	-1.0	1.0	-1.0	-1.0	0.0	-1.0	-1.0	-1.0	-1.0	0.0	1.0	-1.0	0.0	-1.0	-1.0	-1.0	-1.0	-1.0	-1.0	0.0	-1.0	-1.0	-1.0	-1.0	1.0	1.0	0.15	-1.0	1.0	-1.0	-1.0	1.0	-1.0	0.943	0.0	1.0	-1.0	0.0	0.75	0.0	1.0	0.0	0.0	-1.0	-1.0	0.0	-1.0	-1.0	1.0	0.0	1.0	1.0	0.0	0.149	0.0	-1.0	0.571	1.0	-1.0	0.0	1.0	0.0	0.0	-1.0	1.0	-1.0	1.0	1.0	1.0	0.0	-1.0	-1.0	0.0	0.773	-1.0	0.0	0.889	1.0	1.0	0.0	0.0	-1.0	0.0	-1.0	-1.0	0.0	-1.0	-1.0	0.0	-1.0	0.0	-1.0	-1.0	1.0	1.0	-1.0	0.0	-1.0	0.0	-1.0	1.0	0.0	1.0	1.0	1.0	1.0	1.0	1.0	-1.0	0.56	-1.0	1.0	0.174	0.0	1.0	0.0	-1.0	0.886	0.0	-1.0	1.0	-1.0	1.0	-1.0	-1.0	-1.0	-1.0	1.0	-1.0	0.0	1.0	0.0	-1.0	0.727	0.0	-1.0	-1.0	0.0	1.0	1.0	0.0	0.679	-1.0	0.556	1.0	1.0	-1.0	-1.0	-1.0	0.0	0.0	-1.0	-1.0	1.0	-1.0	-1.0	-1.0	-1.0	-1.0	0.0	-1.0	1.0	1.0	-1.0	-1.0	-1.0	-1.0	0.0	1.0	-1.0	1.0	-1.0	0.0	0.52	-1.0	0.0	0.0	-1.0	-1.0	-1.0	-1.0	0.0	-1.0	-1.0	-1.0	1.0	-1.0
gnl|Prokka|GCF_014131755.1_1|5872375|A	0.421	-1.0	-1.0	-1.0	-1.0	0.0	-1.0	1.0	-1.0	-1.0	1.0	-1.0	-1.0	-1.0	-1.0	1.0	0.0	-1.0	1.0	-1.0	-1.0	-1.0	1.0	-1.0	-1.0	0.0	-1.0	-1.0	-1.0	-1.0	0.0	1.0	0.0	-1.0	1.0	1.0	0.0	-1.0	-1.0	1.0	0.633	1.0	-1.0	1.0	-1.0	0.0	1.0	1.0	1.0	-1.0	-1.0	0.6	0.0	-1.0	1.0	-1.0	1.0	1.0	1.0	0.163	0.0	-1.0	0.429	1.0	-1.0	0.0	0.74	0.0	1.0	-1.0	1.0	-1.0	1.0	1.0	1.0	0.0	-1.0	-1.0	1.0	0.355	-1.0	0.308	0.0	1.0	0.0	0.0	0.0	-1.0	1.0	0.0	-1.0	0.0	-1.0	-1.0	1.0	-1.0	0.0	-1.0	-1.0	-1.0	1.0	-1.0	1.0	-1.0	0.0	-1.0	1.0	0.0	1.0	0.0	0.0	0.0	-1.0	0.0	-1.0	0.0	-1.0	0.0	1.0	0.0	-1.0	1.0	-1.0	0.106	0.0	1.0	0.0	-1.0	0.0	-1.0	-1.0	-1.0	-1.0	0.0	-1.0	0.0	0.0	1.0	1.0	0.0	0.0	-1.0	-1.0	1.0	0.0	0.0	0.2	0.615	-1.0	-1.0	0.0	0.0	-1.0	1.0	-1.0	0.0	1.0	-1.0	-1.0	0.0	-1.0	-1.0	-1.0	-1.0	-1.0	1.0	-1.0	1.0	0.0	-1.0	-1.0	-1.0	-1.0	1.0	0.0	-1.0	0.0	-1.0	1.0	0.722	0.412	1.0	0.0	-1.0	-1.0	-1.0	-1.0	0.0	-1.0	-1.0	-1.0	1.0	-1.0
gnl|Prokka|GCF_014131755.1_1|5873224|A	-1.0	0.6	-1.0	-1.0	-1.0	0.0	-1.0	1.0	-1.0	-1.0	-1.0	-1.0	-1.0	-1.0	-1.0	1.0	0.0	-1.0	1.0	-1.0	-1.0	-1.0	1.0	-1.0	-1.0	0.0	-1.0	-1.0	-1.0	-1.0	0.0	1.0	0.0	-1.0	1.0	1.0	0.0	-1.0	-1.0	1.0	0.513	1.0	-1.0	1.0	0.643	0.0	1.0	0.909	1.0	-1.0	-1.0	0.556	-1.0	-1.0	1.0	-1.0	1.0	1.0	1.0	0.054	0.0	-1.0	0.0	1.0	-1.0	0.615	0.75	0.0	1.0	-1.0	1.0	-1.0	1.0	1.0	1.0	0.0	-1.0	-1.0	0.889	0.212	-1.0	0.0	0.0	1.0	1.0	0.0	0.0	-1.0	1.0	0.0	-1.0	0.0	-1.0	-1.0	1.0	-1.0	0.0	-1.0	-1.0	0.0	1.0	-1.0	1.0	-1.0	0.0	-1.0	1.0	0.0	1.0	0.0	0.0	0.0	0.0	0.0	-1.0	0.188	-1.0	0.0	1.0	0.0	0.3	1.0	-1.0	0.065	0.0	-1.0	0.0	-1.0	-1.0	-1.0	-1.0	-1.0	-1.0	0.0	-1.0	0.0	-1.0	1.0	1.0	0.0	0.0	-1.0	-1.0	1.0	0.0	1.0	0.0	0.673	-1.0	0.667	0.0	0.0	-1.0	1.0	-1.0	0.0	1.0	-1.0	-1.0	0.0	-1.0	-1.0	-1.0	-1.0	-1.0	1.0	-1.0	1.0	0.0	-1.0	-1.0	-1.0	-1.0	1.0	0.0	-1.0	0.0	-1.0	0.688	0.419	0.389	1.0	0.0	-1.0	-1.0	-1.0	-1.0	0.0	-1.0	-1.0	-1.0	1.0	-1.0
gnl|Prokka|GCF_014131755.1_1|6048446|G	1.0	-1.0	-1.0	-1.0	-1.0	1.0	-1.0	1.0	-1.0	-1.0	0.0	-1.0	-1.0	-1.0	-1.0	-1.0	1.0	-1.0	0.0	-1.0	-1.0	-1.0	-1.0	-1.0	-1.0	-1.0	-1.0	-1.0	-1.0	-1.0	0.0	0.588	1.0	-1.0	0.64	0.0	-1.0	1.0	-1.0	0.0	0.625	1.0	-1.0	0.0	1.0	1.0	1.0	0.1	0.0	-1.0	-1.0	-1.0	-1.0	-1.0	1.0	0.0	1.0	0.0	0.0	0.897	0.0	-1.0	0.769	0.0	-1.0	0.7	0.705	1.0	0.0	-1.0	1.0	-1.0	1.0	0.0	1.0	0.0	-1.0	-1.0	0.0	0.889	-1.0	0.625	0.136	1.0	1.0	0.158	1.0	-1.0	0.0	0.0	-1.0	0.0	-1.0	-1.0	0.278	-1.0	1.0	-1.0	-1.0	1.0	0.0	-1.0	0.0	-1.0	1.0	-1.0	0.833	1.0	0.0	0.0	1.0	0.0	1.0	0.0	-1.0	1.0	-1.0	1.0	0.176	1.0	0.667	0.0	-1.0	1.0	0.0	0.0	1.0	-1.0	0.0	-1.0	-1.0	-1.0	-1.0	0.667	-1.0	0.0	0.0	0.0	-1.0	1.0	0.0	-1.0	-1.0	0.0	1.0	1.0	1.0	0.333	-1.0	1.0	0.0	1.0	-1.0	0.556	-1.0	0.625	0.769	-1.0	-1.0	1.0	-1.0	-1.0	-1.0	-1.0	-1.0	0.0	-1.0	0.379	0.0	-1.0	-1.0	-1.0	-1.0	0.0	0.235	-1.0	0.0	-1.0	0.533	0.0	0.412	0.0	0.0	-1.0	-1.0	-1.0	-1.0	0.0	-1.0	-1.0	-1.0	1.0	-1.0
gnl|Prokka|GCF_014131755.1_1|6062884|A	-1.0	-1.0	-1.0	-1.0	-1.0	0.0	-1.0	1.0	-1.0	-1.0	-1.0	-1.0	-1.0	-1.0	-1.0	0.375	0.0	-1.0	0.0	-1.0	-1.0	-1.0	1.0	-1.0	-1.0	0.0	-1.0	-1.0	-1.0	-1.0	1.0	0.733	0.0	-1.0	0.533	0.0	0.0	-1.0	-1.0	0.944	0.632	1.0	-1.0	0.0	1.0	1.0	1.0	1.0	1.0	-1.0	-1.0	0.0	0.0	-1.0	0.0	-1.0	1.0	1.0	0.0	0.814	1.0	-1.0	1.0	1.0	-1.0	1.0	1.0	0.983	0.68	-1.0	1.0	-1.0	0.0	1.0	1.0	0.211	-1.0	-1.0	1.0	0.324	-1.0	0.0	0.076	1.0	0.0	1.0	1.0	-1.0	1.0	-1.0	-1.0	0.0	-1.0	-1.0	0.0	-1.0	0.0	-1.0	-1.0	0.0	1.0	-1.0	0.0	-1.0	0.0	-1.0	0.844	1.0	1.0	-1.0	1.0	0.0	0.0	1.0	-1.0	0.524	-1.0	0.0	0.0	1.0	1.0	0.0	-1.0	0.0	0.0	0.0	0.0	-1.0	0.0	-1.0	-1.0	-1.0	-1.0	0.0	-1.0	0.0	0.0	1.0	-1.0	1.0	0.0	-1.0	-1.0	0.0	0.0	0.0	0.0	0.463	-1.0	1.0	0.0	0.0	-1.0	0.263	-1.0	0.0	0.812	-1.0	-1.0	0.0	-1.0	-1.0	-1.0	-1.0	-1.0	0.0	-1.0	0.423	1.0	-1.0	-1.0	-1.0	-1.0	1.0	1.0	-1.0	0.0	-1.0	0.0	1.0	0.0	1.0	0.0	-1.0	-1.0	-1.0	-1.0	1.0	-1.0	-1.0	-1.0	1.0	-1.0
gnl|Prokka|GCF_014131755.1_1|6195109|A	0.52	-1.0	-1.0	-1.0	-1.0	0.0	-1.0	1.0	-1.0	-1.0	-1.0	-1.0	-1.0	-1.0	-1.0	0.0	0.0	-1.0	1.0	-1.0	-1.0	-1.0	1.0	-1.0	-1.0	0.0	-1.0	-1.0	-1.0	-1.0	0.0	1.0	0.0	-1.0	1.0	1.0	-1.0	-1.0	-1.0	0.0	1.0	0.99	-1.0	1.0	1.0	0.0	1.0	0.942	1.0	-1.0	-1.0	-1.0	-1.0	-1.0	0.0	-1.0	1.0	1.0	1.0	0.067	1.0	-1.0	0.0	1.0	-1.0	0.381	0.769	1.0	1.0	-1.0	1.0	-1.0	1.0	0.0	1.0	0.667	-1.0	-1.0	1.0	0.0	-1.0	0.0	0.149	1.0	0.0	1.0	0.0	-1.0	1.0	0.0	-1.0	0.0	-1.0	-1.0	1.0	-1.0	0.0	-1.0	-1.0	0.0	0.0	-1.0	1.0	-1.0	0.0	-1.0	1.0	1.0	1.0	0.0	0.0	0.0	0.0	0.0	-1.0	0.0	-1.0	0.0	1.0	0.0	-1.0	1.0	-1.0	0.0	0.0	0.333	0.0	-1.0	0.0	-1.0	-1.0	-1.0	-1.0	0.0	-1.0	1.0	0.0	1.0	1.0	0.583	1.0	-1.0	-1.0	1.0	0.0	0.0	-1.0	0.656	-1.0	-1.0	0.0	0.0	-1.0	1.0	-1.0	0.0	1.0	-1.0	-1.0	0.0	-1.0	-1.0	-1.0	-1.0	-1.0	1.0	-1.0	1.0	0.0	-1.0	-1.0	-1.0	-1.0	1.0	0.0	-1.0	0.0	-1.0	0.824	0.0	1.0	1.0	0.812	-1.0	-1.0	-1.0	-1.0	0.0	-1.0	-1.0	-1.0	1.0	-1.0
