SGV_Cluster_ID	genome_id	genome_name	accession	feature_type	patric_id	start	end	strand	gene	product	global_start	global_end
818.1357:3678_3680	818.1357	Bacteroides thetaiotaomicron strain DSM 2079	CP040530	CDS	fig|818.1357.peg.2955	3646550	3646951	+		hypothetical protein	3679586	3679987
818.1357:3678_3680	818.1357	Bacteroides thetaiotaomicron strain DSM 2079	CP040530	CDS	fig|818.1357.peg.2953	3644955	3645761	-		Transposase	3677991	3678797
818.1357:3678_3680	818.1357	Bacteroides thetaiotaomicron strain DSM 2079	CP040530	CDS	fig|818.1357.peg.2954	3645809	3646432	-		ISPsy6, transposase	3678845	3679468
823.3647:737_738	823.3647	Parabacteroides distasonis strain APCS2/PD	CP042285	CDS	fig|823.3647.peg.661	732706	733698	+		Site-specific tyrosine recombinase	736854	737846
823.3647:737_738	823.3647	Parabacteroides distasonis strain APCS2/PD	CP042285	CDS	fig|823.3647.peg.662	733756	734982	+		Type I restriction-modification system, specificity subunit S	737904	739130
28116.7:6251_6252	28116.7	Bacteroides ovatus strain ATCC 8483	CP012938	CDS	fig|28116.7.peg.4925	6251463	6257051	+	rpsA_3	hypothetical protein	6251463	6257051
28116.7:6251_6252	28116.7	Bacteroides ovatus strain ATCC 8483	CP012938	CDS	fig|28116.7.peg.4924	6249611	6251155	-		ATP-dependent DNA helicase	6249611	6251155
39488.252:2948_2949	39488.252	Anaerobutyricum hallii strain EHAL	CP073280	CDS	fig|39488.252.peg.2740	2947211	2948920	+		MobA/MobL protein	2947211	2948920
39488.252:1807_1808	39488.252	Anaerobutyricum hallii strain EHAL	CP073280	repeat_region	fig|39488.252.repeat.161	1806046	1807789	+		repeat region	1806046	1807789
39488.252:2942_2944;3415_3416	39488.252	Anaerobutyricum hallii strain EHAL	CP073280	CDS	fig|39488.252.peg.2735	2943783	2944700	+		hypothetical protein	2943783	2944700
39488.252:3413_3414	39488.252	Anaerobutyricum hallii strain EHAL	CP073280	CDS	fig|39488.252.peg.3150	3412693	3413343	+		M. jannaschii predicted coding region MJ0455	3412693	3413343
39488.252:2936_2937	39488.252	Anaerobutyricum hallii strain EHAL	CP073280	CDS	fig|39488.252.peg.2727	2935681	2936289	+		hypothetical protein	2935681	2936289
39488.252:2936_2937	39488.252	Anaerobutyricum hallii strain EHAL	CP073280	CDS	fig|39488.252.peg.2729	2936656	2938968	+		FIG00645368: hypothetical protein	2936656	2938968
39488.252:2944_2945	39488.252	Anaerobutyricum hallii strain EHAL	CP073280	CDS	fig|39488.252.peg.2735	2943783	2944700	+		hypothetical protein	2943783	2944700
39488.252:2944_2945	39488.252	Anaerobutyricum hallii strain EHAL	CP073280	CDS	fig|39488.252.peg.2736	2944704	2945087	+		hypothetical protein	2944704	2945087
39488.252:2945_2948	39488.252	Anaerobutyricum hallii strain EHAL	CP073280	CDS	fig|39488.252.peg.2736	2944704	2945087	+		hypothetical protein	2944704	2945087
39488.252:2945_2948	39488.252	Anaerobutyricum hallii strain EHAL	CP073280	CDS	fig|39488.252.peg.2737	2945112	2945828	+		hypothetical protein	2945112	2945828
39488.252:2945_2948	39488.252	Anaerobutyricum hallii strain EHAL	CP073280	CDS	fig|39488.252.peg.2738	2945825	2946682	+		Helicase loader DnaI	2945825	2946682
39488.252:2945_2948	39488.252	Anaerobutyricum hallii strain EHAL	CP073280	CDS	fig|39488.252.peg.2739	2946853	2947074	+		hypothetical protein	2946853	2947074
39488.252:2945_2948	39488.252	Anaerobutyricum hallii strain EHAL	CP073280	CDS	fig|39488.252.peg.2740	2947211	2948920	+		MobA/MobL protein	2947211	2948920
39488.252:1469_1473;3412_3413	39488.252	Anaerobutyricum hallii strain EHAL	CP073280	CDS	fig|39488.252.peg.1364	1469992	1470222	+		FIG00519444: hypothetical protein	1469992	1470222
39488.252:1469_1473;3412_3413	39488.252	Anaerobutyricum hallii strain EHAL	CP073280	CDS	fig|39488.252.peg.1365	1470304	1470681	+		FIG00533143: hypothetical protein	1470304	1470681
39488.252:1469_1473;3412_3413	39488.252	Anaerobutyricum hallii strain EHAL	CP073280	CDS	fig|39488.252.peg.1366	1470681	1470986	+		FIG00533143: hypothetical protein	1470681	1470986
39488.252:1469_1473;3412_3413	39488.252	Anaerobutyricum hallii strain EHAL	CP073280	CDS	fig|39488.252.peg.1367	1470962	1472683	+		FIG00645090: hypothetical protein	1470962	1472683
39488.252:1469_1473;3412_3413	39488.252	Anaerobutyricum hallii strain EHAL	CP073280	CDS	fig|39488.252.peg.1368	1472661	1473371	+		hypothetical protein	1472661	1473371
39488.252:1469_1473;3412_3413	39488.252	Anaerobutyricum hallii strain EHAL	CP073280	CDS	fig|39488.252.peg.3149	3411935	3412150	+		Transcriptional regulator, MerR family	3411935	3412150
39488.252:1469_1473;3412_3413	39488.252	Anaerobutyricum hallii strain EHAL	CP073280	CDS	fig|39488.252.peg.3150	3412693	3413343	+		M. jannaschii predicted coding region MJ0455	3412693	3413343
39488.252:1473_1475	39488.252	Anaerobutyricum hallii strain EHAL	CP073280	CDS	fig|39488.252.peg.1368	1472661	1473371	+		hypothetical protein	1472661	1473371
39488.252:1473_1475	39488.252	Anaerobutyricum hallii strain EHAL	CP073280	CDS	fig|39488.252.peg.1369	1473460	1474053	+		Protein co-occurring with FIG00645039: hypothetical protein with HTH-domain	1473460	1474053
39488.252:1473_1475	39488.252	Anaerobutyricum hallii strain EHAL	CP073280	CDS	fig|39488.252.peg.1370	1474054	1474917	+		FIG00645039: hypothetical protein with HTH-domain	1474054	1474917
39488.252:1475_1476	39488.252	Anaerobutyricum hallii strain EHAL	CP073280	CDS	fig|39488.252.peg.1371	1475066	1475761	+	vanR	Vancomycin (or other glycopeptides) response regulator VanR => unclassified	1475066	1475761
39488.252:1475_1476	39488.252	Anaerobutyricum hallii strain EHAL	CP073280	CDS	fig|39488.252.peg.1372	1475778	1476287	+		Uncharacterized membrane spanning protein, contains VanZ-like domain	1475778	1476287
39488.252:2516_2521	39488.252	Anaerobutyricum hallii strain EHAL	CP073280	CDS	fig|39488.252.peg.2332	2520457	2521320	+		Arabinose operon regulatory protein AraC	2520457	2521320
39488.252:3410_3412	39488.252	Anaerobutyricum hallii strain EHAL	CP073280	CDS	fig|39488.252.peg.3145	3410078	3410497	+		Predicted transcriptional regulator	3410078	3410497
39488.252:3410_3412	39488.252	Anaerobutyricum hallii strain EHAL	CP073280	CDS	fig|39488.252.peg.3146	3410590	3411105	+		DNA, complete sequence	3410590	3411105
39488.252:3410_3412	39488.252	Anaerobutyricum hallii strain EHAL	CP073280	CDS	fig|39488.252.peg.3147	3411171	3411557	+		hypothetical protein	3411171	3411557
39488.252:3410_3412	39488.252	Anaerobutyricum hallii strain EHAL	CP073280	CDS	fig|39488.252.peg.3149	3411935	3412150	+		Transcriptional regulator, MerR family	3411935	3412150
39488.252:2556_2557;3418_3420	39488.252	Anaerobutyricum hallii strain EHAL	CP073280	repeat_region	fig|39488.252.repeat.338	3418779	3418932	+		repeat region	3418779	3418932
39488.252:1467_1468	39488.252	Anaerobutyricum hallii strain EHAL	CP073280	CDS	fig|39488.252.peg.1361	1466991	1467659	+		hypothetical protein	1466991	1467659
39488.252:2475_2483	39488.252	Anaerobutyricum hallii strain EHAL	CP073280	CDS	fig|39488.252.peg.2293	2480349	2480728	+		transposase	2480349	2480728
39488.252:2919_2921	39488.252	Anaerobutyricum hallii strain EHAL	CP073280	CDS	fig|39488.252.peg.2708	2920691	2921128	+		Rrf2 family transcriptional regulator, group III	2920691	2921128
39488.252:2139_2140	39488.252	Anaerobutyricum hallii strain EHAL	CP073280	CDS	fig|39488.252.peg.1996	2139091	2139528	+		Transcriptional regulator, MerR family	2139091	2139528
39488.252:3449_3451;3455_3456	39488.252	Anaerobutyricum hallii strain EHAL	CP073282	CDS	fig|39488.252.peg.3188	1	804	+		hypothetical protein	3448962	3449765
39488.252:3449_3451;3455_3456	39488.252	Anaerobutyricum hallii strain EHAL	CP073282	CDS	fig|39488.252.peg.3189	833	970	+		hypothetical protein	3449794	3449931
39488.252:3449_3451;3455_3456	39488.252	Anaerobutyricum hallii strain EHAL	CP073282	CDS	fig|39488.252.peg.3190	973	1224	+		hypothetical protein	3449934	3450185
39488.252:3449_3451;3455_3456	39488.252	Anaerobutyricum hallii strain EHAL	CP073282	CDS	fig|39488.252.peg.3191	1282	1623	+		hypothetical protein	3450243	3450584
39488.252:3449_3451;3455_3456	39488.252	Anaerobutyricum hallii strain EHAL	CP073282	CDS	fig|39488.252.peg.3197	6515	6640	+		hypothetical protein	3455476	3455601
39488.252:2935_2936	39488.252	Anaerobutyricum hallii strain EHAL	CP073280	CDS	fig|39488.252.peg.2726	2935503	2935688	+		hypothetical protein	2935503	2935688
39488.252:2935_2936	39488.252	Anaerobutyricum hallii strain EHAL	CP073280	CDS	fig|39488.252.peg.2727	2935681	2936289	+		hypothetical protein	2935681	2936289
39488.252:3453_3455	39488.252	Anaerobutyricum hallii strain EHAL	CP073282	CDS	fig|39488.252.peg.3196	4823	5074	+		hypothetical protein	3453784	3454035
39488.252:2937_2938	39488.252	Anaerobutyricum hallii strain EHAL	CP073280	CDS	fig|39488.252.peg.2729	2936656	2938968	+		FIG00645368: hypothetical protein	2936656	2938968
39488.252:2938_2939	39488.252	Anaerobutyricum hallii strain EHAL	CP073280	CDS	fig|39488.252.peg.2729	2936656	2938968	+		FIG00645368: hypothetical protein	2936656	2938968
39488.252:2938_2939	39488.252	Anaerobutyricum hallii strain EHAL	CP073280	repeat_region	fig|39488.252.repeat.280	2938578	2938684	+		repeat region	2938578	2938684
39488.252:292_293	39488.252	Anaerobutyricum hallii strain EHAL	CP073280	repeat_region	fig|39488.252.repeat.24	291534	292917	+		repeat region	291534	292917
39488.252:292_293	39488.252	Anaerobutyricum hallii strain EHAL	CP073280	CDS	fig|39488.252.peg.265	291657	292025	+		hypothetical protein	291657	292025
39488.252:292_293	39488.252	Anaerobutyricum hallii strain EHAL	CP073280	CDS	fig|39488.252.peg.266	292015	292380	+	tnpB	hypothetical protein	292015	292380
39488.252:292_293	39488.252	Anaerobutyricum hallii strain EHAL	CP073280	CDS	fig|39488.252.peg.268	292660	293931	+		Mobile element protein	292660	293931
39488.252:292_293	39488.252	Anaerobutyricum hallii strain EHAL	CP073280	repeat_region	fig|39488.252.repeat.25	292972	294323	+		repeat region	292972	294323
39488.252:2557_2559;2561_2566;2597_2600;2608_2610;2611_2615;2633_2635	39488.252	Anaerobutyricum hallii strain EHAL	CP073280	CDS	fig|39488.252.peg.2378	2563773	2564504	+		Phage transcriptional repressor	2563773	2564504
39488.252:2557_2559;2561_2566;2597_2600;2608_2610;2611_2615;2633_2635	39488.252	Anaerobutyricum hallii strain EHAL	CP073280	CDS	fig|39488.252.peg.2379	2564561	2564761	+		Transcriptional regulator, Xre family	2564561	2564761
39488.252:2557_2559;2561_2566;2597_2600;2608_2610;2611_2615;2633_2635	39488.252	Anaerobutyricum hallii strain EHAL	CP073280	CDS	fig|39488.252.peg.2381	2565488	2565811	+		putative mobilization protein	2565488	2565811
39488.252:2557_2559;2561_2566;2597_2600;2608_2610;2611_2615;2633_2635	39488.252	Anaerobutyricum hallii strain EHAL	CP073280	CDS	fig|39488.252.peg.2382	2565778	2567157	+		hypothetical protein	2565778	2567157
39488.252:1494_1495;2132_2133;2137_2139	39488.252	Anaerobutyricum hallii strain EHAL	CP073280	CDS	fig|39488.252.peg.1394	1493311	1495002	+		Pyridine nucleotide-disulfide oxidoreductase; NADH dehydrogenase (EC 1.6.99.3)	1493311	1495002
39488.252:2159_2160	39488.252	Anaerobutyricum hallii strain EHAL	CP073280	repeat_region	fig|39488.252.repeat.195	2158733	2160612	+		repeat region	2158733	2160612
39488.252:2159_2160	39488.252	Anaerobutyricum hallii strain EHAL	CP073280	CDS	fig|39488.252.peg.2019	2158971	2159630	+		hypothetical protein	2158971	2159630
39488.252:2159_2160	39488.252	Anaerobutyricum hallii strain EHAL	CP073280	CDS	fig|39488.252.peg.2020	2159792	2160532	+		Mobile element protein	2159792	2160532
39488.252:2133_2137;2922_2923	39488.252	Anaerobutyricum hallii strain EHAL	CP073280	repeat_region	fig|39488.252.repeat.279	2922289	2922431	+		repeat region	2922289	2922431
39488.252:1495_1496;2123_2125;2949_2952	39488.252	Anaerobutyricum hallii strain EHAL	CP073280	CDS	fig|39488.252.peg.1394	1493311	1495002	+		Pyridine nucleotide-disulfide oxidoreductase; NADH dehydrogenase (EC 1.6.99.3)	1493311	1495002
39488.252:1495_1496;2123_2125;2949_2952	39488.252	Anaerobutyricum hallii strain EHAL	CP073280	CDS	fig|39488.252.peg.1396	1495977	1496129	+		hypothetical protein	1495977	1496129
39488.252:1495_1496;2123_2125;2949_2952	39488.252	Anaerobutyricum hallii strain EHAL	CP073280	CDS	fig|39488.252.peg.1977	2122525	2123061	+		hypothetical protein	2122525	2123061
39488.252:1495_1496;2123_2125;2949_2952	39488.252	Anaerobutyricum hallii strain EHAL	CP073280	CDS	fig|39488.252.peg.1978	2123221	2124057	+		Transposase, IS4 family	2123221	2124057
39488.252:1495_1496;2123_2125;2949_2952	39488.252	Anaerobutyricum hallii strain EHAL	CP073280	CDS	fig|39488.252.peg.1979	2124008	2124964	+		hypothetical protein	2124008	2124964
39488.252:1476_1479	39488.252	Anaerobutyricum hallii strain EHAL	CP073280	CDS	fig|39488.252.peg.1372	1475778	1476287	+		Uncharacterized membrane spanning protein, contains VanZ-like domain	1475778	1476287
39488.252:1476_1479	39488.252	Anaerobutyricum hallii strain EHAL	CP073280	CDS	fig|39488.252.peg.1373	1476301	1477365	+		Vancomycin (or other glycopeptides) histidine kinase VanS => unclassified	1476301	1477365
39488.252:1476_1479	39488.252	Anaerobutyricum hallii strain EHAL	CP073280	CDS	fig|39488.252.peg.1374	1477506	1478393	+		ABC transporter, ATP-binding protein	1477506	1478393
39488.252:1476_1479	39488.252	Anaerobutyricum hallii strain EHAL	CP073280	CDS	fig|39488.252.peg.1375	1478395	1479636	+		hypothetical protein	1478395	1479636
39488.252:1479_1480	39488.252	Anaerobutyricum hallii strain EHAL	CP073280	CDS	fig|39488.252.peg.1375	1478395	1479636	+		hypothetical protein	1478395	1479636
39488.252:2952_2953	39488.252	Anaerobutyricum hallii strain EHAL	CP073280	CDS	fig|39488.252.peg.2744	2951943	2952314	-		hypothetical protein	2951943	2952314
39488.252:2952_2953	39488.252	Anaerobutyricum hallii strain EHAL	CP073280	CDS	fig|39488.252.peg.2745	2952346	2953974	-	rlmD	RNA methyltransferase, TrmA family	2952346	2953974
39488.252:1807_1808	39488.252	Anaerobutyricum hallii strain EHAL	CP073280	CDS	fig|39488.252.peg.1689	1807032	1807691	-		hypothetical protein	1807032	1807691
39488.252:1807_1808	39488.252	Anaerobutyricum hallii strain EHAL	CP073280	CDS	fig|39488.252.peg.1690	1807997	1808623	-	lexA	SOS-response repressor and protease LexA (EC 3.4.21.88)	1807997	1808623
39488.252:2942_2944;3415_3416	39488.252	Anaerobutyricum hallii strain EHAL	CP073280	CDS	fig|39488.252.peg.2733	2941722	2942900	-		hypothetical protein	2941722	2942900
39488.252:2942_2944;3415_3416	39488.252	Anaerobutyricum hallii strain EHAL	CP073280	CDS	fig|39488.252.peg.2734	2942888	2943562	-		Two-component transcriptional response regulator, LuxR family	2942888	2943562
39488.252:2942_2944;3415_3416	39488.252	Anaerobutyricum hallii strain EHAL	CP073280	CDS	fig|39488.252.peg.3154	3415033	3415449	-		Uncharacterized protein DUF2992, B. subtilis YjdF ortholog	3415033	3415449
39488.252:2942_2944;3415_3416	39488.252	Anaerobutyricum hallii strain EHAL	CP073280	CDS	fig|39488.252.peg.3155	3415675	3416082	-		Chromosome (plasmid) partitioning protein ParB	3415675	3416082
39488.252:3413_3414	39488.252	Anaerobutyricum hallii strain EHAL	CP073280	CDS	fig|39488.252.peg.3151	3413446	3413592	-		hypothetical protein	3413446	3413592
39488.252:3413_3414	39488.252	Anaerobutyricum hallii strain EHAL	CP073280	CDS	fig|39488.252.peg.3152	3413800	3414402	-		Hydrolase, alpha/beta fold family	3413800	3414402
39488.252:3414_3415	39488.252	Anaerobutyricum hallii strain EHAL	CP073280	CDS	fig|39488.252.peg.3152	3413800	3414402	-		Hydrolase, alpha/beta fold family	3413800	3414402
39488.252:3414_3415	39488.252	Anaerobutyricum hallii strain EHAL	CP073280	CDS	fig|39488.252.peg.3153	3414462	3414935	-		Acetyltransferase, GNAT family	3414462	3414935
39488.252:2936_2937	39488.252	Anaerobutyricum hallii strain EHAL	CP073280	CDS	fig|39488.252.peg.2728	2936337	2936471	-		hypothetical protein	2936337	2936471
39488.252:1469_1473;3412_3413	39488.252	Anaerobutyricum hallii strain EHAL	CP073280	CDS	fig|39488.252.peg.1362	1467806	1469101	-		hypothetical protein	1467806	1469101
39488.252:1469_1473;3412_3413	39488.252	Anaerobutyricum hallii strain EHAL	CP073280	CDS	fig|39488.252.peg.1363	1469188	1469817	-		FIG00645195: hypothetical protein	1469188	1469817
39488.252:1468_1469	39488.252	Anaerobutyricum hallii strain EHAL	CP073280	CDS	fig|39488.252.peg.1362	1467806	1469101	-		hypothetical protein	1467806	1469101
39488.252:2515_2516	39488.252	Anaerobutyricum hallii strain EHAL	CP073280	CDS	fig|39488.252.peg.2329	2514496	2515296	-		Transcriptional regulator of various polyols utilization, AraC family	2514496	2515296
39488.252:2515_2516	39488.252	Anaerobutyricum hallii strain EHAL	CP073280	CDS	fig|39488.252.peg.2330	2515648	2517045	-		Xyloside transporter XynT	2515648	2517045
39488.252:2516_2521	39488.252	Anaerobutyricum hallii strain EHAL	CP073280	CDS	fig|39488.252.peg.2330	2515648	2517045	-		Xyloside transporter XynT	2515648	2517045
39488.252:2516_2521	39488.252	Anaerobutyricum hallii strain EHAL	CP073280	CDS	fig|39488.252.peg.2331	2517213	2520251	-		beta-galactosidase (EC 3.2.1.23)	2517213	2520251
39488.252:3402_3404	39488.252	Anaerobutyricum hallii strain EHAL	CP073280	CDS	fig|39488.252.peg.3133	3402033	3403037	-		Uncharacterized oxidoreductase, YajO family	3402033	3403037
39488.252:3402_3404	39488.252	Anaerobutyricum hallii strain EHAL	CP073280	CDS	fig|39488.252.peg.3134	3403048	3403815	-		4-carboxymuconolactone decarboxylase (EC 4.1.1.44)	3403048	3403815
39488.252:3402_3404	39488.252	Anaerobutyricum hallii strain EHAL	CP073280	CDS	fig|39488.252.peg.3135	3403844	3404314	-		Flavodoxin	3403844	3404314
39488.252:3410_3412	39488.252	Anaerobutyricum hallii strain EHAL	CP073280	CDS	fig|39488.252.peg.3148	3411700	3411873	-		hypothetical protein	3411700	3411873
39488.252:2556_2557;3418_3420	39488.252	Anaerobutyricum hallii strain EHAL	CP073280	CDS	fig|39488.252.peg.2364	2554572	2556269	-		Site-specific recombinase	2554572	2556269
39488.252:2556_2557;3418_3420	39488.252	Anaerobutyricum hallii strain EHAL	CP073280	CDS	fig|39488.252.peg.2365	2556409	2556657	-		hypothetical protein	2556409	2556657
39488.252:2556_2557;3418_3420	39488.252	Anaerobutyricum hallii strain EHAL	CP073280	CDS	fig|39488.252.peg.2366	2556638	2557018	-		Programmed cell death toxin YdcE	2556638	2557018
39488.252:2556_2557;3418_3420	39488.252	Anaerobutyricum hallii strain EHAL	CP073280	CDS	fig|39488.252.peg.3158	3417494	3418375	-		Chromosome (plasmid) partitioning protein ParB	3417494	3418375
39488.252:2556_2557;3418_3420	39488.252	Anaerobutyricum hallii strain EHAL	CP073280	CDS	fig|39488.252.peg.3159	3418365	3418922	-		Chromosome (plasmid) partitioning protein ParA	3418365	3418922
39488.252:2556_2557;3418_3420	39488.252	Anaerobutyricum hallii strain EHAL	CP073280	CDS	fig|39488.252.peg.3160	3418937	3419806	-		Chromosome (plasmid) partitioning protein ParB	3418937	3419806
39488.252:2551_2556	39488.252	Anaerobutyricum hallii strain EHAL	CP073280	CDS	fig|39488.252.peg.2361	2550730	2551236	-		site-specific integrase	2550730	2551236
39488.252:2551_2556	39488.252	Anaerobutyricum hallii strain EHAL	CP073280	CDS	fig|39488.252.peg.2362	2551306	2552880	-		hypothetical protein	2551306	2552880
39488.252:2551_2556	39488.252	Anaerobutyricum hallii strain EHAL	CP073280	CDS	fig|39488.252.peg.2363	2552871	2554571	-		hypothetical protein	2552871	2554571
39488.252:2551_2556	39488.252	Anaerobutyricum hallii strain EHAL	CP073280	CDS	fig|39488.252.peg.2364	2554572	2556269	-		Site-specific recombinase	2554572	2556269
39488.252:2636_2637	39488.252	Anaerobutyricum hallii strain EHAL	CP073280	CDS	fig|39488.252.peg.2434	2635739	2636524	-		Chromosome (plasmid) partitioning protein ParA	2635739	2636524
39488.252:2636_2637	39488.252	Anaerobutyricum hallii strain EHAL	CP073280	CDS	fig|39488.252.peg.2435	2636577	2637449	-		hypothetical protein	2636577	2637449
39488.252:1467_1468	39488.252	Anaerobutyricum hallii strain EHAL	CP073280	CDS	fig|39488.252.peg.1362	1467806	1469101	-		hypothetical protein	1467806	1469101
39488.252:2627_2632;2635_2636	39488.252	Anaerobutyricum hallii strain EHAL	CP073280	CDS	fig|39488.252.peg.2422	2626987	2627856	-		Tn5252, Orf23	2626987	2627856
39488.252:2627_2632;2635_2636	39488.252	Anaerobutyricum hallii strain EHAL	CP073280	CDS	fig|39488.252.peg.2423	2627869	2628090	-		Maff2 family protein	2627869	2628090
39488.252:2627_2632;2635_2636	39488.252	Anaerobutyricum hallii strain EHAL	CP073280	CDS	fig|39488.252.peg.2424	2628206	2630092	-		TrsK-like protein	2628206	2630092
39488.252:2627_2632;2635_2636	39488.252	Anaerobutyricum hallii strain EHAL	CP073280	CDS	fig|39488.252.peg.2425	2630089	2630580	-		hypothetical protein	2630089	2630580
39488.252:2627_2632;2635_2636	39488.252	Anaerobutyricum hallii strain EHAL	CP073280	CDS	fig|39488.252.peg.2426	2630663	2631457	-		Helicase loader DnaI	2630663	2631457
39488.252:2627_2632;2635_2636	39488.252	Anaerobutyricum hallii strain EHAL	CP073280	CDS	fig|39488.252.peg.2427	2631457	2632275	-		hypothetical protein	2631457	2632275
39488.252:2627_2632;2635_2636	39488.252	Anaerobutyricum hallii strain EHAL	CP073280	CDS	fig|39488.252.peg.2433	2634853	2635749	-		Chromosome (plasmid) partitioning protein ParB	2634853	2635749
39488.252:2627_2632;2635_2636	39488.252	Anaerobutyricum hallii strain EHAL	CP073280	CDS	fig|39488.252.peg.2434	2635739	2636524	-		Chromosome (plasmid) partitioning protein ParA	2635739	2636524
39488.252:2585_2593	39488.252	Anaerobutyricum hallii strain EHAL	CP073280	CDS	fig|39488.252.peg.2394	2584070	2588611	-		iron aquisition yersiniabactin synthesis enzyme (Irp2)	2584070	2588611
39488.252:2585_2593	39488.252	Anaerobutyricum hallii strain EHAL	CP073280	CDS	fig|39488.252.peg.2395	2588626	2590215	-		iron aquisition 2,3-dihydroxybenzoate-AMP ligase (EC 2.7.7.58,Irp5)	2588626	2590215
39488.252:2585_2593	39488.252	Anaerobutyricum hallii strain EHAL	CP073280	CDS	fig|39488.252.peg.2396	2590205	2590903	-		4'-phosphopantetheinyl transferase (EC 2.7.8.-)	2590205	2590903
39488.252:2585_2593	39488.252	Anaerobutyricum hallii strain EHAL	CP073280	CDS	fig|39488.252.peg.2397	2590893	2591639	-		probable thioesterase	2590893	2591639
39488.252:2585_2593	39488.252	Anaerobutyricum hallii strain EHAL	CP073280	CDS	fig|39488.252.peg.2398	2591737	2592321	-		hypothetical protein	2591737	2592321
39488.252:2585_2593	39488.252	Anaerobutyricum hallii strain EHAL	CP073280	CDS	fig|39488.252.peg.2399	2592321	2592479	-		hypothetical protein	2592321	2592479
39488.252:2585_2593	39488.252	Anaerobutyricum hallii strain EHAL	CP073280	CDS	fig|39488.252.peg.2400	2592581	2593876	-		signal transduction histidine kinase regulating citrate/malate metabolism	2592581	2593876
39488.252:2625_2627	39488.252	Anaerobutyricum hallii strain EHAL	CP073280	CDS	fig|39488.252.peg.2420	2624416	2626422	-		TrsE-like protein	2624416	2626422
39488.252:2625_2627	39488.252	Anaerobutyricum hallii strain EHAL	CP073280	CDS	fig|39488.252.peg.2421	2626499	2626963	-		hypothetical protein	2626499	2626963
39488.252:2625_2627	39488.252	Anaerobutyricum hallii strain EHAL	CP073280	CDS	fig|39488.252.peg.2422	2626987	2627856	-		Tn5252, Orf23	2626987	2627856
39488.252:2475_2483	39488.252	Anaerobutyricum hallii strain EHAL	CP073280	CDS	fig|39488.252.peg.2286	2474820	2476178	-		hypothetical protein	2474820	2476178
39488.252:2475_2483	39488.252	Anaerobutyricum hallii strain EHAL	CP073280	CDS	fig|39488.252.peg.2287	2476175	2476834	-		hypothetical protein	2476175	2476834
39488.252:2475_2483	39488.252	Anaerobutyricum hallii strain EHAL	CP073280	CDS	fig|39488.252.peg.2288	2476896	2477711	-		hypothetical protein	2476896	2477711
39488.252:2475_2483	39488.252	Anaerobutyricum hallii strain EHAL	CP073280	CDS	fig|39488.252.peg.2289	2477704	2478435	-		hypothetical protein	2477704	2478435
39488.252:2475_2483	39488.252	Anaerobutyricum hallii strain EHAL	CP073280	CDS	fig|39488.252.peg.2290	2478442	2479167	-		hypothetical protein	2478442	2479167
39488.252:2475_2483	39488.252	Anaerobutyricum hallii strain EHAL	CP073280	CDS	fig|39488.252.peg.2291	2479171	2479872	-		Lantibiotic transport ATP-binding protein srtF	2479171	2479872
39488.252:2475_2483	39488.252	Anaerobutyricum hallii strain EHAL	CP073280	CDS	fig|39488.252.peg.2292	2480030	2480314	-		hypothetical protein	2480030	2480314
39488.252:2475_2483	39488.252	Anaerobutyricum hallii strain EHAL	CP073280	CDS	fig|39488.252.peg.2294	2480873	2481247	-		hypothetical protein	2480873	2481247
39488.252:2475_2483	39488.252	Anaerobutyricum hallii strain EHAL	CP073280	CDS	fig|39488.252.peg.2295	2481257	2481889	-		hypothetical protein	2481257	2481889
39488.252:2475_2483	39488.252	Anaerobutyricum hallii strain EHAL	CP073280	CDS	fig|39488.252.peg.2296	2481873	2482157	-		hypothetical protein	2481873	2482157
39488.252:2475_2483	39488.252	Anaerobutyricum hallii strain EHAL	CP073280	CDS	fig|39488.252.peg.2297	2482380	2483168	-		hypothetical protein	2482380	2483168
39488.252:2919_2921	39488.252	Anaerobutyricum hallii strain EHAL	CP073280	CDS	fig|39488.252.peg.2705	2918486	2919463	-		NAD-dependent protein deacetylase of SIR2 family	2918486	2919463
39488.252:2919_2921	39488.252	Anaerobutyricum hallii strain EHAL	CP073280	CDS	fig|39488.252.peg.2706	2919512	2920360	-		hypothetical protein	2919512	2920360
39488.252:2919_2921	39488.252	Anaerobutyricum hallii strain EHAL	CP073280	CDS	fig|39488.252.peg.2707	2920360	2920536	-		hypothetical protein	2920360	2920536
39488.252:3417_3418	39488.252	Anaerobutyricum hallii strain EHAL	CP073280	CDS	fig|39488.252.peg.3157	3416396	3417394	-		hypothetical protein	3416396	3417394
39488.252:3417_3418	39488.252	Anaerobutyricum hallii strain EHAL	CP073280	CDS	fig|39488.252.peg.3158	3417494	3418375	-		Chromosome (plasmid) partitioning protein ParB	3417494	3418375
39488.252:2139_2140	39488.252	Anaerobutyricum hallii strain EHAL	CP073280	CDS	fig|39488.252.peg.1997	2139596	2141701	-		hypothetical protein	2139596	2141701
39488.252:2140_2141	39488.252	Anaerobutyricum hallii strain EHAL	CP073280	CDS	fig|39488.252.peg.1997	2139596	2141701	-		hypothetical protein	2139596	2141701
39488.252:2141_2142	39488.252	Anaerobutyricum hallii strain EHAL	CP073280	CDS	fig|39488.252.peg.1997	2139596	2141701	-		hypothetical protein	2139596	2141701
39488.252:2141_2142	39488.252	Anaerobutyricum hallii strain EHAL	CP073280	CDS	fig|39488.252.peg.1998	2141875	2142384	-		Uncharacterized N-acetyltransferase YrkN	2141875	2142384
39488.252:3451_3453	39488.252	Anaerobutyricum hallii strain EHAL	CP073282	CDS	fig|39488.252.peg.3192	1713	2315	-		hypothetical protein	3450674	3451276
39488.252:3451_3453	39488.252	Anaerobutyricum hallii strain EHAL	CP073282	CDS	fig|39488.252.peg.3193	2345	2614	-		hypothetical protein	3451306	3451575
39488.252:3451_3453	39488.252	Anaerobutyricum hallii strain EHAL	CP073282	CDS	fig|39488.252.peg.3194	2744	3271	-		hypothetical protein	3451705	3452232
39488.252:3451_3453	39488.252	Anaerobutyricum hallii strain EHAL	CP073282	CDS	fig|39488.252.peg.3195	3357	4652	-		hypothetical protein	3452318	3453613
39488.252:3449_3451;3455_3456	39488.252	Anaerobutyricum hallii strain EHAL	CP073282	CDS	fig|39488.252.peg.3192	1713	2315	-		hypothetical protein	3450674	3451276
39488.252:2928_2929	39488.252	Anaerobutyricum hallii strain EHAL	CP073280	CDS	fig|39488.252.peg.2719	2927800	2930349	-		ABC transporter-coupled two-component system, fused permease protein	2927800	2930349
39488.252:2935_2936	39488.252	Anaerobutyricum hallii strain EHAL	CP073280	CDS	fig|39488.252.peg.2725	2933480	2935165	-		Site-specific recombinase	2933480	2935165
39488.252:3453_3455	39488.252	Anaerobutyricum hallii strain EHAL	CP073282	CDS	fig|39488.252.peg.3195	3357	4652	-		hypothetical protein	3452318	3453613
39488.252:1985_1986	39488.252	Anaerobutyricum hallii strain EHAL	CP073280	CDS	fig|39488.252.peg.1851	1983449	1985893	-		ABC transporter-coupled two-component system, fused permease protein	1983449	1985893
39488.252:1985_1986	39488.252	Anaerobutyricum hallii strain EHAL	CP073280	CDS	fig|39488.252.peg.1852	1985890	1986564	-		ABC transporter-coupled two-component system, ATP-binding protein	1985890	1986564
39488.252:2930_2933	39488.252	Anaerobutyricum hallii strain EHAL	CP073280	CDS	fig|39488.252.peg.2719	2927800	2930349	-		ABC transporter-coupled two-component system, fused permease protein	2927800	2930349
39488.252:2930_2933	39488.252	Anaerobutyricum hallii strain EHAL	CP073280	CDS	fig|39488.252.peg.2720	2930363	2931043	-		ABC transporter-coupled two-component system, ATP-binding protein	2930363	2931043
39488.252:2930_2933	39488.252	Anaerobutyricum hallii strain EHAL	CP073280	CDS	fig|39488.252.peg.2721	2931142	2932050	-		ABC transporter-coupled two-component system, signal transduction histidine kinase	2931142	2932050
39488.252:2930_2933	39488.252	Anaerobutyricum hallii strain EHAL	CP073280	CDS	fig|39488.252.peg.2722	2932047	2932730	-		ABC transporter-coupled two-component system, LuxR family response regulator	2932047	2932730
39488.252:2930_2933	39488.252	Anaerobutyricum hallii strain EHAL	CP073280	CDS	fig|39488.252.peg.2723	2932786	2932926	-		hypothetical protein	2932786	2932926
39488.252:1988_1989	39488.252	Anaerobutyricum hallii strain EHAL	CP073280	CDS	fig|39488.252.peg.1854	1987919	1988608	-		ABC transporter-coupled two-component system, LuxR family response regulator	1987919	1988608
39488.252:1988_1989	39488.252	Anaerobutyricum hallii strain EHAL	CP073280	CDS	fig|39488.252.peg.1855	1988713	1988850	-		hypothetical protein	1988713	1988850
39488.252:2924_2927	39488.252	Anaerobutyricum hallii strain EHAL	CP073280	CDS	fig|39488.252.peg.2713	2923582	2924772	-		hypothetical protein	2923582	2924772
39488.252:2924_2927	39488.252	Anaerobutyricum hallii strain EHAL	CP073280	CDS	fig|39488.252.peg.2714	2924765	2925649	-		ABC transporter, ATP-binding protein	2924765	2925649
39488.252:2924_2927	39488.252	Anaerobutyricum hallii strain EHAL	CP073280	CDS	fig|39488.252.peg.2715	2925633	2926412	-		hypothetical protein	2925633	2926412
39488.252:2924_2927	39488.252	Anaerobutyricum hallii strain EHAL	CP073280	CDS	fig|39488.252.peg.2716	2926399	2926938	-		RNA polymerase sigma factor	2926399	2926938
39488.252:2109_2111	39488.252	Anaerobutyricum hallii strain EHAL	CP073280	CDS	fig|39488.252.peg.1962	2108892	2111723	-		hypothetical protein	2108892	2111723
39488.252:2923_2924	39488.252	Anaerobutyricum hallii strain EHAL	CP073280	CDS	fig|39488.252.peg.2711	2922078	2923037	-		hypothetical protein	2922078	2923037
39488.252:2923_2924	39488.252	Anaerobutyricum hallii strain EHAL	CP073280	CDS	fig|39488.252.peg.2712	2923304	2923420	-		hypothetical protein	2923304	2923420
39488.252:2923_2924	39488.252	Anaerobutyricum hallii strain EHAL	CP073280	CDS	fig|39488.252.peg.2713	2923582	2924772	-		hypothetical protein	2923582	2924772
39488.252:2112_2113	39488.252	Anaerobutyricum hallii strain EHAL	CP073280	CDS	fig|39488.252.peg.1963	2111802	2114669	-		Sensory box histidine kinase/response regulator	2111802	2114669
39488.252:1984_1985	39488.252	Anaerobutyricum hallii strain EHAL	CP073280	CDS	fig|39488.252.peg.1851	1983449	1985893	-		ABC transporter-coupled two-component system, fused permease protein	1983449	1985893
39488.252:1987_1988	39488.252	Anaerobutyricum hallii strain EHAL	CP073280	CDS	fig|39488.252.peg.1853	1986678	1987943	-		ABC transporter-coupled two-component system, signal transduction histidine kinase	1986678	1987943
39488.252:1987_1988	39488.252	Anaerobutyricum hallii strain EHAL	CP073280	CDS	fig|39488.252.peg.1854	1987919	1988608	-		ABC transporter-coupled two-component system, LuxR family response regulator	1987919	1988608
39488.252:292_293	39488.252	Anaerobutyricum hallii strain EHAL	CP073280	CDS	fig|39488.252.peg.267	292431	292571	-		hypothetical protein	292431	292571
39488.252:2610_2611;2619_2622	39488.252	Anaerobutyricum hallii strain EHAL	CP073280	CDS	fig|39488.252.peg.2410	2609205	2610281	-		hypothetical protein	2609205	2610281
39488.252:2610_2611;2619_2622	39488.252	Anaerobutyricum hallii strain EHAL	CP073280	CDS	fig|39488.252.peg.2411	2610288	2610428	-		hypothetical protein	2610288	2610428
39488.252:2610_2611;2619_2622	39488.252	Anaerobutyricum hallii strain EHAL	CP073280	CDS	fig|39488.252.peg.2412	2610517	2616846	-		hypothetical protein	2610517	2616846
39488.252:2610_2611;2619_2622	39488.252	Anaerobutyricum hallii strain EHAL	CP073280	CDS	fig|39488.252.peg.2414	2617074	2619146	-		DNA topoisomerase III (EC 5.99.1.2)	2617074	2619146
39488.252:2610_2611;2619_2622	39488.252	Anaerobutyricum hallii strain EHAL	CP073280	CDS	fig|39488.252.peg.2415	2619153	2620577	-		hypothetical protein	2619153	2620577
39488.252:2610_2611;2619_2622	39488.252	Anaerobutyricum hallii strain EHAL	CP073280	CDS	fig|39488.252.peg.2416	2620531	2620833	-		hypothetical protein	2620531	2620833
39488.252:2610_2611;2619_2622	39488.252	Anaerobutyricum hallii strain EHAL	CP073280	CDS	fig|39488.252.peg.2417	2620876	2623692	-		FIG00645042: hypothetical protein	2620876	2623692
39488.252:2557_2559;2561_2566;2597_2600;2608_2610;2611_2615;2633_2635	39488.252	Anaerobutyricum hallii strain EHAL	CP073280	CDS	fig|39488.252.peg.2366	2556638	2557018	-		Programmed cell death toxin YdcE	2556638	2557018
39488.252:2557_2559;2561_2566;2597_2600;2608_2610;2611_2615;2633_2635	39488.252	Anaerobutyricum hallii strain EHAL	CP073280	CDS	fig|39488.252.peg.2367	2557169	2557351	-		hypothetical protein	2557169	2557351
39488.252:2557_2559;2561_2566;2597_2600;2608_2610;2611_2615;2633_2635	39488.252	Anaerobutyricum hallii strain EHAL	CP073280	CDS	fig|39488.252.peg.2368	2557596	2558069	-		hypothetical protein	2557596	2558069
39488.252:2557_2559;2561_2566;2597_2600;2608_2610;2611_2615;2633_2635	39488.252	Anaerobutyricum hallii strain EHAL	CP073280	CDS	fig|39488.252.peg.2369	2558396	2558827	-		hypothetical protein	2558396	2558827
39488.252:2557_2559;2561_2566;2597_2600;2608_2610;2611_2615;2633_2635	39488.252	Anaerobutyricum hallii strain EHAL	CP073280	CDS	fig|39488.252.peg.2370	2558824	2559045	-		hypothetical protein	2558824	2559045
39488.252:2557_2559;2561_2566;2597_2600;2608_2610;2611_2615;2633_2635	39488.252	Anaerobutyricum hallii strain EHAL	CP073280	CDS	fig|39488.252.peg.2373	2560648	2561019	-		hypothetical protein	2560648	2561019
39488.252:2557_2559;2561_2566;2597_2600;2608_2610;2611_2615;2633_2635	39488.252	Anaerobutyricum hallii strain EHAL	CP073280	CDS	fig|39488.252.peg.2374	2561029	2561601	-		hypothetical protein	2561029	2561601
39488.252:2557_2559;2561_2566;2597_2600;2608_2610;2611_2615;2633_2635	39488.252	Anaerobutyricum hallii strain EHAL	CP073280	CDS	fig|39488.252.peg.2375	2561852	2562091	-		hypothetical protein	2561852	2562091
39488.252:2557_2559;2561_2566;2597_2600;2608_2610;2611_2615;2633_2635	39488.252	Anaerobutyricum hallii strain EHAL	CP073280	CDS	fig|39488.252.peg.2376	2562104	2562316	-		hypothetical protein	2562104	2562316
39488.252:2557_2559;2561_2566;2597_2600;2608_2610;2611_2615;2633_2635	39488.252	Anaerobutyricum hallii strain EHAL	CP073280	CDS	fig|39488.252.peg.2377	2562331	2563578	-	dinB	DNA polymerase IV (EC 2.7.7.7)	2562331	2563578
39488.252:2557_2559;2561_2566;2597_2600;2608_2610;2611_2615;2633_2635	39488.252	Anaerobutyricum hallii strain EHAL	CP073280	CDS	fig|39488.252.peg.2380	2564864	2565238	-		Protein of unknown function DUF419	2564864	2565238
39488.252:2557_2559;2561_2566;2597_2600;2608_2610;2611_2615;2633_2635	39488.252	Anaerobutyricum hallii strain EHAL	CP073280	CDS	fig|39488.252.peg.2406	2596139	2598877	-		hypothetical protein	2596139	2598877
39488.252:2557_2559;2561_2566;2597_2600;2608_2610;2611_2615;2633_2635	39488.252	Anaerobutyricum hallii strain EHAL	CP073280	CDS	fig|39488.252.peg.2407	2598959	2600017	-		hypothetical protein	2598959	2600017
39488.252:2557_2559;2561_2566;2597_2600;2608_2610;2611_2615;2633_2635	39488.252	Anaerobutyricum hallii strain EHAL	CP073280	CDS	fig|39488.252.peg.2409	2602441	2609136	-		hypothetical protein	2602441	2609136
39488.252:2557_2559;2561_2566;2597_2600;2608_2610;2611_2615;2633_2635	39488.252	Anaerobutyricum hallii strain EHAL	CP073280	CDS	fig|39488.252.peg.2410	2609205	2610281	-		hypothetical protein	2609205	2610281
39488.252:2557_2559;2561_2566;2597_2600;2608_2610;2611_2615;2633_2635	39488.252	Anaerobutyricum hallii strain EHAL	CP073280	CDS	fig|39488.252.peg.2412	2610517	2616846	-		hypothetical protein	2610517	2616846
39488.252:2557_2559;2561_2566;2597_2600;2608_2610;2611_2615;2633_2635	39488.252	Anaerobutyricum hallii strain EHAL	CP073280	CDS	fig|39488.252.peg.2428	2632286	2633167	-		Replication protein	2632286	2633167
39488.252:2557_2559;2561_2566;2597_2600;2608_2610;2611_2615;2633_2635	39488.252	Anaerobutyricum hallii strain EHAL	CP073280	CDS	fig|39488.252.peg.2429	2633160	2633552	-		hypothetical protein	2633160	2633552
39488.252:2557_2559;2561_2566;2597_2600;2608_2610;2611_2615;2633_2635	39488.252	Anaerobutyricum hallii strain EHAL	CP073280	CDS	fig|39488.252.peg.2430	2633566	2633964	-		Single-stranded DNA-binding protein	2633566	2633964
39488.252:2557_2559;2561_2566;2597_2600;2608_2610;2611_2615;2633_2635	39488.252	Anaerobutyricum hallii strain EHAL	CP073280	CDS	fig|39488.252.peg.2431	2633978	2634376	-		hypothetical protein	2633978	2634376
39488.252:2557_2559;2561_2566;2597_2600;2608_2610;2611_2615;2633_2635	39488.252	Anaerobutyricum hallii strain EHAL	CP073280	CDS	fig|39488.252.peg.2432	2634506	2634817	-		hypothetical protein	2634506	2634817
39488.252:2557_2559;2561_2566;2597_2600;2608_2610;2611_2615;2633_2635	39488.252	Anaerobutyricum hallii strain EHAL	CP073280	CDS	fig|39488.252.peg.2433	2634853	2635749	-		Chromosome (plasmid) partitioning protein ParB	2634853	2635749
39488.252:2101_2102	39488.252	Anaerobutyricum hallii strain EHAL	CP073280	CDS	fig|39488.252.peg.1953	2099978	2102854	-		Sensory box histidine kinase/response regulator	2099978	2102854
39488.252:1494_1495;2132_2133;2137_2139	39488.252	Anaerobutyricum hallii strain EHAL	CP073280	CDS	fig|39488.252.peg.1986	2131891	2132571	-		GTP pyrophosphokinase (EC 2.7.6.5)	2131891	2132571
39488.252:1494_1495;2132_2133;2137_2139	39488.252	Anaerobutyricum hallii strain EHAL	CP073280	CDS	fig|39488.252.peg.1987	2132610	2133587	-	bsh	Choloylglycine hydrolase (EC 3.5.1.24)	2132610	2133587
39488.252:1494_1495;2132_2133;2137_2139	39488.252	Anaerobutyricum hallii strain EHAL	CP073280	CDS	fig|39488.252.peg.1993	2136959	2137201	-		Iron-sulfur flavoprotein	2136959	2137201
39488.252:1494_1495;2132_2133;2137_2139	39488.252	Anaerobutyricum hallii strain EHAL	CP073280	CDS	fig|39488.252.peg.1994	2137380	2137970	-		Maltose O-acetyltransferase (EC 2.3.1.79)	2137380	2137970
39488.252:1494_1495;2132_2133;2137_2139	39488.252	Anaerobutyricum hallii strain EHAL	CP073280	CDS	fig|39488.252.peg.1995	2137973	2138971	-		Dienelactone hydrolase and related enzymes	2137973	2138971
39488.252:3416_3417	39488.252	Anaerobutyricum hallii strain EHAL	CP073280	CDS	fig|39488.252.peg.3155	3415675	3416082	-		Chromosome (plasmid) partitioning protein ParB	3415675	3416082
39488.252:3416_3417	39488.252	Anaerobutyricum hallii strain EHAL	CP073280	CDS	fig|39488.252.peg.3156	3416090	3416386	-		hypothetical protein	3416090	3416386
39488.252:3416_3417	39488.252	Anaerobutyricum hallii strain EHAL	CP073280	CDS	fig|39488.252.peg.3157	3416396	3417394	-		hypothetical protein	3416396	3417394
39488.252:2510_2511	39488.252	Anaerobutyricum hallii strain EHAL	CP073280	CDS	fig|39488.252.peg.2324	2509736	2511073	-		Multi antimicrobial extrusion protein (Na(+)/drug antiporter), MATE family of MDR efflux pumps	2509736	2511073
39488.252:1986_1987	39488.252	Anaerobutyricum hallii strain EHAL	CP073280	CDS	fig|39488.252.peg.1852	1985890	1986564	-		ABC transporter-coupled two-component system, ATP-binding protein	1985890	1986564
39488.252:1986_1987	39488.252	Anaerobutyricum hallii strain EHAL	CP073280	CDS	fig|39488.252.peg.1853	1986678	1987943	-		ABC transporter-coupled two-component system, signal transduction histidine kinase	1986678	1987943
39488.252:2133_2137;2922_2923	39488.252	Anaerobutyricum hallii strain EHAL	CP073280	CDS	fig|39488.252.peg.1987	2132610	2133587	-	bsh	Choloylglycine hydrolase (EC 3.5.1.24)	2132610	2133587
39488.252:2133_2137;2922_2923	39488.252	Anaerobutyricum hallii strain EHAL	CP073280	CDS	fig|39488.252.peg.1988	2133722	2134573	-		2,5-diketo-D-gluconic acid reductase (EC 1.1.1.-)	2133722	2134573
39488.252:2133_2137;2922_2923	39488.252	Anaerobutyricum hallii strain EHAL	CP073280	CDS	fig|39488.252.peg.1989	2134578	2135132	-		hypothetical protein	2134578	2135132
39488.252:2133_2137;2922_2923	39488.252	Anaerobutyricum hallii strain EHAL	CP073280	CDS	fig|39488.252.peg.1990	2135144	2135650	-		Flavodoxin	2135144	2135650
39488.252:2133_2137;2922_2923	39488.252	Anaerobutyricum hallii strain EHAL	CP073280	CDS	fig|39488.252.peg.1991	2135656	2136039	-		hypothetical protein	2135656	2136039
39488.252:2133_2137;2922_2923	39488.252	Anaerobutyricum hallii strain EHAL	CP073280	CDS	fig|39488.252.peg.1992	2136056	2136553	-		Flavodoxin	2136056	2136553
39488.252:2133_2137;2922_2923	39488.252	Anaerobutyricum hallii strain EHAL	CP073280	CDS	fig|39488.252.peg.1993	2136959	2137201	-		Iron-sulfur flavoprotein	2136959	2137201
39488.252:2133_2137;2922_2923	39488.252	Anaerobutyricum hallii strain EHAL	CP073280	CDS	fig|39488.252.peg.2711	2922078	2923037	-		hypothetical protein	2922078	2923037
39488.252:2934_2935	39488.252	Anaerobutyricum hallii strain EHAL	CP073280	CDS	fig|39488.252.peg.2725	2933480	2935165	-		Site-specific recombinase	2933480	2935165
39488.252:2939_2942	39488.252	Anaerobutyricum hallii strain EHAL	CP073280	CDS	fig|39488.252.peg.2730	2939006	2939878	-		ABC transporter, ATP-binding protein	2939006	2939878
39488.252:2939_2942	39488.252	Anaerobutyricum hallii strain EHAL	CP073280	CDS	fig|39488.252.peg.2731	2939882	2940538	-		hypothetical protein	2939882	2940538
39488.252:2939_2942	39488.252	Anaerobutyricum hallii strain EHAL	CP073280	CDS	fig|39488.252.peg.2732	2940535	2941605	-		hypothetical protein	2940535	2941605
39488.252:2939_2942	39488.252	Anaerobutyricum hallii strain EHAL	CP073280	CDS	fig|39488.252.peg.2733	2941722	2942900	-		hypothetical protein	2941722	2942900
39488.252:1495_1496;2123_2125;2949_2952	39488.252	Anaerobutyricum hallii strain EHAL	CP073280	CDS	fig|39488.252.peg.1395	1495123	1495782	-		Transcriptional regulator, Crp/Fnr family	1495123	1495782
39488.252:1495_1496;2123_2125;2949_2952	39488.252	Anaerobutyricum hallii strain EHAL	CP073280	CDS	fig|39488.252.peg.2741	2949013	2949237	-		hypothetical protein	2949013	2949237
39488.252:1495_1496;2123_2125;2949_2952	39488.252	Anaerobutyricum hallii strain EHAL	CP073280	CDS	fig|39488.252.peg.2742	2949238	2950164	-		hypothetical protein	2949238	2950164
39488.252:1495_1496;2123_2125;2949_2952	39488.252	Anaerobutyricum hallii strain EHAL	CP073280	CDS	fig|39488.252.peg.2743	2950441	2951715	-		hypothetical protein	2950441	2951715
39488.252:1495_1496;2123_2125;2949_2952	39488.252	Anaerobutyricum hallii strain EHAL	CP073280	CDS	fig|39488.252.peg.2744	2951943	2952314	-		hypothetical protein	2951943	2952314
39488.252:1479_1480	39488.252	Anaerobutyricum hallii strain EHAL	CP073280	CDS	fig|39488.252.peg.1376	1479846	1480085	-		hypothetical protein	1479846	1480085
45851.820:461_466;1583_1586	45851.82	Butyrivibrio crossotus DSM 2876	CP102270	CDS	fig|45851.820.peg.483	460924	461325	+		hypothetical protein	460924	461325
45851.820:461_466;1583_1586	45851.82	Butyrivibrio crossotus DSM 2876	CP102270	CDS	fig|45851.820.peg.484	461639	462352	+		Two-component transcriptional response regulator, LuxR family	461639	462352
45851.820:461_466;1583_1586	45851.82	Butyrivibrio crossotus DSM 2876	CP102270	CDS	fig|45851.820.peg.485	462349	463719	+		Two-component system sensor histidine kinase	462349	463719
45851.820:461_466;1583_1586	45851.82	Butyrivibrio crossotus DSM 2876	CP102270	CDS	fig|45851.820.peg.486	463806	463967	+		hypothetical protein	463806	463967
45851.820:461_466;1583_1586	45851.82	Butyrivibrio crossotus DSM 2876	CP102270	CDS	fig|45851.820.peg.487	464008	464715	+		hypothetical protein	464008	464715
45851.820:461_466;1583_1586	45851.82	Butyrivibrio crossotus DSM 2876	CP102270	CDS	fig|45851.820.peg.488	464732	464914	+		hypothetical protein	464732	464914
45851.820:461_466;1583_1586	45851.82	Butyrivibrio crossotus DSM 2876	CP102270	CDS	fig|45851.820.peg.489	465029	465304	+		hypothetical protein	465029	465304
45851.820:461_466;1583_1586	45851.82	Butyrivibrio crossotus DSM 2876	CP102270	CDS	fig|45851.820.peg.490	465384	466448	+		hypothetical protein	465384	466448
45851.820:461_466;1583_1586	45851.82	Butyrivibrio crossotus DSM 2876	CP102270	CDS	fig|45851.820.peg.1587	1582652	1584097	+		[FeFe] hydrogenase (EC 1.12.7.2)	1582652	1584097
45851.820:43_44;1700_1701;2196_2201;2201_2204	45851.82	Butyrivibrio crossotus DSM 2876	CP102270	CDS	fig|45851.820.peg.36	42679	43842	+		Transposase	42679	43842
45851.820:43_44;1700_1701;2196_2201;2201_2204	45851.82	Butyrivibrio crossotus DSM 2876	CP102270	CDS	fig|45851.820.peg.2193	2198390	2199310	+		Site-specific tyrosine recombinase	2198390	2199310
45851.820:43_44;1700_1701;2196_2201;2201_2204	45851.82	Butyrivibrio crossotus DSM 2876	CP102270	CDS	fig|45851.820.peg.2194	2199410	2200528	+		Glycosyl transferase, family 2	2199410	2200528
45851.820:461_466;1583_1586	45851.82	Butyrivibrio crossotus DSM 2876	CP102270	CDS	fig|45851.820.peg.1588	1584137	1584802	-	sfsA	Sugar fermentation stimulation protein SfsA	1584137	1584802
45851.820:461_466;1583_1586	45851.82	Butyrivibrio crossotus DSM 2876	CP102270	CDS	fig|45851.820.peg.1589	1584799	1585701	-		Band 7 protein	1584799	1585701
45851.820:461_466;1583_1586	45851.82	Butyrivibrio crossotus DSM 2876	CP102270	CDS	fig|45851.820.peg.1590	1585725	1587284	-		N-acetylmuramoyl-L-alanine amidase	1585725	1587284
45851.820:43_44;1700_1701;2196_2201;2201_2204	45851.82	Butyrivibrio crossotus DSM 2876	CP102270	CDS	fig|45851.820.peg.1697	1699153	1700625	-		UDP-N-acetylmuramoyl-dipeptide--2,6-diaminopimelate ligase (EC 6.3.2.13)	1699153	1700625
45851.820:43_44;1700_1701;2196_2201;2201_2204	45851.82	Butyrivibrio crossotus DSM 2876	CP102270	CDS	fig|45851.820.peg.1698	1700643	1701503	-	folD	Methenyltetrahydrofolate cyclohydrolase (EC 3.5.4.9) / Methylenetetrahydrofolate dehydrogenase (NADP+) (EC 1.5.1.5)	1700643	1701503
45851.820:43_44;1700_1701;2196_2201;2201_2204	45851.82	Butyrivibrio crossotus DSM 2876	CP102270	CDS	fig|45851.820.peg.2190	2195325	2196416	-		hypothetical protein	2195325	2196416
45851.820:43_44;1700_1701;2196_2201;2201_2204	45851.82	Butyrivibrio crossotus DSM 2876	CP102270	CDS	fig|45851.820.peg.2191	2196420	2197343	-		hypothetical protein	2196420	2197343
45851.820:43_44;1700_1701;2196_2201;2201_2204	45851.82	Butyrivibrio crossotus DSM 2876	CP102270	CDS	fig|45851.820.peg.2192	2197345	2198205	-		hypothetical protein	2197345	2198205
45851.820:43_44;1700_1701;2196_2201;2201_2204	45851.82	Butyrivibrio crossotus DSM 2876	CP102270	CDS	fig|45851.820.peg.2195	2200529	2203969	-		hypothetical protein	2200529	2203969
45851.820:43_44;1700_1701;2196_2201;2201_2204	45851.82	Butyrivibrio crossotus DSM 2876	CP102270	CDS	fig|45851.820.peg.2195	2200529	2203969	-		hypothetical protein	2200529	2203969
46503.89:4241_4242	46503.89	Parabacteroides merdae strain NCTC13052	UFTK01000002	CDS	fig|46503.89.peg.203	198298	198663	+		hypothetical protein	4240848	4241213
46503.89:4241_4242	46503.89	Parabacteroides merdae strain NCTC13052	UFTK01000002	CDS	fig|46503.89.peg.204	198664	198990	+		hypothetical protein	4241214	4241540
46503.89:4241_4242	46503.89	Parabacteroides merdae strain NCTC13052	UFTK01000002	CDS	fig|46503.89.peg.205	198987	199310	+		hypothetical protein	4241537	4241860
46503.89:4241_4242	46503.89	Parabacteroides merdae strain NCTC13052	UFTK01000002	CDS	fig|46503.89.peg.206	199301	199600	+		FIG00939652: hypothetical protein	4241851	4242150
88431.1239:247_249;901_902;2436_2438;2438_2439	88431.1239	Dorea longicatena DSM 13814	CP102280	CDS	fig|88431.1239.peg.221	246740	247741	+		Oxidoreductase, aldo/keto reductase family	246740	247741
88431.1239:247_249;901_902;2436_2438;2438_2439	88431.1239	Dorea longicatena DSM 13814	CP102280	CDS	fig|88431.1239.peg.222	247754	247864	+		hypothetical protein	247754	247864
88431.1239:247_249;901_902;2436_2438;2438_2439	88431.1239	Dorea longicatena DSM 13814	CP102280	CDS	fig|88431.1239.peg.223	247870	248373	+		Flavodoxin	247870	248373
88431.1239:247_249;901_902;2436_2438;2438_2439	88431.1239	Dorea longicatena DSM 13814	CP102280	CDS	fig|88431.1239.peg.224	248394	248948	+		Flavoredoxin	248394	248948
88431.1239:247_249;901_902;2436_2438;2438_2439	88431.1239	Dorea longicatena DSM 13814	CP102280	CDS	fig|88431.1239.peg.225	248964	249731	+		4-carboxymuconolactone decarboxylase (EC 4.1.1.44)	248964	249731
88431.1239:247_249;901_902;2436_2438;2438_2439	88431.1239	Dorea longicatena DSM 13814	CP102280	CDS	fig|88431.1239.peg.861	901276	904314	+		beta-galactosidase (EC 3.2.1.23)	901276	904314
88431.1239:339_340;447_448;762_763;763_764;902_903;917_920;2400_2401;2432_2433;2433_2434;2439_2444;2446_2448;2649_2652;2877_2879	88431.1239	Dorea longicatena DSM 13814	CP102280	CDS	fig|88431.1239.peg.319	338941	339258	+		ATP-binding protein	338941	339258
88431.1239:339_340;447_448;762_763;763_764;902_903;917_920;2400_2401;2432_2433;2433_2434;2439_2444;2446_2448;2649_2652;2877_2879	88431.1239	Dorea longicatena DSM 13814	CP102280	CDS	fig|88431.1239.peg.320	339402	340523	+		Uncharacterized protein BT3327	339402	340523
88431.1239:339_340;447_448;762_763;763_764;902_903;917_920;2400_2401;2432_2433;2433_2434;2439_2444;2446_2448;2649_2652;2877_2879	88431.1239	Dorea longicatena DSM 13814	CP102280	CDS	fig|88431.1239.peg.422	447068	448198	+		Glycerate kinase (EC 2.7.1.31)	447068	448198
88431.1239:339_340;447_448;762_763;763_764;902_903;917_920;2400_2401;2432_2433;2433_2434;2439_2444;2446_2448;2649_2652;2877_2879	88431.1239	Dorea longicatena DSM 13814	CP102280	CDS	fig|88431.1239.peg.737	762163	762852	+		ABC transporter-coupled two-component system, LuxR family response regulator	762163	762852
88431.1239:339_340;447_448;762_763;763_764;902_903;917_920;2400_2401;2432_2433;2433_2434;2439_2444;2446_2448;2649_2652;2877_2879	88431.1239	Dorea longicatena DSM 13814	CP102280	CDS	fig|88431.1239.peg.738	762849	764093	+		ABC transporter-coupled two-component system, signal transduction histidine kinase	762849	764093
88431.1239:339_340;447_448;762_763;763_764;902_903;917_920;2400_2401;2432_2433;2433_2434;2439_2444;2446_2448;2649_2652;2877_2879	88431.1239	Dorea longicatena DSM 13814	CP102280	CDS	fig|88431.1239.peg.738	762849	764093	+		ABC transporter-coupled two-component system, signal transduction histidine kinase	762849	764093
88431.1239:339_340;447_448;762_763;763_764;902_903;917_920;2400_2401;2432_2433;2433_2434;2439_2444;2446_2448;2649_2652;2877_2879	88431.1239	Dorea longicatena DSM 13814	CP102280	CDS	fig|88431.1239.peg.861	901276	904314	+		beta-galactosidase (EC 3.2.1.23)	901276	904314
88431.1239:339_340;447_448;762_763;763_764;902_903;917_920;2400_2401;2432_2433;2433_2434;2439_2444;2446_2448;2649_2652;2877_2879	88431.1239	Dorea longicatena DSM 13814	CP102280	CDS	fig|88431.1239.peg.873	914223	917291	+		FIG01032097: hypothetical protein	914223	917291
88431.1239:339_340;447_448;762_763;763_764;902_903;917_920;2400_2401;2432_2433;2433_2434;2439_2444;2446_2448;2649_2652;2877_2879	88431.1239	Dorea longicatena DSM 13814	CP102280	CDS	fig|88431.1239.peg.874	917329	917577	+		hypothetical protein	917329	917577
88431.1239:339_340;447_448;762_763;763_764;902_903;917_920;2400_2401;2432_2433;2433_2434;2439_2444;2446_2448;2649_2652;2877_2879	88431.1239	Dorea longicatena DSM 13814	CP102280	CDS	fig|88431.1239.peg.875	917564	917686	+		hypothetical protein	917564	917686
88431.1239:339_340;447_448;762_763;763_764;902_903;917_920;2400_2401;2432_2433;2433_2434;2439_2444;2446_2448;2649_2652;2877_2879	88431.1239	Dorea longicatena DSM 13814	CP102280	CDS	fig|88431.1239.peg.876	917676	918149	+		UPF0758 family protein	917676	918149
88431.1239:339_340;447_448;762_763;763_764;902_903;917_920;2400_2401;2432_2433;2433_2434;2439_2444;2446_2448;2649_2652;2877_2879	88431.1239	Dorea longicatena DSM 13814	CP102280	CDS	fig|88431.1239.peg.877	918381	919817	+		ATPase/GTPase, AAA15 family	918381	919817
88431.1239:339_340;447_448;762_763;763_764;902_903;917_920;2400_2401;2432_2433;2433_2434;2439_2444;2446_2448;2649_2652;2877_2879	88431.1239	Dorea longicatena DSM 13814	CP102280	CDS	fig|88431.1239.peg.878	919820	920881	+		hypothetical protein	919820	920881
88431.1239:339_340;447_448;762_763;763_764;902_903;917_920;2400_2401;2432_2433;2433_2434;2439_2444;2446_2448;2649_2652;2877_2879	88431.1239	Dorea longicatena DSM 13814	CP102280	CDS	fig|88431.1239.peg.2367	2442891	2443028	+		hypothetical protein	2442891	2443028
88431.1239:339_340;447_448;762_763;763_764;902_903;917_920;2400_2401;2432_2433;2433_2434;2439_2444;2446_2448;2649_2652;2877_2879	88431.1239	Dorea longicatena DSM 13814	CP102280	CDS	fig|88431.1239.peg.2374	2446735	2446986	+		hypothetical protein	2446735	2446986
88431.1239:134_135;135_136;140_141	88431.1239	Dorea longicatena DSM 13814	CP102280	CDS	fig|88431.1239.peg.114	134068	134580	+		FIG00513320: hypothetical protein	134068	134580
88431.1239:134_135;135_136;140_141	88431.1239	Dorea longicatena DSM 13814	CP102280	CDS	fig|88431.1239.peg.115	134675	135100	+		FIG00522450: hypothetical protein	134675	135100
88431.1239:134_135;135_136;140_141	88431.1239	Dorea longicatena DSM 13814	CP102280	CDS	fig|88431.1239.peg.115	134675	135100	+		FIG00522450: hypothetical protein	134675	135100
88431.1239:134_135;135_136;140_141	88431.1239	Dorea longicatena DSM 13814	CP102280	CDS	fig|88431.1239.peg.116	135184	135658	+		sigma-70 family RNA polymerase sigma factor	135184	135658
88431.1239:134_135;135_136;140_141	88431.1239	Dorea longicatena DSM 13814	CP102280	CDS	fig|88431.1239.peg.117	135813	136838	+		FIG00521941: hypothetical protein	135813	136838
88431.1239:134_135;135_136;140_141	88431.1239	Dorea longicatena DSM 13814	CP102280	CDS	fig|88431.1239.peg.122	139785	141641	+		Site-specific recombinase	139785	141641
88431.1239:136_140;926_929;941_945;946_947;2652_2653	88431.1239	Dorea longicatena DSM 13814	CP102280	CDS	fig|88431.1239.peg.117	135813	136838	+		FIG00521941: hypothetical protein	135813	136838
88431.1239:136_140;926_929;941_945;946_947;2652_2653	88431.1239	Dorea longicatena DSM 13814	CP102280	CDS	fig|88431.1239.peg.118	137363	138328	+		FIG00517640: hypothetical protein	137363	138328
88431.1239:136_140;926_929;941_945;946_947;2652_2653	88431.1239	Dorea longicatena DSM 13814	CP102280	CDS	fig|88431.1239.peg.119	138337	139191	+		Chromosome (plasmid) partitioning protein ParB	138337	139191
88431.1239:136_140;926_929;941_945;946_947;2652_2653	88431.1239	Dorea longicatena DSM 13814	CP102280	CDS	fig|88431.1239.peg.120	139237	139467	+		bacterial seryl-tRNA synthetase related	139237	139467
88431.1239:136_140;926_929;941_945;946_947;2652_2653	88431.1239	Dorea longicatena DSM 13814	CP102280	CDS	fig|88431.1239.peg.121	139467	139730	+		FIG00527364: hypothetical protein	139467	139730
88431.1239:136_140;926_929;941_945;946_947;2652_2653	88431.1239	Dorea longicatena DSM 13814	CP102280	CDS	fig|88431.1239.peg.122	139785	141641	+		Site-specific recombinase	139785	141641
88431.1239:136_140;926_929;941_945;946_947;2652_2653	88431.1239	Dorea longicatena DSM 13814	CP102280	CDS	fig|88431.1239.peg.882	925249	926241	+		TnpY	925249	926241
88431.1239:136_140;926_929;941_945;946_947;2652_2653	88431.1239	Dorea longicatena DSM 13814	CP102280	CDS	fig|88431.1239.peg.883	926250	926561	+		hypothetical protein	926250	926561
88431.1239:136_140;926_929;941_945;946_947;2652_2653	88431.1239	Dorea longicatena DSM 13814	CP102280	CDS	fig|88431.1239.peg.884	926752	926838	+		DUF3789 domain-containing protein	926752	926838
88431.1239:136_140;926_929;941_945;946_947;2652_2653	88431.1239	Dorea longicatena DSM 13814	CP102280	CDS	fig|88431.1239.peg.885	926861	926962	+		hypothetical protein	926861	926962
88431.1239:136_140;926_929;941_945;946_947;2652_2653	88431.1239	Dorea longicatena DSM 13814	CP102280	CDS	fig|88431.1239.peg.886	926959	927945	+		hypothetical protein	926959	927945
88431.1239:136_140;926_929;941_945;946_947;2652_2653	88431.1239	Dorea longicatena DSM 13814	CP102280	CDS	fig|88431.1239.peg.887	927942	928280	+		Relaxosome component	927942	928280
88431.1239:136_140;926_929;941_945;946_947;2652_2653	88431.1239	Dorea longicatena DSM 13814	CP102280	CDS	fig|88431.1239.peg.888	928271	929713	+		Relaxase	928271	929713
88431.1239:136_140;926_929;941_945;946_947;2652_2653	88431.1239	Dorea longicatena DSM 13814	CP102280	CDS	fig|88431.1239.peg.900	940659	942626	+		Penicillin-binding protein 3	940659	942626
88431.1239:136_140;926_929;941_945;946_947;2652_2653	88431.1239	Dorea longicatena DSM 13814	CP102280	repeat_region	fig|88431.1239.repeat.22	942787	942987	+		repeat region	942787	942987
88431.1239:136_140;926_929;941_945;946_947;2652_2653	88431.1239	Dorea longicatena DSM 13814	CP102280	CDS	fig|88431.1239.peg.901	942809	943018	+		hypothetical protein	942809	943018
88431.1239:136_140;926_929;941_945;946_947;2652_2653	88431.1239	Dorea longicatena DSM 13814	CP102280	CDS	fig|88431.1239.peg.902	943046	943165	+		hypothetical protein	943046	943165
88431.1239:136_140;926_929;941_945;946_947;2652_2653	88431.1239	Dorea longicatena DSM 13814	CP102280	CDS	fig|88431.1239.peg.904	943520	944359	+		hypothetical protein	943520	944359
88431.1239:136_140;926_929;941_945;946_947;2652_2653	88431.1239	Dorea longicatena DSM 13814	CP102280	CDS	fig|88431.1239.peg.905	944557	945795	+		hypothetical protein	944557	945795
88431.1239:136_140;926_929;941_945;946_947;2652_2653	88431.1239	Dorea longicatena DSM 13814	CP102280	repeat_region	fig|88431.1239.repeat.23	944766	944966	+		repeat region	944766	944966
88431.1239:136_140;926_929;941_945;946_947;2652_2653	88431.1239	Dorea longicatena DSM 13814	CP102280	CDS	fig|88431.1239.peg.906	945804	947036	+		hypothetical protein	945804	947036
88431.1239:192_206;206_224;237_247;766_767;905_908;940_941;945_946;947_950;955_956;1875_1878;2416_2420	88431.1239	Dorea longicatena DSM 13814	CP102280	CDS	fig|88431.1239.peg.172	191835	192236	+		Flavodoxin	191835	192236
88431.1239:192_206;206_224;237_247;766_767;905_908;940_941;945_946;947_950;955_956;1875_1878;2416_2420	88431.1239	Dorea longicatena DSM 13814	CP102280	CDS	fig|88431.1239.peg.174	192910	193302	+		hypothetical protein	192910	193302
88431.1239:192_206;206_224;237_247;766_767;905_908;940_941;945_946;947_950;955_956;1875_1878;2416_2420	88431.1239	Dorea longicatena DSM 13814	CP102280	CDS	fig|88431.1239.peg.175	193343	193675	+		hypothetical protein	193343	193675
88431.1239:192_206;206_224;237_247;766_767;905_908;940_941;945_946;947_950;955_956;1875_1878;2416_2420	88431.1239	Dorea longicatena DSM 13814	CP102280	CDS	fig|88431.1239.peg.176	193854	194771	+		hypothetical protein	193854	194771
88431.1239:192_206;206_224;237_247;766_767;905_908;940_941;945_946;947_950;955_956;1875_1878;2416_2420	88431.1239	Dorea longicatena DSM 13814	CP102280	CDS	fig|88431.1239.peg.177	194768	195058	+		FIG00527957: hypothetical protein	194768	195058
88431.1239:192_206;206_224;237_247;766_767;905_908;940_941;945_946;947_950;955_956;1875_1878;2416_2420	88431.1239	Dorea longicatena DSM 13814	CP102280	CDS	fig|88431.1239.peg.178	195213	195764	+		hypothetical protein	195213	195764
88431.1239:192_206;206_224;237_247;766_767;905_908;940_941;945_946;947_950;955_956;1875_1878;2416_2420	88431.1239	Dorea longicatena DSM 13814	CP102280	CDS	fig|88431.1239.peg.179	195769	197130	+	dcm	DNA-cytosine methyltransferase (EC 2.1.1.37)	195769	197130
88431.1239:192_206;206_224;237_247;766_767;905_908;940_941;945_946;947_950;955_956;1875_1878;2416_2420	88431.1239	Dorea longicatena DSM 13814	CP102280	CDS	fig|88431.1239.peg.180	197133	198089	+		FIG01032406: hypothetical protein	197133	198089
88431.1239:192_206;206_224;237_247;766_767;905_908;940_941;945_946;947_950;955_956;1875_1878;2416_2420	88431.1239	Dorea longicatena DSM 13814	CP102280	CDS	fig|88431.1239.peg.181	198102	198584	+		hypothetical protein	198102	198584
88431.1239:192_206;206_224;237_247;766_767;905_908;940_941;945_946;947_950;955_956;1875_1878;2416_2420	88431.1239	Dorea longicatena DSM 13814	CP102280	CDS	fig|88431.1239.peg.182	198658	203034	+		hypothetical protein	198658	203034
88431.1239:192_206;206_224;237_247;766_767;905_908;940_941;945_946;947_950;955_956;1875_1878;2416_2420	88431.1239	Dorea longicatena DSM 13814	CP102280	CDS	fig|88431.1239.peg.183	203123	204283	+	metK	S-adenosylmethionine synthetase (EC 2.5.1.6)	203123	204283
88431.1239:192_206;206_224;237_247;766_767;905_908;940_941;945_946;947_950;955_956;1875_1878;2416_2420	88431.1239	Dorea longicatena DSM 13814	CP102280	CDS	fig|88431.1239.peg.184	204283	205260	+		hypothetical protein	204283	205260
88431.1239:192_206;206_224;237_247;766_767;905_908;940_941;945_946;947_950;955_956;1875_1878;2416_2420	88431.1239	Dorea longicatena DSM 13814	CP102280	CDS	fig|88431.1239.peg.185	205267	206013	+		hypothetical protein	205267	206013
88431.1239:192_206;206_224;237_247;766_767;905_908;940_941;945_946;947_950;955_956;1875_1878;2416_2420	88431.1239	Dorea longicatena DSM 13814	CP102280	CDS	fig|88431.1239.peg.185	205267	206013	+		hypothetical protein	205267	206013
88431.1239:192_206;206_224;237_247;766_767;905_908;940_941;945_946;947_950;955_956;1875_1878;2416_2420	88431.1239	Dorea longicatena DSM 13814	CP102280	CDS	fig|88431.1239.peg.186	206034	206837	+		FIG00523254: hypothetical protein	206034	206837
88431.1239:192_206;206_224;237_247;766_767;905_908;940_941;945_946;947_950;955_956;1875_1878;2416_2420	88431.1239	Dorea longicatena DSM 13814	CP102280	CDS	fig|88431.1239.peg.187	206919	207242	+		FIG00528047: hypothetical protein	206919	207242
88431.1239:192_206;206_224;237_247;766_767;905_908;940_941;945_946;947_950;955_956;1875_1878;2416_2420	88431.1239	Dorea longicatena DSM 13814	CP102280	CDS	fig|88431.1239.peg.188	207381	207551	+		hypothetical protein	207381	207551
88431.1239:192_206;206_224;237_247;766_767;905_908;940_941;945_946;947_950;955_956;1875_1878;2416_2420	88431.1239	Dorea longicatena DSM 13814	CP102280	CDS	fig|88431.1239.peg.189	207530	207838	+	mobC	FIG00521458: hypothetical protein	207530	207838
88431.1239:192_206;206_224;237_247;766_767;905_908;940_941;945_946;947_950;955_956;1875_1878;2416_2420	88431.1239	Dorea longicatena DSM 13814	CP102280	CDS	fig|88431.1239.peg.190	207845	209122	+		hypothetical protein	207845	209122
88431.1239:192_206;206_224;237_247;766_767;905_908;940_941;945_946;947_950;955_956;1875_1878;2416_2420	88431.1239	Dorea longicatena DSM 13814	CP102280	CDS	fig|88431.1239.peg.191	209125	209931	+		hypothetical protein	209125	209931
88431.1239:192_206;206_224;237_247;766_767;905_908;940_941;945_946;947_950;955_956;1875_1878;2416_2420	88431.1239	Dorea longicatena DSM 13814	CP102280	CDS	fig|88431.1239.peg.192	209931	210923	+		hypothetical protein	209931	210923
88431.1239:192_206;206_224;237_247;766_767;905_908;940_941;945_946;947_950;955_956;1875_1878;2416_2420	88431.1239	Dorea longicatena DSM 13814	CP102280	CDS	fig|88431.1239.peg.193	211007	211318	+		FIG00528550: hypothetical protein	211007	211318
88431.1239:192_206;206_224;237_247;766_767;905_908;940_941;945_946;947_950;955_956;1875_1878;2416_2420	88431.1239	Dorea longicatena DSM 13814	CP102280	CDS	fig|88431.1239.peg.194	211335	211613	+		hypothetical protein	211335	211613
88431.1239:192_206;206_224;237_247;766_767;905_908;940_941;945_946;947_950;955_956;1875_1878;2416_2420	88431.1239	Dorea longicatena DSM 13814	CP102280	CDS	fig|88431.1239.peg.195	211868	213361	+		TrsK-like protein	211868	213361
88431.1239:192_206;206_224;237_247;766_767;905_908;940_941;945_946;947_950;955_956;1875_1878;2416_2420	88431.1239	Dorea longicatena DSM 13814	CP102280	CDS	fig|88431.1239.peg.196	213392	213766	+		hypothetical protein	213392	213766
88431.1239:192_206;206_224;237_247;766_767;905_908;940_941;945_946;947_950;955_956;1875_1878;2416_2420	88431.1239	Dorea longicatena DSM 13814	CP102280	CDS	fig|88431.1239.peg.197	213852	214694	+		hypothetical protein	213852	214694
88431.1239:192_206;206_224;237_247;766_767;905_908;940_941;945_946;947_950;955_956;1875_1878;2416_2420	88431.1239	Dorea longicatena DSM 13814	CP102280	CDS	fig|88431.1239.peg.198	214699	215130	+		hypothetical protein	214699	215130
88431.1239:192_206;206_224;237_247;766_767;905_908;940_941;945_946;947_950;955_956;1875_1878;2416_2420	88431.1239	Dorea longicatena DSM 13814	CP102280	CDS	fig|88431.1239.peg.199	215134	215574	+		FIG00517673: hypothetical protein	215134	215574
88431.1239:192_206;206_224;237_247;766_767;905_908;940_941;945_946;947_950;955_956;1875_1878;2416_2420	88431.1239	Dorea longicatena DSM 13814	CP102280	CDS	fig|88431.1239.peg.200	215567	217897	+		FIG01020158: hypothetical protein	215567	217897
88431.1239:192_206;206_224;237_247;766_767;905_908;940_941;945_946;947_950;955_956;1875_1878;2416_2420	88431.1239	Dorea longicatena DSM 13814	CP102280	CDS	fig|88431.1239.peg.201	217897	218247	+		hypothetical protein	217897	218247
88431.1239:192_206;206_224;237_247;766_767;905_908;940_941;945_946;947_950;955_956;1875_1878;2416_2420	88431.1239	Dorea longicatena DSM 13814	CP102280	CDS	fig|88431.1239.peg.202	218277	219968	+		Invasion associated protein p60	218277	219968
88431.1239:192_206;206_224;237_247;766_767;905_908;940_941;945_946;947_950;955_956;1875_1878;2416_2420	88431.1239	Dorea longicatena DSM 13814	CP102280	CDS	fig|88431.1239.peg.203	220139	222400	+		FIG01249079: hypothetical protein	220139	222400
88431.1239:192_206;206_224;237_247;766_767;905_908;940_941;945_946;947_950;955_956;1875_1878;2416_2420	88431.1239	Dorea longicatena DSM 13814	CP102280	CDS	fig|88431.1239.peg.204	222481	223041	+		hypothetical protein	222481	223041
88431.1239:192_206;206_224;237_247;766_767;905_908;940_941;945_946;947_950;955_956;1875_1878;2416_2420	88431.1239	Dorea longicatena DSM 13814	CP102280	CDS	fig|88431.1239.peg.205	223087	223224	+		hypothetical protein	223087	223224
88431.1239:192_206;206_224;237_247;766_767;905_908;940_941;945_946;947_950;955_956;1875_1878;2416_2420	88431.1239	Dorea longicatena DSM 13814	CP102280	CDS	fig|88431.1239.peg.206	223445	224158	+		hypothetical protein	223445	224158
88431.1239:192_206;206_224;237_247;766_767;905_908;940_941;945_946;947_950;955_956;1875_1878;2416_2420	88431.1239	Dorea longicatena DSM 13814	CP102280	CDS	fig|88431.1239.peg.211	236636	237262	+		hypothetical protein	236636	237262
88431.1239:192_206;206_224;237_247;766_767;905_908;940_941;945_946;947_950;955_956;1875_1878;2416_2420	88431.1239	Dorea longicatena DSM 13814	CP102280	CDS	fig|88431.1239.peg.212	237269	237382	+		hypothetical protein	237269	237382
88431.1239:192_206;206_224;237_247;766_767;905_908;940_941;945_946;947_950;955_956;1875_1878;2416_2420	88431.1239	Dorea longicatena DSM 13814	CP102280	CDS	fig|88431.1239.peg.213	237591	238025	+		FIG00522450: hypothetical protein	237591	238025
88431.1239:192_206;206_224;237_247;766_767;905_908;940_941;945_946;947_950;955_956;1875_1878;2416_2420	88431.1239	Dorea longicatena DSM 13814	CP102280	CDS	fig|88431.1239.peg.214	238544	240511	+		DinG family ATP-dependent helicase YoaA	238544	240511
88431.1239:192_206;206_224;237_247;766_767;905_908;940_941;945_946;947_950;955_956;1875_1878;2416_2420	88431.1239	Dorea longicatena DSM 13814	CP102280	CDS	fig|88431.1239.peg.215	240667	241791	+		Tn554-related, transposase A	240667	241791
88431.1239:192_206;206_224;237_247;766_767;905_908;940_941;945_946;947_950;955_956;1875_1878;2416_2420	88431.1239	Dorea longicatena DSM 13814	CP102280	CDS	fig|88431.1239.peg.216	241820	243550	+		hypothetical protein	241820	243550
88431.1239:192_206;206_224;237_247;766_767;905_908;940_941;945_946;947_950;955_956;1875_1878;2416_2420	88431.1239	Dorea longicatena DSM 13814	CP102280	CDS	fig|88431.1239.peg.217	243540	245039	+		hypothetical protein	243540	245039
88431.1239:192_206;206_224;237_247;766_767;905_908;940_941;945_946;947_950;955_956;1875_1878;2416_2420	88431.1239	Dorea longicatena DSM 13814	CP102280	CDS	fig|88431.1239.peg.218	245032	245397	+		hypothetical protein	245032	245397
88431.1239:192_206;206_224;237_247;766_767;905_908;940_941;945_946;947_950;955_956;1875_1878;2416_2420	88431.1239	Dorea longicatena DSM 13814	CP102280	CDS	fig|88431.1239.peg.219	245538	246281	+		hypothetical protein	245538	246281
88431.1239:192_206;206_224;237_247;766_767;905_908;940_941;945_946;947_950;955_956;1875_1878;2416_2420	88431.1239	Dorea longicatena DSM 13814	CP102280	CDS	fig|88431.1239.peg.220	246369	246596	+		Flavodoxin	246369	246596
88431.1239:192_206;206_224;237_247;766_767;905_908;940_941;945_946;947_950;955_956;1875_1878;2416_2420	88431.1239	Dorea longicatena DSM 13814	CP102280	CDS	fig|88431.1239.peg.221	246740	247741	+		Oxidoreductase, aldo/keto reductase family	246740	247741
88431.1239:192_206;206_224;237_247;766_767;905_908;940_941;945_946;947_950;955_956;1875_1878;2416_2420	88431.1239	Dorea longicatena DSM 13814	CP102280	CDS	fig|88431.1239.peg.740	764901	767345	+		ABC transporter-coupled two-component system, fused permease protein	764901	767345
88431.1239:192_206;206_224;237_247;766_767;905_908;940_941;945_946;947_950;955_956;1875_1878;2416_2420	88431.1239	Dorea longicatena DSM 13814	CP102280	CDS	fig|88431.1239.peg.862	904484	905881	+		Xyloside transporter XynT	904484	905881
88431.1239:192_206;206_224;237_247;766_767;905_908;940_941;945_946;947_950;955_956;1875_1878;2416_2420	88431.1239	Dorea longicatena DSM 13814	CP102280	CDS	fig|88431.1239.peg.863	905884	906033	+		hypothetical protein	905884	906033
88431.1239:192_206;206_224;237_247;766_767;905_908;940_941;945_946;947_950;955_956;1875_1878;2416_2420	88431.1239	Dorea longicatena DSM 13814	CP102280	CDS	fig|88431.1239.peg.864	906233	907033	+		Transcriptional regulator of various polyols utilization, AraC family	906233	907033
88431.1239:192_206;206_224;237_247;766_767;905_908;940_941;945_946;947_950;955_956;1875_1878;2416_2420	88431.1239	Dorea longicatena DSM 13814	CP102280	CDS	fig|88431.1239.peg.865	907226	907390	+		Hypothetical NagD-like phosphatase, Actinobacterial subfamily	907226	907390
88431.1239:192_206;206_224;237_247;766_767;905_908;940_941;945_946;947_950;955_956;1875_1878;2416_2420	88431.1239	Dorea longicatena DSM 13814	CP102280	repeat_region	fig|88431.1239.repeat.20	907406	907804	+		repeat region	907406	907804
88431.1239:192_206;206_224;237_247;766_767;905_908;940_941;945_946;947_950;955_956;1875_1878;2416_2420	88431.1239	Dorea longicatena DSM 13814	CP102280	CDS	fig|88431.1239.peg.866	907418	907609	+		hypothetical protein	907418	907609
88431.1239:192_206;206_224;237_247;766_767;905_908;940_941;945_946;947_950;955_956;1875_1878;2416_2420	88431.1239	Dorea longicatena DSM 13814	CP102280	repeat_region	fig|88431.1239.repeat.21	907849	908194	+		repeat region	907849	908194
88431.1239:192_206;206_224;237_247;766_767;905_908;940_941;945_946;947_950;955_956;1875_1878;2416_2420	88431.1239	Dorea longicatena DSM 13814	CP102280	CDS	fig|88431.1239.peg.867	907923	908195	+		Excinuclease ABC subunit B	907923	908195
88431.1239:192_206;206_224;237_247;766_767;905_908;940_941;945_946;947_950;955_956;1875_1878;2416_2420	88431.1239	Dorea longicatena DSM 13814	CP102280	CDS	fig|88431.1239.peg.899	938664	940385	+		hypothetical protein	938664	940385
88431.1239:192_206;206_224;237_247;766_767;905_908;940_941;945_946;947_950;955_956;1875_1878;2416_2420	88431.1239	Dorea longicatena DSM 13814	CP102280	CDS	fig|88431.1239.peg.900	940659	942626	+		Penicillin-binding protein 3	940659	942626
88431.1239:192_206;206_224;237_247;766_767;905_908;940_941;945_946;947_950;955_956;1875_1878;2416_2420	88431.1239	Dorea longicatena DSM 13814	CP102280	CDS	fig|88431.1239.peg.905	944557	945795	+		hypothetical protein	944557	945795
88431.1239:192_206;206_224;237_247;766_767;905_908;940_941;945_946;947_950;955_956;1875_1878;2416_2420	88431.1239	Dorea longicatena DSM 13814	CP102280	CDS	fig|88431.1239.peg.906	945804	947036	+		hypothetical protein	945804	947036
88431.1239:192_206;206_224;237_247;766_767;905_908;940_941;945_946;947_950;955_956;1875_1878;2416_2420	88431.1239	Dorea longicatena DSM 13814	CP102280	CDS	fig|88431.1239.peg.906	945804	947036	+		hypothetical protein	945804	947036
88431.1239:192_206;206_224;237_247;766_767;905_908;940_941;945_946;947_950;955_956;1875_1878;2416_2420	88431.1239	Dorea longicatena DSM 13814	CP102280	CDS	fig|88431.1239.peg.909	949446	949868	+		Two-component transcriptional response regulator, OmpR family	949446	949868
88431.1239:192_206;206_224;237_247;766_767;905_908;940_941;945_946;947_950;955_956;1875_1878;2416_2420	88431.1239	Dorea longicatena DSM 13814	CP102280	CDS	fig|88431.1239.peg.910	949927	950268	+		hypothetical protein	949927	950268
88431.1239:192_206;206_224;237_247;766_767;905_908;940_941;945_946;947_950;955_956;1875_1878;2416_2420	88431.1239	Dorea longicatena DSM 13814	CP102280	CDS	fig|88431.1239.peg.917	954478	955770	+		hypothetical protein	954478	955770
88431.1239:192_206;206_224;237_247;766_767;905_908;940_941;945_946;947_950;955_956;1875_1878;2416_2420	88431.1239	Dorea longicatena DSM 13814	CP102280	repeat_region	fig|88431.1239.repeat.24	955567	955964	+		repeat region	955567	955964
88431.1239:192_206;206_224;237_247;766_767;905_908;940_941;945_946;947_950;955_956;1875_1878;2416_2420	88431.1239	Dorea longicatena DSM 13814	CP102280	repeat_region	fig|88431.1239.repeat.52	2416754	2416982	+		repeat region	2416754	2416982
88431.1239:247_249;901_902;2436_2438;2438_2439	88431.1239	Dorea longicatena DSM 13814	CP102280	CDS	fig|88431.1239.peg.860	900213	901076	-		Arabinose operon regulatory protein AraC	900213	901076
88431.1239:247_249;901_902;2436_2438;2438_2439	88431.1239	Dorea longicatena DSM 13814	CP102280	CDS	fig|88431.1239.peg.2362	2433587	2439916	-		RecD-like DNA helicase YrrC	2433587	2439916
88431.1239:247_249;901_902;2436_2438;2438_2439	88431.1239	Dorea longicatena DSM 13814	CP102280	CDS	fig|88431.1239.peg.2362	2433587	2439916	-		RecD-like DNA helicase YrrC	2433587	2439916
88431.1239:339_340;447_448;762_763;763_764;902_903;917_920;2400_2401;2432_2433;2433_2434;2439_2444;2446_2448;2649_2652;2877_2879	88431.1239	Dorea longicatena DSM 13814	CP102280	CDS	fig|88431.1239.peg.2326	2398993	2400777	-		Heterodimeric efflux ABC transporter, permease/ATP-binding subunit 1	2398993	2400777
88431.1239:339_340;447_448;762_763;763_764;902_903;917_920;2400_2401;2432_2433;2433_2434;2439_2444;2446_2448;2649_2652;2877_2879	88431.1239	Dorea longicatena DSM 13814	CP102280	CDS	fig|88431.1239.peg.2327	2400904	2402370	-		Duplicated ATPase component BL0693 of energizing module of predicted ECF transporter	2400904	2402370
88431.1239:339_340;447_448;762_763;763_764;902_903;917_920;2400_2401;2432_2433;2433_2434;2439_2444;2446_2448;2649_2652;2877_2879	88431.1239	Dorea longicatena DSM 13814	CP102280	CDS	fig|88431.1239.peg.2359	2430902	2432062	-	metK	S-adenosylmethionine synthetase (EC 2.5.1.6)	2430902	2432062
88431.1239:339_340;447_448;762_763;763_764;902_903;917_920;2400_2401;2432_2433;2433_2434;2439_2444;2446_2448;2649_2652;2877_2879	88431.1239	Dorea longicatena DSM 13814	CP102280	CDS	fig|88431.1239.peg.2360	2432297	2433094	-		NPQTN specific sortase B	2432297	2433094
88431.1239:339_340;447_448;762_763;763_764;902_903;917_920;2400_2401;2432_2433;2433_2434;2439_2444;2446_2448;2649_2652;2877_2879	88431.1239	Dorea longicatena DSM 13814	CP102280	CDS	fig|88431.1239.peg.2360	2432297	2433094	-		NPQTN specific sortase B	2432297	2433094
88431.1239:339_340;447_448;762_763;763_764;902_903;917_920;2400_2401;2432_2433;2433_2434;2439_2444;2446_2448;2649_2652;2877_2879	88431.1239	Dorea longicatena DSM 13814	CP102280	CDS	fig|88431.1239.peg.2361	2433091	2433552	-		FIG01032643: hypothetical protein	2433091	2433552
88431.1239:339_340;447_448;762_763;763_764;902_903;917_920;2400_2401;2432_2433;2433_2434;2439_2444;2446_2448;2649_2652;2877_2879	88431.1239	Dorea longicatena DSM 13814	CP102280	CDS	fig|88431.1239.peg.2362	2433587	2439916	-		RecD-like DNA helicase YrrC	2433587	2439916
88431.1239:339_340;447_448;762_763;763_764;902_903;917_920;2400_2401;2432_2433;2433_2434;2439_2444;2446_2448;2649_2652;2877_2879	88431.1239	Dorea longicatena DSM 13814	CP102280	CDS	fig|88431.1239.peg.2362	2433587	2439916	-		RecD-like DNA helicase YrrC	2433587	2439916
88431.1239:339_340;447_448;762_763;763_764;902_903;917_920;2400_2401;2432_2433;2433_2434;2439_2444;2446_2448;2649_2652;2877_2879	88431.1239	Dorea longicatena DSM 13814	CP102280	CDS	fig|88431.1239.peg.2363	2440002	2440961	-		hypothetical protein	2440002	2440961
88431.1239:339_340;447_448;762_763;763_764;902_903;917_920;2400_2401;2432_2433;2433_2434;2439_2444;2446_2448;2649_2652;2877_2879	88431.1239	Dorea longicatena DSM 13814	CP102280	CDS	fig|88431.1239.peg.2364	2440958	2441608	-	dcm	DNA-cytosine methyltransferase (EC 2.1.1.37)	2440958	2441608
88431.1239:339_340;447_448;762_763;763_764;902_903;917_920;2400_2401;2432_2433;2433_2434;2439_2444;2446_2448;2649_2652;2877_2879	88431.1239	Dorea longicatena DSM 13814	CP102280	CDS	fig|88431.1239.peg.2365	2441638	2442144	-		hypothetical protein	2441638	2442144
88431.1239:339_340;447_448;762_763;763_764;902_903;917_920;2400_2401;2432_2433;2433_2434;2439_2444;2446_2448;2649_2652;2877_2879	88431.1239	Dorea longicatena DSM 13814	CP102280	CDS	fig|88431.1239.peg.2366	2442335	2442907	-		hypothetical protein	2442335	2442907
88431.1239:339_340;447_448;762_763;763_764;902_903;917_920;2400_2401;2432_2433;2433_2434;2439_2444;2446_2448;2649_2652;2877_2879	88431.1239	Dorea longicatena DSM 13814	CP102280	CDS	fig|88431.1239.peg.2368	2443126	2443419	-		FIG00527957: hypothetical protein	2443126	2443419
88431.1239:339_340;447_448;762_763;763_764;902_903;917_920;2400_2401;2432_2433;2433_2434;2439_2444;2446_2448;2649_2652;2877_2879	88431.1239	Dorea longicatena DSM 13814	CP102280	CDS	fig|88431.1239.peg.2369	2443407	2444219	-		FIG01032378: hypothetical protein	2443407	2444219
88431.1239:339_340;447_448;762_763;763_764;902_903;917_920;2400_2401;2432_2433;2433_2434;2439_2444;2446_2448;2649_2652;2877_2879	88431.1239	Dorea longicatena DSM 13814	CP102280	CDS	fig|88431.1239.peg.2372	2445366	2446136	-		hypothetical protein	2445366	2446136
88431.1239:339_340;447_448;762_763;763_764;902_903;917_920;2400_2401;2432_2433;2433_2434;2439_2444;2446_2448;2649_2652;2877_2879	88431.1239	Dorea longicatena DSM 13814	CP102280	CDS	fig|88431.1239.peg.2373	2446253	2446603	-		hypothetical protein	2446253	2446603
88431.1239:339_340;447_448;762_763;763_764;902_903;917_920;2400_2401;2432_2433;2433_2434;2439_2444;2446_2448;2649_2652;2877_2879	88431.1239	Dorea longicatena DSM 13814	CP102280	CDS	fig|88431.1239.peg.2375	2447041	2447649	-		hypothetical protein	2447041	2447649
88431.1239:339_340;447_448;762_763;763_764;902_903;917_920;2400_2401;2432_2433;2433_2434;2439_2444;2446_2448;2649_2652;2877_2879	88431.1239	Dorea longicatena DSM 13814	CP102280	CDS	fig|88431.1239.peg.2376	2447922	2448443	-		4-carboxymuconolactone decarboxylase (EC 4.1.1.44)	2447922	2448443
88431.1239:339_340;447_448;762_763;763_764;902_903;917_920;2400_2401;2432_2433;2433_2434;2439_2444;2446_2448;2649_2652;2877_2879	88431.1239	Dorea longicatena DSM 13814	CP102280	CDS	fig|88431.1239.peg.2574	2648548	2649297	-	yaaA	UPF0246 protein YaaA	2648548	2649297
88431.1239:339_340;447_448;762_763;763_764;902_903;917_920;2400_2401;2432_2433;2433_2434;2439_2444;2446_2448;2649_2652;2877_2879	88431.1239	Dorea longicatena DSM 13814	CP102280	CDS	fig|88431.1239.peg.2575	2649297	2649752	-	bcp	Thiol peroxidase, Bcp-type (EC 1.11.1.15)	2649297	2649752
88431.1239:339_340;447_448;762_763;763_764;902_903;917_920;2400_2401;2432_2433;2433_2434;2439_2444;2446_2448;2649_2652;2877_2879	88431.1239	Dorea longicatena DSM 13814	CP102280	CDS	fig|88431.1239.peg.2576	2649756	2649833	-		hypothetical protein	2649756	2649833
88431.1239:339_340;447_448;762_763;763_764;902_903;917_920;2400_2401;2432_2433;2433_2434;2439_2444;2446_2448;2649_2652;2877_2879	88431.1239	Dorea longicatena DSM 13814	CP102280	CDS	fig|88431.1239.peg.2577	2649968	2651344	-		subtilin biosynthesis sensor protein SpaK( EC:2.7.13.3 )	2649968	2651344
88431.1239:339_340;447_448;762_763;763_764;902_903;917_920;2400_2401;2432_2433;2433_2434;2439_2444;2446_2448;2649_2652;2877_2879	88431.1239	Dorea longicatena DSM 13814	CP102280	CDS	fig|88431.1239.peg.2578	2651332	2651994	-		Phosphate regulon transcriptional regulatory protein PhoB (SphR)	2651332	2651994
88431.1239:339_340;447_448;762_763;763_764;902_903;917_920;2400_2401;2432_2433;2433_2434;2439_2444;2446_2448;2649_2652;2877_2879	88431.1239	Dorea longicatena DSM 13814	CP102280	CDS	fig|88431.1239.peg.2796	2876914	2878266	-		Two-component system sensor histidine kinase	2876914	2878266
88431.1239:339_340;447_448;762_763;763_764;902_903;917_920;2400_2401;2432_2433;2433_2434;2439_2444;2446_2448;2649_2652;2877_2879	88431.1239	Dorea longicatena DSM 13814	CP102280	CDS	fig|88431.1239.peg.2797	2878263	2878991	-		Two-component transcriptional response regulator, OmpR family	2878263	2878991
88431.1239:136_140;926_929;941_945;946_947;2652_2653	88431.1239	Dorea longicatena DSM 13814	CP102280	CDS	fig|88431.1239.peg.903	943149	943394	-		Multi antimicrobial extrusion protein (Na(+)/drug antiporter), MATE family of MDR efflux pumps	943149	943394
88431.1239:136_140;926_929;941_945;946_947;2652_2653	88431.1239	Dorea longicatena DSM 13814	CP102280	CDS	fig|88431.1239.peg.2579	2652009	2652749	-		Bacteriocin ABC transporter, permease protein subunit	2652009	2652749
88431.1239:136_140;926_929;941_945;946_947;2652_2653	88431.1239	Dorea longicatena DSM 13814	CP102280	CDS	fig|88431.1239.peg.2580	2652751	2653482	-		putative MutE	2652751	2653482
88431.1239:192_206;206_224;237_247;766_767;905_908;940_941;945_946;947_950;955_956;1875_1878;2416_2420	88431.1239	Dorea longicatena DSM 13814	CP102280	CDS	fig|88431.1239.peg.173	192544	192780	-		hypothetical protein	192544	192780
88431.1239:192_206;206_224;237_247;766_767;905_908;940_941;945_946;947_950;955_956;1875_1878;2416_2420	88431.1239	Dorea longicatena DSM 13814	CP102280	CDS	fig|88431.1239.peg.907	947101	948900	-		Beta-lactamase regulatory sensor-transducer BlaR1	947101	948900
88431.1239:192_206;206_224;237_247;766_767;905_908;940_941;945_946;947_950;955_956;1875_1878;2416_2420	88431.1239	Dorea longicatena DSM 13814	CP102280	CDS	fig|88431.1239.peg.908	948919	949287	-		Beta-lactamase repressor BlaI	948919	949287
88431.1239:192_206;206_224;237_247;766_767;905_908;940_941;945_946;947_950;955_956;1875_1878;2416_2420	88431.1239	Dorea longicatena DSM 13814	CP102280	CDS	fig|88431.1239.peg.1812	1874902	1875333	-		Mobile element protein	1874902	1875333
88431.1239:192_206;206_224;237_247;766_767;905_908;940_941;945_946;947_950;955_956;1875_1878;2416_2420	88431.1239	Dorea longicatena DSM 13814	CP102280	CDS	fig|88431.1239.peg.1813	1875429	1875665	-		Mobile element protein	1875429	1875665
88431.1239:192_206;206_224;237_247;766_767;905_908;940_941;945_946;947_950;955_956;1875_1878;2416_2420	88431.1239	Dorea longicatena DSM 13814	CP102280	CDS	fig|88431.1239.peg.1814	1875662	1877206	-	istA	Mobile element protein	1875662	1877206
88431.1239:192_206;206_224;237_247;766_767;905_908;940_941;945_946;947_950;955_956;1875_1878;2416_2420	88431.1239	Dorea longicatena DSM 13814	CP102280	CDS	fig|88431.1239.peg.1815	1877692	1878279	-		hypothetical protein	1877692	1878279
88431.1239:192_206;206_224;237_247;766_767;905_908;940_941;945_946;947_950;955_956;1875_1878;2416_2420	88431.1239	Dorea longicatena DSM 13814	CP102280	CDS	fig|88431.1239.peg.2342	2414832	2416328	-		mobilization/transfer protein	2414832	2416328
88431.1239:192_206;206_224;237_247;766_767;905_908;940_941;945_946;947_950;955_956;1875_1878;2416_2420	88431.1239	Dorea longicatena DSM 13814	CP102280	CDS	fig|88431.1239.peg.2343	2416294	2416653	-		hypothetical protein	2416294	2416653
88431.1239:192_206;206_224;237_247;766_767;905_908;940_941;945_946;947_950;955_956;1875_1878;2416_2420	88431.1239	Dorea longicatena DSM 13814	CP102280	CDS	fig|88431.1239.peg.2344	2417036	2417644	-		ABC-type antimicrobial peptide transport system, ATPase component	2417036	2417644
88431.1239:192_206;206_224;237_247;766_767;905_908;940_941;945_946;947_950;955_956;1875_1878;2416_2420	88431.1239	Dorea longicatena DSM 13814	CP102280	CDS	fig|88431.1239.peg.2345	2417641	2419605	-		hypothetical protein	2417641	2419605
88431.1239:192_206;206_224;237_247;766_767;905_908;940_941;945_946;947_950;955_956;1875_1878;2416_2420	88431.1239	Dorea longicatena DSM 13814	CP102280	CDS	fig|88431.1239.peg.2346	2419821	2420165	-		TnpV	2419821	2420165
214856.2506:1341_1343;1343_1345;1345_1346	214856.2506	Alistipes finegoldii TM12-21A	JAQENJ010000015	assembly_gap	fig|214856.2506.assembly_gap.2	3860	3869	+		assembly gap with gap type within scaffold, estimated length 10, linkage evidence paired-ends	1344262	1344271
214856.2506:1283_1286	214856.2506	Alistipes finegoldii TM12-21A	JAQENJ010000013	CDS	fig|214856.2506.peg.1098	35085	36911	+		Retron-type RNA-directed DNA polymerase (EC 2.7.7.49)	1283523	1285349
214856.2506:1283_1286	214856.2506	Alistipes finegoldii TM12-21A	JAQENJ010000013	CDS	fig|214856.2506.peg.1099	37014	37457	+		Conjugative transposon protein TraG	1285452	1285895
214856.2506:1109_1110;1110_1111;3093_3095;3095_3097	214856.2506	Alistipes finegoldii TM12-21A	JAQENJ010000007	CDS	fig|214856.2506.peg.2782	27891	28016	+		hypothetical protein	3096442	3096567
214856.2506:1112_1113	214856.2506	Alistipes finegoldii TM12-21A	JAQENJ010000010	CDS	fig|214856.2506.peg.940	38452	38667	+		hypothetical protein	1112745	1112960
214856.2506:420_421;421_423;423_425;425_430;447_448;607_611;984_989	214856.2506	Alistipes finegoldii TM12-21A	JAQENJ010000001	CDS	fig|214856.2506.peg.369	426334	426450	+		hypothetical protein	426334	426450
214856.2506:420_421;421_423;423_425;425_430;447_448;607_611;984_989	214856.2506	Alistipes finegoldii TM12-21A	JAQENJ010000001	CDS	fig|214856.2506.peg.515	605774	607942	+		RecD-like DNA helicase YrrC	605774	607942
214856.2506:420_421;421_423;423_425;425_430;447_448;607_611;984_989	214856.2506	Alistipes finegoldii TM12-21A	JAQENJ010000001	CDS	fig|214856.2506.peg.518	608628	608861	+		hypothetical protein	608628	608861
214856.2506:420_421;421_423;423_425;425_430;447_448;607_611;984_989	214856.2506	Alistipes finegoldii TM12-21A	JAQENJ010000001	CDS	fig|214856.2506.peg.521	610276	612351	+		Chromosome partitioning protein, ParB family	610276	612351
214856.2506:420_421;421_423;423_425;425_430;447_448;607_611;984_989	214856.2506	Alistipes finegoldii TM12-21A	JAQENJ010000001	CDS	fig|214856.2506.peg.820	983961	984368	+		Transposase	983961	984368
214856.2506:420_421;421_423;423_425;425_430;447_448;607_611;984_989	214856.2506	Alistipes finegoldii TM12-21A	JAQENJ010000001	CDS	fig|214856.2506.peg.821	984426	984968	+		Transposase	984426	984968
214856.2506:420_421;421_423;423_425;425_430;447_448;607_611;984_989	214856.2506	Alistipes finegoldii TM12-21A	JAQENJ010000001	CDS	fig|214856.2506.peg.823	986498	986680	+		hypothetical protein clusted with conjugative transposons, BF0131	986498	986680
214856.2506:420_421;421_423;423_425;425_430;447_448;607_611;984_989	214856.2506	Alistipes finegoldii TM12-21A	JAQENJ010000001	CDS	fig|214856.2506.peg.824	987227	988546	+		Retron-type RNA-directed DNA polymerase (EC 2.7.7.49)	987227	988546
214856.2506:420_421;421_423;423_425;425_430;447_448;607_611;984_989	214856.2506	Alistipes finegoldii TM12-21A	JAQENJ010000001	CDS	fig|214856.2506.peg.825	988877	989002	+		Retron-type RNA-directed DNA polymerase (EC 2.7.7.49)	988877	989002
214856.2506:665_666;666_667	214856.2506	Alistipes finegoldii TM12-21A	JAQENJ010000001	CDS	fig|214856.2506.peg.572	664670	666682	+		Putative mobilization protein BF0133	664670	666682
214856.2506:665_666;666_667	214856.2506	Alistipes finegoldii TM12-21A	JAQENJ010000001	CDS	fig|214856.2506.peg.572	664670	666682	+		Putative mobilization protein BF0133	664670	666682
214856.2506:665_666;666_667	214856.2506	Alistipes finegoldii TM12-21A	JAQENJ010000001	CDS	fig|214856.2506.peg.573	666797	668074	+		hypothetical protein	666797	668074
214856.2506:634_637	214856.2506	Alistipes finegoldii TM12-21A	JAQENJ010000001	CDS	fig|214856.2506.peg.553	636389	636808	+		hypothetical protein clusted with conjugative transposons, BF0131	636389	636808
214856.2506:634_637	214856.2506	Alistipes finegoldii TM12-21A	JAQENJ010000001	CDS	fig|214856.2506.peg.554	636793	638022	+		Putative conjugative transposon mobilization protein BF0132	636793	638022
214856.2506:650_652;663_665;668_669;674_675	214856.2506	Alistipes finegoldii TM12-21A	JAQENJ010000001	CDS	fig|214856.2506.peg.562	651592	652557	+		Putative anti-sigma factor	651592	652557
214856.2506:650_652;663_665;668_669;674_675	214856.2506	Alistipes finegoldii TM12-21A	JAQENJ010000001	CDS	fig|214856.2506.peg.569	663201	663806	+		hypothetical protein	663201	663806
214856.2506:650_652;663_665;668_669;674_675	214856.2506	Alistipes finegoldii TM12-21A	JAQENJ010000001	CDS	fig|214856.2506.peg.571	664178	664522	+		hypothetical protein	664178	664522
214856.2506:650_652;663_665;668_669;674_675	214856.2506	Alistipes finegoldii TM12-21A	JAQENJ010000001	CDS	fig|214856.2506.peg.572	664670	666682	+		Putative mobilization protein BF0133	664670	666682
214856.2506:650_652;663_665;668_669;674_675	214856.2506	Alistipes finegoldii TM12-21A	JAQENJ010000001	CDS	fig|214856.2506.peg.573	666797	668074	+		hypothetical protein	666797	668074
214856.2506:650_652;663_665;668_669;674_675	214856.2506	Alistipes finegoldii TM12-21A	JAQENJ010000001	CDS	fig|214856.2506.peg.574	668087	668599	+		hypothetical protein	668087	668599
214856.2506:650_652;663_665;668_669;674_675	214856.2506	Alistipes finegoldii TM12-21A	JAQENJ010000001	CDS	fig|214856.2506.peg.575	668627	669658	+		hypothetical protein	668627	669658
214856.2506:650_652;663_665;668_669;674_675	214856.2506	Alistipes finegoldii TM12-21A	JAQENJ010000001	CDS	fig|214856.2506.peg.578	673843	675675	+		hypothetical protein	673843	675675
214856.2506:638_639;639_641;641_642	214856.2506	Alistipes finegoldii TM12-21A	JAQENJ010000001	CDS	fig|214856.2506.peg.554	636793	638022	+		Putative conjugative transposon mobilization protein BF0132	636793	638022
214856.2506:652_654;654_659;660_662;662_663	214856.2506	Alistipes finegoldii TM12-21A	JAQENJ010000001	CDS	fig|214856.2506.peg.562	651592	652557	+		Putative anti-sigma factor	651592	652557
214856.2506:652_654;654_659;660_662;662_663	214856.2506	Alistipes finegoldii TM12-21A	JAQENJ010000001	CDS	fig|214856.2506.peg.563	652740	656069	+		TonB-dependent receptor	652740	656069
214856.2506:652_654;654_659;660_662;662_663	214856.2506	Alistipes finegoldii TM12-21A	JAQENJ010000001	CDS	fig|214856.2506.peg.563	652740	656069	+		TonB-dependent receptor	652740	656069
214856.2506:652_654;654_659;660_662;662_663	214856.2506	Alistipes finegoldii TM12-21A	JAQENJ010000001	CDS	fig|214856.2506.peg.564	656082	657656	+		hypothetical protein	656082	657656
214856.2506:652_654;654_659;660_662;662_663	214856.2506	Alistipes finegoldii TM12-21A	JAQENJ010000001	CDS	fig|214856.2506.peg.565	657662	658570	+		putative lipoprotein	657662	658570
214856.2506:652_654;654_659;660_662;662_663	214856.2506	Alistipes finegoldii TM12-21A	JAQENJ010000001	CDS	fig|214856.2506.peg.566	658579	659934	+		putative patatin-like protein	658579	659934
214856.2506:652_654;654_659;660_662;662_663	214856.2506	Alistipes finegoldii TM12-21A	JAQENJ010000001	CDS	fig|214856.2506.peg.567	659937	661538	+		endo-beta-N-acetylglucosaminidase	659937	661538
214856.2506:652_654;654_659;660_662;662_663	214856.2506	Alistipes finegoldii TM12-21A	JAQENJ010000001	CDS	fig|214856.2506.peg.568	661631	662632	+		endo-beta-N-acetylglucosaminidase	661631	662632
214856.2506:652_654;654_659;660_662;662_663	214856.2506	Alistipes finegoldii TM12-21A	JAQENJ010000001	CDS	fig|214856.2506.peg.568	661631	662632	+		endo-beta-N-acetylglucosaminidase	661631	662632
214856.2506:605_607	214856.2506	Alistipes finegoldii TM12-21A	JAQENJ010000001	CDS	fig|214856.2506.peg.513	604639	605340	+		hypothetical protein	604639	605340
214856.2506:605_607	214856.2506	Alistipes finegoldii TM12-21A	JAQENJ010000001	CDS	fig|214856.2506.peg.515	605774	607942	+		RecD-like DNA helicase YrrC	605774	607942
214856.2506:599_601;601_603;603_605	214856.2506	Alistipes finegoldii TM12-21A	JAQENJ010000001	CDS	fig|214856.2506.peg.500	598811	600028	+		Phage integrase	598811	600028
214856.2506:599_601;601_603;603_605	214856.2506	Alistipes finegoldii TM12-21A	JAQENJ010000001	CDS	fig|214856.2506.peg.501	600059	600433	+		hypothetical protein	600059	600433
214856.2506:599_601;601_603;603_605	214856.2506	Alistipes finegoldii TM12-21A	JAQENJ010000001	CDS	fig|214856.2506.peg.502	600445	600774	+		hypothetical protein	600445	600774
214856.2506:599_601;601_603;603_605	214856.2506	Alistipes finegoldii TM12-21A	JAQENJ010000001	CDS	fig|214856.2506.peg.503	601065	601265	+		hypothetical protein	601065	601265
214856.2506:599_601;601_603;603_605	214856.2506	Alistipes finegoldii TM12-21A	JAQENJ010000001	CDS	fig|214856.2506.peg.504	601262	601915	+		hypothetical protein	601262	601915
214856.2506:599_601;601_603;603_605	214856.2506	Alistipes finegoldii TM12-21A	JAQENJ010000001	CDS	fig|214856.2506.peg.505	601922	602134	+		Putative secreted glycosyl hydrolase	601922	602134
214856.2506:599_601;601_603;603_605	214856.2506	Alistipes finegoldii TM12-21A	JAQENJ010000001	CDS	fig|214856.2506.peg.506	602147	602446	+		hypothetical protein	602147	602446
214856.2506:599_601;601_603;603_605	214856.2506	Alistipes finegoldii TM12-21A	JAQENJ010000001	CDS	fig|214856.2506.peg.507	602495	602812	+		hypothetical protein	602495	602812
214856.2506:599_601;601_603;603_605	214856.2506	Alistipes finegoldii TM12-21A	JAQENJ010000001	assembly_gap	fig|214856.2506.assembly_gap.1	602896	602908	+		assembly gap with gap type within scaffold, estimated length 13, linkage evidence paired-ends	602896	602908
214856.2506:599_601;601_603;603_605	214856.2506	Alistipes finegoldii TM12-21A	JAQENJ010000001	CDS	fig|214856.2506.peg.508	603278	603493	+		hypothetical protein	603278	603493
214856.2506:599_601;601_603;603_605	214856.2506	Alistipes finegoldii TM12-21A	JAQENJ010000001	CDS	fig|214856.2506.peg.509	603511	603933	+		hypothetical protein	603511	603933
214856.2506:599_601;601_603;603_605	214856.2506	Alistipes finegoldii TM12-21A	JAQENJ010000001	CDS	fig|214856.2506.peg.510	603974	604282	+		hypothetical protein	603974	604282
214856.2506:599_601;601_603;603_605	214856.2506	Alistipes finegoldii TM12-21A	JAQENJ010000001	CDS	fig|214856.2506.peg.511	604296	604400	+		hypothetical protein	604296	604400
214856.2506:599_601;601_603;603_605	214856.2506	Alistipes finegoldii TM12-21A	JAQENJ010000001	CDS	fig|214856.2506.peg.512	604409	604621	+		hypothetical protein	604409	604621
214856.2506:599_601;601_603;603_605	214856.2506	Alistipes finegoldii TM12-21A	JAQENJ010000001	CDS	fig|214856.2506.peg.513	604639	605340	+		hypothetical protein	604639	605340
214856.2506:2280_2281	214856.2506	Alistipes finegoldii TM12-21A	JAQENJ010000004	CDS	fig|214856.2506.peg.2044	12251	13651	+		Probable poly(beta-D-mannuronate) O-acetylase (EC 2.3.1.-)	2279075	2280475
214856.2506:2280_2281	214856.2506	Alistipes finegoldii TM12-21A	JAQENJ010000004	CDS	fig|214856.2506.peg.2045	13655	14575	+		Esterase, SGNH hydrolase-type domain	2280479	2281399
214856.2506:1331_1332;1335_1336;2858_2860	214856.2506	Alistipes finegoldii TM12-21A	JAQENJ010000014	CDS	fig|214856.2506.peg.1155	34811	35074	+		Conjugative transposon protein TraE	1330757	1331020
214856.2506:1331_1332;1335_1336;2858_2860	214856.2506	Alistipes finegoldii TM12-21A	JAQENJ010000014	CDS	fig|214856.2506.peg.1156	35078	35398	+		Conjugative transposon protein TraF	1331024	1331344
214856.2506:1331_1332;1335_1336;2858_2860	214856.2506	Alistipes finegoldii TM12-21A	JAQENJ010000014	CDS	fig|214856.2506.peg.1157	35391	35561	+		Conjugative transposon protein TraG	1331337	1331507
214856.2506:1331_1332;1335_1336;2858_2860	214856.2506	Alistipes finegoldii TM12-21A	JAQENJ010000014	CDS	fig|214856.2506.peg.1158	35655	36221	+		Conjugative transposon protein TraG	1331601	1332167
214856.2506:1331_1332;1335_1336;2858_2860	214856.2506	Alistipes finegoldii TM12-21A	JAQENJ010000014	CDS	fig|214856.2506.peg.1160	38490	40298	+		Conjugative transposon protein TraG	1334436	1336244
214856.2506:1332_1335	214856.2506	Alistipes finegoldii TM12-21A	JAQENJ010000014	CDS	fig|214856.2506.peg.1158	35655	36221	+		Conjugative transposon protein TraG	1331601	1332167
214856.2506:1332_1335	214856.2506	Alistipes finegoldii TM12-21A	JAQENJ010000014	CDS	fig|214856.2506.peg.1159	36833	38506	+		Retron-type RNA-directed DNA polymerase (EC 2.7.7.49)	1332779	1334452
214856.2506:1332_1335	214856.2506	Alistipes finegoldii TM12-21A	JAQENJ010000014	CDS	fig|214856.2506.peg.1160	38490	40298	+		Conjugative transposon protein TraG	1334436	1336244
214856.2506:431_433	214856.2506	Alistipes finegoldii TM12-21A	JAQENJ010000001	CDS	fig|214856.2506.peg.373	430073	431302	+		Integrase	430073	431302
214856.2506:431_433	214856.2506	Alistipes finegoldii TM12-21A	JAQENJ010000001	CDS	fig|214856.2506.peg.374	431316	432536	+		Integrase	431316	432536
214856.2506:431_433	214856.2506	Alistipes finegoldii TM12-21A	JAQENJ010000001	CDS	fig|214856.2506.peg.375	432540	432932	+		putative lipoprotein	432540	432932
214856.2506:433_435	214856.2506	Alistipes finegoldii TM12-21A	JAQENJ010000001	CDS	fig|214856.2506.peg.380	434365	434880	+		Similar to conjugative transposon protein TraB	434365	434880
214856.2506:2052_2054	214856.2506	Alistipes finegoldii TM12-21A	JAQENJ010000003	CDS	fig|214856.2506.peg.1804	192452	192574	+		hypothetical protein	2051888	2052010
214856.2506:2052_2054	214856.2506	Alistipes finegoldii TM12-21A	JAQENJ010000003	CDS	fig|214856.2506.peg.1805	192623	192769	+		hypothetical protein	2052059	2052205
214856.2506:2052_2054	214856.2506	Alistipes finegoldii TM12-21A	JAQENJ010000003	CDS	fig|214856.2506.peg.1806	192830	193870	+		hypothetical protein	2052266	2053306
214856.2506:2052_2054	214856.2506	Alistipes finegoldii TM12-21A	JAQENJ010000003	CDS	fig|214856.2506.peg.1807	193867	195624	+		DNA polymerase III alpha subunit (EC 2.7.7.7)	2053303	2055060
214856.2506:2021_2030;2030_2039	214856.2506	Alistipes finegoldii TM12-21A	JAQENJ010000003	CDS	fig|214856.2506.peg.1787	172262	177031	+		hypothetical protein	2031698	2036467
214856.2506:2021_2030;2030_2039	214856.2506	Alistipes finegoldii TM12-21A	JAQENJ010000003	CDS	fig|214856.2506.peg.1788	177083	177370	+		hypothetical protein	2036519	2036806
214856.2506:2021_2030;2030_2039	214856.2506	Alistipes finegoldii TM12-21A	JAQENJ010000003	CDS	fig|214856.2506.peg.1789	177376	177699	+		hypothetical protein	2036812	2037135
214856.2506:2021_2030;2030_2039	214856.2506	Alistipes finegoldii TM12-21A	JAQENJ010000003	CDS	fig|214856.2506.peg.1790	177810	178487	+		hypothetical protein	2037246	2037923
214856.2506:2021_2030;2030_2039	214856.2506	Alistipes finegoldii TM12-21A	JAQENJ010000003	CDS	fig|214856.2506.peg.1791	178480	179412	+		hypothetical protein	2037916	2038848
214856.2506:2021_2030;2030_2039	214856.2506	Alistipes finegoldii TM12-21A	JAQENJ010000003	CDS	fig|214856.2506.peg.1792	179409	180302	+		hypothetical protein	2038845	2039738
214856.2506:2060_2062;2084_2086	214856.2506	Alistipes finegoldii TM12-21A	JAQENJ010000003	CDS	fig|214856.2506.peg.1813	200667	200825	+		hypothetical protein	2060103	2060261
214856.2506:2060_2062;2084_2086	214856.2506	Alistipes finegoldii TM12-21A	JAQENJ010000003	CDS	fig|214856.2506.peg.1814	200829	201128	+		hypothetical protein	2060265	2060564
214856.2506:2060_2062;2084_2086	214856.2506	Alistipes finegoldii TM12-21A	JAQENJ010000003	CDS	fig|214856.2506.peg.1815	201136	201357	+		hypothetical protein	2060572	2060793
214856.2506:2060_2062;2084_2086	214856.2506	Alistipes finegoldii TM12-21A	JAQENJ010000003	CDS	fig|214856.2506.peg.1816	201350	201943	+		hypothetical protein	2060786	2061379
214856.2506:2060_2062;2084_2086	214856.2506	Alistipes finegoldii TM12-21A	JAQENJ010000003	CDS	fig|214856.2506.peg.1845	224549	224830	+		DNA-binding protein HU-beta	2083985	2084266
214856.2506:1945_1946;1946_1960;1960_1969;1969_1973;1976_1985;1985_1994;1994_2003;2003_2012;2012_2021;2039_2048;2048_2052;2054_2060;2081_2084	214856.2506	Alistipes finegoldii TM12-21A	JAQENJ010000003	CDS	fig|214856.2506.peg.1671	84844	85581	+		hypothetical protein	1944280	1945017
214856.2506:1945_1946;1946_1960;1960_1969;1969_1973;1976_1985;1985_1994;1994_2003;2003_2012;2012_2021;2039_2048;2048_2052;2054_2060;2081_2084	214856.2506	Alistipes finegoldii TM12-21A	JAQENJ010000003	CDS	fig|214856.2506.peg.1741	126494	126610	+		hypothetical protein	1985930	1986046
214856.2506:1945_1946;1946_1960;1960_1969;1969_1973;1976_1985;1985_1994;1994_2003;2003_2012;2012_2021;2039_2048;2048_2052;2054_2060;2081_2084	214856.2506	Alistipes finegoldii TM12-21A	JAQENJ010000003	CDS	fig|214856.2506.peg.1743	127447	128238	+		hypothetical protein	1986883	1987674
214856.2506:1945_1946;1946_1960;1960_1969;1969_1973;1976_1985;1985_1994;1994_2003;2003_2012;2012_2021;2039_2048;2048_2052;2054_2060;2081_2084	214856.2506	Alistipes finegoldii TM12-21A	JAQENJ010000003	CDS	fig|214856.2506.peg.1744	128618	128776	+		hypothetical protein	1988054	1988212
214856.2506:1945_1946;1946_1960;1960_1969;1969_1973;1976_1985;1985_1994;1994_2003;2003_2012;2012_2021;2039_2048;2048_2052;2054_2060;2081_2084	214856.2506	Alistipes finegoldii TM12-21A	JAQENJ010000003	CDS	fig|214856.2506.peg.1745	128773	130020	+		hypothetical protein	1988209	1989456
214856.2506:1945_1946;1946_1960;1960_1969;1969_1973;1976_1985;1985_1994;1994_2003;2003_2012;2012_2021;2039_2048;2048_2052;2054_2060;2081_2084	214856.2506	Alistipes finegoldii TM12-21A	JAQENJ010000003	CDS	fig|214856.2506.peg.1746	130208	130627	+		hypothetical protein	1989644	1990063
214856.2506:1945_1946;1946_1960;1960_1969;1969_1973;1976_1985;1985_1994;1994_2003;2003_2012;2012_2021;2039_2048;2048_2052;2054_2060;2081_2084	214856.2506	Alistipes finegoldii TM12-21A	JAQENJ010000003	CDS	fig|214856.2506.peg.1754	134255	135577	+		hypothetical protein	1993691	1995013
214856.2506:1945_1946;1946_1960;1960_1969;1969_1973;1976_1985;1985_1994;1994_2003;2003_2012;2012_2021;2039_2048;2048_2052;2054_2060;2081_2084	214856.2506	Alistipes finegoldii TM12-21A	JAQENJ010000003	CDS	fig|214856.2506.peg.1754	134255	135577	+		hypothetical protein	1993691	1995013
214856.2506:1945_1946;1946_1960;1960_1969;1969_1973;1976_1985;1985_1994;1994_2003;2003_2012;2012_2021;2039_2048;2048_2052;2054_2060;2081_2084	214856.2506	Alistipes finegoldii TM12-21A	JAQENJ010000003	CDS	fig|214856.2506.peg.1755	135802	136437	+		hypothetical protein	1995238	1995873
214856.2506:1945_1946;1946_1960;1960_1969;1969_1973;1976_1985;1985_1994;1994_2003;2003_2012;2012_2021;2039_2048;2048_2052;2054_2060;2081_2084	214856.2506	Alistipes finegoldii TM12-21A	JAQENJ010000003	CDS	fig|214856.2506.peg.1756	136418	136996	+		hypothetical protein	1995854	1996432
214856.2506:1945_1946;1946_1960;1960_1969;1969_1973;1976_1985;1985_1994;1994_2003;2003_2012;2012_2021;2039_2048;2048_2052;2054_2060;2081_2084	214856.2506	Alistipes finegoldii TM12-21A	JAQENJ010000003	CDS	fig|214856.2506.peg.1757	136993	137697	+		FIG00409864: hypothetical protein	1996429	1997133
214856.2506:1945_1946;1946_1960;1960_1969;1969_1973;1976_1985;1985_1994;1994_2003;2003_2012;2012_2021;2039_2048;2048_2052;2054_2060;2081_2084	214856.2506	Alistipes finegoldii TM12-21A	JAQENJ010000003	CDS	fig|214856.2506.peg.1758	137981	139219	+		hypothetical protein	1997417	1998655
214856.2506:1945_1946;1946_1960;1960_1969;1969_1973;1976_1985;1985_1994;1994_2003;2003_2012;2012_2021;2039_2048;2048_2052;2054_2060;2081_2084	214856.2506	Alistipes finegoldii TM12-21A	JAQENJ010000003	CDS	fig|214856.2506.peg.1759	139346	140395	+		FIG00412134: hypothetical protein	1998782	1999831
214856.2506:1945_1946;1946_1960;1960_1969;1969_1973;1976_1985;1985_1994;1994_2003;2003_2012;2012_2021;2039_2048;2048_2052;2054_2060;2081_2084	214856.2506	Alistipes finegoldii TM12-21A	JAQENJ010000003	CDS	fig|214856.2506.peg.1760	140471	140818	+		hypothetical protein	1999907	2000254
214856.2506:1945_1946;1946_1960;1960_1969;1969_1973;1976_1985;1985_1994;1994_2003;2003_2012;2012_2021;2039_2048;2048_2052;2054_2060;2081_2084	214856.2506	Alistipes finegoldii TM12-21A	JAQENJ010000003	CDS	fig|214856.2506.peg.1761	140818	142170	+		hypothetical protein	2000254	2001606
214856.2506:1945_1946;1946_1960;1960_1969;1969_1973;1976_1985;1985_1994;1994_2003;2003_2012;2012_2021;2039_2048;2048_2052;2054_2060;2081_2084	214856.2506	Alistipes finegoldii TM12-21A	JAQENJ010000003	CDS	fig|214856.2506.peg.1762	142174	142629	+		hypothetical protein	2001610	2002065
214856.2506:1945_1946;1946_1960;1960_1969;1969_1973;1976_1985;1985_1994;1994_2003;2003_2012;2012_2021;2039_2048;2048_2052;2054_2060;2081_2084	214856.2506	Alistipes finegoldii TM12-21A	JAQENJ010000003	CDS	fig|214856.2506.peg.1763	142636	143127	+		hypothetical protein	2002072	2002563
214856.2506:1945_1946;1946_1960;1960_1969;1969_1973;1976_1985;1985_1994;1994_2003;2003_2012;2012_2021;2039_2048;2048_2052;2054_2060;2081_2084	214856.2506	Alistipes finegoldii TM12-21A	JAQENJ010000003	CDS	fig|214856.2506.peg.1767	145739	145861	+		hypothetical protein	2005175	2005297
214856.2506:1945_1946;1946_1960;1960_1969;1969_1973;1976_1985;1985_1994;1994_2003;2003_2012;2012_2021;2039_2048;2048_2052;2054_2060;2081_2084	214856.2506	Alistipes finegoldii TM12-21A	JAQENJ010000003	CDS	fig|214856.2506.peg.1768	145951	146307	+		hypothetical protein	2005387	2005743
214856.2506:1945_1946;1946_1960;1960_1969;1969_1973;1976_1985;1985_1994;1994_2003;2003_2012;2012_2021;2039_2048;2048_2052;2054_2060;2081_2084	214856.2506	Alistipes finegoldii TM12-21A	JAQENJ010000003	CDS	fig|214856.2506.peg.1769	146319	146504	+		hypothetical protein	2005755	2005940
214856.2506:1945_1946;1946_1960;1960_1969;1969_1973;1976_1985;1985_1994;1994_2003;2003_2012;2012_2021;2039_2048;2048_2052;2054_2060;2081_2084	214856.2506	Alistipes finegoldii TM12-21A	JAQENJ010000003	CDS	fig|214856.2506.peg.1770	146598	150440	+		hypothetical protein	2006034	2009876
214856.2506:1945_1946;1946_1960;1960_1969;1969_1973;1976_1985;1985_1994;1994_2003;2003_2012;2012_2021;2039_2048;2048_2052;2054_2060;2081_2084	214856.2506	Alistipes finegoldii TM12-21A	JAQENJ010000003	CDS	fig|214856.2506.peg.1771	150453	151430	+		hypothetical protein	2009889	2010866
214856.2506:1945_1946;1946_1960;1960_1969;1969_1973;1976_1985;1985_1994;1994_2003;2003_2012;2012_2021;2039_2048;2048_2052;2054_2060;2081_2084	214856.2506	Alistipes finegoldii TM12-21A	JAQENJ010000003	CDS	fig|214856.2506.peg.1772	151421	152746	+		FIG00402888: hypothetical protein	2010857	2012182
214856.2506:1945_1946;1946_1960;1960_1969;1969_1973;1976_1985;1985_1994;1994_2003;2003_2012;2012_2021;2039_2048;2048_2052;2054_2060;2081_2084	214856.2506	Alistipes finegoldii TM12-21A	JAQENJ010000003	CDS	fig|214856.2506.peg.1772	151421	152746	+		FIG00402888: hypothetical protein	2010857	2012182
214856.2506:1945_1946;1946_1960;1960_1969;1969_1973;1976_1985;1985_1994;1994_2003;2003_2012;2012_2021;2039_2048;2048_2052;2054_2060;2081_2084	214856.2506	Alistipes finegoldii TM12-21A	JAQENJ010000003	CDS	fig|214856.2506.peg.1774	153983	154918	+		hypothetical protein	2013419	2014354
214856.2506:1945_1946;1946_1960;1960_1969;1969_1973;1976_1985;1985_1994;1994_2003;2003_2012;2012_2021;2039_2048;2048_2052;2054_2060;2081_2084	214856.2506	Alistipes finegoldii TM12-21A	JAQENJ010000003	CDS	fig|214856.2506.peg.1775	154915	156603	+		hypothetical protein	2014351	2016039
214856.2506:1945_1946;1946_1960;1960_1969;1969_1973;1976_1985;1985_1994;1994_2003;2003_2012;2012_2021;2039_2048;2048_2052;2054_2060;2081_2084	214856.2506	Alistipes finegoldii TM12-21A	JAQENJ010000003	CDS	fig|214856.2506.peg.1776	156607	158874	+		hypothetical protein	2016043	2018310
214856.2506:1945_1946;1946_1960;1960_1969;1969_1973;1976_1985;1985_1994;1994_2003;2003_2012;2012_2021;2039_2048;2048_2052;2054_2060;2081_2084	214856.2506	Alistipes finegoldii TM12-21A	JAQENJ010000003	CDS	fig|214856.2506.peg.1777	158881	160191	+		hypothetical protein	2018317	2019627
214856.2506:1945_1946;1946_1960;1960_1969;1969_1973;1976_1985;1985_1994;1994_2003;2003_2012;2012_2021;2039_2048;2048_2052;2054_2060;2081_2084	214856.2506	Alistipes finegoldii TM12-21A	JAQENJ010000003	CDS	fig|214856.2506.peg.1792	179409	180302	+		hypothetical protein	2038845	2039738
214856.2506:1945_1946;1946_1960;1960_1969;1969_1973;1976_1985;1985_1994;1994_2003;2003_2012;2012_2021;2039_2048;2048_2052;2054_2060;2081_2084	214856.2506	Alistipes finegoldii TM12-21A	JAQENJ010000003	CDS	fig|214856.2506.peg.1793	180292	180858	+		hypothetical protein	2039728	2040294
214856.2506:1945_1946;1946_1960;1960_1969;1969_1973;1976_1985;1985_1994;1994_2003;2003_2012;2012_2021;2039_2048;2048_2052;2054_2060;2081_2084	214856.2506	Alistipes finegoldii TM12-21A	JAQENJ010000003	CDS	fig|214856.2506.peg.1794	180855	183437	+		hypothetical protein	2040291	2042873
214856.2506:1945_1946;1946_1960;1960_1969;1969_1973;1976_1985;1985_1994;1994_2003;2003_2012;2012_2021;2039_2048;2048_2052;2054_2060;2081_2084	214856.2506	Alistipes finegoldii TM12-21A	JAQENJ010000003	CDS	fig|214856.2506.peg.1795	183471	184046	+		hypothetical protein	2042907	2043482
214856.2506:1945_1946;1946_1960;1960_1969;1969_1973;1976_1985;1985_1994;1994_2003;2003_2012;2012_2021;2039_2048;2048_2052;2054_2060;2081_2084	214856.2506	Alistipes finegoldii TM12-21A	JAQENJ010000003	CDS	fig|214856.2506.peg.1797	184328	185587	+		hypothetical protein	2043764	2045023
214856.2506:1945_1946;1946_1960;1960_1969;1969_1973;1976_1985;1985_1994;1994_2003;2003_2012;2012_2021;2039_2048;2048_2052;2054_2060;2081_2084	214856.2506	Alistipes finegoldii TM12-21A	JAQENJ010000003	CDS	fig|214856.2506.peg.1798	185662	186729	+		hypothetical protein	2045098	2046165
214856.2506:1945_1946;1946_1960;1960_1969;1969_1973;1976_1985;1985_1994;1994_2003;2003_2012;2012_2021;2039_2048;2048_2052;2054_2060;2081_2084	214856.2506	Alistipes finegoldii TM12-21A	JAQENJ010000003	CDS	fig|214856.2506.peg.1799	186717	189041	+		hypothetical protein	2046153	2048477
214856.2506:1945_1946;1946_1960;1960_1969;1969_1973;1976_1985;1985_1994;1994_2003;2003_2012;2012_2021;2039_2048;2048_2052;2054_2060;2081_2084	214856.2506	Alistipes finegoldii TM12-21A	JAQENJ010000003	CDS	fig|214856.2506.peg.1799	186717	189041	+		hypothetical protein	2046153	2048477
214856.2506:1945_1946;1946_1960;1960_1969;1969_1973;1976_1985;1985_1994;1994_2003;2003_2012;2012_2021;2039_2048;2048_2052;2054_2060;2081_2084	214856.2506	Alistipes finegoldii TM12-21A	JAQENJ010000003	CDS	fig|214856.2506.peg.1800	189016	189501	+		hypothetical protein	2048452	2048937
214856.2506:1945_1946;1946_1960;1960_1969;1969_1973;1976_1985;1985_1994;1994_2003;2003_2012;2012_2021;2039_2048;2048_2052;2054_2060;2081_2084	214856.2506	Alistipes finegoldii TM12-21A	JAQENJ010000003	CDS	fig|214856.2506.peg.1801	189718	190248	+		hypothetical protein	2049154	2049684
214856.2506:1945_1946;1946_1960;1960_1969;1969_1973;1976_1985;1985_1994;1994_2003;2003_2012;2012_2021;2039_2048;2048_2052;2054_2060;2081_2084	214856.2506	Alistipes finegoldii TM12-21A	JAQENJ010000003	CDS	fig|214856.2506.peg.1802	190343	190843	+		hypothetical protein	2049779	2050279
214856.2506:1945_1946;1946_1960;1960_1969;1969_1973;1976_1985;1985_1994;1994_2003;2003_2012;2012_2021;2039_2048;2048_2052;2054_2060;2081_2084	214856.2506	Alistipes finegoldii TM12-21A	JAQENJ010000003	CDS	fig|214856.2506.peg.1803	190840	192195	+		hypothetical protein	2050276	2051631
214856.2506:1945_1946;1946_1960;1960_1969;1969_1973;1976_1985;1985_1994;1994_2003;2003_2012;2012_2021;2039_2048;2048_2052;2054_2060;2081_2084	214856.2506	Alistipes finegoldii TM12-21A	JAQENJ010000003	CDS	fig|214856.2506.peg.1804	192452	192574	+		hypothetical protein	2051888	2052010
214856.2506:1945_1946;1946_1960;1960_1969;1969_1973;1976_1985;1985_1994;1994_2003;2003_2012;2012_2021;2039_2048;2048_2052;2054_2060;2081_2084	214856.2506	Alistipes finegoldii TM12-21A	JAQENJ010000003	CDS	fig|214856.2506.peg.1807	193867	195624	+		DNA polymerase III alpha subunit (EC 2.7.7.7)	2053303	2055060
214856.2506:1945_1946;1946_1960;1960_1969;1969_1973;1976_1985;1985_1994;1994_2003;2003_2012;2012_2021;2039_2048;2048_2052;2054_2060;2081_2084	214856.2506	Alistipes finegoldii TM12-21A	JAQENJ010000003	CDS	fig|214856.2506.peg.1808	195929	196357	+		Adenine-specific methyltransferase (EC 2.1.1.72)	2055365	2055793
214856.2506:1945_1946;1946_1960;1960_1969;1969_1973;1976_1985;1985_1994;1994_2003;2003_2012;2012_2021;2039_2048;2048_2052;2054_2060;2081_2084	214856.2506	Alistipes finegoldii TM12-21A	JAQENJ010000003	CDS	fig|214856.2506.peg.1809	196350	196892	+		hypothetical protein	2055786	2056328
214856.2506:1945_1946;1946_1960;1960_1969;1969_1973;1976_1985;1985_1994;1994_2003;2003_2012;2012_2021;2039_2048;2048_2052;2054_2060;2081_2084	214856.2506	Alistipes finegoldii TM12-21A	JAQENJ010000003	CDS	fig|214856.2506.peg.1810	196889	199066	+		DNA polymerase III alpha subunit (EC 2.7.7.7)	2056325	2058502
214856.2506:1945_1946;1946_1960;1960_1969;1969_1973;1976_1985;1985_1994;1994_2003;2003_2012;2012_2021;2039_2048;2048_2052;2054_2060;2081_2084	214856.2506	Alistipes finegoldii TM12-21A	JAQENJ010000003	CDS	fig|214856.2506.peg.1811	199073	199840	+		hypothetical protein	2058509	2059276
214856.2506:1945_1946;1946_1960;1960_1969;1969_1973;1976_1985;1985_1994;1994_2003;2003_2012;2012_2021;2039_2048;2048_2052;2054_2060;2081_2084	214856.2506	Alistipes finegoldii TM12-21A	JAQENJ010000003	CDS	fig|214856.2506.peg.1812	199837	200196	+		hypothetical protein	2059273	2059632
214856.2506:1945_1946;1946_1960;1960_1969;1969_1973;1976_1985;1985_1994;1994_2003;2003_2012;2012_2021;2039_2048;2048_2052;2054_2060;2081_2084	214856.2506	Alistipes finegoldii TM12-21A	JAQENJ010000003	CDS	fig|214856.2506.peg.1845	224549	224830	+		DNA-binding protein HU-beta	2083985	2084266
214856.2506:2062_2066	214856.2506	Alistipes finegoldii TM12-21A	JAQENJ010000003	CDS	fig|214856.2506.peg.1819	203429	204037	+		hypothetical protein	2062865	2063473
214856.2506:2062_2066	214856.2506	Alistipes finegoldii TM12-21A	JAQENJ010000003	CDS	fig|214856.2506.peg.1820	204048	204329	+		hypothetical protein	2063484	2063765
214856.2506:2062_2066	214856.2506	Alistipes finegoldii TM12-21A	JAQENJ010000003	CDS	fig|214856.2506.peg.1823	206067	206198	+		hypothetical protein	2065503	2065634
214856.2506:2062_2066	214856.2506	Alistipes finegoldii TM12-21A	JAQENJ010000003	CDS	fig|214856.2506.peg.1824	206247	206657	+		Chromosome (plasmid) partitioning protein ParA	2065683	2066093
214856.2506:2248_2251	214856.2506	Alistipes finegoldii TM12-21A	JAQENJ010000003	CDS	fig|214856.2506.peg.2011	387426	388634	+		Aminopeptidase C (EC 3.4.22.40)	2246862	2248070
214856.2506:2248_2251	214856.2506	Alistipes finegoldii TM12-21A	JAQENJ010000003	CDS	fig|214856.2506.peg.2013	389297	390529	+		Transposase	2248733	2249965
214856.2506:2248_2251	214856.2506	Alistipes finegoldii TM12-21A	JAQENJ010000003	CDS	fig|214856.2506.peg.2014	390547	390939	+		hypothetical protein	2249983	2250375
214856.2506:2248_2251	214856.2506	Alistipes finegoldii TM12-21A	JAQENJ010000003	CDS	fig|214856.2506.peg.2016	391531	392898	+		Mobilization protein BmpH	2250967	2252334
214856.2506:2251_2255	214856.2506	Alistipes finegoldii TM12-21A	JAQENJ010000003	CDS	fig|214856.2506.peg.2016	391531	392898	+		Mobilization protein BmpH	2250967	2252334
214856.2506:2251_2255	214856.2506	Alistipes finegoldii TM12-21A	JAQENJ010000003	CDS	fig|214856.2506.peg.2017	393039	393665	+		hypothetical protein	2252475	2253101
214856.2506:2251_2255	214856.2506	Alistipes finegoldii TM12-21A	JAQENJ010000003	CDS	fig|214856.2506.peg.2018	393711	394226	+		hypothetical protein	2253147	2253662
214856.2506:2251_2255	214856.2506	Alistipes finegoldii TM12-21A	JAQENJ010000003	CDS	fig|214856.2506.peg.2019	394307	395032	+		FIG01057005: hypothetical protein	2253743	2254468
214856.2506:2077_2079	214856.2506	Alistipes finegoldii TM12-21A	JAQENJ010000003	CDS	fig|214856.2506.peg.1838	217020	217889	+		Radical SAM domain protein	2076456	2077325
214856.2506:2077_2079	214856.2506	Alistipes finegoldii TM12-21A	JAQENJ010000003	CDS	fig|214856.2506.peg.1839	217938	219194	+		CTnDOT two-component system sensor histidine kinase RteA	2077374	2078630
214856.2506:2077_2079	214856.2506	Alistipes finegoldii TM12-21A	JAQENJ010000003	CDS	fig|214856.2506.peg.1840	219244	220566	+		Two-component system response regulator protein	2078680	2080002
214856.2506:2079_2080	214856.2506	Alistipes finegoldii TM12-21A	JAQENJ010000003	CDS	fig|214856.2506.peg.1840	219244	220566	+		Two-component system response regulator protein	2078680	2080002
214856.2506:2080_2081	214856.2506	Alistipes finegoldii TM12-21A	JAQENJ010000003	CDS	fig|214856.2506.peg.1840	219244	220566	+		Two-component system response regulator protein	2078680	2080002
214856.2506:2846_2848;2849_2851;2851_2853;2853_2854;2854_2856	214856.2506	Alistipes finegoldii TM12-21A	JAQENJ010000006	CDS	fig|214856.2506.peg.2548	1881	2816	-		endo-beta-N-acetylglucosaminidase	2845777	2846712
214856.2506:2846_2848;2849_2851;2851_2853;2853_2854;2854_2856	214856.2506	Alistipes finegoldii TM12-21A	JAQENJ010000006	CDS	fig|214856.2506.peg.2549	2855	4384	-		hypothetical protein	2846751	2848280
214856.2506:2846_2848;2849_2851;2851_2853;2853_2854;2854_2856	214856.2506	Alistipes finegoldii TM12-21A	JAQENJ010000006	CDS	fig|214856.2506.peg.2550	4402	5667	-		hypothetical protein	2848298	2849563
214856.2506:2846_2848;2849_2851;2851_2853;2853_2854;2854_2856	214856.2506	Alistipes finegoldii TM12-21A	JAQENJ010000006	CDS	fig|214856.2506.peg.2551	5676	6593	-		hypothetical protein	2849572	2850489
214856.2506:2846_2848;2849_2851;2851_2853;2853_2854;2854_2856	214856.2506	Alistipes finegoldii TM12-21A	JAQENJ010000006	CDS	fig|214856.2506.peg.2552	6603	8183	-		Cell surface glycan-binding lipoprotein, utilization system for glycans and polysaccharides (PUL), SusD family	2850499	2852079
214856.2506:2846_2848;2849_2851;2851_2853;2853_2854;2854_2856	214856.2506	Alistipes finegoldii TM12-21A	JAQENJ010000006	CDS	fig|214856.2506.peg.2552	6603	8183	-		Cell surface glycan-binding lipoprotein, utilization system for glycans and polysaccharides (PUL), SusD family	2850499	2852079
214856.2506:2846_2848;2849_2851;2851_2853;2853_2854;2854_2856	214856.2506	Alistipes finegoldii TM12-21A	JAQENJ010000006	CDS	fig|214856.2506.peg.2553	8189	11527	-		Outer membrane TonB-dependent transporter, utilization system for glycans and polysaccharides (PUL), SusC family	2852085	2855423
214856.2506:2846_2848;2849_2851;2851_2853;2853_2854;2854_2856	214856.2506	Alistipes finegoldii TM12-21A	JAQENJ010000006	CDS	fig|214856.2506.peg.2553	8189	11527	-		Outer membrane TonB-dependent transporter, utilization system for glycans and polysaccharides (PUL), SusC family	2852085	2855423
214856.2506:2846_2848;2849_2851;2851_2853;2853_2854;2854_2856	214856.2506	Alistipes finegoldii TM12-21A	JAQENJ010000006	CDS	fig|214856.2506.peg.2553	8189	11527	-		Outer membrane TonB-dependent transporter, utilization system for glycans and polysaccharides (PUL), SusC family	2852085	2855423
214856.2506:2846_2848;2849_2851;2851_2853;2853_2854;2854_2856	214856.2506	Alistipes finegoldii TM12-21A	JAQENJ010000006	CDS	fig|214856.2506.peg.2554	11692	12642	-		Putative anti-sigma factor	2855588	2856538
214856.2506:1341_1343;1343_1345;1345_1346	214856.2506	Alistipes finegoldii TM12-21A	JAQENJ010000015	rRNA	fig|214856.2506.rna.18	592	3469	-		LSU rRNA ## 23S rRNA, large subunit ribosomal RNA	1340994	1343871
214856.2506:1341_1343;1343_1345;1345_1346	214856.2506	Alistipes finegoldii TM12-21A	JAQENJ010000015	rRNA	fig|214856.2506.rna.18	592	3469	-		LSU rRNA ## 23S rRNA, large subunit ribosomal RNA	1340994	1343871
214856.2506:1341_1343;1343_1345;1345_1346	214856.2506	Alistipes finegoldii TM12-21A	JAQENJ010000015	tRNA	fig|214856.2506.rna.19	3553	3629	-		tRNA-Ala-TGC	1343955	1344031
214856.2506:1341_1343;1343_1345;1345_1346	214856.2506	Alistipes finegoldii TM12-21A	JAQENJ010000015	tRNA	fig|214856.2506.rna.20	3641	3714	-		tRNA-Ile-GAT	1344043	1344116
214856.2506:1341_1343;1343_1345;1345_1346	214856.2506	Alistipes finegoldii TM12-21A	JAQENJ010000015	rRNA	fig|214856.2506.rna.21	3983	5512	-		SSU rRNA ## 16S rRNA, small subunit ribosomal RNA	1344385	1345914
214856.2506:1341_1343;1343_1345;1345_1346	214856.2506	Alistipes finegoldii TM12-21A	JAQENJ010000015	rRNA	fig|214856.2506.rna.21	3983	5512	-		SSU rRNA ## 16S rRNA, small subunit ribosomal RNA	1344385	1345914
214856.2506:1341_1343;1343_1345;1345_1346	214856.2506	Alistipes finegoldii TM12-21A	JAQENJ010000016	CDS	fig|214856.2506.peg.1168	3	980	-		Mobilization protein BmgA	1345919	1346896
214856.2506:630_633	214856.2506	Alistipes finegoldii TM12-21A	JAQENJ010000001	CDS	fig|214856.2506.peg.545	627693	630203	-		Conjugative transposon protein TraG	627693	630203
214856.2506:630_633	214856.2506	Alistipes finegoldii TM12-21A	JAQENJ010000001	CDS	fig|214856.2506.peg.546	630208	630471	-		Conjugative transposon protein TraF	630208	630471
214856.2506:630_633	214856.2506	Alistipes finegoldii TM12-21A	JAQENJ010000001	CDS	fig|214856.2506.peg.547	630600	632417	-		Retron-type RNA-directed DNA polymerase (EC 2.7.7.49)	630600	632417
214856.2506:1109_1110;1110_1111;3093_3095;3095_3097	214856.2506	Alistipes finegoldii TM12-21A	JAQENJ010000010	CDS	fig|214856.2506.peg.933	34745	35800	-		hypothetical protein	1109038	1110093
214856.2506:1109_1110;1110_1111;3093_3095;3095_3097	214856.2506	Alistipes finegoldii TM12-21A	JAQENJ010000010	CDS	fig|214856.2506.peg.933	34745	35800	-		hypothetical protein	1109038	1110093
214856.2506:1109_1110;1110_1111;3093_3095;3095_3097	214856.2506	Alistipes finegoldii TM12-21A	JAQENJ010000010	CDS	fig|214856.2506.peg.934	35787	36512	-		DNA, complete sequence	1110080	1110805
214856.2506:1109_1110;1110_1111;3093_3095;3095_3097	214856.2506	Alistipes finegoldii TM12-21A	JAQENJ010000010	CDS	fig|214856.2506.peg.935	36612	36887	-		hypothetical protein	1110905	1111180
214856.2506:1109_1110;1110_1111;3093_3095;3095_3097	214856.2506	Alistipes finegoldii TM12-21A	JAQENJ010000007	CDS	fig|214856.2506.peg.2780	24264	26426	-		hypothetical protein	3092815	3094977
214856.2506:1109_1110;1110_1111;3093_3095;3095_3097	214856.2506	Alistipes finegoldii TM12-21A	JAQENJ010000007	CDS	fig|214856.2506.peg.2781	26669	27880	-		Transposase	3095220	3096431
214856.2506:1109_1110;1110_1111;3093_3095;3095_3097	214856.2506	Alistipes finegoldii TM12-21A	JAQENJ010000007	tRNA	fig|214856.2506.rna.41	28110	28185	-		tRNA-Met-CAT	3096661	3096736
214856.2506:1109_1110;1110_1111;3093_3095;3095_3097	214856.2506	Alistipes finegoldii TM12-21A	JAQENJ010000007	CDS	fig|214856.2506.peg.2783	28300	28416	-		hypothetical protein	3096851	3096967
214856.2506:1109_1110;1110_1111;3093_3095;3095_3097	214856.2506	Alistipes finegoldii TM12-21A	JAQENJ010000007	CDS	fig|214856.2506.peg.2784	28413	29276	-		Cysteine synthase (EC 2.5.1.47)	3096964	3097827
214856.2506:1112_1113	214856.2506	Alistipes finegoldii TM12-21A	JAQENJ010000010	CDS	fig|214856.2506.peg.939	37884	38417	-		hypothetical protein	1112177	1112710
214856.2506:420_421;421_423;423_425;425_430;447_448;607_611;984_989	214856.2506	Alistipes finegoldii TM12-21A	JAQENJ010000001	CDS	fig|214856.2506.peg.365	420146	421894	-		Cell surface glycan-binding lipoprotein, utilization system for glycans and polysaccharides (PUL), SusD family	420146	421894
214856.2506:420_421;421_423;423_425;425_430;447_448;607_611;984_989	214856.2506	Alistipes finegoldii TM12-21A	JAQENJ010000001	CDS	fig|214856.2506.peg.365	420146	421894	-		Cell surface glycan-binding lipoprotein, utilization system for glycans and polysaccharides (PUL), SusD family	420146	421894
214856.2506:420_421;421_423;423_425;425_430;447_448;607_611;984_989	214856.2506	Alistipes finegoldii TM12-21A	JAQENJ010000001	CDS	fig|214856.2506.peg.366	421914	424991	-		Outer membrane TonB-dependent transporter, utilization system for glycans and polysaccharides (PUL), SusC family	421914	424991
214856.2506:420_421;421_423;423_425;425_430;447_448;607_611;984_989	214856.2506	Alistipes finegoldii TM12-21A	JAQENJ010000001	CDS	fig|214856.2506.peg.366	421914	424991	-		Outer membrane TonB-dependent transporter, utilization system for glycans and polysaccharides (PUL), SusC family	421914	424991
214856.2506:420_421;421_423;423_425;425_430;447_448;607_611;984_989	214856.2506	Alistipes finegoldii TM12-21A	JAQENJ010000001	CDS	fig|214856.2506.peg.367	425129	425269	-		hypothetical protein	425129	425269
214856.2506:420_421;421_423;423_425;425_430;447_448;607_611;984_989	214856.2506	Alistipes finegoldii TM12-21A	JAQENJ010000001	CDS	fig|214856.2506.peg.368	425406	426146	-		hypothetical protein	425406	426146
214856.2506:420_421;421_423;423_425;425_430;447_448;607_611;984_989	214856.2506	Alistipes finegoldii TM12-21A	JAQENJ010000001	CDS	fig|214856.2506.peg.370	426453	426992	-		hypothetical protein	426453	426992
214856.2506:420_421;421_423;423_425;425_430;447_448;607_611;984_989	214856.2506	Alistipes finegoldii TM12-21A	JAQENJ010000001	CDS	fig|214856.2506.peg.371	427771	429210	-		mobilization protein BmpH	427771	429210
214856.2506:420_421;421_423;423_425;425_430;447_448;607_611;984_989	214856.2506	Alistipes finegoldii TM12-21A	JAQENJ010000001	CDS	fig|214856.2506.peg.372	429590	429853	-		Transposase	429590	429853
214856.2506:420_421;421_423;423_425;425_430;447_448;607_611;984_989	214856.2506	Alistipes finegoldii TM12-21A	JAQENJ010000001	CDS	fig|214856.2506.peg.389	446951	448048	-		Transposase	446951	448048
214856.2506:420_421;421_423;423_425;425_430;447_448;607_611;984_989	214856.2506	Alistipes finegoldii TM12-21A	JAQENJ010000001	CDS	fig|214856.2506.peg.516	608050	608226	-		Uncharacterized protein CHU_1311	608050	608226
214856.2506:420_421;421_423;423_425;425_430;447_448;607_611;984_989	214856.2506	Alistipes finegoldii TM12-21A	JAQENJ010000001	CDS	fig|214856.2506.peg.517	608418	608618	-		hypothetical protein	608418	608618
214856.2506:420_421;421_423;423_425;425_430;447_448;607_611;984_989	214856.2506	Alistipes finegoldii TM12-21A	JAQENJ010000001	CDS	fig|214856.2506.peg.519	609393	609794	-		hypothetical protein	609393	609794
214856.2506:420_421;421_423;423_425;425_430;447_448;607_611;984_989	214856.2506	Alistipes finegoldii TM12-21A	JAQENJ010000001	CDS	fig|214856.2506.peg.520	609821	609982	-		hypothetical protein	609821	609982
214856.2506:420_421;421_423;423_425;425_430;447_448;607_611;984_989	214856.2506	Alistipes finegoldii TM12-21A	JAQENJ010000001	CDS	fig|214856.2506.peg.822	985417	985935	-		hypothetical protein	985417	985935
214856.2506:1354_1356	214856.2506	Alistipes finegoldii TM12-21A	JAQENJ010000018	CDS	fig|214856.2506.peg.1178	1361	1732	-		Glucose-1-phosphate thymidylyltransferase (EC 2.7.7.24)	1353833	1354204
214856.2506:1354_1356	214856.2506	Alistipes finegoldii TM12-21A	JAQENJ010000019	CDS	fig|214856.2506.peg.1179	8	931	-		Transposase, IS4	1354212	1355135
214856.2506:1354_1356	214856.2506	Alistipes finegoldii TM12-21A	JAQENJ010000002	CDS	fig|214856.2506.peg.1180	3	89	-		FIG00939579: hypothetical protein	1355293	1355379
214856.2506:1354_1356	214856.2506	Alistipes finegoldii TM12-21A	JAQENJ010000002	CDS	fig|214856.2506.peg.1181	79	402	-		hypothetical protein	1355369	1355692
214856.2506:1354_1356	214856.2506	Alistipes finegoldii TM12-21A	JAQENJ010000002	CDS	fig|214856.2506.peg.1182	581	1498	-		hypothetical protein	1355871	1356788
214856.2506:634_637	214856.2506	Alistipes finegoldii TM12-21A	JAQENJ010000001	CDS	fig|214856.2506.peg.549	633475	634011	-		hypothetical protein	633475	634011
214856.2506:634_637	214856.2506	Alistipes finegoldii TM12-21A	JAQENJ010000001	CDS	fig|214856.2506.peg.550	634024	634458	-		Conjugative transposon protein TraB	634024	634458
214856.2506:634_637	214856.2506	Alistipes finegoldii TM12-21A	JAQENJ010000001	CDS	fig|214856.2506.peg.551	634644	634856	-		Conjugative transposon protein TraB	634644	634856
214856.2506:634_637	214856.2506	Alistipes finegoldii TM12-21A	JAQENJ010000001	CDS	fig|214856.2506.peg.552	635117	635872	-		Conjugative transposon protein TraA	635117	635872
214856.2506:650_652;663_665;668_669;674_675	214856.2506	Alistipes finegoldii TM12-21A	JAQENJ010000001	CDS	fig|214856.2506.peg.560	649373	650614	-		AmpG protein, beta-lactamase induction signal transducer	649373	650614
214856.2506:650_652;663_665;668_669;674_675	214856.2506	Alistipes finegoldii TM12-21A	JAQENJ010000001	CDS	fig|214856.2506.peg.561	650836	651273	-		RNA polymerase ECF-type sigma factor	650836	651273
214856.2506:650_652;663_665;668_669;674_675	214856.2506	Alistipes finegoldii TM12-21A	JAQENJ010000001	CDS	fig|214856.2506.peg.570	663974	664150	-		hypothetical protein	663974	664150
214856.2506:638_639;639_641;641_642	214856.2506	Alistipes finegoldii TM12-21A	JAQENJ010000001	CDS	fig|214856.2506.peg.555	638115	640124	-		Alpha-glucosidase (EC 3.2.1.20)	638115	640124
214856.2506:638_639;639_641;641_642	214856.2506	Alistipes finegoldii TM12-21A	JAQENJ010000001	CDS	fig|214856.2506.peg.555	638115	640124	-		Alpha-glucosidase (EC 3.2.1.20)	638115	640124
214856.2506:638_639;639_641;641_642	214856.2506	Alistipes finegoldii TM12-21A	JAQENJ010000001	CDS	fig|214856.2506.peg.556	640132	642387	-		Alpha-1,2-mannosidase	640132	642387
214856.2506:638_639;639_641;641_642	214856.2506	Alistipes finegoldii TM12-21A	JAQENJ010000001	CDS	fig|214856.2506.peg.556	640132	642387	-		Alpha-1,2-mannosidase	640132	642387
214856.2506:605_607	214856.2506	Alistipes finegoldii TM12-21A	JAQENJ010000001	CDS	fig|214856.2506.peg.514	605375	605641	-		hypothetical protein	605375	605641
214856.2506:1331_1332;1335_1336;2858_2860	214856.2506	Alistipes finegoldii TM12-21A	JAQENJ010000006	CDS	fig|214856.2506.peg.2558	13968	14474	-		hypothetical protein	2857864	2858370
214856.2506:1331_1332;1335_1336;2858_2860	214856.2506	Alistipes finegoldii TM12-21A	JAQENJ010000006	CDS	fig|214856.2506.peg.2559	14479	14919	-		hypothetical protein	2858375	2858815
214856.2506:1331_1332;1335_1336;2858_2860	214856.2506	Alistipes finegoldii TM12-21A	JAQENJ010000006	CDS	fig|214856.2506.peg.2560	14939	15340	-		hypothetical protein	2858835	2859236
214856.2506:1331_1332;1335_1336;2858_2860	214856.2506	Alistipes finegoldii TM12-21A	JAQENJ010000006	CDS	fig|214856.2506.peg.2561	15357	15719	-		hypothetical protein	2859253	2859615
214856.2506:1331_1332;1335_1336;2858_2860	214856.2506	Alistipes finegoldii TM12-21A	JAQENJ010000006	CDS	fig|214856.2506.peg.2562	15709	15948	-		hypothetical protein	2859605	2859844
214856.2506:1331_1332;1335_1336;2858_2860	214856.2506	Alistipes finegoldii TM12-21A	JAQENJ010000006	CDS	fig|214856.2506.peg.2563	15991	16146	-		hypothetical protein	2859887	2860042
214856.2506:2844_2845;2857_2858	214856.2506	Alistipes finegoldii TM12-21A	JAQENJ010000006	CDS	fig|214856.2506.peg.2545	38	616	-		hypothetical protein	2843934	2844512
214856.2506:2844_2845;2857_2858	214856.2506	Alistipes finegoldii TM12-21A	JAQENJ010000006	CDS	fig|214856.2506.peg.2546	850	993	-		endo-beta-N-acetylglucosaminidase	2844746	2844889
214856.2506:2844_2845;2857_2858	214856.2506	Alistipes finegoldii TM12-21A	JAQENJ010000006	CDS	fig|214856.2506.peg.2556	12839	13423	-		RNA polymerase ECF-type sigma factor	2856735	2857319
214856.2506:2844_2845;2857_2858	214856.2506	Alistipes finegoldii TM12-21A	JAQENJ010000006	CDS	fig|214856.2506.peg.2557	13647	13949	-		hypothetical protein	2857543	2857845
214856.2506:2844_2845;2857_2858	214856.2506	Alistipes finegoldii TM12-21A	JAQENJ010000006	CDS	fig|214856.2506.peg.2558	13968	14474	-		hypothetical protein	2857864	2858370
214856.2506:2845_2846	214856.2506	Alistipes finegoldii TM12-21A	JAQENJ010000006	CDS	fig|214856.2506.peg.2547	1255	1671	-		endo-beta-N-acetylglucosaminidase	2845151	2845567
214856.2506:2845_2846	214856.2506	Alistipes finegoldii TM12-21A	JAQENJ010000006	CDS	fig|214856.2506.peg.2548	1881	2816	-		endo-beta-N-acetylglucosaminidase	2845777	2846712
214856.2506:431_433	214856.2506	Alistipes finegoldii TM12-21A	JAQENJ010000001	CDS	fig|214856.2506.peg.376	432944	433102	-		hypothetical protein	432944	433102
214856.2506:433_435	214856.2506	Alistipes finegoldii TM12-21A	JAQENJ010000001	CDS	fig|214856.2506.peg.376	432944	433102	-		hypothetical protein	432944	433102
214856.2506:433_435	214856.2506	Alistipes finegoldii TM12-21A	JAQENJ010000001	CDS	fig|214856.2506.peg.377	433279	433584	-		hypothetical protein	433279	433584
214856.2506:433_435	214856.2506	Alistipes finegoldii TM12-21A	JAQENJ010000001	CDS	fig|214856.2506.peg.378	433638	433955	-		hypothetical protein	433638	433955
214856.2506:433_435	214856.2506	Alistipes finegoldii TM12-21A	JAQENJ010000001	CDS	fig|214856.2506.peg.379	434091	434219	-		hypothetical protein	434091	434219
214856.2506:732_734;734_736;736_737	214856.2506	Alistipes finegoldii TM12-21A	JAQENJ010000001	CDS	fig|214856.2506.peg.636	730935	732143	-		conserved hypothetical protein with relaxase/mobilization nuclease domain	730935	732143
214856.2506:732_734;734_736;736_737	214856.2506	Alistipes finegoldii TM12-21A	JAQENJ010000001	CDS	fig|214856.2506.peg.637	732140	732439	-		hypothetical protein	732140	732439
214856.2506:732_734;734_736;736_737	214856.2506	Alistipes finegoldii TM12-21A	JAQENJ010000001	CDS	fig|214856.2506.peg.638	732666	732779	-		hypothetical protein	732666	732779
214856.2506:732_734;734_736;736_737	214856.2506	Alistipes finegoldii TM12-21A	JAQENJ010000001	CDS	fig|214856.2506.peg.639	732876	733949	-		hypothetical protein	732876	733949
214856.2506:732_734;734_736;736_737	214856.2506	Alistipes finegoldii TM12-21A	JAQENJ010000001	CDS	fig|214856.2506.peg.640	733949	734323	-		Excisionase	733949	734323
214856.2506:732_734;734_736;736_737	214856.2506	Alistipes finegoldii TM12-21A	JAQENJ010000001	CDS	fig|214856.2506.peg.640	733949	734323	-		Excisionase	733949	734323
214856.2506:732_734;734_736;736_737	214856.2506	Alistipes finegoldii TM12-21A	JAQENJ010000001	CDS	fig|214856.2506.peg.641	734425	735267	-		putative protein involved in transposition	734425	735267
214856.2506:732_734;734_736;736_737	214856.2506	Alistipes finegoldii TM12-21A	JAQENJ010000001	CDS	fig|214856.2506.peg.642	735287	735400	-		hypothetical protein	735287	735400
214856.2506:732_734;734_736;736_737	214856.2506	Alistipes finegoldii TM12-21A	JAQENJ010000001	CDS	fig|214856.2506.peg.643	735436	736551	-		Integrase	735436	736551
214856.2506:732_734;734_736;736_737	214856.2506	Alistipes finegoldii TM12-21A	JAQENJ010000001	CDS	fig|214856.2506.peg.643	735436	736551	-		Integrase	735436	736551
214856.2506:732_734;734_736;736_737	214856.2506	Alistipes finegoldii TM12-21A	JAQENJ010000001	CDS	fig|214856.2506.peg.644	736669	737547	-		Transposase	736669	737547
214856.2506:737_738	214856.2506	Alistipes finegoldii TM12-21A	JAQENJ010000001	CDS	fig|214856.2506.peg.644	736669	737547	-		Transposase	736669	737547
214856.2506:737_738	214856.2506	Alistipes finegoldii TM12-21A	JAQENJ010000001	CDS	fig|214856.2506.peg.645	737819	739249	-		tRNA-5-carboxymethylaminomethyl-2-thiouridine(34) synthesis protein MnmE	737819	739249
214856.2506:1973_1976	214856.2506	Alistipes finegoldii TM12-21A	JAQENJ010000003	CDS	fig|214856.2506.peg.1719	113216	113722	-		Retron-type RNA-directed DNA polymerase (EC 2.7.7.49)	1972652	1973158
214856.2506:1973_1976	214856.2506	Alistipes finegoldii TM12-21A	JAQENJ010000003	CDS	fig|214856.2506.peg.1720	113839	114594	-		Mobile element protein	1973275	1974030
214856.2506:1973_1976	214856.2506	Alistipes finegoldii TM12-21A	JAQENJ010000003	CDS	fig|214856.2506.peg.1721	114606	116204	-		Mobile element protein	1974042	1975640
214856.2506:1973_1976	214856.2506	Alistipes finegoldii TM12-21A	JAQENJ010000003	CDS	fig|214856.2506.peg.1722	116289	117044	-		Retron-type RNA-directed DNA polymerase (EC 2.7.7.49)	1975725	1976480
214856.2506:2021_2030;2030_2039	214856.2506	Alistipes finegoldii TM12-21A	JAQENJ010000003	CDS	fig|214856.2506.peg.1779	161038	162018	-		Vitamin B12 ABC transporter, permease protein BtuC	2020474	2021454
214856.2506:2021_2030;2030_2039	214856.2506	Alistipes finegoldii TM12-21A	JAQENJ010000003	CDS	fig|214856.2506.peg.1780	162019	163158	-		Vitamin B12 ABC transporter, substrate-binding protein BtuF	2021455	2022594
214856.2506:2021_2030;2030_2039	214856.2506	Alistipes finegoldii TM12-21A	JAQENJ010000003	CDS	fig|214856.2506.peg.1781	163183	165240	-		Outer membrane vitamin B12 receptor BtuB	2022619	2024676
214856.2506:2021_2030;2030_2039	214856.2506	Alistipes finegoldii TM12-21A	JAQENJ010000003	CDS	fig|214856.2506.peg.1782	165237	165650	-		probable transposase	2024673	2025086
214856.2506:2021_2030;2030_2039	214856.2506	Alistipes finegoldii TM12-21A	JAQENJ010000003	CDS	fig|214856.2506.peg.1783	165734	166804	-		putative surface layer protein	2025170	2026240
214856.2506:2021_2030;2030_2039	214856.2506	Alistipes finegoldii TM12-21A	JAQENJ010000003	CDS	fig|214856.2506.peg.1784	166876	169002	-		putative cell wall biogenesis protein	2026312	2028438
214856.2506:2021_2030;2030_2039	214856.2506	Alistipes finegoldii TM12-21A	JAQENJ010000003	CDS	fig|214856.2506.peg.1785	169004	170812	-		putative cell surface protein	2028440	2030248
214856.2506:2021_2030;2030_2039	214856.2506	Alistipes finegoldii TM12-21A	JAQENJ010000003	CDS	fig|214856.2506.peg.1785	169004	170812	-		putative cell surface protein	2028440	2030248
214856.2506:2021_2030;2030_2039	214856.2506	Alistipes finegoldii TM12-21A	JAQENJ010000003	CDS	fig|214856.2506.peg.1786	170866	171825	-		hypothetical protein	2030302	2031261
214856.2506:2060_2062;2084_2086	214856.2506	Alistipes finegoldii TM12-21A	JAQENJ010000003	CDS	fig|214856.2506.peg.1817	202497	202847	-		hypothetical protein	2061933	2062283
214856.2506:2060_2062;2084_2086	214856.2506	Alistipes finegoldii TM12-21A	JAQENJ010000003	CDS	fig|214856.2506.peg.1846	224854	225090	-		hypothetical protein	2084290	2084526
214856.2506:2060_2062;2084_2086	214856.2506	Alistipes finegoldii TM12-21A	JAQENJ010000003	CDS	fig|214856.2506.peg.1847	225387	225563	-		Uncharacterized protein CHU_1311	2084823	2084999
214856.2506:2060_2062;2084_2086	214856.2506	Alistipes finegoldii TM12-21A	JAQENJ010000003	CDS	fig|214856.2506.peg.1848	225742	227019	-		Integrase	2085178	2086455
214856.2506:1945_1946;1946_1960;1960_1969;1969_1973;1976_1985;1985_1994;1994_2003;2003_2012;2012_2021;2039_2048;2048_2052;2054_2060;2081_2084	214856.2506	Alistipes finegoldii TM12-21A	JAQENJ010000003	CDS	fig|214856.2506.peg.1672	86002	86205	-		hypothetical protein	1945438	1945641
214856.2506:1945_1946;1946_1960;1960_1969;1969_1973;1976_1985;1985_1994;1994_2003;2003_2012;2012_2021;2039_2048;2048_2052;2054_2060;2081_2084	214856.2506	Alistipes finegoldii TM12-21A	JAQENJ010000003	CDS	fig|214856.2506.peg.1673	86216	86614	-		Ribonuclease HI-related protein 3	1945652	1946050
214856.2506:1945_1946;1946_1960;1960_1969;1969_1973;1976_1985;1985_1994;1994_2003;2003_2012;2012_2021;2039_2048;2048_2052;2054_2060;2081_2084	214856.2506	Alistipes finegoldii TM12-21A	JAQENJ010000003	CDS	fig|214856.2506.peg.1673	86216	86614	-		Ribonuclease HI-related protein 3	1945652	1946050
214856.2506:1945_1946;1946_1960;1960_1969;1969_1973;1976_1985;1985_1994;1994_2003;2003_2012;2012_2021;2039_2048;2048_2052;2054_2060;2081_2084	214856.2506	Alistipes finegoldii TM12-21A	JAQENJ010000003	CDS	fig|214856.2506.peg.1674	86611	87141	-		hypothetical protein	1946047	1946577
214856.2506:1945_1946;1946_1960;1960_1969;1969_1973;1976_1985;1985_1994;1994_2003;2003_2012;2012_2021;2039_2048;2048_2052;2054_2060;2081_2084	214856.2506	Alistipes finegoldii TM12-21A	JAQENJ010000003	CDS	fig|214856.2506.peg.1675	87304	87930	-		hypothetical protein	1946740	1947366
214856.2506:1945_1946;1946_1960;1960_1969;1969_1973;1976_1985;1985_1994;1994_2003;2003_2012;2012_2021;2039_2048;2048_2052;2054_2060;2081_2084	214856.2506	Alistipes finegoldii TM12-21A	JAQENJ010000003	CDS	fig|214856.2506.peg.1676	87932	88255	-		hypothetical protein	1947368	1947691
214856.2506:1945_1946;1946_1960;1960_1969;1969_1973;1976_1985;1985_1994;1994_2003;2003_2012;2012_2021;2039_2048;2048_2052;2054_2060;2081_2084	214856.2506	Alistipes finegoldii TM12-21A	JAQENJ010000003	CDS	fig|214856.2506.peg.1677	88410	88820	-		hypothetical protein	1947846	1948256
214856.2506:1945_1946;1946_1960;1960_1969;1969_1973;1976_1985;1985_1994;1994_2003;2003_2012;2012_2021;2039_2048;2048_2052;2054_2060;2081_2084	214856.2506	Alistipes finegoldii TM12-21A	JAQENJ010000003	CDS	fig|214856.2506.peg.1678	88834	89142	-		hypothetical protein	1948270	1948578
214856.2506:1945_1946;1946_1960;1960_1969;1969_1973;1976_1985;1985_1994;1994_2003;2003_2012;2012_2021;2039_2048;2048_2052;2054_2060;2081_2084	214856.2506	Alistipes finegoldii TM12-21A	JAQENJ010000003	CDS	fig|214856.2506.peg.1679	89165	89821	-		hypothetical protein	1948601	1949257
214856.2506:1945_1946;1946_1960;1960_1969;1969_1973;1976_1985;1985_1994;1994_2003;2003_2012;2012_2021;2039_2048;2048_2052;2054_2060;2081_2084	214856.2506	Alistipes finegoldii TM12-21A	JAQENJ010000003	CDS	fig|214856.2506.peg.1680	89825	90160	-		hypothetical protein	1949261	1949596
214856.2506:1945_1946;1946_1960;1960_1969;1969_1973;1976_1985;1985_1994;1994_2003;2003_2012;2012_2021;2039_2048;2048_2052;2054_2060;2081_2084	214856.2506	Alistipes finegoldii TM12-21A	JAQENJ010000003	CDS	fig|214856.2506.peg.1681	90136	90726	-		hypothetical protein	1949572	1950162
214856.2506:1945_1946;1946_1960;1960_1969;1969_1973;1976_1985;1985_1994;1994_2003;2003_2012;2012_2021;2039_2048;2048_2052;2054_2060;2081_2084	214856.2506	Alistipes finegoldii TM12-21A	JAQENJ010000003	CDS	fig|214856.2506.peg.1682	90742	91248	-		hypothetical protein	1950178	1950684
214856.2506:1945_1946;1946_1960;1960_1969;1969_1973;1976_1985;1985_1994;1994_2003;2003_2012;2012_2021;2039_2048;2048_2052;2054_2060;2081_2084	214856.2506	Alistipes finegoldii TM12-21A	JAQENJ010000003	CDS	fig|214856.2506.peg.1683	91271	91717	-		hypothetical protein	1950707	1951153
214856.2506:1945_1946;1946_1960;1960_1969;1969_1973;1976_1985;1985_1994;1994_2003;2003_2012;2012_2021;2039_2048;2048_2052;2054_2060;2081_2084	214856.2506	Alistipes finegoldii TM12-21A	JAQENJ010000003	CDS	fig|214856.2506.peg.1684	91756	92232	-		DNA mismatch repair protein MutS	1951192	1951668
214856.2506:1945_1946;1946_1960;1960_1969;1969_1973;1976_1985;1985_1994;1994_2003;2003_2012;2012_2021;2039_2048;2048_2052;2054_2060;2081_2084	214856.2506	Alistipes finegoldii TM12-21A	JAQENJ010000003	CDS	fig|214856.2506.peg.1685	92334	93236	-		hypothetical protein	1951770	1952672
214856.2506:1945_1946;1946_1960;1960_1969;1969_1973;1976_1985;1985_1994;1994_2003;2003_2012;2012_2021;2039_2048;2048_2052;2054_2060;2081_2084	214856.2506	Alistipes finegoldii TM12-21A	JAQENJ010000003	CDS	fig|214856.2506.peg.1686	93257	93961	-		hypothetical protein	1952693	1953397
214856.2506:1945_1946;1946_1960;1960_1969;1969_1973;1976_1985;1985_1994;1994_2003;2003_2012;2012_2021;2039_2048;2048_2052;2054_2060;2081_2084	214856.2506	Alistipes finegoldii TM12-21A	JAQENJ010000003	CDS	fig|214856.2506.peg.1687	93979	94482	-		hypothetical protein	1953415	1953918
214856.2506:1945_1946;1946_1960;1960_1969;1969_1973;1976_1985;1985_1994;1994_2003;2003_2012;2012_2021;2039_2048;2048_2052;2054_2060;2081_2084	214856.2506	Alistipes finegoldii TM12-21A	JAQENJ010000003	CDS	fig|214856.2506.peg.1688	94494	94757	-		hypothetical protein	1953930	1954193
214856.2506:1945_1946;1946_1960;1960_1969;1969_1973;1976_1985;1985_1994;1994_2003;2003_2012;2012_2021;2039_2048;2048_2052;2054_2060;2081_2084	214856.2506	Alistipes finegoldii TM12-21A	JAQENJ010000003	CDS	fig|214856.2506.peg.1689	94738	94929	-		hypothetical protein	1954174	1954365
214856.2506:1945_1946;1946_1960;1960_1969;1969_1973;1976_1985;1985_1994;1994_2003;2003_2012;2012_2021;2039_2048;2048_2052;2054_2060;2081_2084	214856.2506	Alistipes finegoldii TM12-21A	JAQENJ010000003	CDS	fig|214856.2506.peg.1690	94952	95470	-		hypothetical protein	1954388	1954906
214856.2506:1945_1946;1946_1960;1960_1969;1969_1973;1976_1985;1985_1994;1994_2003;2003_2012;2012_2021;2039_2048;2048_2052;2054_2060;2081_2084	214856.2506	Alistipes finegoldii TM12-21A	JAQENJ010000003	CDS	fig|214856.2506.peg.1691	95503	95931	-		hypothetical protein	1954939	1955367
214856.2506:1945_1946;1946_1960;1960_1969;1969_1973;1976_1985;1985_1994;1994_2003;2003_2012;2012_2021;2039_2048;2048_2052;2054_2060;2081_2084	214856.2506	Alistipes finegoldii TM12-21A	JAQENJ010000003	CDS	fig|214856.2506.peg.1692	95942	96247	-		hypothetical protein	1955378	1955683
214856.2506:1945_1946;1946_1960;1960_1969;1969_1973;1976_1985;1985_1994;1994_2003;2003_2012;2012_2021;2039_2048;2048_2052;2054_2060;2081_2084	214856.2506	Alistipes finegoldii TM12-21A	JAQENJ010000003	CDS	fig|214856.2506.peg.1693	96263	96613	-		hypothetical protein	1955699	1956049
214856.2506:1945_1946;1946_1960;1960_1969;1969_1973;1976_1985;1985_1994;1994_2003;2003_2012;2012_2021;2039_2048;2048_2052;2054_2060;2081_2084	214856.2506	Alistipes finegoldii TM12-21A	JAQENJ010000003	CDS	fig|214856.2506.peg.1694	96610	97281	-		hypothetical protein	1956046	1956717
214856.2506:1945_1946;1946_1960;1960_1969;1969_1973;1976_1985;1985_1994;1994_2003;2003_2012;2012_2021;2039_2048;2048_2052;2054_2060;2081_2084	214856.2506	Alistipes finegoldii TM12-21A	JAQENJ010000003	CDS	fig|214856.2506.peg.1695	97278	97391	-		hypothetical protein	1956714	1956827
214856.2506:1945_1946;1946_1960;1960_1969;1969_1973;1976_1985;1985_1994;1994_2003;2003_2012;2012_2021;2039_2048;2048_2052;2054_2060;2081_2084	214856.2506	Alistipes finegoldii TM12-21A	JAQENJ010000003	CDS	fig|214856.2506.peg.1696	97423	98295	-		hypothetical protein	1956859	1957731
214856.2506:1945_1946;1946_1960;1960_1969;1969_1973;1976_1985;1985_1994;1994_2003;2003_2012;2012_2021;2039_2048;2048_2052;2054_2060;2081_2084	214856.2506	Alistipes finegoldii TM12-21A	JAQENJ010000003	CDS	fig|214856.2506.peg.1697	98292	100196	-		hypothetical protein	1957728	1959632
214856.2506:1945_1946;1946_1960;1960_1969;1969_1973;1976_1985;1985_1994;1994_2003;2003_2012;2012_2021;2039_2048;2048_2052;2054_2060;2081_2084	214856.2506	Alistipes finegoldii TM12-21A	JAQENJ010000003	CDS	fig|214856.2506.peg.1698	100183	100773	-		hypothetical protein	1959619	1960209
214856.2506:1945_1946;1946_1960;1960_1969;1969_1973;1976_1985;1985_1994;1994_2003;2003_2012;2012_2021;2039_2048;2048_2052;2054_2060;2081_2084	214856.2506	Alistipes finegoldii TM12-21A	JAQENJ010000003	CDS	fig|214856.2506.peg.1698	100183	100773	-		hypothetical protein	1959619	1960209
214856.2506:1945_1946;1946_1960;1960_1969;1969_1973;1976_1985;1985_1994;1994_2003;2003_2012;2012_2021;2039_2048;2048_2052;2054_2060;2081_2084	214856.2506	Alistipes finegoldii TM12-21A	JAQENJ010000003	CDS	fig|214856.2506.peg.1699	100904	101572	-		hypothetical protein	1960340	1961008
214856.2506:1945_1946;1946_1960;1960_1969;1969_1973;1976_1985;1985_1994;1994_2003;2003_2012;2012_2021;2039_2048;2048_2052;2054_2060;2081_2084	214856.2506	Alistipes finegoldii TM12-21A	JAQENJ010000003	CDS	fig|214856.2506.peg.1700	101654	102244	-		hypothetical protein	1961090	1961680
214856.2506:1945_1946;1946_1960;1960_1969;1969_1973;1976_1985;1985_1994;1994_2003;2003_2012;2012_2021;2039_2048;2048_2052;2054_2060;2081_2084	214856.2506	Alistipes finegoldii TM12-21A	JAQENJ010000003	CDS	fig|214856.2506.peg.1701	102256	103155	-		hypothetical protein	1961692	1962591
214856.2506:1945_1946;1946_1960;1960_1969;1969_1973;1976_1985;1985_1994;1994_2003;2003_2012;2012_2021;2039_2048;2048_2052;2054_2060;2081_2084	214856.2506	Alistipes finegoldii TM12-21A	JAQENJ010000003	CDS	fig|214856.2506.peg.1702	103225	103986	-		hypothetical protein	1962661	1963422
214856.2506:1945_1946;1946_1960;1960_1969;1969_1973;1976_1985;1985_1994;1994_2003;2003_2012;2012_2021;2039_2048;2048_2052;2054_2060;2081_2084	214856.2506	Alistipes finegoldii TM12-21A	JAQENJ010000003	CDS	fig|214856.2506.peg.1703	103989	104720	-		hypothetical protein	1963425	1964156
214856.2506:1945_1946;1946_1960;1960_1969;1969_1973;1976_1985;1985_1994;1994_2003;2003_2012;2012_2021;2039_2048;2048_2052;2054_2060;2081_2084	214856.2506	Alistipes finegoldii TM12-21A	JAQENJ010000003	CDS	fig|214856.2506.peg.1704	104742	104957	-		hypothetical protein	1964178	1964393
214856.2506:1945_1946;1946_1960;1960_1969;1969_1973;1976_1985;1985_1994;1994_2003;2003_2012;2012_2021;2039_2048;2048_2052;2054_2060;2081_2084	214856.2506	Alistipes finegoldii TM12-21A	JAQENJ010000003	CDS	fig|214856.2506.peg.1705	104973	105509	-		hypothetical protein	1964409	1964945
214856.2506:1945_1946;1946_1960;1960_1969;1969_1973;1976_1985;1985_1994;1994_2003;2003_2012;2012_2021;2039_2048;2048_2052;2054_2060;2081_2084	214856.2506	Alistipes finegoldii TM12-21A	JAQENJ010000003	CDS	fig|214856.2506.peg.1706	105512	106534	-		hypothetical protein	1964948	1965970
214856.2506:1945_1946;1946_1960;1960_1969;1969_1973;1976_1985;1985_1994;1994_2003;2003_2012;2012_2021;2039_2048;2048_2052;2054_2060;2081_2084	214856.2506	Alistipes finegoldii TM12-21A	JAQENJ010000003	CDS	fig|214856.2506.peg.1707	106594	106803	-		hypothetical protein	1966030	1966239
214856.2506:1945_1946;1946_1960;1960_1969;1969_1973;1976_1985;1985_1994;1994_2003;2003_2012;2012_2021;2039_2048;2048_2052;2054_2060;2081_2084	214856.2506	Alistipes finegoldii TM12-21A	JAQENJ010000003	CDS	fig|214856.2506.peg.1708	106805	107023	-		hypothetical protein	1966241	1966459
214856.2506:1945_1946;1946_1960;1960_1969;1969_1973;1976_1985;1985_1994;1994_2003;2003_2012;2012_2021;2039_2048;2048_2052;2054_2060;2081_2084	214856.2506	Alistipes finegoldii TM12-21A	JAQENJ010000003	CDS	fig|214856.2506.peg.1709	107075	107422	-		hypothetical protein	1966511	1966858
214856.2506:1945_1946;1946_1960;1960_1969;1969_1973;1976_1985;1985_1994;1994_2003;2003_2012;2012_2021;2039_2048;2048_2052;2054_2060;2081_2084	214856.2506	Alistipes finegoldii TM12-21A	JAQENJ010000003	CDS	fig|214856.2506.peg.1710	107422	108354	-		hypothetical protein	1966858	1967790
214856.2506:1945_1946;1946_1960;1960_1969;1969_1973;1976_1985;1985_1994;1994_2003;2003_2012;2012_2021;2039_2048;2048_2052;2054_2060;2081_2084	214856.2506	Alistipes finegoldii TM12-21A	JAQENJ010000003	CDS	fig|214856.2506.peg.1711	108335	108571	-		hypothetical protein	1967771	1968007
214856.2506:1945_1946;1946_1960;1960_1969;1969_1973;1976_1985;1985_1994;1994_2003;2003_2012;2012_2021;2039_2048;2048_2052;2054_2060;2081_2084	214856.2506	Alistipes finegoldii TM12-21A	JAQENJ010000003	CDS	fig|214856.2506.peg.1712	108605	109189	-		hypothetical protein	1968041	1968625
214856.2506:1945_1946;1946_1960;1960_1969;1969_1973;1976_1985;1985_1994;1994_2003;2003_2012;2012_2021;2039_2048;2048_2052;2054_2060;2081_2084	214856.2506	Alistipes finegoldii TM12-21A	JAQENJ010000003	CDS	fig|214856.2506.peg.1713	109201	109926	-		hypothetical protein	1968637	1969362
214856.2506:1945_1946;1946_1960;1960_1969;1969_1973;1976_1985;1985_1994;1994_2003;2003_2012;2012_2021;2039_2048;2048_2052;2054_2060;2081_2084	214856.2506	Alistipes finegoldii TM12-21A	JAQENJ010000003	CDS	fig|214856.2506.peg.1713	109201	109926	-		hypothetical protein	1968637	1969362
214856.2506:1945_1946;1946_1960;1960_1969;1969_1973;1976_1985;1985_1994;1994_2003;2003_2012;2012_2021;2039_2048;2048_2052;2054_2060;2081_2084	214856.2506	Alistipes finegoldii TM12-21A	JAQENJ010000003	CDS	fig|214856.2506.peg.1714	109940	110227	-		hypothetical protein	1969376	1969663
214856.2506:1945_1946;1946_1960;1960_1969;1969_1973;1976_1985;1985_1994;1994_2003;2003_2012;2012_2021;2039_2048;2048_2052;2054_2060;2081_2084	214856.2506	Alistipes finegoldii TM12-21A	JAQENJ010000003	CDS	fig|214856.2506.peg.1715	110240	110392	-		hypothetical protein	1969676	1969828
214856.2506:1945_1946;1946_1960;1960_1969;1969_1973;1976_1985;1985_1994;1994_2003;2003_2012;2012_2021;2039_2048;2048_2052;2054_2060;2081_2084	214856.2506	Alistipes finegoldii TM12-21A	JAQENJ010000003	CDS	fig|214856.2506.peg.1716	110782	111870	-		hypothetical protein	1970218	1971306
214856.2506:1945_1946;1946_1960;1960_1969;1969_1973;1976_1985;1985_1994;1994_2003;2003_2012;2012_2021;2039_2048;2048_2052;2054_2060;2081_2084	214856.2506	Alistipes finegoldii TM12-21A	JAQENJ010000003	CDS	fig|214856.2506.peg.1717	111867	112346	-		hypothetical protein	1971303	1971782
214856.2506:1945_1946;1946_1960;1960_1969;1969_1973;1976_1985;1985_1994;1994_2003;2003_2012;2012_2021;2039_2048;2048_2052;2054_2060;2081_2084	214856.2506	Alistipes finegoldii TM12-21A	JAQENJ010000003	CDS	fig|214856.2506.peg.1718	112396	112893	-		hypothetical protein	1971832	1972329
214856.2506:1945_1946;1946_1960;1960_1969;1969_1973;1976_1985;1985_1994;1994_2003;2003_2012;2012_2021;2039_2048;2048_2052;2054_2060;2081_2084	214856.2506	Alistipes finegoldii TM12-21A	JAQENJ010000003	CDS	fig|214856.2506.peg.1719	113216	113722	-		Retron-type RNA-directed DNA polymerase (EC 2.7.7.49)	1972652	1973158
214856.2506:1945_1946;1946_1960;1960_1969;1969_1973;1976_1985;1985_1994;1994_2003;2003_2012;2012_2021;2039_2048;2048_2052;2054_2060;2081_2084	214856.2506	Alistipes finegoldii TM12-21A	JAQENJ010000003	CDS	fig|214856.2506.peg.1722	116289	117044	-		Retron-type RNA-directed DNA polymerase (EC 2.7.7.49)	1975725	1976480
214856.2506:1945_1946;1946_1960;1960_1969;1969_1973;1976_1985;1985_1994;1994_2003;2003_2012;2012_2021;2039_2048;2048_2052;2054_2060;2081_2084	214856.2506	Alistipes finegoldii TM12-21A	JAQENJ010000003	CDS	fig|214856.2506.peg.1723	117037	117675	-		hypothetical protein	1976473	1977111
214856.2506:1945_1946;1946_1960;1960_1969;1969_1973;1976_1985;1985_1994;1994_2003;2003_2012;2012_2021;2039_2048;2048_2052;2054_2060;2081_2084	214856.2506	Alistipes finegoldii TM12-21A	JAQENJ010000003	CDS	fig|214856.2506.peg.1724	117719	118366	-		hypothetical protein	1977155	1977802
214856.2506:1945_1946;1946_1960;1960_1969;1969_1973;1976_1985;1985_1994;1994_2003;2003_2012;2012_2021;2039_2048;2048_2052;2054_2060;2081_2084	214856.2506	Alistipes finegoldii TM12-21A	JAQENJ010000003	CDS	fig|214856.2506.peg.1725	118395	118640	-		hypothetical protein	1977831	1978076
214856.2506:1945_1946;1946_1960;1960_1969;1969_1973;1976_1985;1985_1994;1994_2003;2003_2012;2012_2021;2039_2048;2048_2052;2054_2060;2081_2084	214856.2506	Alistipes finegoldii TM12-21A	JAQENJ010000003	CDS	fig|214856.2506.peg.1726	118653	118832	-		hypothetical protein	1978089	1978268
214856.2506:1945_1946;1946_1960;1960_1969;1969_1973;1976_1985;1985_1994;1994_2003;2003_2012;2012_2021;2039_2048;2048_2052;2054_2060;2081_2084	214856.2506	Alistipes finegoldii TM12-21A	JAQENJ010000003	CDS	fig|214856.2506.peg.1727	118843	119163	-		hypothetical protein	1978279	1978599
214856.2506:1945_1946;1946_1960;1960_1969;1969_1973;1976_1985;1985_1994;1994_2003;2003_2012;2012_2021;2039_2048;2048_2052;2054_2060;2081_2084	214856.2506	Alistipes finegoldii TM12-21A	JAQENJ010000003	CDS	fig|214856.2506.peg.1728	119169	119648	-		hypothetical protein	1978605	1979084
214856.2506:1945_1946;1946_1960;1960_1969;1969_1973;1976_1985;1985_1994;1994_2003;2003_2012;2012_2021;2039_2048;2048_2052;2054_2060;2081_2084	214856.2506	Alistipes finegoldii TM12-21A	JAQENJ010000003	CDS	fig|214856.2506.peg.1729	119653	119928	-		hypothetical protein	1979089	1979364
214856.2506:1945_1946;1946_1960;1960_1969;1969_1973;1976_1985;1985_1994;1994_2003;2003_2012;2012_2021;2039_2048;2048_2052;2054_2060;2081_2084	214856.2506	Alistipes finegoldii TM12-21A	JAQENJ010000003	CDS	fig|214856.2506.peg.1730	119944	120402	-		hypothetical protein	1979380	1979838
214856.2506:1945_1946;1946_1960;1960_1969;1969_1973;1976_1985;1985_1994;1994_2003;2003_2012;2012_2021;2039_2048;2048_2052;2054_2060;2081_2084	214856.2506	Alistipes finegoldii TM12-21A	JAQENJ010000003	CDS	fig|214856.2506.peg.1731	120399	121295	-		hypothetical protein	1979835	1980731
214856.2506:1945_1946;1946_1960;1960_1969;1969_1973;1976_1985;1985_1994;1994_2003;2003_2012;2012_2021;2039_2048;2048_2052;2054_2060;2081_2084	214856.2506	Alistipes finegoldii TM12-21A	JAQENJ010000003	CDS	fig|214856.2506.peg.1732	121300	122397	-		hypothetical protein	1980736	1981833
214856.2506:1945_1946;1946_1960;1960_1969;1969_1973;1976_1985;1985_1994;1994_2003;2003_2012;2012_2021;2039_2048;2048_2052;2054_2060;2081_2084	214856.2506	Alistipes finegoldii TM12-21A	JAQENJ010000003	CDS	fig|214856.2506.peg.1733	122438	122965	-		hypothetical protein	1981874	1982401
214856.2506:1945_1946;1946_1960;1960_1969;1969_1973;1976_1985;1985_1994;1994_2003;2003_2012;2012_2021;2039_2048;2048_2052;2054_2060;2081_2084	214856.2506	Alistipes finegoldii TM12-21A	JAQENJ010000003	CDS	fig|214856.2506.peg.1734	122971	123210	-		hypothetical protein	1982407	1982646
214856.2506:1945_1946;1946_1960;1960_1969;1969_1973;1976_1985;1985_1994;1994_2003;2003_2012;2012_2021;2039_2048;2048_2052;2054_2060;2081_2084	214856.2506	Alistipes finegoldii TM12-21A	JAQENJ010000003	CDS	fig|214856.2506.peg.1735	123215	123427	-		hypothetical protein	1982651	1982863
214856.2506:1945_1946;1946_1960;1960_1969;1969_1973;1976_1985;1985_1994;1994_2003;2003_2012;2012_2021;2039_2048;2048_2052;2054_2060;2081_2084	214856.2506	Alistipes finegoldii TM12-21A	JAQENJ010000003	CDS	fig|214856.2506.peg.1736	123577	123834	-		hypothetical protein	1983013	1983270
214856.2506:1945_1946;1946_1960;1960_1969;1969_1973;1976_1985;1985_1994;1994_2003;2003_2012;2012_2021;2039_2048;2048_2052;2054_2060;2081_2084	214856.2506	Alistipes finegoldii TM12-21A	JAQENJ010000003	CDS	fig|214856.2506.peg.1737	123851	124243	-		hypothetical protein	1983287	1983679
214856.2506:1945_1946;1946_1960;1960_1969;1969_1973;1976_1985;1985_1994;1994_2003;2003_2012;2012_2021;2039_2048;2048_2052;2054_2060;2081_2084	214856.2506	Alistipes finegoldii TM12-21A	JAQENJ010000003	CDS	fig|214856.2506.peg.1738	124514	124783	-		hypothetical protein	1983950	1984219
214856.2506:1945_1946;1946_1960;1960_1969;1969_1973;1976_1985;1985_1994;1994_2003;2003_2012;2012_2021;2039_2048;2048_2052;2054_2060;2081_2084	214856.2506	Alistipes finegoldii TM12-21A	JAQENJ010000003	CDS	fig|214856.2506.peg.1739	124951	125523	-		hypothetical protein	1984387	1984959
214856.2506:1945_1946;1946_1960;1960_1969;1969_1973;1976_1985;1985_1994;1994_2003;2003_2012;2012_2021;2039_2048;2048_2052;2054_2060;2081_2084	214856.2506	Alistipes finegoldii TM12-21A	JAQENJ010000003	CDS	fig|214856.2506.peg.1740	126313	126438	-		hypothetical protein	1985749	1985874
214856.2506:1945_1946;1946_1960;1960_1969;1969_1973;1976_1985;1985_1994;1994_2003;2003_2012;2012_2021;2039_2048;2048_2052;2054_2060;2081_2084	214856.2506	Alistipes finegoldii TM12-21A	JAQENJ010000003	CDS	fig|214856.2506.peg.1742	126855	127004	-		hypothetical protein	1986291	1986440
214856.2506:1945_1946;1946_1960;1960_1969;1969_1973;1976_1985;1985_1994;1994_2003;2003_2012;2012_2021;2039_2048;2048_2052;2054_2060;2081_2084	214856.2506	Alistipes finegoldii TM12-21A	JAQENJ010000003	CDS	fig|214856.2506.peg.1747	130779	131222	-		hypothetical protein	1990215	1990658
214856.2506:1945_1946;1946_1960;1960_1969;1969_1973;1976_1985;1985_1994;1994_2003;2003_2012;2012_2021;2039_2048;2048_2052;2054_2060;2081_2084	214856.2506	Alistipes finegoldii TM12-21A	JAQENJ010000003	CDS	fig|214856.2506.peg.1748	131209	131448	-		hypothetical protein	1990645	1990884
214856.2506:1945_1946;1946_1960;1960_1969;1969_1973;1976_1985;1985_1994;1994_2003;2003_2012;2012_2021;2039_2048;2048_2052;2054_2060;2081_2084	214856.2506	Alistipes finegoldii TM12-21A	JAQENJ010000003	CDS	fig|214856.2506.peg.1749	131460	131585	-		hypothetical protein	1990896	1991021
214856.2506:1945_1946;1946_1960;1960_1969;1969_1973;1976_1985;1985_1994;1994_2003;2003_2012;2012_2021;2039_2048;2048_2052;2054_2060;2081_2084	214856.2506	Alistipes finegoldii TM12-21A	JAQENJ010000003	CDS	fig|214856.2506.peg.1750	131605	132042	-		hypothetical protein	1991041	1991478
214856.2506:1945_1946;1946_1960;1960_1969;1969_1973;1976_1985;1985_1994;1994_2003;2003_2012;2012_2021;2039_2048;2048_2052;2054_2060;2081_2084	214856.2506	Alistipes finegoldii TM12-21A	JAQENJ010000003	CDS	fig|214856.2506.peg.1751	132045	133178	-		hypothetical protein	1991481	1992614
214856.2506:1945_1946;1946_1960;1960_1969;1969_1973;1976_1985;1985_1994;1994_2003;2003_2012;2012_2021;2039_2048;2048_2052;2054_2060;2081_2084	214856.2506	Alistipes finegoldii TM12-21A	JAQENJ010000003	CDS	fig|214856.2506.peg.1752	133165	133503	-		hypothetical protein	1992601	1992939
214856.2506:1945_1946;1946_1960;1960_1969;1969_1973;1976_1985;1985_1994;1994_2003;2003_2012;2012_2021;2039_2048;2048_2052;2054_2060;2081_2084	214856.2506	Alistipes finegoldii TM12-21A	JAQENJ010000003	CDS	fig|214856.2506.peg.1753	133514	133966	-		hypothetical protein	1992950	1993402
214856.2506:1945_1946;1946_1960;1960_1969;1969_1973;1976_1985;1985_1994;1994_2003;2003_2012;2012_2021;2039_2048;2048_2052;2054_2060;2081_2084	214856.2506	Alistipes finegoldii TM12-21A	JAQENJ010000003	CDS	fig|214856.2506.peg.1764	143212	143976	-		Ser/Thr protein phosphatase family protein	2002648	2003412
214856.2506:1945_1946;1946_1960;1960_1969;1969_1973;1976_1985;1985_1994;1994_2003;2003_2012;2012_2021;2039_2048;2048_2052;2054_2060;2081_2084	214856.2506	Alistipes finegoldii TM12-21A	JAQENJ010000003	CDS	fig|214856.2506.peg.1764	143212	143976	-		Ser/Thr protein phosphatase family protein	2002648	2003412
214856.2506:1945_1946;1946_1960;1960_1969;1969_1973;1976_1985;1985_1994;1994_2003;2003_2012;2012_2021;2039_2048;2048_2052;2054_2060;2081_2084	214856.2506	Alistipes finegoldii TM12-21A	JAQENJ010000003	CDS	fig|214856.2506.peg.1765	143973	144755	-		hypothetical protein	2003409	2004191
214856.2506:1945_1946;1946_1960;1960_1969;1969_1973;1976_1985;1985_1994;1994_2003;2003_2012;2012_2021;2039_2048;2048_2052;2054_2060;2081_2084	214856.2506	Alistipes finegoldii TM12-21A	JAQENJ010000003	CDS	fig|214856.2506.peg.1766	144749	145726	-		hypothetical protein	2004185	2005162
214856.2506:1945_1946;1946_1960;1960_1969;1969_1973;1976_1985;1985_1994;1994_2003;2003_2012;2012_2021;2039_2048;2048_2052;2054_2060;2081_2084	214856.2506	Alistipes finegoldii TM12-21A	JAQENJ010000003	CDS	fig|214856.2506.peg.1773	152756	153958	-		hypothetical protein	2012192	2013394
214856.2506:1945_1946;1946_1960;1960_1969;1969_1973;1976_1985;1985_1994;1994_2003;2003_2012;2012_2021;2039_2048;2048_2052;2054_2060;2081_2084	214856.2506	Alistipes finegoldii TM12-21A	JAQENJ010000003	CDS	fig|214856.2506.peg.1778	160277	161041	-		Vitamin B12 ABC transporter, ATP-binding protein BtuD	2019713	2020477
214856.2506:1945_1946;1946_1960;1960_1969;1969_1973;1976_1985;1985_1994;1994_2003;2003_2012;2012_2021;2039_2048;2048_2052;2054_2060;2081_2084	214856.2506	Alistipes finegoldii TM12-21A	JAQENJ010000003	CDS	fig|214856.2506.peg.1779	161038	162018	-		Vitamin B12 ABC transporter, permease protein BtuC	2020474	2021454
214856.2506:1945_1946;1946_1960;1960_1969;1969_1973;1976_1985;1985_1994;1994_2003;2003_2012;2012_2021;2039_2048;2048_2052;2054_2060;2081_2084	214856.2506	Alistipes finegoldii TM12-21A	JAQENJ010000003	CDS	fig|214856.2506.peg.1796	184155	184313	-		hypothetical protein	2043591	2043749
214856.2506:1945_1946;1946_1960;1960_1969;1969_1973;1976_1985;1985_1994;1994_2003;2003_2012;2012_2021;2039_2048;2048_2052;2054_2060;2081_2084	214856.2506	Alistipes finegoldii TM12-21A	JAQENJ010000003	CDS	fig|214856.2506.peg.1842	221348	222367	-		hypothetical protein	2080784	2081803
214856.2506:1945_1946;1946_1960;1960_1969;1969_1973;1976_1985;1985_1994;1994_2003;2003_2012;2012_2021;2039_2048;2048_2052;2054_2060;2081_2084	214856.2506	Alistipes finegoldii TM12-21A	JAQENJ010000003	CDS	fig|214856.2506.peg.1843	222383	223972	-		hypothetical protein	2081819	2083408
214856.2506:1945_1946;1946_1960;1960_1969;1969_1973;1976_1985;1985_1994;1994_2003;2003_2012;2012_2021;2039_2048;2048_2052;2054_2060;2081_2084	214856.2506	Alistipes finegoldii TM12-21A	JAQENJ010000003	CDS	fig|214856.2506.peg.1844	223978	224412	-		hypothetical protein	2083414	2083848
214856.2506:2062_2066	214856.2506	Alistipes finegoldii TM12-21A	JAQENJ010000003	CDS	fig|214856.2506.peg.1817	202497	202847	-		hypothetical protein	2061933	2062283
214856.2506:2062_2066	214856.2506	Alistipes finegoldii TM12-21A	JAQENJ010000003	CDS	fig|214856.2506.peg.1818	202898	203293	-		hypothetical protein	2062334	2062729
214856.2506:2062_2066	214856.2506	Alistipes finegoldii TM12-21A	JAQENJ010000003	CDS	fig|214856.2506.peg.1821	204713	204832	-		hypothetical protein	2064149	2064268
214856.2506:2062_2066	214856.2506	Alistipes finegoldii TM12-21A	JAQENJ010000003	CDS	fig|214856.2506.peg.1822	205143	205973	-		hypothetical protein	2064579	2065409
214856.2506:2248_2251	214856.2506	Alistipes finegoldii TM12-21A	JAQENJ010000003	CDS	fig|214856.2506.peg.2012	388925	389062	-		hypothetical protein	2248361	2248498
214856.2506:2248_2251	214856.2506	Alistipes finegoldii TM12-21A	JAQENJ010000003	CDS	fig|214856.2506.peg.2015	391115	391255	-		hypothetical protein	2250551	2250691
214856.2506:2251_2255	214856.2506	Alistipes finegoldii TM12-21A	JAQENJ010000003	CDS	fig|214856.2506.peg.2020	395352	395993	-		hypothetical protein	2254788	2255429
214856.2506:2080_2081	214856.2506	Alistipes finegoldii TM12-21A	JAQENJ010000003	CDS	fig|214856.2506.peg.1841	220778	220972	-		hypothetical protein	2080214	2080408
214856.2506:2080_2081	214856.2506	Alistipes finegoldii TM12-21A	JAQENJ010000003	CDS	fig|214856.2506.peg.1842	221348	222367	-		hypothetical protein	2080784	2081803
272559.17:1788_1789	272559.17	Bacteroides fragilis NCTC 9343 strain ATCC 25285	NC_003228	CDS	fig|272559.17.peg.1491	1787780	1788025	+		hypothetical protein	1787780	1788025
272559.17:1788_1789	272559.17	Bacteroides fragilis NCTC 9343 strain ATCC 25285	NC_003228	CDS	fig|272559.17.peg.1493	1788291	1788521	+		hypothetical protein	1788291	1788521
272559.17:1788_1789	272559.17	Bacteroides fragilis NCTC 9343 strain ATCC 25285	NC_003228	CDS	fig|272559.17.peg.1494	1788588	1789295	+		Multidrug efflux pump BexA	1788588	1789295
272559.17:1789_1793	272559.17	Bacteroides fragilis NCTC 9343 strain ATCC 25285	NC_003228	CDS	fig|272559.17.peg.1494	1788588	1789295	+		Multidrug efflux pump BexA	1788588	1789295
272559.17:1789_1793	272559.17	Bacteroides fragilis NCTC 9343 strain ATCC 25285	NC_003228	CDS	fig|272559.17.peg.1495	1789308	1789925	+	satG	Xenobiotic acyltransferase XAT family	1789308	1789925
272559.17:1789_1793	272559.17	Bacteroides fragilis NCTC 9343 strain ATCC 25285	NC_003228	CDS	fig|272559.17.peg.1496	1789931	1791202	+	rteA	CTnDOT two-component system sensor histidine kinase RteA	1789931	1791202
272559.17:1789_1793	272559.17	Bacteroides fragilis NCTC 9343 strain ATCC 25285	NC_003228	CDS	fig|272559.17.peg.1497	1791195	1792517	+	rteB	RteB, two-component system response regulator	1791195	1792517
272559.17:1350_1352	272559.17	Bacteroides fragilis NCTC 9343 strain ATCC 25285	NC_003228	CDS	fig|272559.17.peg.1077	1350660	1351868	+		ATPase/GTPase, AAA15 family	1350660	1351868
272559.17:1361_1368;1388_1390	272559.17	Bacteroides fragilis NCTC 9343 strain ATCC 25285	NC_003228	CDS	fig|272559.17.peg.1085	1361319	1361465	+		hypothetical protein	1361319	1361465
272559.17:1361_1368;1388_1390	272559.17	Bacteroides fragilis NCTC 9343 strain ATCC 25285	NC_003228	CDS	fig|272559.17.peg.1086	1361525	1361662	+		hypothetical protein	1361525	1361662
272559.17:1361_1368;1388_1390	272559.17	Bacteroides fragilis NCTC 9343 strain ATCC 25285	NC_003228	CDS	fig|272559.17.peg.1087	1361637	1361756	+		hypothetical protein	1361637	1361756
272559.17:1361_1368;1388_1390	272559.17	Bacteroides fragilis NCTC 9343 strain ATCC 25285	NC_003228	CDS	fig|272559.17.peg.1088	1361793	1362758	+		MBL-fold metallo-hydrolase superfamily	1361793	1362758
272559.17:1361_1368;1388_1390	272559.17	Bacteroides fragilis NCTC 9343 strain ATCC 25285	NC_003228	CDS	fig|272559.17.peg.1089	1362742	1367625	+		hypothetical protein	1362742	1367625
272559.17:1361_1368;1388_1390	272559.17	Bacteroides fragilis NCTC 9343 strain ATCC 25285	NC_003228	CDS	fig|272559.17.peg.1090	1367665	1368000	+		hypothetical protein	1367665	1368000
272559.17:1361_1368;1388_1390	272559.17	Bacteroides fragilis NCTC 9343 strain ATCC 25285	NC_003228	CDS	fig|272559.17.peg.1103	1387992	1388648	+		hypothetical protein	1387992	1388648
272559.17:1361_1368;1388_1390	272559.17	Bacteroides fragilis NCTC 9343 strain ATCC 25285	NC_003228	CDS	fig|272559.17.peg.1105	1389241	1389687	+		Putative DNA-binding protein in cluster with Type I restriction-modification system	1389241	1389687
272559.17:1371_1376	272559.17	Bacteroides fragilis NCTC 9343 strain ATCC 25285	NC_003228	CDS	fig|272559.17.peg.1094	1371136	1371294	+		Transcriptional regulator, Xre family	1371136	1371294
272559.17:1371_1376	272559.17	Bacteroides fragilis NCTC 9343 strain ATCC 25285	NC_003228	CDS	fig|272559.17.peg.1095	1371299	1374571	+		DNA/RNA helicases, SNF2 family	1371299	1374571
272559.17:1371_1376	272559.17	Bacteroides fragilis NCTC 9343 strain ATCC 25285	NC_003228	CDS	fig|272559.17.peg.1096	1374598	1375377	+		Phage protein	1374598	1375377
272559.17:1371_1376	272559.17	Bacteroides fragilis NCTC 9343 strain ATCC 25285	NC_003228	CDS	fig|272559.17.peg.1097	1375487	1376071	+		Methyl-accepting chemotaxis protein	1375487	1376071
272559.17:1368_1371	272559.17	Bacteroides fragilis NCTC 9343 strain ATCC 25285	NC_003228	CDS	fig|272559.17.peg.1090	1367665	1368000	+		hypothetical protein	1367665	1368000
272559.17:4782_4783;4783_4786	272559.17	Bacteroides fragilis NCTC 9343 strain ATCC 25285	NC_003228	CDS	fig|272559.17.peg.4163	4781654	4784650	+		Outer membrane TonB-dependent transporter, utilization system for glycans and polysaccharides (PUL), SusC family	4781654	4784650
272559.17:4782_4783;4783_4786	272559.17	Bacteroides fragilis NCTC 9343 strain ATCC 25285	NC_003228	CDS	fig|272559.17.peg.4163	4781654	4784650	+		Outer membrane TonB-dependent transporter, utilization system for glycans and polysaccharides (PUL), SusC family	4781654	4784650
272559.17:4782_4783;4783_4786	272559.17	Bacteroides fragilis NCTC 9343 strain ATCC 25285	NC_003228	CDS	fig|272559.17.peg.4164	4784670	4786274	+		Cell surface glycan-binding lipoprotein, utilization system for glycans and polysaccharides (PUL), SusD family	4784670	4786274
272559.17:4790_4791	272559.17	Bacteroides fragilis NCTC 9343 strain ATCC 25285	NC_003228	CDS	fig|272559.17.peg.4167	4790327	4790677	+		Retron-type RNA-directed DNA polymerase (EC 2.7.7.49)	4790327	4790677
272559.17:4791_4793	272559.17	Bacteroides fragilis NCTC 9343 strain ATCC 25285	NC_003228	CDS	fig|272559.17.peg.4169	4791481	4791618	+		hypothetical protein	4791481	4791618
272559.17:4791_4793	272559.17	Bacteroides fragilis NCTC 9343 strain ATCC 25285	NC_003228	CDS	fig|272559.17.peg.4170	4791692	4792066	+		hypothetical protein	4791692	4792066
272559.17:4791_4793	272559.17	Bacteroides fragilis NCTC 9343 strain ATCC 25285	NC_003228	CDS	fig|272559.17.peg.4171	4792151	4792522	+		hypothetical protein	4792151	4792522
272559.17:4791_4793	272559.17	Bacteroides fragilis NCTC 9343 strain ATCC 25285	NC_003228	CDS	fig|272559.17.peg.4172	4792560	4792757	+		hypothetical protein	4792560	4792757
272559.17:2017_2025;2027_2033;2045_2072;2076_2079	272559.17	Bacteroides fragilis NCTC 9343 strain ATCC 25285	NC_003228	CDS	fig|272559.17.peg.1689	2018178	2018423	+		hypothetical protein	2018178	2018423
272559.17:2017_2025;2027_2033;2045_2072;2076_2079	272559.17	Bacteroides fragilis NCTC 9343 strain ATCC 25285	NC_003228	CDS	fig|272559.17.peg.1690	2018454	2018972	+		hypothetical protein	2018454	2018972
272559.17:2017_2025;2027_2033;2045_2072;2076_2079	272559.17	Bacteroides fragilis NCTC 9343 strain ATCC 25285	NC_003228	CDS	fig|272559.17.peg.1691	2019222	2020040	+		Transcriptional regulator, AraC family	2019222	2020040
272559.17:2017_2025;2027_2033;2045_2072;2076_2079	272559.17	Bacteroides fragilis NCTC 9343 strain ATCC 25285	NC_003228	CDS	fig|272559.17.peg.1692	2020022	2020150	+		hypothetical protein	2020022	2020150
272559.17:2017_2025;2027_2033;2045_2072;2076_2079	272559.17	Bacteroides fragilis NCTC 9343 strain ATCC 25285	NC_003228	CDS	fig|272559.17.peg.1693	2020188	2021024	+		Tetracycline resistance element mobilization regulatory protein RteC	2020188	2021024
272559.17:2017_2025;2027_2033;2045_2072;2076_2079	272559.17	Bacteroides fragilis NCTC 9343 strain ATCC 25285	NC_003228	CDS	fig|272559.17.peg.1694	2021264	2021692	+		hypothetical protein	2021264	2021692
272559.17:2017_2025;2027_2033;2045_2072;2076_2079	272559.17	Bacteroides fragilis NCTC 9343 strain ATCC 25285	NC_003228	CDS	fig|272559.17.peg.1695	2021655	2023754	+		hypothetical protein	2021655	2023754
272559.17:2017_2025;2027_2033;2045_2072;2076_2079	272559.17	Bacteroides fragilis NCTC 9343 strain ATCC 25285	NC_003228	CDS	fig|272559.17.peg.1696	2023729	2024088	+		hypothetical protein	2023729	2024088
272559.17:2017_2025;2027_2033;2045_2072;2076_2079	272559.17	Bacteroides fragilis NCTC 9343 strain ATCC 25285	NC_003228	CDS	fig|272559.17.peg.1698	2024498	2024989	+		hypothetical protein	2024498	2024989
272559.17:2017_2025;2027_2033;2045_2072;2076_2079	272559.17	Bacteroides fragilis NCTC 9343 strain ATCC 25285	NC_003228	CDS	fig|272559.17.peg.1704	2031380	2032504	+	xerC	Site-specific tyrosine recombinase	2031380	2032504
272559.17:2017_2025;2027_2033;2045_2072;2076_2079	272559.17	Bacteroides fragilis NCTC 9343 strain ATCC 25285	NC_003228	CDS	fig|272559.17.peg.1705	2032567	2033460	+		hypothetical protein	2032567	2033460
272559.17:2017_2025;2027_2033;2045_2072;2076_2079	272559.17	Bacteroides fragilis NCTC 9343 strain ATCC 25285	NC_003228	CDS	fig|272559.17.peg.1719	2044242	2045141	+		hypothetical protein	2044242	2045141
272559.17:2017_2025;2027_2033;2045_2072;2076_2079	272559.17	Bacteroides fragilis NCTC 9343 strain ATCC 25285	NC_003228	CDS	fig|272559.17.peg.1720	2045578	2045784	+		hypothetical protein	2045578	2045784
272559.17:2017_2025;2027_2033;2045_2072;2076_2079	272559.17	Bacteroides fragilis NCTC 9343 strain ATCC 25285	NC_003228	CDS	fig|272559.17.peg.1723	2048330	2048455	+		hypothetical protein	2048330	2048455
272559.17:2017_2025;2027_2033;2045_2072;2076_2079	272559.17	Bacteroides fragilis NCTC 9343 strain ATCC 25285	NC_003228	CDS	fig|272559.17.peg.1729	2051137	2051916	+	traA	Conjugative transposon protein TraA	2051137	2051916
272559.17:2017_2025;2027_2033;2045_2072;2076_2079	272559.17	Bacteroides fragilis NCTC 9343 strain ATCC 25285	NC_003228	CDS	fig|272559.17.peg.1730	2051942	2052301	+	traB	Conjugative transposon protein TraB	2051942	2052301
272559.17:2017_2025;2027_2033;2045_2072;2076_2079	272559.17	Bacteroides fragilis NCTC 9343 strain ATCC 25285	NC_003228	CDS	fig|272559.17.peg.1731	2052321	2052908	+	traD	Conjugative transposon protein TraD	2052321	2052908
272559.17:2017_2025;2027_2033;2045_2072;2076_2079	272559.17	Bacteroides fragilis NCTC 9343 strain ATCC 25285	NC_003228	CDS	fig|272559.17.peg.1732	2052927	2053226	+	traE	Conjugative transposon protein TraE	2052927	2053226
272559.17:2017_2025;2027_2033;2045_2072;2076_2079	272559.17	Bacteroides fragilis NCTC 9343 strain ATCC 25285	NC_003228	CDS	fig|272559.17.peg.1733	2053238	2053561	+	traF	Conjugative transposon protein TraF	2053238	2053561
272559.17:2017_2025;2027_2033;2045_2072;2076_2079	272559.17	Bacteroides fragilis NCTC 9343 strain ATCC 25285	NC_003228	CDS	fig|272559.17.peg.1734	2053558	2056059	+	traG	Conjugative transposon protein TraG	2053558	2056059
272559.17:2017_2025;2027_2033;2045_2072;2076_2079	272559.17	Bacteroides fragilis NCTC 9343 strain ATCC 25285	NC_003228	CDS	fig|272559.17.peg.1735	2056259	2056621	+	traH	Conjugative transposon protein TraH	2056259	2056621
272559.17:2017_2025;2027_2033;2045_2072;2076_2079	272559.17	Bacteroides fragilis NCTC 9343 strain ATCC 25285	NC_003228	CDS	fig|272559.17.peg.1736	2056626	2057255	+	traI	Conjugative transposon protein TraI	2056626	2057255
272559.17:2017_2025;2027_2033;2045_2072;2076_2079	272559.17	Bacteroides fragilis NCTC 9343 strain ATCC 25285	NC_003228	CDS	fig|272559.17.peg.1737	2057305	2058309	+	traJ	Conjugative transposon protein TraJ	2057305	2058309
272559.17:2017_2025;2027_2033;2045_2072;2076_2079	272559.17	Bacteroides fragilis NCTC 9343 strain ATCC 25285	NC_003228	CDS	fig|272559.17.peg.1738	2058359	2058982	+	traK	Conjugative transposon protein TraK	2058359	2058982
272559.17:2017_2025;2027_2033;2045_2072;2076_2079	272559.17	Bacteroides fragilis NCTC 9343 strain ATCC 25285	NC_003228	CDS	fig|272559.17.peg.1739	2058988	2059272	+	traL	Conjugative transposon protein TraL	2058988	2059272
272559.17:2017_2025;2027_2033;2045_2072;2076_2079	272559.17	Bacteroides fragilis NCTC 9343 strain ATCC 25285	NC_003228	CDS	fig|272559.17.peg.1740	2059247	2060413	+		hypothetical protein	2059247	2060413
272559.17:2017_2025;2027_2033;2045_2072;2076_2079	272559.17	Bacteroides fragilis NCTC 9343 strain ATCC 25285	NC_003228	CDS	fig|272559.17.peg.1741	2060434	2061825	+	traM	Conjugative transposon protein TraM	2060434	2061825
272559.17:2017_2025;2027_2033;2045_2072;2076_2079	272559.17	Bacteroides fragilis NCTC 9343 strain ATCC 25285	NC_003228	CDS	fig|272559.17.peg.1742	2061862	2062800	+	traN	Conjugative transposon protein TraN	2061862	2062800
272559.17:2017_2025;2027_2033;2045_2072;2076_2079	272559.17	Bacteroides fragilis NCTC 9343 strain ATCC 25285	NC_003228	CDS	fig|272559.17.peg.1743	2062804	2063385	+	traO	Conjugative transposon protein TraO	2062804	2063385
272559.17:2017_2025;2027_2033;2045_2072;2076_2079	272559.17	Bacteroides fragilis NCTC 9343 strain ATCC 25285	NC_003228	CDS	fig|272559.17.peg.1744	2063410	2063859	+	traQ	Conjugative transposon protein TraQ	2063410	2063859
272559.17:2017_2025;2027_2033;2045_2072;2076_2079	272559.17	Bacteroides fragilis NCTC 9343 strain ATCC 25285	NC_003228	CDS	fig|272559.17.peg.1745	2063846	2064502	+		hypothetical protein	2063846	2064502
272559.17:2017_2025;2027_2033;2045_2072;2076_2079	272559.17	Bacteroides fragilis NCTC 9343 strain ATCC 25285	NC_003228	CDS	fig|272559.17.peg.1746	2064534	2065382	+		hypothetical protein	2064534	2065382
272559.17:2017_2025;2027_2033;2045_2072;2076_2079	272559.17	Bacteroides fragilis NCTC 9343 strain ATCC 25285	NC_003228	CDS	fig|272559.17.peg.1747	2065398	2065514	+		hypothetical protein	2065398	2065514
272559.17:2017_2025;2027_2033;2045_2072;2076_2079	272559.17	Bacteroides fragilis NCTC 9343 strain ATCC 25285	NC_003228	CDS	fig|272559.17.peg.1749	2065979	2066365	+		hypothetical protein	2065979	2066365
272559.17:2017_2025;2027_2033;2045_2072;2076_2079	272559.17	Bacteroides fragilis NCTC 9343 strain ATCC 25285	NC_003228	CDS	fig|272559.17.peg.1764	2075928	2076356	+		hypothetical protein	2075928	2076356
272559.17:2017_2025;2027_2033;2045_2072;2076_2079	272559.17	Bacteroides fragilis NCTC 9343 strain ATCC 25285	NC_003228	CDS	fig|272559.17.peg.1765	2076503	2076796	+		hypothetical protein	2076503	2076796
272559.17:2073_2076	272559.17	Bacteroides fragilis NCTC 9343 strain ATCC 25285	NC_003228	CDS	fig|272559.17.peg.1759	2073101	2073532	+		hypothetical protein	2073101	2073532
272559.17:2073_2076	272559.17	Bacteroides fragilis NCTC 9343 strain ATCC 25285	NC_003228	CDS	fig|272559.17.peg.1760	2073620	2074210	+		hypothetical protein	2073620	2074210
272559.17:2073_2076	272559.17	Bacteroides fragilis NCTC 9343 strain ATCC 25285	NC_003228	CDS	fig|272559.17.peg.1761	2074228	2074446	+		hypothetical protein	2074228	2074446
272559.17:2073_2076	272559.17	Bacteroides fragilis NCTC 9343 strain ATCC 25285	NC_003228	CDS	fig|272559.17.peg.1763	2075322	2075675	+		Transcriptional regulator, HxlR family	2075322	2075675
272559.17:2073_2076	272559.17	Bacteroides fragilis NCTC 9343 strain ATCC 25285	NC_003228	CDS	fig|272559.17.peg.1764	2075928	2076356	+		hypothetical protein	2075928	2076356
272559.17:2036_2038	272559.17	Bacteroides fragilis NCTC 9343 strain ATCC 25285	NC_003228	CDS	fig|272559.17.peg.1709	2035389	2036378	+		hypothetical protein	2035389	2036378
272559.17:2036_2038	272559.17	Bacteroides fragilis NCTC 9343 strain ATCC 25285	NC_003228	CDS	fig|272559.17.peg.1710	2036462	2037367	+		hypothetical protein	2036462	2037367
272559.17:2036_2038	272559.17	Bacteroides fragilis NCTC 9343 strain ATCC 25285	NC_003228	CDS	fig|272559.17.peg.1711	2037443	2038138	+		hypothetical protein	2037443	2038138
272559.17:2038_2039	272559.17	Bacteroides fragilis NCTC 9343 strain ATCC 25285	NC_003228	CDS	fig|272559.17.peg.1711	2037443	2038138	+		hypothetical protein	2037443	2038138
272559.17:2038_2039	272559.17	Bacteroides fragilis NCTC 9343 strain ATCC 25285	NC_003228	CDS	fig|272559.17.peg.1712	2038689	2039366	+		hypothetical protein	2038689	2039366
272559.17:2042_2044	272559.17	Bacteroides fragilis NCTC 9343 strain ATCC 25285	NC_003228	CDS	fig|272559.17.peg.1716	2042120	2042668	+		hypothetical protein	2042120	2042668
272559.17:2042_2044	272559.17	Bacteroides fragilis NCTC 9343 strain ATCC 25285	NC_003228	CDS	fig|272559.17.peg.1717	2042686	2043675	+		hypothetical protein	2042686	2043675
272559.17:2042_2044	272559.17	Bacteroides fragilis NCTC 9343 strain ATCC 25285	NC_003228	CDS	fig|272559.17.peg.1718	2043708	2044202	+		hypothetical protein	2043708	2044202
272559.17:2041_2042	272559.17	Bacteroides fragilis NCTC 9343 strain ATCC 25285	-1	-1	-1	-1	-1	+	-1	-1	-1	-1
272559.17:1788_1789	272559.17	Bacteroides fragilis NCTC 9343 strain ATCC 25285	NC_003228	CDS	fig|272559.17.peg.1492	1788134	1788250	-		hypothetical protein	1788134	1788250
272559.17:1789_1793	272559.17	Bacteroides fragilis NCTC 9343 strain ATCC 25285	NC_003228	CDS	fig|272559.17.peg.1498	1792700	1793365	-		hypothetical protein	1792700	1793365
272559.17:1770_1773	272559.17	Bacteroides fragilis NCTC 9343 strain ATCC 25285	NC_003228	CDS	fig|272559.17.peg.1477	1769824	1771341	-		Cell surface glycan-binding lipoprotein, utilization system for glycans and polysaccharides (PUL), SusD family	1769824	1771341
272559.17:1770_1773	272559.17	Bacteroides fragilis NCTC 9343 strain ATCC 25285	NC_003228	CDS	fig|272559.17.peg.1478	1771472	1774795	-		Outer membrane TonB-dependent transporter, utilization system for glycans and polysaccharides (PUL), SusC family	1771472	1774795
272559.17:1350_1352	272559.17	Bacteroides fragilis NCTC 9343 strain ATCC 25285	NC_003228	CDS	fig|272559.17.peg.1075	1350231	1350425	-		hypothetical protein	1350231	1350425
272559.17:1350_1352	272559.17	Bacteroides fragilis NCTC 9343 strain ATCC 25285	NC_003228	CDS	fig|272559.17.peg.1076	1350431	1350628	-		hypothetical protein	1350431	1350628
272559.17:1390_1392	272559.17	Bacteroides fragilis NCTC 9343 strain ATCC 25285	NC_003228	CDS	fig|272559.17.peg.1106	1389762	1390289	-		hypothetical protein	1389762	1390289
272559.17:1390_1392	272559.17	Bacteroides fragilis NCTC 9343 strain ATCC 25285	NC_003228	CDS	fig|272559.17.peg.1107	1390294	1391505	-		conserved hypothetical protein with relaxase/mobilization nuclease domain	1390294	1391505
272559.17:1390_1392	272559.17	Bacteroides fragilis NCTC 9343 strain ATCC 25285	NC_003228	CDS	fig|272559.17.peg.1108	1391502	1391921	-		hypothetical protein	1391502	1391921
272559.17:1392_1397	272559.17	Bacteroides fragilis NCTC 9343 strain ATCC 25285	NC_003228	CDS	fig|272559.17.peg.1109	1392139	1392264	-		hypothetical protein	1392139	1392264
272559.17:1392_1397	272559.17	Bacteroides fragilis NCTC 9343 strain ATCC 25285	NC_003228	CDS	fig|272559.17.peg.1110	1392236	1393306	-		hypothetical protein	1392236	1393306
272559.17:1392_1397	272559.17	Bacteroides fragilis NCTC 9343 strain ATCC 25285	NC_003228	CDS	fig|272559.17.peg.1111	1393309	1393683	-	xis	Excisionase	1393309	1393683
272559.17:1392_1397	272559.17	Bacteroides fragilis NCTC 9343 strain ATCC 25285	NC_003228	CDS	fig|272559.17.peg.1112	1393784	1394629	-		putative protein involved in transposition	1393784	1394629
272559.17:1392_1397	272559.17	Bacteroides fragilis NCTC 9343 strain ATCC 25285	NC_003228	CDS	fig|272559.17.peg.1113	1394799	1395860	-	int	Integrase	1394799	1395860
272559.17:1392_1397	272559.17	Bacteroides fragilis NCTC 9343 strain ATCC 25285	NC_003228	CDS	fig|272559.17.peg.1114	1396032	1396910	-		Transposase	1396032	1396910
272559.17:1361_1368;1388_1390	272559.17	Bacteroides fragilis NCTC 9343 strain ATCC 25285	NC_003228	CDS	fig|272559.17.peg.1084	1360997	1361152	-		hypothetical protein	1360997	1361152
272559.17:1361_1368;1388_1390	272559.17	Bacteroides fragilis NCTC 9343 strain ATCC 25285	NC_003228	CDS	fig|272559.17.peg.1104	1388788	1389264	-		hypothetical protein	1388788	1389264
272559.17:1361_1368;1388_1390	272559.17	Bacteroides fragilis NCTC 9343 strain ATCC 25285	NC_003228	CDS	fig|272559.17.peg.1106	1389762	1390289	-		hypothetical protein	1389762	1390289
272559.17:1368_1371	272559.17	Bacteroides fragilis NCTC 9343 strain ATCC 25285	NC_003228	CDS	fig|272559.17.peg.1091	1368660	1369427	-		Ser/Thr protein phosphatase family protein	1368660	1369427
272559.17:1368_1371	272559.17	Bacteroides fragilis NCTC 9343 strain ATCC 25285	NC_003228	CDS	fig|272559.17.peg.1092	1369441	1369983	-		hypothetical protein	1369441	1369983
272559.17:1368_1371	272559.17	Bacteroides fragilis NCTC 9343 strain ATCC 25285	NC_003228	CDS	fig|272559.17.peg.1093	1370000	1370581	-		Phosphohydrolase (MutT/nudix family protein)	1370000	1370581
272559.17:4795_4798	272559.17	Bacteroides fragilis NCTC 9343 strain ATCC 25285	NC_003228	CDS	fig|272559.17.peg.4175	4794368	4795207	-		Mobile element protein	4794368	4795207
272559.17:4795_4798	272559.17	Bacteroides fragilis NCTC 9343 strain ATCC 25285	NC_003228	CDS	fig|272559.17.peg.4176	4795316	4795576	-		hypothetical protein	4795316	4795576
272559.17:4795_4798	272559.17	Bacteroides fragilis NCTC 9343 strain ATCC 25285	NC_003228	CDS	fig|272559.17.peg.4177	4795579	4796853	-		hypothetical protein	4795579	4796853
272559.17:4795_4798	272559.17	Bacteroides fragilis NCTC 9343 strain ATCC 25285	NC_003228	CDS	fig|272559.17.peg.4178	4796985	4798526	-		Mobilization protein BmpH	4796985	4798526
272559.17:4791_4793	272559.17	Bacteroides fragilis NCTC 9343 strain ATCC 25285	NC_003228	CDS	fig|272559.17.peg.4168	4791338	4791472	-		hypothetical protein	4791338	4791472
272559.17:4791_4793	272559.17	Bacteroides fragilis NCTC 9343 strain ATCC 25285	NC_003228	CDS	fig|272559.17.peg.4173	4792853	4793608	-		Mobile element protein	4792853	4793608
272559.17:4793_4795	272559.17	Bacteroides fragilis NCTC 9343 strain ATCC 25285	NC_003228	CDS	fig|272559.17.peg.4173	4792853	4793608	-		Mobile element protein	4792853	4793608
272559.17:4793_4795	272559.17	Bacteroides fragilis NCTC 9343 strain ATCC 25285	NC_003228	CDS	fig|272559.17.peg.4174	4793620	4794330	-		hypothetical protein	4793620	4794330
272559.17:4793_4795	272559.17	Bacteroides fragilis NCTC 9343 strain ATCC 25285	NC_003228	CDS	fig|272559.17.peg.4175	4794368	4795207	-		Mobile element protein	4794368	4795207
272559.17:2017_2025;2027_2033;2045_2072;2076_2079	272559.17	Bacteroides fragilis NCTC 9343 strain ATCC 25285	NC_003228	CDS	fig|272559.17.peg.1686	2016670	2017278	-		hypothetical protein	2016670	2017278
272559.17:2017_2025;2027_2033;2045_2072;2076_2079	272559.17	Bacteroides fragilis NCTC 9343 strain ATCC 25285	NC_003228	CDS	fig|272559.17.peg.1687	2017235	2017990	-		hypothetical protein	2017235	2017990
272559.17:2017_2025;2027_2033;2045_2072;2076_2079	272559.17	Bacteroides fragilis NCTC 9343 strain ATCC 25285	NC_003228	CDS	fig|272559.17.peg.1688	2018082	2018210	-		hypothetical protein	2018082	2018210
272559.17:2017_2025;2027_2033;2045_2072;2076_2079	272559.17	Bacteroides fragilis NCTC 9343 strain ATCC 25285	NC_003228	CDS	fig|272559.17.peg.1697	2024402	2024518	-		hypothetical protein	2024402	2024518
272559.17:2017_2025;2027_2033;2045_2072;2076_2079	272559.17	Bacteroides fragilis NCTC 9343 strain ATCC 25285	NC_003228	CDS	fig|272559.17.peg.1701	2026911	2027387	-		hypothetical protein	2026911	2027387
272559.17:2017_2025;2027_2033;2045_2072;2076_2079	272559.17	Bacteroides fragilis NCTC 9343 strain ATCC 25285	NC_003228	CDS	fig|272559.17.peg.1702	2027384	2029486	-	top1	DNA topoisomerase III, Bacteroidales-type (EC 5.99.1.2)	2027384	2029486
272559.17:2017_2025;2027_2033;2045_2072;2076_2079	272559.17	Bacteroides fragilis NCTC 9343 strain ATCC 25285	NC_003228	CDS	fig|272559.17.peg.1703	2029576	2031096	-		Hypothetical protein BF1253	2029576	2031096
272559.17:2017_2025;2027_2033;2045_2072;2076_2079	272559.17	Bacteroides fragilis NCTC 9343 strain ATCC 25285	NC_003228	CDS	fig|272559.17.peg.1721	2045796	2046191	-		hypothetical protein	2045796	2046191
272559.17:2017_2025;2027_2033;2045_2072;2076_2079	272559.17	Bacteroides fragilis NCTC 9343 strain ATCC 25285	NC_003228	CDS	fig|272559.17.peg.1722	2046307	2048313	-		Putative mobilization protein BF0133	2046307	2048313
272559.17:2017_2025;2027_2033;2045_2072;2076_2079	272559.17	Bacteroides fragilis NCTC 9343 strain ATCC 25285	NC_003228	CDS	fig|272559.17.peg.1724	2048522	2048653	-		hypothetical protein	2048522	2048653
272559.17:2017_2025;2027_2033;2045_2072;2076_2079	272559.17	Bacteroides fragilis NCTC 9343 strain ATCC 25285	NC_003228	CDS	fig|272559.17.peg.1725	2048637	2049932	-		Putative conjugative transposon mobilization protein BF0132	2048637	2049932
272559.17:2017_2025;2027_2033;2045_2072;2076_2079	272559.17	Bacteroides fragilis NCTC 9343 strain ATCC 25285	NC_003228	CDS	fig|272559.17.peg.1726	2049929	2050723	-		hypothetical protein clusted with conjugative transposons, BF0131	2049929	2050723
272559.17:2017_2025;2027_2033;2045_2072;2076_2079	272559.17	Bacteroides fragilis NCTC 9343 strain ATCC 25285	NC_003228	CDS	fig|272559.17.peg.1727	2050750	2050884	-		hypothetical protein	2050750	2050884
272559.17:2017_2025;2027_2033;2045_2072;2076_2079	272559.17	Bacteroides fragilis NCTC 9343 strain ATCC 25285	NC_003228	CDS	fig|272559.17.peg.1728	2050933	2051124	-		hypothetical protein	2050933	2051124
272559.17:2017_2025;2027_2033;2045_2072;2076_2079	272559.17	Bacteroides fragilis NCTC 9343 strain ATCC 25285	NC_003228	CDS	fig|272559.17.peg.1748	2065534	2065668	-	radC3	UPF0758 family protein	2065534	2065668
272559.17:2017_2025;2027_2033;2045_2072;2076_2079	272559.17	Bacteroides fragilis NCTC 9343 strain ATCC 25285	NC_003228	CDS	fig|272559.17.peg.1750	2066355	2066510	-		hypothetical protein	2066355	2066510
272559.17:2017_2025;2027_2033;2045_2072;2076_2079	272559.17	Bacteroides fragilis NCTC 9343 strain ATCC 25285	NC_003228	CDS	fig|272559.17.peg.1751	2066518	2067234	-		hypothetical protein	2066518	2067234
272559.17:2017_2025;2027_2033;2045_2072;2076_2079	272559.17	Bacteroides fragilis NCTC 9343 strain ATCC 25285	NC_003228	CDS	fig|272559.17.peg.1752	2067285	2068952	-		Chromosome partitioning protein, ParB family	2067285	2068952
272559.17:2017_2025;2027_2033;2045_2072;2076_2079	272559.17	Bacteroides fragilis NCTC 9343 strain ATCC 25285	NC_003228	CDS	fig|272559.17.peg.1753	2069147	2069695	-		hypothetical protein	2069147	2069695
272559.17:2017_2025;2027_2033;2045_2072;2076_2079	272559.17	Bacteroides fragilis NCTC 9343 strain ATCC 25285	NC_003228	CDS	fig|272559.17.peg.1754	2069707	2069916	-		hypothetical protein	2069707	2069916
272559.17:2017_2025;2027_2033;2045_2072;2076_2079	272559.17	Bacteroides fragilis NCTC 9343 strain ATCC 25285	NC_003228	CDS	fig|272559.17.peg.1755	2069971	2070561	-		hypothetical protein	2069971	2070561
272559.17:2017_2025;2027_2033;2045_2072;2076_2079	272559.17	Bacteroides fragilis NCTC 9343 strain ATCC 25285	NC_003228	CDS	fig|272559.17.peg.1756	2070680	2071615	-		DNA primase TraC	2070680	2071615
272559.17:2017_2025;2027_2033;2045_2072;2076_2079	272559.17	Bacteroides fragilis NCTC 9343 strain ATCC 25285	NC_003228	CDS	fig|272559.17.peg.1757	2071900	2072124	-		hypothetical protein	2071900	2072124
272559.17:2017_2025;2027_2033;2045_2072;2076_2079	272559.17	Bacteroides fragilis NCTC 9343 strain ATCC 25285	NC_003228	CDS	fig|272559.17.peg.1766	2076955	2077212	-		hypothetical protein	2076955	2077212
272559.17:2017_2025;2027_2033;2045_2072;2076_2079	272559.17	Bacteroides fragilis NCTC 9343 strain ATCC 25285	NC_003228	CDS	fig|272559.17.peg.1767	2077209	2078420	-		Integrase protein	2077209	2078420
272559.17:2017_2025;2027_2033;2045_2072;2076_2079	272559.17	Bacteroides fragilis NCTC 9343 strain ATCC 25285	NC_003228	CDS	fig|272559.17.peg.1768	2078757	2080019	-		alpha-L-fucosidase (EC 3.2.1.51)	2078757	2080019
272559.17:2073_2076	272559.17	Bacteroides fragilis NCTC 9343 strain ATCC 25285	NC_003228	CDS	fig|272559.17.peg.1762	2074404	2075198	-		Flavodoxin domain protein	2074404	2075198
272559.17:2025_2027	272559.17	Bacteroides fragilis NCTC 9343 strain ATCC 25285	NC_003228	CDS	fig|272559.17.peg.1699	2025238	2025651	-		hypothetical protein	2025238	2025651
272559.17:2025_2027	272559.17	Bacteroides fragilis NCTC 9343 strain ATCC 25285	NC_003228	CDS	fig|272559.17.peg.1700	2025629	2026678	-		hypothetical protein	2025629	2026678
272559.17:2025_2027	272559.17	Bacteroides fragilis NCTC 9343 strain ATCC 25285	NC_003228	CDS	fig|272559.17.peg.1701	2026911	2027387	-		hypothetical protein	2026911	2027387
301302.3:3530_3531	301302.3	Roseburia faecis	CYXV01000028	CDS	fig|301302.3.peg.3636	9389	10546	-		ISPsy14, transposase	3529628	3530785
357276.1035:1417_1423	357276.1035	Bacteroides dorei strain DSM 17855	CP046176	CDS	fig|357276.1035.peg.1175	1416290	1417492	+		Undecaprenyl-phosphate alpha-N-acetylglucosaminyl 1-phosphate transferase (EC 2.7.8.33)	1416290	1417492
357276.1035:1417_1423	357276.1035	Bacteroides dorei strain DSM 17855	CP046176	CDS	fig|357276.1035.peg.1176	1417536	1418657	+		hypothetical protein	1417536	1418657
357276.1035:1417_1423	357276.1035	Bacteroides dorei strain DSM 17855	CP046176	CDS	fig|357276.1035.peg.1177	1418654	1421767	+		RND efflux system, inner membrane transporter	1418654	1421767
357276.1035:1417_1423	357276.1035	Bacteroides dorei strain DSM 17855	CP046176	CDS	fig|357276.1035.peg.1178	1421768	1423126	+		Efflux transport system, outer membrane factor (OMF) lipoprotein	1421768	1423126
357276.1035:4246_4248;4248_4249	357276.1035	Bacteroides dorei strain DSM 17855	CP046176	CDS	fig|357276.1035.peg.3803	4246749	4248644	+		TPR-repeat-containing protein	4246749	4248644
357276.1035:4246_4248;4248_4249	357276.1035	Bacteroides dorei strain DSM 17855	CP046176	CDS	fig|357276.1035.peg.3803	4246749	4248644	+		TPR-repeat-containing protein	4246749	4248644
357276.1035:4246_4248;4248_4249	357276.1035	Bacteroides dorei strain DSM 17855	CP046176	CDS	fig|357276.1035.peg.3804	4248808	4249221	+		hypothetical protein	4248808	4249221
357276.1035:3565_3567;4086_4088;4088_4090	357276.1035	Bacteroides dorei strain DSM 17855	CP046176	CDS	fig|357276.1035.peg.3265	3564726	3565007	+		hypothetical protein	3564726	3565007
357276.1035:3565_3567;4086_4088;4088_4090	357276.1035	Bacteroides dorei strain DSM 17855	CP046176	CDS	fig|357276.1035.peg.3266	3565004	3565183	+		FIG00412646: hypothetical protein	3565004	3565183
357276.1035:3565_3567;4086_4088;4088_4090	357276.1035	Bacteroides dorei strain DSM 17855	CP046176	CDS	fig|357276.1035.peg.3267	3565257	3566081	+		hypothetical protein	3565257	3566081
357276.1035:3565_3567;4086_4088;4088_4090	357276.1035	Bacteroides dorei strain DSM 17855	CP046176	repeat_region	fig|357276.1035.repeat.64	3566543	3568576	+		repeat region	3566543	3568576
357276.1035:678_680;1519_1520;1520_1522;4249_4251	357276.1035	Bacteroides dorei strain DSM 17855	CP046176	CDS	fig|357276.1035.peg.563	677685	679184	+		Xylan 1,4-beta-xylosidase (EC 3.2.1.37)	677685	679184
357276.1035:678_680;1519_1520;1520_1522;4249_4251	357276.1035	Bacteroides dorei strain DSM 17855	CP046176	CDS	fig|357276.1035.peg.564	679222	680829	+		hypothetical protein	679222	680829
357276.1035:678_680;1519_1520;1520_1522;4249_4251	357276.1035	Bacteroides dorei strain DSM 17855	CP046176	CDS	fig|357276.1035.peg.1297	1519340	1521202	+		Transporter, sodium/sulfate symporter family	1519340	1521202
357276.1035:678_680;1519_1520;1520_1522;4249_4251	357276.1035	Bacteroides dorei strain DSM 17855	CP046176	CDS	fig|357276.1035.peg.1297	1519340	1521202	+		Transporter, sodium/sulfate symporter family	1519340	1521202
357276.1035:678_680;1519_1520;1520_1522;4249_4251	357276.1035	Bacteroides dorei strain DSM 17855	CP046176	CDS	fig|357276.1035.peg.3804	4248808	4249221	+		hypothetical protein	4248808	4249221
357276.1035:678_680;1519_1520;1520_1522;4249_4251	357276.1035	Bacteroides dorei strain DSM 17855	CP046176	CDS	fig|357276.1035.peg.3805	4249256	4249495	+		hypothetical protein	4249256	4249495
357276.1035:678_680;1519_1520;1520_1522;4249_4251	357276.1035	Bacteroides dorei strain DSM 17855	CP046176	CDS	fig|357276.1035.peg.3806	4249528	4250442	+		hypothetical protein	4249528	4250442
357276.1035:678_680;1519_1520;1520_1522;4249_4251	357276.1035	Bacteroides dorei strain DSM 17855	CP046176	CDS	fig|357276.1035.peg.3807	4250439	4252640	+		Bacteriocin/lantibiotic efflux ABC transporter, permease/ATP-binding protein	4250439	4252640
357276.1035:2165_2167;5295_5296;5296_5298;5610_5612	357276.1035	Bacteroides dorei strain DSM 17855	CP046176	CDS	fig|357276.1035.peg.1884	2164898	2165584	+		Methionine synthase activation domain (EC 2.1.1.13)	2164898	2165584
357276.1035:2165_2167;5295_5296;5296_5298;5610_5612	357276.1035	Bacteroides dorei strain DSM 17855	CP046176	CDS	fig|357276.1035.peg.4665	5294877	5296952	+		Raffinose synthase (Sip1 seed imbibition) protein homolog	5294877	5296952
357276.1035:2165_2167;5295_5296;5296_5298;5610_5612	357276.1035	Bacteroides dorei strain DSM 17855	CP046176	CDS	fig|357276.1035.peg.4665	5294877	5296952	+		Raffinose synthase (Sip1 seed imbibition) protein homolog	5294877	5296952
357276.1035:2165_2167;5295_5296;5296_5298;5610_5612	357276.1035	Bacteroides dorei strain DSM 17855	CP046176	CDS	fig|357276.1035.peg.4666	5296971	5298161	+		N-acetylgalactosamine-6-sulfatase	5296971	5298161
357276.1035:2165_2167;5295_5296;5296_5298;5610_5612	357276.1035	Bacteroides dorei strain DSM 17855	CP046176	CDS	fig|357276.1035.peg.4947	5609438	5610625	+		TPR-repeat-containing proteins	5609438	5610625
357276.1035:2165_2167;5295_5296;5296_5298;5610_5612	357276.1035	Bacteroides dorei strain DSM 17855	CP046176	CDS	fig|357276.1035.peg.4948	5610742	5610987	+		FIG00404177: hypothetical protein	5610742	5610987
357276.1035:2165_2167;5295_5296;5296_5298;5610_5612	357276.1035	Bacteroides dorei strain DSM 17855	CP046176	CDS	fig|357276.1035.peg.4949	5611295	5611993	+		hypothetical protein	5611295	5611993
357276.1035:4947_4949;4949_4951;4956_4957;4957_4959;4964_4966	357276.1035	Bacteroides dorei strain DSM 17855	CP046176	CDS	fig|357276.1035.peg.4375	4946822	4951006	+		Two-component system sensor histidine kinase/response regulator hybrid	4946822	4951006
357276.1035:4947_4949;4949_4951;4956_4957;4957_4959;4964_4966	357276.1035	Bacteroides dorei strain DSM 17855	CP046176	CDS	fig|357276.1035.peg.4375	4946822	4951006	+		Two-component system sensor histidine kinase/response regulator hybrid	4946822	4951006
357276.1035:4947_4949;4949_4951;4956_4957;4957_4959;4964_4966	357276.1035	Bacteroides dorei strain DSM 17855	CP046176	CDS	fig|357276.1035.peg.4380	4955458	4958481	+		Outer membrane TonB-dependent transporter, utilization system for glycans and polysaccharides (PUL), SusC family	4955458	4958481
357276.1035:4947_4949;4949_4951;4956_4957;4957_4959;4964_4966	357276.1035	Bacteroides dorei strain DSM 17855	CP046176	CDS	fig|357276.1035.peg.4380	4955458	4958481	+		Outer membrane TonB-dependent transporter, utilization system for glycans and polysaccharides (PUL), SusC family	4955458	4958481
357276.1035:4947_4949;4949_4951;4956_4957;4957_4959;4964_4966	357276.1035	Bacteroides dorei strain DSM 17855	CP046176	CDS	fig|357276.1035.peg.4381	4958502	4960142	+		Cell surface glycan-binding lipoprotein, utilization system for glycans and polysaccharides (PUL), SusD family	4958502	4960142
357276.1035:4947_4949;4949_4951;4956_4957;4957_4959;4964_4966	357276.1035	Bacteroides dorei strain DSM 17855	CP046176	CDS	fig|357276.1035.peg.4384	4963407	4964819	+		glycoside hydrolase, family 28	4963407	4964819
357276.1035:4947_4949;4949_4951;4956_4957;4957_4959;4964_4966	357276.1035	Bacteroides dorei strain DSM 17855	CP046176	CDS	fig|357276.1035.peg.4385	4964822	4967101	+		Alpha-1,2-mannosidase	4964822	4967101
357276.1035:4966_4968;4968_4969	357276.1035	Bacteroides dorei strain DSM 17855	CP046176	CDS	fig|357276.1035.peg.4385	4964822	4967101	+		Alpha-1,2-mannosidase	4964822	4967101
357276.1035:4966_4968;4968_4969	357276.1035	Bacteroides dorei strain DSM 17855	CP046176	CDS	fig|357276.1035.peg.4386	4967108	4968847	+		hypothetical protein	4967108	4968847
357276.1035:4966_4968;4968_4969	357276.1035	Bacteroides dorei strain DSM 17855	CP046176	CDS	fig|357276.1035.peg.4386	4967108	4968847	+		hypothetical protein	4967108	4968847
357276.1035:5079_5081;5081_5083;5138_5140	357276.1035	Bacteroides dorei strain DSM 17855	CP046176	CDS	fig|357276.1035.peg.4462	5078713	5079075	+		hypothetical protein	5078713	5079075
357276.1035:5079_5081;5081_5083;5138_5140	357276.1035	Bacteroides dorei strain DSM 17855	CP046176	CDS	fig|357276.1035.peg.4466	5079991	5080353	+		FIG00936922: hypothetical protein	5079991	5080353
357276.1035:5079_5081;5081_5083;5138_5140	357276.1035	Bacteroides dorei strain DSM 17855	CP046176	CDS	fig|357276.1035.peg.4467	5080357	5080707	+		FIG00938987: hypothetical protein	5080357	5080707
357276.1035:5079_5081;5081_5083;5138_5140	357276.1035	Bacteroides dorei strain DSM 17855	CP046176	CDS	fig|357276.1035.peg.4468	5080728	5082299	+		FIG00937566: hypothetical protein	5080728	5082299
357276.1035:5079_5081;5081_5083;5138_5140	357276.1035	Bacteroides dorei strain DSM 17855	CP046176	CDS	fig|357276.1035.peg.4468	5080728	5082299	+		FIG00937566: hypothetical protein	5080728	5082299
357276.1035:5079_5081;5081_5083;5138_5140	357276.1035	Bacteroides dorei strain DSM 17855	CP046176	CDS	fig|357276.1035.peg.4469	5082360	5084447	+	topB	DNA topoisomerase III, Bacteroidales-type (EC 5.99.1.2)	5082360	5084447
357276.1035:5079_5081;5081_5083;5138_5140	357276.1035	Bacteroides dorei strain DSM 17855	CP046176	CDS	fig|357276.1035.peg.4537	5135250	5140415	+		Putative DNA methylase	5135250	5140415
357276.1035:52_54;54_55;55_57;64_65;65_67;67_69	357276.1035	Bacteroides dorei strain DSM 17855	CP046176	CDS	fig|357276.1035.peg.45	51685	54888	+		Oar protein	51685	54888
357276.1035:52_54;54_55;55_57;64_65;65_67;67_69	357276.1035	Bacteroides dorei strain DSM 17855	CP046176	CDS	fig|357276.1035.peg.45	51685	54888	+		Oar protein	51685	54888
357276.1035:52_54;54_55;55_57;64_65;65_67;67_69	357276.1035	Bacteroides dorei strain DSM 17855	CP046176	CDS	fig|357276.1035.peg.46	54916	55692	+		Glycerophosphoryl diester phosphodiesterase (EC 3.1.4.46)	54916	55692
357276.1035:52_54;54_55;55_57;64_65;65_67;67_69	357276.1035	Bacteroides dorei strain DSM 17855	CP046176	CDS	fig|357276.1035.peg.46	54916	55692	+		Glycerophosphoryl diester phosphodiesterase (EC 3.1.4.46)	54916	55692
357276.1035:52_54;54_55;55_57;64_65;65_67;67_69	357276.1035	Bacteroides dorei strain DSM 17855	CP046176	CDS	fig|357276.1035.peg.47	55769	56425	+		FIG00407436: hypothetical protein	55769	56425
357276.1035:52_54;54_55;55_57;64_65;65_67;67_69	357276.1035	Bacteroides dorei strain DSM 17855	CP046176	CDS	fig|357276.1035.peg.55	63827	67048	+		Outer membrane TonB-dependent transporter, utilization system for glycans and polysaccharides (PUL), SusC family	63827	67048
357276.1035:52_54;54_55;55_57;64_65;65_67;67_69	357276.1035	Bacteroides dorei strain DSM 17855	CP046176	CDS	fig|357276.1035.peg.55	63827	67048	+		Outer membrane TonB-dependent transporter, utilization system for glycans and polysaccharides (PUL), SusC family	63827	67048
357276.1035:52_54;54_55;55_57;64_65;65_67;67_69	357276.1035	Bacteroides dorei strain DSM 17855	CP046176	CDS	fig|357276.1035.peg.55	63827	67048	+		Outer membrane TonB-dependent transporter, utilization system for glycans and polysaccharides (PUL), SusC family	63827	67048
357276.1035:52_54;54_55;55_57;64_65;65_67;67_69	357276.1035	Bacteroides dorei strain DSM 17855	CP046176	CDS	fig|357276.1035.peg.56	67053	68915	+		Cell surface glycan-binding lipoprotein, utilization system for glycans and polysaccharides (PUL), SusD family	67053	68915
357276.1035:52_54;54_55;55_57;64_65;65_67;67_69	357276.1035	Bacteroides dorei strain DSM 17855	CP046176	CDS	fig|357276.1035.peg.57	68939	70513	+		Mucin-desulfating sulfatase	68939	70513
357276.1035:254_256;257_259;4892_4894	357276.1035	Bacteroides dorei strain DSM 17855	CP046176	CDS	fig|357276.1035.peg.4308	4891372	4892649	+		O-acetylhomoserine sulfhydrylase (EC 2.5.1.49) @ O-succinylhomoserine sulfhydrylase (EC 2.5.1.48)	4891372	4892649
357276.1035:254_256;257_259;4892_4894	357276.1035	Bacteroides dorei strain DSM 17855	CP046176	CDS	fig|357276.1035.peg.4309	4892660	4893388	+		3-oxoacyl-[acyl-carrier protein] reductase paralog (EC 1.1.1.100)	4892660	4893388
357276.1035:254_256;257_259;4892_4894	357276.1035	Bacteroides dorei strain DSM 17855	CP046176	CDS	fig|357276.1035.peg.4310	4893725	4894210	+		hypothetical protein	4893725	4894210
357276.1035:1433_1435	357276.1035	Bacteroides dorei strain DSM 17855	CP046176	CDS	fig|357276.1035.peg.1192	1433263	1433394	+		hypothetical protein	1433263	1433394
357276.1035:1433_1435	357276.1035	Bacteroides dorei strain DSM 17855	CP046176	CDS	fig|357276.1035.peg.1194	1434983	1435471	+		Glutamine--fructose-6-phosphate aminotransferase [isomerizing] (EC 2.6.1.16)	1434983	1435471
357276.1035:1424_1426	357276.1035	Bacteroides dorei strain DSM 17855	CP046176	CDS	fig|357276.1035.peg.1181	1425450	1426667	+	mef(A)	Macrolide resistance, MFS efflux pump => Mef(A)	1425450	1426667
357276.1035:4731_4732;4732_4734;4734_4735;4735_4737;4739_4741	357276.1035	Bacteroides dorei strain DSM 17855	CP046176	CDS	fig|357276.1035.peg.4152	4732157	4733020	+		DNA primase, TraP-type	4732157	4733020
357276.1035:4731_4732;4732_4734;4734_4735;4735_4737;4739_4741	357276.1035	Bacteroides dorei strain DSM 17855	CP046176	CDS	fig|357276.1035.peg.4157	4734921	4735061	+		hypothetical protein	4734921	4735061
357276.1035:4731_4732;4732_4734;4734_4735;4735_4737;4739_4741	357276.1035	Bacteroides dorei strain DSM 17855	CP046176	CDS	fig|357276.1035.peg.4157	4734921	4735061	+		hypothetical protein	4734921	4735061
357276.1035:4731_4732;4732_4734;4734_4735;4735_4737;4739_4741	357276.1035	Bacteroides dorei strain DSM 17855	CP046176	CDS	fig|357276.1035.peg.4158	4735052	4735882	+		hypothetical protein	4735052	4735882
357276.1035:4731_4732;4732_4734;4734_4735;4735_4737;4739_4741	357276.1035	Bacteroides dorei strain DSM 17855	CP046176	CDS	fig|357276.1035.peg.4160	4736121	4736414	+		hypothetical protein	4736121	4736414
357276.1035:4731_4732;4732_4734;4734_4735;4735_4737;4739_4741	357276.1035	Bacteroides dorei strain DSM 17855	CP046176	CDS	fig|357276.1035.peg.4161	4736444	4736626	+		NYN domain-containing protein	4736444	4736626
357276.1035:4888_4890	357276.1035	Bacteroides dorei strain DSM 17855	CP046176	CDS	fig|357276.1035.peg.4303	4887516	4888271	+		Creatinine amidohydrolase (EC 3.5.2.10)	4887516	4888271
357276.1035:4888_4890	357276.1035	Bacteroides dorei strain DSM 17855	CP046176	CDS	fig|357276.1035.peg.4304	4888480	4888746	+		hypothetical protein	4888480	4888746
357276.1035:4888_4890	357276.1035	Bacteroides dorei strain DSM 17855	CP046176	CDS	fig|357276.1035.peg.4305	4888862	4890016	+		hypothetical protein	4888862	4890016
357276.1035:1230_1232	357276.1035	Bacteroides dorei strain DSM 17855	CP046176	CDS	fig|357276.1035.peg.991	1230878	1231117	+		hypothetical protein	1230878	1231117
357276.1035:3570_3572;3572_3573	357276.1035	Bacteroides dorei strain DSM 17855	CP046176	CDS	fig|357276.1035.peg.3272	3569735	3570055	-		hypothetical protein	3569735	3570055
357276.1035:3570_3572;3572_3573	357276.1035	Bacteroides dorei strain DSM 17855	CP046176	CDS	fig|357276.1035.peg.3273	3570234	3570503	-		ISPsy5, transposase	3570234	3570503
357276.1035:3570_3572;3572_3573	357276.1035	Bacteroides dorei strain DSM 17855	CP046176	CDS	fig|357276.1035.peg.3274	3570533	3572026	-		hypothetical protein	3570533	3572026
357276.1035:3570_3572;3572_3573	357276.1035	Bacteroides dorei strain DSM 17855	CP046176	CDS	fig|357276.1035.peg.3274	3570533	3572026	-		hypothetical protein	3570533	3572026
357276.1035:3570_3572;3572_3573	357276.1035	Bacteroides dorei strain DSM 17855	CP046176	CDS	fig|357276.1035.peg.3275	3572099	3572434	-		hypothetical protein	3572099	3572434
357276.1035:3570_3572;3572_3573	357276.1035	Bacteroides dorei strain DSM 17855	CP046176	CDS	fig|357276.1035.peg.3276	3572428	3572790	-		hypothetical protein	3572428	3572790
357276.1035:3570_3572;3572_3573	357276.1035	Bacteroides dorei strain DSM 17855	CP046176	CDS	fig|357276.1035.peg.3277	3572880	3573761	-		hypothetical protein	3572880	3573761
357276.1035:4246_4248;4248_4249	357276.1035	Bacteroides dorei strain DSM 17855	CP046176	CDS	fig|357276.1035.peg.3802	4245746	4246549	-		hypothetical protein	4245746	4246549
357276.1035:3565_3567;4086_4088;4088_4090	357276.1035	Bacteroides dorei strain DSM 17855	CP046176	tRNA	fig|357276.1035.rna.71	3566109	3566181	-		tRNA-Thr	3566109	3566181
357276.1035:3565_3567;4086_4088;4088_4090	357276.1035	Bacteroides dorei strain DSM 17855	CP046176	CDS	fig|357276.1035.peg.3268	3566543	3568903	-		Putative helicase	3566543	3568903
357276.1035:3565_3567;4086_4088;4088_4090	357276.1035	Bacteroides dorei strain DSM 17855	CP046176	CDS	fig|357276.1035.peg.3677	4085270	4087246	-		Cell surface glycan-binding lipoprotein, utilization system for glycans and polysaccharides (PUL), SusD family	4085270	4087246
357276.1035:3565_3567;4086_4088;4088_4090	357276.1035	Bacteroides dorei strain DSM 17855	CP046176	CDS	fig|357276.1035.peg.3678	4087265	4090447	-		Outer membrane TonB-dependent transporter, utilization system for glycans and polysaccharides (PUL), SusC family	4087265	4090447
357276.1035:3565_3567;4086_4088;4088_4090	357276.1035	Bacteroides dorei strain DSM 17855	CP046176	CDS	fig|357276.1035.peg.3678	4087265	4090447	-		Outer membrane TonB-dependent transporter, utilization system for glycans and polysaccharides (PUL), SusC family	4087265	4090447
357276.1035:678_680;1519_1520;1520_1522;4249_4251	357276.1035	Bacteroides dorei strain DSM 17855	CP046176	CDS	fig|357276.1035.peg.1296	1518744	1519151	-		1,4-dihydroxy-2-naphthoyl-CoA hydrolase (EC 3.1.2.28) in menaquinone biosynthesis	1518744	1519151
357276.1035:678_680;1519_1520;1520_1522;4249_4251	357276.1035	Bacteroides dorei strain DSM 17855	CP046176	CDS	fig|357276.1035.peg.1298	1521165	1522520	-		hypothetical protein	1521165	1522520
357276.1035:2165_2167;5295_5296;5296_5298;5610_5612	357276.1035	Bacteroides dorei strain DSM 17855	CP046176	CDS	fig|357276.1035.peg.1885	2165876	2167447	-		Sodium/glucose cotransporter 1	2165876	2167447
357276.1035:5079_5081;5081_5083;5138_5140	357276.1035	Bacteroides dorei strain DSM 17855	CP046176	CDS	fig|357276.1035.peg.4463	5079153	5079458	-		hypothetical protein	5079153	5079458
357276.1035:5079_5081;5081_5083;5138_5140	357276.1035	Bacteroides dorei strain DSM 17855	CP046176	CDS	fig|357276.1035.peg.4464	5079490	5079789	-		FIG00938698: hypothetical protein	5079490	5079789
357276.1035:5079_5081;5081_5083;5138_5140	357276.1035	Bacteroides dorei strain DSM 17855	CP046176	CDS	fig|357276.1035.peg.4465	5079795	5079992	-		hypothetical protein	5079795	5079992
357276.1035:52_54;54_55;55_57;64_65;65_67;67_69	357276.1035	Bacteroides dorei strain DSM 17855	CP046176	CDS	fig|357276.1035.peg.48	56490	57755	-		hypothetical protein	56490	57755
357276.1035:254_256;257_259;4892_4894	357276.1035	Bacteroides dorei strain DSM 17855	CP046176	CDS	fig|357276.1035.peg.213	252586	254667	-		Cell surface alpha-amylase, utilization system for glycans and polysaccharides (PUL), SusG family (EC 3.2.1.1)	252586	254667
357276.1035:254_256;257_259;4892_4894	357276.1035	Bacteroides dorei strain DSM 17855	CP046176	CDS	fig|357276.1035.peg.214	254799	256214	-		hypothetical protein	254799	256214
357276.1035:254_256;257_259;4892_4894	357276.1035	Bacteroides dorei strain DSM 17855	CP046176	CDS	fig|357276.1035.peg.215	256237	257394	-		hypothetical protein	256237	257394
357276.1035:254_256;257_259;4892_4894	357276.1035	Bacteroides dorei strain DSM 17855	CP046176	CDS	fig|357276.1035.peg.216	257431	259053	-		Cell surface glycan-binding lipoprotein, utilization system for glycans and polysaccharides (PUL), SusD family	257431	259053
357276.1035:352_354	357276.1035	Bacteroides dorei strain DSM 17855	CP046176	CDS	fig|357276.1035.peg.301	351311	352429	-		hypothetical protein	351311	352429
357276.1035:352_354	357276.1035	Bacteroides dorei strain DSM 17855	CP046176	CDS	fig|357276.1035.peg.302	352455	353678	-		Integrase	352455	353678
357276.1035:1432_1433	357276.1035	Bacteroides dorei strain DSM 17855	CP046176	CDS	fig|357276.1035.peg.1190	1432226	1432528	-		hypothetical protein	1432226	1432528
357276.1035:1432_1433	357276.1035	Bacteroides dorei strain DSM 17855	CP046176	CDS	fig|357276.1035.peg.1191	1432766	1433260	-		hypothetical protein	1432766	1433260
357276.1035:1433_1435	357276.1035	Bacteroides dorei strain DSM 17855	CP046176	CDS	fig|357276.1035.peg.1191	1432766	1433260	-		hypothetical protein	1432766	1433260
357276.1035:1433_1435	357276.1035	Bacteroides dorei strain DSM 17855	CP046176	CDS	fig|357276.1035.peg.1193	1433548	1434834	-		Transposase	1433548	1434834
357276.1035:1424_1426	357276.1035	Bacteroides dorei strain DSM 17855	CP046176	CDS	fig|357276.1035.peg.1180	1424013	1425242	-		Transposase	1424013	1425242
357276.1035:275_277;277_278	357276.1035	Bacteroides dorei strain DSM 17855	CP046176	CDS	fig|357276.1035.peg.227	274736	275014	-		hypothetical protein	274736	275014
357276.1035:275_277;277_278	357276.1035	Bacteroides dorei strain DSM 17855	CP046176	CDS	fig|357276.1035.peg.228	275014	275136	-		hypothetical protein	275014	275136
357276.1035:275_277;277_278	357276.1035	Bacteroides dorei strain DSM 17855	CP046176	CDS	fig|357276.1035.peg.229	275148	275393	-		hypothetical protein	275148	275393
357276.1035:275_277;277_278	357276.1035	Bacteroides dorei strain DSM 17855	CP046176	CDS	fig|357276.1035.peg.230	275533	278016	-		hypothetical protein	275533	278016
357276.1035:275_277;277_278	357276.1035	Bacteroides dorei strain DSM 17855	CP046176	CDS	fig|357276.1035.peg.230	275533	278016	-		hypothetical protein	275533	278016
357276.1035:4731_4732;4732_4734;4734_4735;4735_4737;4739_4741	357276.1035	Bacteroides dorei strain DSM 17855	CP046176	CDS	fig|357276.1035.peg.4151	4731052	4731693	-		hypothetical protein	4731052	4731693
357276.1035:4731_4732;4732_4734;4734_4735;4735_4737;4739_4741	357276.1035	Bacteroides dorei strain DSM 17855	CP046176	CDS	fig|357276.1035.peg.4153	4733121	4733900	-		hypothetical protein	4733121	4733900
357276.1035:4731_4732;4732_4734;4734_4735;4735_4737;4739_4741	357276.1035	Bacteroides dorei strain DSM 17855	CP046176	CDS	fig|357276.1035.peg.4154	4734074	4734208	-		hypothetical protein	4734074	4734208
357276.1035:4731_4732;4732_4734;4734_4735;4735_4737;4739_4741	357276.1035	Bacteroides dorei strain DSM 17855	CP046176	CDS	fig|357276.1035.peg.4155	4734249	4734551	-		hypothetical protein	4734249	4734551
357276.1035:4731_4732;4732_4734;4734_4735;4735_4737;4739_4741	357276.1035	Bacteroides dorei strain DSM 17855	CP046176	CDS	fig|357276.1035.peg.4156	4734548	4734841	-		hypothetical protein	4734548	4734841
357276.1035:4731_4732;4732_4734;4734_4735;4735_4737;4739_4741	357276.1035	Bacteroides dorei strain DSM 17855	CP046176	CDS	fig|357276.1035.peg.4159	4735970	4736122	-		hypothetical protein	4735970	4736122
357276.1035:4731_4732;4732_4734;4734_4735;4735_4737;4739_4741	357276.1035	Bacteroides dorei strain DSM 17855	CP046176	CDS	fig|357276.1035.peg.4162	4736640	4737095	-		hypothetical protein	4736640	4737095
357276.1035:4731_4732;4732_4734;4734_4735;4735_4737;4739_4741	357276.1035	Bacteroides dorei strain DSM 17855	CP046176	CDS	fig|357276.1035.peg.4164	4738130	4739056	-		hypothetical protein	4738130	4739056
357276.1035:4731_4732;4732_4734;4734_4735;4735_4737;4739_4741	357276.1035	Bacteroides dorei strain DSM 17855	CP046176	CDS	fig|357276.1035.peg.4165	4739216	4739995	-		ThiF family protein, ubiquitin-activating enzyme	4739216	4739995
357276.1035:4731_4732;4732_4734;4734_4735;4735_4737;4739_4741	357276.1035	Bacteroides dorei strain DSM 17855	CP046176	CDS	fig|357276.1035.peg.4166	4739992	4740717	-		hypothetical protein	4739992	4740717
357276.1035:4731_4732;4732_4734;4734_4735;4735_4737;4739_4741	357276.1035	Bacteroides dorei strain DSM 17855	CP046176	CDS	fig|357276.1035.peg.4167	4740704	4741468	-		hypothetical protein	4740704	4741468
357276.1035:3569_3570	357276.1035	Bacteroides dorei strain DSM 17855	CP046176	CDS	fig|357276.1035.peg.3269	3569009	3569128	-		hypothetical protein	3569009	3569128
357276.1035:3569_3570	357276.1035	Bacteroides dorei strain DSM 17855	CP046176	CDS	fig|357276.1035.peg.3270	3569342	3569491	-		UPF0332 protein MJ0605	3569342	3569491
357276.1035:3569_3570	357276.1035	Bacteroides dorei strain DSM 17855	CP046176	CDS	fig|357276.1035.peg.3271	3569493	3569744	-		UPF0332 protein MJ0605	3569493	3569744
357276.1035:3569_3570	357276.1035	Bacteroides dorei strain DSM 17855	CP046176	CDS	fig|357276.1035.peg.3272	3569735	3570055	-		hypothetical protein	3569735	3570055
357276.1035:3467_3469;3469_3471	357276.1035	Bacteroides dorei strain DSM 17855	CP046176	CDS	fig|357276.1035.peg.3179	3466185	3467477	-		Putative O-antigen synthesis protein, WbyH	3466185	3467477
357276.1035:3467_3469;3469_3471	357276.1035	Bacteroides dorei strain DSM 17855	CP046176	CDS	fig|357276.1035.peg.3180	3467464	3468375	-		UDP-glucose 4-epimerase (EC 5.1.3.2)	3467464	3468375
357276.1035:3467_3469;3469_3471	357276.1035	Bacteroides dorei strain DSM 17855	CP046176	CDS	fig|357276.1035.peg.3181	3468389	3468820	-		dTDP-4-dehydrorhamnose 3,5-epimerase (EC 5.1.3.13)	3468389	3468820
357276.1035:3467_3469;3469_3471	357276.1035	Bacteroides dorei strain DSM 17855	CP046176	CDS	fig|357276.1035.peg.3182	3468820	3469920	-	rfbG	dTDP-glucose 4,6-dehydratase (EC 4.2.1.46)	3468820	3469920
357276.1035:3467_3469;3469_3471	357276.1035	Bacteroides dorei strain DSM 17855	CP046176	CDS	fig|357276.1035.peg.3182	3468820	3469920	-	rfbG	dTDP-glucose 4,6-dehydratase (EC 4.2.1.46)	3468820	3469920
357276.1035:3467_3469;3469_3471	357276.1035	Bacteroides dorei strain DSM 17855	CP046176	CDS	fig|357276.1035.peg.3183	3469940	3470713	-	rfbF	Glucose-1-phosphate cytidylyltransferase (EC 2.7.7.33)	3469940	3470713
357276.1035:3467_3469;3469_3471	357276.1035	Bacteroides dorei strain DSM 17855	CP046176	CDS	fig|357276.1035.peg.3184	3470723	3471967	-		hypothetical protein	3470723	3471967
357276.1035:1230_1232	357276.1035	Bacteroides dorei strain DSM 17855	CP046176	CDS	fig|357276.1035.peg.989	1229984	1230088	-		hypothetical protein	1229984	1230088
357276.1035:1230_1232	357276.1035	Bacteroides dorei strain DSM 17855	CP046176	CDS	fig|357276.1035.peg.990	1230124	1230597	-		hypothetical protein	1230124	1230597
357276.1035:1230_1232	357276.1035	Bacteroides dorei strain DSM 17855	CP046176	CDS	fig|357276.1035.peg.992	1231226	1233232	-		hypothetical protein	1231226	1233232
435590.9:4554_4556	435590.9	Bacteroides vulgatus ATCC 8482	NC_009614	CDS	fig|435590.9.peg.3784	4554904	4555542	+		hypothetical protein	4554904	4555542
435590.9:4554_4556	435590.9	Bacteroides vulgatus ATCC 8482	NC_009614	CDS	fig|435590.9.peg.3783	4554363	4554884	-		Type I restriction-modification system, specificity subunit S	4554363	4554884
435590.9:4554_4556	435590.9	Bacteroides vulgatus ATCC 8482	NC_009614	CDS	fig|435590.9.peg.3785	4555535	4556611	-		Type I restriction-modification system, specificity subunit S	4555535	4556611
449673.7:1313_1315	449673.7	Bacteroides stercoris ATCC 43183	NZ_DS499672	CDS	fig|449673.7.peg.1181	336827	337669	+		hypothetical protein	1312185	1313027
449673.7:1313_1315	449673.7	Bacteroides stercoris ATCC 43183	NZ_DS499672	CDS	fig|449673.7.peg.1182	337759	338526	+		hypothetical protein	1313117	1313884
449673.7:684_686	449673.7	Bacteroides stercoris ATCC 43183	NZ_DS499670	CDS	fig|449673.7.peg.614	25536	26396	+		putative type IIS restriction/modification enzyme	685445	686305
449673.7:1313_1315	449673.7	Bacteroides stercoris ATCC 43183	NZ_DS499672	CDS	fig|449673.7.peg.1183	338580	339842	-		Mobilization protein BmpH	1313938	1315200
449673.7:684_686	449673.7	Bacteroides stercoris ATCC 43183	NZ_DS499670	CDS	fig|449673.7.peg.612	23992	24114	-		hypothetical protein	683901	684023
449673.7:684_686	449673.7	Bacteroides stercoris ATCC 43183	NZ_DS499670	CDS	fig|449673.7.peg.613	25182	25565	-		hypothetical protein	685091	685474
536231.75:2200_2202	536231.75	Roseburia intestinalis L1-82	LR027880	CDS	fig|536231.75.peg.2143	2199379	2200089	-	yehT_2	Two-component transcriptional response regulator, LuxR family	2199379	2200089
536231.75:2200_2202	536231.75	Roseburia intestinalis L1-82	LR027880	CDS	fig|536231.75.peg.2144	2200477	2201781	-		Mobile element protein	2200477	2201781
537011.437:356_357	537011.437	Prevotella copri DSM 18205 strain FDAARGOS_1573	CP085932	CDS	fig|537011.437.peg.312	355974	357110	+		hypothetical protein	355974	357110
649756.3254:1284_1285;1289_1290	649756.3254	Anaerostipes hadrus BA1	CP132968	CDS	fig|649756.3254.peg.1264	1283715	1284074	+		Cadmium efflux system accessory protein	1283715	1284074
649756.3254:1284_1285;1289_1290	649756.3254	Anaerostipes hadrus BA1	CP132968	CDS	fig|649756.3254.peg.1265	1284134	1286488	+		Lead, cadmium, zinc and mercury transporting ATPase (EC 3.6.3.3) (EC 3.6.3.5); Copper-translocating P-type ATPase (EC 3.6.3.4)	1284134	1286488
649756.3254:1284_1285;1289_1290	649756.3254	Anaerostipes hadrus BA1	CP132968	CDS	fig|649756.3254.peg.1268	1287570	1289114	+		hypothetical protein	1287570	1289114
649756.3254:1284_1285;1289_1290	649756.3254	Anaerostipes hadrus BA1	CP132968	CDS	fig|649756.3254.peg.1269	1289120	1289821	+		hypothetical protein	1289120	1289821
649756.3254:1284_1285;1289_1290	649756.3254	Anaerostipes hadrus BA1	CP132968	CDS	fig|649756.3254.peg.1270	1289958	1290257	+		hypothetical protein	1289958	1290257
649756.3254:1290_1291	649756.3254	Anaerostipes hadrus BA1	CP132968	CDS	fig|649756.3254.peg.1270	1289958	1290257	+		hypothetical protein	1289958	1290257
649756.3254:1290_1291	649756.3254	Anaerostipes hadrus BA1	CP132968	CDS	fig|649756.3254.peg.1271	1290330	1290716	+		ABC transporter permease	1290330	1290716
649756.3254:1287_1288	649756.3254	Anaerostipes hadrus BA1	CP132968	CDS	fig|649756.3254.peg.1266	1286505	1287023	+		hypothetical protein	1286505	1287023
649756.3254:1287_1288	649756.3254	Anaerostipes hadrus BA1	CP132968	CDS	fig|649756.3254.peg.1267	1287034	1287573	+		hypothetical protein	1287034	1287573
649756.3254:1287_1288	649756.3254	Anaerostipes hadrus BA1	CP132968	CDS	fig|649756.3254.peg.1268	1287570	1289114	+		hypothetical protein	1287570	1289114
649756.3254:1280_1281	649756.3254	Anaerostipes hadrus BA1	CP132968	CDS	fig|649756.3254.peg.1260	1280132	1280602	+	tnpA	hypothetical protein	1280132	1280602
649756.3254:310_311	649756.3254	Anaerostipes hadrus BA1	CP132968	CDS	fig|649756.3254.peg.283	309710	310549	+		oxidoreductase of aldo/keto reductase family, subgroup 1	309710	310549
649756.3254:310_311	649756.3254	Anaerostipes hadrus BA1	CP132968	repeat_region	fig|649756.3254.repeat.13	309719	310598	+		repeat region	309719	310598
649756.3254:311_312	649756.3254	Anaerostipes hadrus BA1	CP132968	CDS	fig|649756.3254.peg.285	311315	311647	+		hypothetical protein	311315	311647
649756.3254:311_312	649756.3254	Anaerostipes hadrus BA1	CP132968	CDS	fig|649756.3254.peg.286	311710	312618	+		hypothetical protein	311710	312618
649756.3254:1264_1265	649756.3254	Anaerostipes hadrus BA1	CP132968	CDS	fig|649756.3254.peg.1243	1263194	1264033	+		oxidoreductase of aldo/keto reductase family, subgroup 1	1263194	1264033
649756.3254:1264_1265	649756.3254	Anaerostipes hadrus BA1	CP132968	repeat_region	fig|649756.3254.repeat.52	1263203	1264082	+		repeat region	1263203	1264082
649756.3254:1264_1265	649756.3254	Anaerostipes hadrus BA1	CP132968	tRNA	fig|649756.3254.rna.53	1264696	1264769	+		tRNA-Arg	1264696	1264769
649756.3254:1265_1266	649756.3254	Anaerostipes hadrus BA1	CP132968	CDS	fig|649756.3254.peg.1244	1265192	1266028	+		hypothetical protein	1265192	1266028
649756.3254:308_310;1261_1264	649756.3254	Anaerostipes hadrus BA1	CP132968	repeat_region	fig|649756.3254.repeat.12	307542	309659	+		repeat region	307542	309659
649756.3254:308_310;1261_1264	649756.3254	Anaerostipes hadrus BA1	CP132968	CDS	fig|649756.3254.peg.279	307730	308227	+		hypothetical protein	307730	308227
649756.3254:308_310;1261_1264	649756.3254	Anaerostipes hadrus BA1	CP132968	CDS	fig|649756.3254.peg.280	308244	308627	+		Transcriptional regulator, MerR family	308244	308627
649756.3254:308_310;1261_1264	649756.3254	Anaerostipes hadrus BA1	CP132968	CDS	fig|649756.3254.peg.281	308633	309139	+		hypothetical protein	308633	309139
649756.3254:308_310;1261_1264	649756.3254	Anaerostipes hadrus BA1	CP132968	CDS	fig|649756.3254.peg.282	309151	309705	+		hypothetical protein	309151	309705
649756.3254:308_310;1261_1264	649756.3254	Anaerostipes hadrus BA1	CP132968	CDS	fig|649756.3254.peg.283	309710	310549	+		oxidoreductase of aldo/keto reductase family, subgroup 1	309710	310549
649756.3254:308_310;1261_1264	649756.3254	Anaerostipes hadrus BA1	CP132968	repeat_region	fig|649756.3254.repeat.13	309719	310598	+		repeat region	309719	310598
649756.3254:308_310;1261_1264	649756.3254	Anaerostipes hadrus BA1	CP132968	CDS	fig|649756.3254.peg.1238	1260908	1261048	+		hypothetical protein	1260908	1261048
649756.3254:308_310;1261_1264	649756.3254	Anaerostipes hadrus BA1	CP132968	repeat_region	fig|649756.3254.repeat.51	1261145	1263143	+		repeat region	1261145	1263143
649756.3254:308_310;1261_1264	649756.3254	Anaerostipes hadrus BA1	CP132968	CDS	fig|649756.3254.peg.1239	1261214	1261711	+		hypothetical protein	1261214	1261711
649756.3254:308_310;1261_1264	649756.3254	Anaerostipes hadrus BA1	CP132968	CDS	fig|649756.3254.peg.1240	1261728	1262111	+		Transcriptional regulator, MerR family	1261728	1262111
649756.3254:308_310;1261_1264	649756.3254	Anaerostipes hadrus BA1	CP132968	CDS	fig|649756.3254.peg.1241	1262117	1262623	+		hypothetical protein	1262117	1262623
649756.3254:308_310;1261_1264	649756.3254	Anaerostipes hadrus BA1	CP132968	CDS	fig|649756.3254.peg.1242	1262635	1263189	+		hypothetical protein	1262635	1263189
649756.3254:308_310;1261_1264	649756.3254	Anaerostipes hadrus BA1	CP132968	CDS	fig|649756.3254.peg.1243	1263194	1264033	+		oxidoreductase of aldo/keto reductase family, subgroup 1	1263194	1264033
649756.3254:308_310;1261_1264	649756.3254	Anaerostipes hadrus BA1	CP132968	repeat_region	fig|649756.3254.repeat.52	1263203	1264082	+		repeat region	1263203	1264082
649756.3254:1268_1269	649756.3254	Anaerostipes hadrus BA1	CP132968	CDS	fig|649756.3254.peg.1247	1267819	1268607	+		hypothetical protein	1267819	1268607
649756.3254:1268_1269	649756.3254	Anaerostipes hadrus BA1	CP132968	repeat_region	fig|649756.3254.repeat.53	1268307	1268430	+		repeat region	1268307	1268430
649756.3254:1268_1269	649756.3254	Anaerostipes hadrus BA1	CP132968	CDS	fig|649756.3254.peg.1248	1268617	1268913	+		hypothetical protein	1268617	1268913
649756.3254:1268_1269	649756.3254	Anaerostipes hadrus BA1	CP132968	CDS	fig|649756.3254.peg.1249	1268927	1269325	+		hypothetical protein	1268927	1269325
649756.3254:409_410;1066_1067	649756.3254	Anaerostipes hadrus BA1	CP132968	repeat_region	fig|649756.3254.repeat.17	409003	410719	+		repeat region	409003	410719
649756.3254:409_410;1066_1067	649756.3254	Anaerostipes hadrus BA1	CP132968	repeat_region	fig|649756.3254.repeat.41	1065873	1067589	+		repeat region	1065873	1067589
649756.3254:2491_2493	649756.3254	Anaerostipes hadrus BA1	CP132968	repeat_region	fig|649756.3254.repeat.82	2490645	2491075	+		repeat region	2490645	2491075
649756.3254:2491_2493	649756.3254	Anaerostipes hadrus BA1	CP132968	CDS	fig|649756.3254.peg.2403	2490661	2491122	+		hypothetical protein	2490661	2491122
649756.3254:2491_2493	649756.3254	Anaerostipes hadrus BA1	CP132968	CDS	fig|649756.3254.peg.2404	2491148	2492404	+		hypothetical protein	2491148	2492404
649756.3254:1266_1268	649756.3254	Anaerostipes hadrus BA1	CP132968	CDS	fig|649756.3254.peg.1244	1265192	1266028	+		hypothetical protein	1265192	1266028
649756.3254:1266_1268	649756.3254	Anaerostipes hadrus BA1	CP132968	CDS	fig|649756.3254.peg.1245	1266076	1266861	+		Chromosome (plasmid) partitioning protein ParA / Sporulation initiation inhibitor protein Soj	1266076	1266861
649756.3254:1266_1268	649756.3254	Anaerostipes hadrus BA1	CP132968	CDS	fig|649756.3254.peg.1246	1266851	1267756	+		Chromosome (plasmid) partitioning protein ParB / Stage 0 sporulation protein J	1266851	1267756
649756.3254:1266_1268	649756.3254	Anaerostipes hadrus BA1	CP132968	CDS	fig|649756.3254.peg.1247	1267819	1268607	+		hypothetical protein	1267819	1268607
649756.3254:1269_1271	649756.3254	Anaerostipes hadrus BA1	CP132968	CDS	fig|649756.3254.peg.1249	1268927	1269325	+		hypothetical protein	1268927	1269325
649756.3254:1269_1271	649756.3254	Anaerostipes hadrus BA1	CP132968	CDS	fig|649756.3254.peg.1250	1269460	1270437	+	bsh	hypothetical protein	1269460	1270437
649756.3254:1269_1271	649756.3254	Anaerostipes hadrus BA1	CP132968	CDS	fig|649756.3254.peg.1251	1270476	1271156	+		GTP pyrophosphokinase (EC 2.7.6.5)	1270476	1271156
649756.3254:2844_2849	649756.3254	Anaerostipes hadrus BA1	CP132968	CDS	fig|649756.3254.peg.2759	2844428	2845132	+		ABC-type multidrug transport system, ATPase component	2844428	2845132
649756.3254:2844_2849	649756.3254	Anaerostipes hadrus BA1	CP132968	CDS	fig|649756.3254.peg.2760	2845133	2845879	+		hypothetical protein	2845133	2845879
649756.3254:2844_2849	649756.3254	Anaerostipes hadrus BA1	CP132968	CDS	fig|649756.3254.peg.2761	2845882	2846625	+		hypothetical protein	2845882	2846625
649756.3254:2844_2849	649756.3254	Anaerostipes hadrus BA1	CP132968	CDS	fig|649756.3254.peg.2762	2846618	2846995	+		hypothetical protein	2846618	2846995
649756.3254:2844_2849	649756.3254	Anaerostipes hadrus BA1	CP132968	CDS	fig|649756.3254.peg.2763	2847004	2847696	+		two-component response regulator	2847004	2847696
649756.3254:2844_2849	649756.3254	Anaerostipes hadrus BA1	CP132968	CDS	fig|649756.3254.peg.2764	2847687	2849063	+		hypothetical protein	2847687	2849063
649756.3254:2808_2813	649756.3254	Anaerostipes hadrus BA1	CP132968	CDS	fig|649756.3254.peg.2724	2806418	2808067	+		hypothetical protein	2806418	2808067
649756.3254:2808_2813	649756.3254	Anaerostipes hadrus BA1	CP132968	CDS	fig|649756.3254.peg.2729	2812763	2814130	+		Multi antimicrobial extrusion protein (Na(+)/drug antiporter), MATE family of MDR efflux pumps	2812763	2814130
649756.3254:312_313	649756.3254	Anaerostipes hadrus BA1	CP132968	CDS	fig|649756.3254.peg.286	311710	312618	+		hypothetical protein	311710	312618
649756.3254:312_313	649756.3254	Anaerostipes hadrus BA1	CP132968	CDS	fig|649756.3254.peg.287	312708	313292	+		hypothetical protein	312708	313292
649756.3254:2466_2467;2467_2468	649756.3254	Anaerostipes hadrus BA1	CP132968	repeat_region	fig|649756.3254.repeat.79	2466159	2467625	+		repeat region	2466159	2467625
649756.3254:2466_2467;2467_2468	649756.3254	Anaerostipes hadrus BA1	CP132968	repeat_region	fig|649756.3254.repeat.79	2466159	2467625	+		repeat region	2466159	2467625
649756.3254:2466_2467;2467_2468	649756.3254	Anaerostipes hadrus BA1	CP132968	repeat_region	fig|649756.3254.repeat.80	2467635	2467990	+		repeat region	2467635	2467990
649756.3254:1291_1292	649756.3254	Anaerostipes hadrus BA1	CP132968	CDS	fig|649756.3254.peg.1273	1291455	1292072	+		hypothetical protein	1291455	1292072
649756.3254:1217_1218;1429_1431	649756.3254	Anaerostipes hadrus BA1	CP132968	repeat_region	fig|649756.3254.repeat.49	1217278	1218393	+		repeat region	1217278	1218393
649756.3254:1217_1218;1429_1431	649756.3254	Anaerostipes hadrus BA1	CP132968	CDS	fig|649756.3254.peg.1193	1217310	1218275	+		hypothetical protein	1217310	1218275
649756.3254:1217_1218;1429_1431	649756.3254	Anaerostipes hadrus BA1	CP132968	repeat_region	fig|649756.3254.repeat.55	1428812	1429927	+		repeat region	1428812	1429927
649756.3254:1217_1218;1429_1431	649756.3254	Anaerostipes hadrus BA1	CP132968	CDS	fig|649756.3254.peg.1407	1430394	1430816	+	tnpA	hypothetical protein	1430394	1430816
649756.3254:370_371;528_529	649756.3254	Anaerostipes hadrus BA1	CP132968	CDS	fig|649756.3254.peg.333	369328	370641	+		hypothetical protein	369328	370641
649756.3254:370_371;528_529	649756.3254	Anaerostipes hadrus BA1	CP132968	repeat_region	fig|649756.3254.repeat.15	369442	370781	+		repeat region	369442	370781
649756.3254:370_371;528_529	649756.3254	Anaerostipes hadrus BA1	CP132968	repeat_region	fig|649756.3254.repeat.18	526953	528482	+		repeat region	526953	528482
649756.3254:370_371;528_529	649756.3254	Anaerostipes hadrus BA1	CP132968	repeat_region	fig|649756.3254.repeat.19	528540	528722	+		repeat region	528540	528722
649756.3254:1953_1954	649756.3254	Anaerostipes hadrus BA1	CP132968	repeat_region	fig|649756.3254.repeat.69	1952644	1954056	+		repeat region	1952644	1954056
649756.3254:1953_1954	649756.3254	Anaerostipes hadrus BA1	CP132968	CDS	fig|649756.3254.peg.1910	1952706	1953881	+		Transposase	1952706	1953881
649756.3254:2657_2659	649756.3254	Anaerostipes hadrus BA1	CP132968	repeat_region	fig|649756.3254.repeat.90	2657893	2659039	+		repeat region	2657893	2659039
649756.3254:456_461	649756.3254	Anaerostipes hadrus BA1	CP132968	CDS	fig|649756.3254.peg.419	456046	456192	+		hypothetical protein	456046	456192
649756.3254:456_461	649756.3254	Anaerostipes hadrus BA1	CP132968	CDS	fig|649756.3254.peg.420	456490	456789	+		PTS system, galactitol-specific IIB component( EC:2.7.1.69 )	456490	456789
649756.3254:456_461	649756.3254	Anaerostipes hadrus BA1	CP132968	CDS	fig|649756.3254.peg.421	456815	458071	+		PTS system, galactitol-specific IIC component (EC 2.7.1.69)	456815	458071
649756.3254:456_461	649756.3254	Anaerostipes hadrus BA1	CP132968	CDS	fig|649756.3254.peg.422	458085	458531	+		PTS system, galactitol-specific IIA component (EC 2.7.1.69)	458085	458531
649756.3254:456_461	649756.3254	Anaerostipes hadrus BA1	CP132968	CDS	fig|649756.3254.peg.423	458550	460595	+		hypothetical protein	458550	460595
649756.3254:456_461	649756.3254	Anaerostipes hadrus BA1	CP132968	CDS	fig|649756.3254.peg.424	460642	461931	+		Glycerol-1-phosphate dehydrogenase	460642	461931
649756.3254:209_210;215_216	649756.3254	Anaerostipes hadrus BA1	CP132968	CDS	fig|649756.3254.peg.191	208665	209669	+		D-3-phosphoglycerate dehydrogenase (EC 1.1.1.95)	208665	209669
649756.3254:209_210;215_216	649756.3254	Anaerostipes hadrus BA1	CP132968	CDS	fig|649756.3254.peg.192	209835	211916	+		Putative transcriptional antiterminator, BglG family / PTS system, mannitol/fructose-specific IIA component (EC 2.7.1.69)	209835	211916
649756.3254:209_210;215_216	649756.3254	Anaerostipes hadrus BA1	CP132968	CDS	fig|649756.3254.peg.196	214250	215542	+		Glycerol-1-phosphate dehydrogenase	214250	215542
649756.3254:209_210;215_216	649756.3254	Anaerostipes hadrus BA1	CP132968	CDS	fig|649756.3254.peg.197	215536	216228	+		L-ribulose-5-phosphate 4-epimerase (EC 5.1.3.4)	215536	216228
649756.3254:210_211	649756.3254	Anaerostipes hadrus BA1	CP132968	CDS	fig|649756.3254.peg.192	209835	211916	+		Putative transcriptional antiterminator, BglG family / PTS system, mannitol/fructose-specific IIA component (EC 2.7.1.69)	209835	211916
649756.3254:163_166;167_168	649756.3254	Anaerostipes hadrus BA1	CP132968	CDS	fig|649756.3254.peg.152	162939	164597	+		hypothetical protein	162939	164597
649756.3254:163_166;167_168	649756.3254	Anaerostipes hadrus BA1	CP132968	CDS	fig|649756.3254.peg.153	164597	165880	+		hypothetical protein	164597	165880
649756.3254:163_166;167_168	649756.3254	Anaerostipes hadrus BA1	CP132968	CDS	fig|649756.3254.peg.154	165837	166475	+		hypothetical protein	165837	166475
649756.3254:163_166;167_168	649756.3254	Anaerostipes hadrus BA1	CP132968	CDS	fig|649756.3254.peg.155	166629	168410	+		hypothetical protein	166629	168410
649756.3254:81_88	649756.3254	Anaerostipes hadrus BA1	CP132968	CDS	fig|649756.3254.peg.73	80980	81876	+	gnd	hypothetical protein	80980	81876
649756.3254:81_88	649756.3254	Anaerostipes hadrus BA1	CP132968	CDS	fig|649756.3254.peg.74	81889	82200	+		hypothetical protein	81889	82200
649756.3254:81_88	649756.3254	Anaerostipes hadrus BA1	CP132968	CDS	fig|649756.3254.peg.75	82197	84089	+		hypothetical protein	82197	84089
649756.3254:81_88	649756.3254	Anaerostipes hadrus BA1	CP132968	CDS	fig|649756.3254.peg.76	84105	84584	+		hypothetical protein	84105	84584
649756.3254:81_88	649756.3254	Anaerostipes hadrus BA1	CP132968	CDS	fig|649756.3254.peg.77	84587	84907	+		PTS system, galactose-inducible IIB component (EC 2.7.1.69) / PTS system, galactose-inducible IIC component (EC 2.7.1.69)	84587	84907
649756.3254:81_88	649756.3254	Anaerostipes hadrus BA1	CP132968	CDS	fig|649756.3254.peg.78	84930	85991	+		hypothetical protein	84930	85991
649756.3254:81_88	649756.3254	Anaerostipes hadrus BA1	CP132968	CDS	fig|649756.3254.peg.79	86082	87113	+		hypothetical protein	86082	87113
649756.3254:81_88	649756.3254	Anaerostipes hadrus BA1	CP132968	CDS	fig|649756.3254.peg.80	87146	87847	+		Ribulose-5-phosphate 4-epimerase and related epimerases and aldolases	87146	87847
649756.3254:81_88	649756.3254	Anaerostipes hadrus BA1	CP132968	CDS	fig|649756.3254.peg.81	87831	88673	+		hypothetical protein	87831	88673
649756.3254:1292_1293	649756.3254	Anaerostipes hadrus BA1	CP132968	CDS	fig|649756.3254.peg.1273	1291455	1292072	+		hypothetical protein	1291455	1292072
649756.3254:1292_1293	649756.3254	Anaerostipes hadrus BA1	CP132968	CDS	fig|649756.3254.peg.1274	1292371	1292607	+		hypothetical protein	1292371	1292607
649756.3254:1295_1297	649756.3254	Anaerostipes hadrus BA1	CP132968	CDS	fig|649756.3254.peg.1280	1296303	1296653	+		Integrase	1296303	1296653
649756.3254:1295_1297	649756.3254	Anaerostipes hadrus BA1	CP132968	CDS	fig|649756.3254.peg.1281	1296844	1297053	+		hypothetical protein	1296844	1297053
649756.3254:2801_2804;2804_2805	649756.3254	Anaerostipes hadrus BA1	CP132968	CDS	fig|649756.3254.peg.2719	2801611	2802468	+		Beta-glucoside bgl operon antiterminator, BglG family	2801611	2802468
649756.3254:2801_2804;2804_2805	649756.3254	Anaerostipes hadrus BA1	CP132968	CDS	fig|649756.3254.peg.2720	2802551	2804422	+		PTS system, beta-glucoside-specific IIB component (EC 2.7.1.69) / PTS system, beta-glucoside-specific IIC component (EC 2.7.1.69) / PTS system, beta-glucoside-specific IIA component (EC 2.7.1.69)	2802551	2804422
649756.3254:2801_2804;2804_2805	649756.3254	Anaerostipes hadrus BA1	CP132968	CDS	fig|649756.3254.peg.2720	2802551	2804422	+		PTS system, beta-glucoside-specific IIB component (EC 2.7.1.69) / PTS system, beta-glucoside-specific IIC component (EC 2.7.1.69) / PTS system, beta-glucoside-specific IIA component (EC 2.7.1.69)	2802551	2804422
649756.3254:2801_2804;2804_2805	649756.3254	Anaerostipes hadrus BA1	CP132968	CDS	fig|649756.3254.peg.2721	2804435	2805475	+		Esterase/lipase	2804435	2805475
649756.3254:1281_1283	649756.3254	Anaerostipes hadrus BA1	CP132968	CDS	fig|649756.3254.peg.1261	1281066	1281176	+		hypothetical protein	1281066	1281176
649756.3254:1281_1283	649756.3254	Anaerostipes hadrus BA1	CP132968	crispr_array	fig|649756.3254.crispr_array.1	1281158	1281520	+		CRISPR region with repeat agaattaatagaatcataatggaatttaaat	1281158	1281520
649756.3254:1281_1283	649756.3254	Anaerostipes hadrus BA1	CP132968	crispr_repeat	fig|649756.3254.crispr_repeat.1	1281158	1281188	+		CRISPR repeat with sequence ggaattaatagaatcataatggaatttaaat	1281158	1281188
649756.3254:1281_1283	649756.3254	Anaerostipes hadrus BA1	CP132968	repeat_region	fig|649756.3254.repeat_region.1	1281159	1281520	+		undefined repeat_region	1281159	1281520
649756.3254:1281_1283	649756.3254	Anaerostipes hadrus BA1	CP132968	crispr_spacer	fig|649756.3254.crispr_spacer.1	1281189	1281226	+		CRISPR spacer	1281189	1281226
649756.3254:1281_1283	649756.3254	Anaerostipes hadrus BA1	CP132968	crispr_repeat	fig|649756.3254.crispr_repeat.2	1281227	1281257	+		CRISPR repeat with sequence ggaattaatagaatcataatggaatttaaat	1281227	1281257
649756.3254:1281_1283	649756.3254	Anaerostipes hadrus BA1	CP132968	crispr_spacer	fig|649756.3254.crispr_spacer.2	1281258	1281291	+		CRISPR spacer	1281258	1281291
649756.3254:1281_1283	649756.3254	Anaerostipes hadrus BA1	CP132968	crispr_repeat	fig|649756.3254.crispr_repeat.3	1281292	1281322	+		CRISPR repeat with sequence agaattaatagaatcataatggaatttaaat	1281292	1281322
649756.3254:1281_1283	649756.3254	Anaerostipes hadrus BA1	CP132968	crispr_spacer	fig|649756.3254.crispr_spacer.3	1281323	1281356	+		CRISPR spacer	1281323	1281356
649756.3254:1281_1283	649756.3254	Anaerostipes hadrus BA1	CP132968	crispr_repeat	fig|649756.3254.crispr_repeat.4	1281357	1281387	+		CRISPR repeat with sequence agaattaatagaatcataatggaatttaaat	1281357	1281387
649756.3254:1281_1283	649756.3254	Anaerostipes hadrus BA1	CP132968	crispr_spacer	fig|649756.3254.crispr_spacer.4	1281388	1281424	+		CRISPR spacer	1281388	1281424
649756.3254:1281_1283	649756.3254	Anaerostipes hadrus BA1	CP132968	crispr_repeat	fig|649756.3254.crispr_repeat.5	1281425	1281455	+		CRISPR repeat with sequence agaattaatagaatcataatggaatttaaat	1281425	1281455
649756.3254:1281_1283	649756.3254	Anaerostipes hadrus BA1	CP132968	crispr_spacer	fig|649756.3254.crispr_spacer.5	1281456	1281489	+		CRISPR spacer	1281456	1281489
649756.3254:1281_1283	649756.3254	Anaerostipes hadrus BA1	CP132968	crispr_repeat	fig|649756.3254.crispr_repeat.6	1281490	1281520	+		CRISPR repeat with sequence tgaattaatagaatcataatggaatttaaat	1281490	1281520
649756.3254:1281_1283	649756.3254	Anaerostipes hadrus BA1	CP132968	CDS	fig|649756.3254.peg.1262	1281613	1282290	+		hypothetical protein	1281613	1282290
649756.3254:1281_1283	649756.3254	Anaerostipes hadrus BA1	CP132968	CDS	fig|649756.3254.peg.1263	1282323	1283189	+		IS3 family transposase	1282323	1283189
649756.3254:1290_1291	649756.3254	Anaerostipes hadrus BA1	CP132968	CDS	fig|649756.3254.peg.1272	1290900	1291142	-		hypothetical protein	1290900	1291142
649756.3254:310_311	649756.3254	Anaerostipes hadrus BA1	CP132968	CDS	fig|649756.3254.peg.284	310821	311174	-		hypothetical protein	310821	311174
649756.3254:311_312	649756.3254	Anaerostipes hadrus BA1	CP132968	CDS	fig|649756.3254.peg.284	310821	311174	-		hypothetical protein	310821	311174
649756.3254:409_410;1066_1067	649756.3254	Anaerostipes hadrus BA1	CP132968	CDS	fig|649756.3254.peg.369	409080	409973	-		IS3 family transposase	409080	409973
649756.3254:409_410;1066_1067	649756.3254	Anaerostipes hadrus BA1	CP132968	CDS	fig|649756.3254.peg.370	409973	410659	-		hypothetical protein	409973	410659
649756.3254:409_410;1066_1067	649756.3254	Anaerostipes hadrus BA1	CP132968	CDS	fig|649756.3254.peg.1035	1065950	1066843	-		IS3 family transposase	1065950	1066843
649756.3254:409_410;1066_1067	649756.3254	Anaerostipes hadrus BA1	CP132968	CDS	fig|649756.3254.peg.1036	1066843	1067529	-		hypothetical protein	1066843	1067529
649756.3254:1294_1295	649756.3254	Anaerostipes hadrus BA1	CP132968	CDS	fig|649756.3254.peg.1277	1293652	1294251	-		hypothetical protein	1293652	1294251
649756.3254:1294_1295	649756.3254	Anaerostipes hadrus BA1	CP132968	CDS	fig|649756.3254.peg.1278	1294655	1295566	-		Two-component response regulator yesN	1294655	1295566
649756.3254:2491_2493	649756.3254	Anaerostipes hadrus BA1	CP132968	CDS	fig|649756.3254.peg.2405	2492689	2492838	-		hypothetical protein	2492689	2492838
649756.3254:2491_2493	649756.3254	Anaerostipes hadrus BA1	CP132968	CDS	fig|649756.3254.peg.2406	2492935	2493357	-		hypothetical protein	2492935	2493357
649756.3254:1558_1559	649756.3254	Anaerostipes hadrus BA1	CP132968	CDS	fig|649756.3254.peg.1534	1555774	1558980	-		SENSORY TRANSDUCTION HISTIDINE KINASE	1555774	1558980
649756.3254:2844_2849	649756.3254	Anaerostipes hadrus BA1	CP132968	CDS	fig|649756.3254.peg.2758	2843887	2844252	-	tnpA	IS200/IS605 family transposase	2843887	2844252
649756.3254:2808_2813	649756.3254	Anaerostipes hadrus BA1	CP132968	CDS	fig|649756.3254.peg.2725	2808088	2808657	-		Sodium/glycine symporter GlyP	2808088	2808657
649756.3254:2808_2813	649756.3254	Anaerostipes hadrus BA1	CP132968	CDS	fig|649756.3254.peg.2726	2808811	2809608	-		hypothetical protein	2808811	2809608
649756.3254:2808_2813	649756.3254	Anaerostipes hadrus BA1	CP132968	CDS	fig|649756.3254.peg.2727	2809664	2811322	-		hypothetical protein	2809664	2811322
649756.3254:2808_2813	649756.3254	Anaerostipes hadrus BA1	CP132968	CDS	fig|649756.3254.peg.2728	2811315	2812601	-		hypothetical protein	2811315	2812601
649756.3254:2593_2599;2601_2617	649756.3254	Anaerostipes hadrus BA1	CP132968	CDS	fig|649756.3254.peg.2490	2592952	2593107	-		hypothetical protein	2592952	2593107
649756.3254:2593_2599;2601_2617	649756.3254	Anaerostipes hadrus BA1	CP132968	CDS	fig|649756.3254.peg.2491	2593301	2593675	-		hypothetical protein	2593301	2593675
649756.3254:2593_2599;2601_2617	649756.3254	Anaerostipes hadrus BA1	CP132968	CDS	fig|649756.3254.peg.2492	2593672	2594025	-		hypothetical protein	2593672	2594025
649756.3254:2593_2599;2601_2617	649756.3254	Anaerostipes hadrus BA1	CP132968	CDS	fig|649756.3254.peg.2493	2594077	2594382	-		hypothetical protein	2594077	2594382
649756.3254:2593_2599;2601_2617	649756.3254	Anaerostipes hadrus BA1	CP132968	CDS	fig|649756.3254.peg.2494	2594372	2594617	-		hypothetical protein	2594372	2594617
649756.3254:2593_2599;2601_2617	649756.3254	Anaerostipes hadrus BA1	CP132968	CDS	fig|649756.3254.peg.2495	2594614	2594766	-		hypothetical protein	2594614	2594766
649756.3254:2593_2599;2601_2617	649756.3254	Anaerostipes hadrus BA1	CP132968	CDS	fig|649756.3254.peg.2496	2594768	2594989	-		hypothetical protein	2594768	2594989
649756.3254:2593_2599;2601_2617	649756.3254	Anaerostipes hadrus BA1	CP132968	CDS	fig|649756.3254.peg.2497	2595003	2596388	-		hypothetical protein	2595003	2596388
649756.3254:2593_2599;2601_2617	649756.3254	Anaerostipes hadrus BA1	CP132968	CDS	fig|649756.3254.peg.2498	2596753	2598048	-		hypothetical protein	2596753	2598048
649756.3254:2593_2599;2601_2617	649756.3254	Anaerostipes hadrus BA1	CP132968	CDS	fig|649756.3254.peg.2499	2598052	2598483	-		hypothetical protein	2598052	2598483
649756.3254:2593_2599;2601_2617	649756.3254	Anaerostipes hadrus BA1	CP132968	CDS	fig|649756.3254.peg.2500	2598574	2599635	-		hypothetical protein	2598574	2599635
649756.3254:2593_2599;2601_2617	649756.3254	Anaerostipes hadrus BA1	CP132968	CDS	fig|649756.3254.peg.2503	2600210	2602480	-		hypothetical protein	2600210	2602480
649756.3254:2593_2599;2601_2617	649756.3254	Anaerostipes hadrus BA1	CP132968	CDS	fig|649756.3254.peg.2504	2602493	2603191	-		hypothetical protein	2602493	2603191
649756.3254:2593_2599;2601_2617	649756.3254	Anaerostipes hadrus BA1	CP132968	CDS	fig|649756.3254.peg.2505	2603201	2606566	-		Phage tail tape measure protein	2603201	2606566
649756.3254:2593_2599;2601_2617	649756.3254	Anaerostipes hadrus BA1	CP132968	CDS	fig|649756.3254.peg.2506	2606583	2607110	-		hypothetical protein	2606583	2607110
649756.3254:2593_2599;2601_2617	649756.3254	Anaerostipes hadrus BA1	CP132968	CDS	fig|649756.3254.peg.2507	2607107	2607424	-		hypothetical protein	2607107	2607424
649756.3254:2593_2599;2601_2617	649756.3254	Anaerostipes hadrus BA1	CP132968	CDS	fig|649756.3254.peg.2508	2607454	2608089	-		hypothetical protein	2607454	2608089
649756.3254:2593_2599;2601_2617	649756.3254	Anaerostipes hadrus BA1	CP132968	CDS	fig|649756.3254.peg.2509	2608092	2608454	-		hypothetical protein	2608092	2608454
649756.3254:2593_2599;2601_2617	649756.3254	Anaerostipes hadrus BA1	CP132968	CDS	fig|649756.3254.peg.2510	2608464	2608913	-		hypothetical protein	2608464	2608913
649756.3254:2593_2599;2601_2617	649756.3254	Anaerostipes hadrus BA1	CP132968	CDS	fig|649756.3254.peg.2511	2608943	2609260	-		hypothetical protein	2608943	2609260
649756.3254:2593_2599;2601_2617	649756.3254	Anaerostipes hadrus BA1	CP132968	CDS	fig|649756.3254.peg.2512	2609257	2609565	-		hypothetical protein	2609257	2609565
649756.3254:2593_2599;2601_2617	649756.3254	Anaerostipes hadrus BA1	CP132968	CDS	fig|649756.3254.peg.2513	2609617	2610849	-		Phage major capsid protein of Caudovirales (HK97-like)	2609617	2610849
649756.3254:2593_2599;2601_2617	649756.3254	Anaerostipes hadrus BA1	CP132968	CDS	fig|649756.3254.peg.2514	2610870	2611697	-		hypothetical protein	2610870	2611697
649756.3254:2593_2599;2601_2617	649756.3254	Anaerostipes hadrus BA1	CP132968	CDS	fig|649756.3254.peg.2515	2611700	2613106	-		Phage portal (connector) protein	2611700	2613106
649756.3254:2593_2599;2601_2617	649756.3254	Anaerostipes hadrus BA1	CP132968	CDS	fig|649756.3254.peg.2516	2613107	2614906	-		Phage terminase, large subunit	2613107	2614906
649756.3254:2593_2599;2601_2617	649756.3254	Anaerostipes hadrus BA1	CP132968	CDS	fig|649756.3254.peg.2517	2614910	2615449	-		Phage terminase, small subunit	2614910	2615449
649756.3254:2593_2599;2601_2617	649756.3254	Anaerostipes hadrus BA1	CP132968	CDS	fig|649756.3254.peg.2518	2615527	2616036	-		hypothetical protein	2615527	2616036
649756.3254:2593_2599;2601_2617	649756.3254	Anaerostipes hadrus BA1	CP132968	CDS	fig|649756.3254.peg.2519	2616264	2616707	-		hypothetical protein	2616264	2616707
649756.3254:2593_2599;2601_2617	649756.3254	Anaerostipes hadrus BA1	CP132968	CDS	fig|649756.3254.peg.2520	2616676	2617041	-		hypothetical protein	2616676	2617041
649756.3254:2592_2593	649756.3254	Anaerostipes hadrus BA1	CP132968	CDS	fig|649756.3254.peg.2488	2591457	2592137	-		hypothetical protein	2591457	2592137
649756.3254:2592_2593	649756.3254	Anaerostipes hadrus BA1	CP132968	CDS	fig|649756.3254.peg.2489	2592149	2592955	-		hypothetical protein	2592149	2592955
649756.3254:2592_2593	649756.3254	Anaerostipes hadrus BA1	CP132968	CDS	fig|649756.3254.peg.2490	2592952	2593107	-		hypothetical protein	2592952	2593107
649756.3254:2599_2600	649756.3254	Anaerostipes hadrus BA1	CP132968	CDS	fig|649756.3254.peg.2500	2598574	2599635	-		hypothetical protein	2598574	2599635
649756.3254:2599_2600	649756.3254	Anaerostipes hadrus BA1	CP132968	CDS	fig|649756.3254.peg.2501	2599664	2599960	-		hypothetical protein	2599664	2599960
649756.3254:2599_2600	649756.3254	Anaerostipes hadrus BA1	CP132968	CDS	fig|649756.3254.peg.2502	2599963	2600193	-		hypothetical protein	2599963	2600193
649756.3254:2466_2467;2467_2468	649756.3254	Anaerostipes hadrus BA1	CP132968	CDS	fig|649756.3254.peg.2380	2465345	2466049	-		hypothetical protein	2465345	2466049
649756.3254:2466_2467;2467_2468	649756.3254	Anaerostipes hadrus BA1	CP132968	CDS	fig|649756.3254.peg.2381	2466334	2467509	-		Transposase	2466334	2467509
649756.3254:2466_2467;2467_2468	649756.3254	Anaerostipes hadrus BA1	CP132968	CDS	fig|649756.3254.peg.2381	2466334	2467509	-		Transposase	2466334	2467509
649756.3254:2466_2467;2467_2468	649756.3254	Anaerostipes hadrus BA1	CP132968	CDS	fig|649756.3254.peg.2382	2467617	2467880	-		hypothetical protein	2467617	2467880
649756.3254:1291_1292	649756.3254	Anaerostipes hadrus BA1	CP132968	CDS	fig|649756.3254.peg.1272	1290900	1291142	-		hypothetical protein	1290900	1291142
649756.3254:1217_1218;1429_1431	649756.3254	Anaerostipes hadrus BA1	CP132968	CDS	fig|649756.3254.peg.1192	1216858	1217136	-		hypothetical protein	1216858	1217136
649756.3254:1217_1218;1429_1431	649756.3254	Anaerostipes hadrus BA1	CP132968	CDS	fig|649756.3254.peg.1406	1428930	1430303	-		hypothetical protein	1428930	1430303
649756.3254:1217_1218;1429_1431	649756.3254	Anaerostipes hadrus BA1	CP132968	CDS	fig|649756.3254.peg.1408	1430851	1431351	-		hypothetical protein	1430851	1431351
649756.3254:2546_2547	649756.3254	Anaerostipes hadrus BA1	CP132968	CDS	fig|649756.3254.peg.2449	2545441	2546355	-		Transcriptional antiterminator of lichenan operon, BglG family	2545441	2546355
649756.3254:2546_2547	649756.3254	Anaerostipes hadrus BA1	CP132968	CDS	fig|649756.3254.peg.2450	2546544	2547155	-		hypothetical protein	2546544	2547155
649756.3254:370_371;528_529	649756.3254	Anaerostipes hadrus BA1	CP132968	CDS	fig|649756.3254.peg.499	527283	528596	-		hypothetical protein	527283	528596
649756.3254:370_371;528_529	649756.3254	Anaerostipes hadrus BA1	CP132968	CDS	fig|649756.3254.peg.500	528817	529134	-		hypothetical protein	528817	529134
649756.3254:2379_2382	649756.3254	Anaerostipes hadrus BA1	CP132968	CDS	fig|649756.3254.peg.2305	2378538	2382431	-		hypothetical protein	2378538	2382431
649756.3254:2657_2659	649756.3254	Anaerostipes hadrus BA1	CP132968	CDS	fig|649756.3254.peg.2584	2657629	2658921	-		hypothetical protein	2657629	2658921
649756.3254:1292_1293	649756.3254	Anaerostipes hadrus BA1	CP132968	CDS	fig|649756.3254.peg.1275	1292726	1293361	-		hypothetical protein	1292726	1293361
649756.3254:1295_1297	649756.3254	Anaerostipes hadrus BA1	CP132968	CDS	fig|649756.3254.peg.1278	1294655	1295566	-		Two-component response regulator yesN	1294655	1295566
649756.3254:1295_1297	649756.3254	Anaerostipes hadrus BA1	CP132968	CDS	fig|649756.3254.peg.1279	1295790	1296266	-		DUF6040 family protein	1295790	1296266
649756.3254:2801_2804;2804_2805	649756.3254	Anaerostipes hadrus BA1	CP132968	CDS	fig|649756.3254.peg.2716	2800552	2801097	-		hypothetical protein	2800552	2801097
649756.3254:2801_2804;2804_2805	649756.3254	Anaerostipes hadrus BA1	CP132968	CDS	fig|649756.3254.peg.2717	2801084	2801206	-		hypothetical protein	2801084	2801206
649756.3254:2801_2804;2804_2805	649756.3254	Anaerostipes hadrus BA1	CP132968	CDS	fig|649756.3254.peg.2718	2801203	2801376	-		hypothetical protein	2801203	2801376
649756.3254:2722_2723	649756.3254	Anaerostipes hadrus BA1	CP132968	CDS	fig|649756.3254.peg.2649	2720905	2723628	-		hypothetical protein	2720905	2723628
649756.3254:2882_2883	649756.3254	Anaerostipes hadrus BA1	CP132968	CDS	fig|649756.3254.peg.2799	2881949	2882662	-		hypothetical protein	2881949	2882662
649756.3254:2882_2883	649756.3254	Anaerostipes hadrus BA1	CP132968	CDS	fig|649756.3254.peg.2800	2882702	2884195	-	glpK	Glycerol kinase (EC 2.7.1.30)	2882702	2884195
649756.3254:2932_2933	649756.3254	Anaerostipes hadrus BA1	CP132968	CDS	fig|649756.3254.peg.2841	2931178	2932194	-		Two-component sensor kinase YvcQ	2931178	2932194
649756.3254:2932_2933	649756.3254	Anaerostipes hadrus BA1	CP132968	CDS	fig|649756.3254.peg.2842	2932191	2932859	-		Two-component response regulator BceR	2932191	2932859
649756.3254:2932_2933	649756.3254	Anaerostipes hadrus BA1	CP132968	CDS	fig|649756.3254.peg.2843	2932973	2934259	-	serS	Seryl-tRNA synthetase (EC 6.1.1.11)	2932973	2934259
997873.77:3335_3336	997873.77	Bacteroides caccae CL03T12C61	CP072258	CDS	fig|997873.77.peg.2913	3334056	3335018	+		Abi-like	3334056	3335018
997873.77:3335_3336	997873.77	Bacteroides caccae CL03T12C61	CP072258	CDS	fig|997873.77.peg.2914	3335195	3337204	-		Putative mobilization protein BF0133	3335195	3337204
997890.6:4552_4553	997890.6	Bacteroides uniformis CL03T12C37	CP072255	CDS	fig|997890.6.peg.4001	4551343	4552152	+		Fic family protein	4551343	4552152
997890.6:4552_4553	997890.6	Bacteroides uniformis CL03T12C37	CP072255	CDS	fig|997890.6.peg.4002	4552223	4552399	+		hypothetical protein	4552223	4552399
997890.6:4552_4553	997890.6	Bacteroides uniformis CL03T12C37	CP072255	CDS	fig|997890.6.peg.4003	4552451	4553011	-		hypothetical protein	4552451	4553011
1150298.2613:2722_2724;2724_2726;2731_2732;2733_2734;2734_2735	1150298.2613	Fusicatenibacter saccharivorans AM67-22ACA	JAQEGR010000004	CDS	fig|1150298.2613.peg.2653	204412	205503	+		Esterase/lipase	2723207	2724298
1150298.2613:2722_2724;2724_2726;2731_2732;2733_2734;2734_2735	1150298.2613	Fusicatenibacter saccharivorans AM67-22ACA	JAQEGR010000004	CDS	fig|1150298.2613.peg.2653	204412	205503	+		Esterase/lipase	2723207	2724298
1150298.2613:2722_2724;2724_2726;2731_2732;2733_2734;2734_2735	1150298.2613	Fusicatenibacter saccharivorans AM67-22ACA	JAQEGR010000004	CDS	fig|1150298.2613.peg.2654	205539	207791	+		beta-glucosidase (EC 3.2.1.21)	2724334	2726586
1150298.2613:2722_2724;2724_2726;2731_2732;2733_2734;2734_2735	1150298.2613	Fusicatenibacter saccharivorans AM67-22ACA	JAQEGR010000004	CDS	fig|1150298.2613.peg.2656	210664	213294	+		alpha-L-rhamnosidase (EC 3.2.1.40)	2729459	2732089
1150298.2613:2722_2724;2724_2726;2731_2732;2733_2734;2734_2735	1150298.2613	Fusicatenibacter saccharivorans AM67-22ACA	JAQEGR010000004	CDS	fig|1150298.2613.peg.2657	213400	214212	+		hypothetical protein	2732195	2733007
1150298.2613:2722_2724;2724_2726;2731_2732;2733_2734;2734_2735	1150298.2613	Fusicatenibacter saccharivorans AM67-22ACA	JAQEGR010000004	CDS	fig|1150298.2613.peg.2658	214316	215692	+		hypothetical protein	2733111	2734487
1150298.2613:2722_2724;2724_2726;2731_2732;2733_2734;2734_2735	1150298.2613	Fusicatenibacter saccharivorans AM67-22ACA	JAQEGR010000004	CDS	fig|1150298.2613.peg.2658	214316	215692	+		hypothetical protein	2733111	2734487
1150298.2613:2722_2724;2724_2726;2731_2732;2733_2734;2734_2735	1150298.2613	Fusicatenibacter saccharivorans AM67-22ACA	JAQEGR010000004	CDS	fig|1150298.2613.peg.2659	215716	217971	+		beta-glucosidase (EC 3.2.1.21)	2734511	2736766
1150298.2613:3580_3583;3583_3584	1150298.2613	Fusicatenibacter saccharivorans AM67-22ACA	JAQEGR010000008	CDS	fig|1150298.2613.peg.3509	171926	172225	+		hypothetical protein	3579908	3580207
1150298.2613:3580_3583;3583_3584	1150298.2613	Fusicatenibacter saccharivorans AM67-22ACA	JAQEGR010000008	CDS	fig|1150298.2613.peg.3510	172255	172440	+		hypothetical protein	3580237	3580422
1150298.2613:3580_3583;3583_3584	1150298.2613	Fusicatenibacter saccharivorans AM67-22ACA	JAQEGR010000008	CDS	fig|1150298.2613.peg.3511	172508	173377	+		hypothetical protein	3580490	3581359
1150298.2613:3580_3583;3583_3584	1150298.2613	Fusicatenibacter saccharivorans AM67-22ACA	JAQEGR010000008	CDS	fig|1150298.2613.peg.3512	173412	174158	+		hypothetical protein	3581394	3582140
1150298.2613:3580_3583;3583_3584	1150298.2613	Fusicatenibacter saccharivorans AM67-22ACA	JAQEGR010000008	CDS	fig|1150298.2613.peg.3513	174181	174492	+		hypothetical protein	3582163	3582474
1150298.2613:3580_3583;3583_3584	1150298.2613	Fusicatenibacter saccharivorans AM67-22ACA	JAQEGR010000008	CDS	fig|1150298.2613.peg.3514	174505	174924	+		hypothetical protein	3582487	3582906
1150298.2613:3580_3583;3583_3584	1150298.2613	Fusicatenibacter saccharivorans AM67-22ACA	JAQEGR010000008	CDS	fig|1150298.2613.peg.3515	175011	175511	+		FIG00515953: hypothetical protein	3582993	3583493
1150298.2613:3580_3583;3583_3584	1150298.2613	Fusicatenibacter saccharivorans AM67-22ACA	JAQEGR010000008	CDS	fig|1150298.2613.peg.3515	175011	175511	+		FIG00515953: hypothetical protein	3582993	3583493
1150298.2613:3580_3583;3583_3584	1150298.2613	Fusicatenibacter saccharivorans AM67-22ACA	JAQEGR010000008	CDS	fig|1150298.2613.peg.3516	175508	177148	+		TrsK-like protein	3583490	3585130
1150298.2613:3578_3579	1150298.2613	Fusicatenibacter saccharivorans AM67-22ACA	JAQEGR010000008	CDS	fig|1150298.2613.peg.3507	170200	171021	+		Chromosome (plasmid) partitioning protein ParA	3578182	3579003
1150298.2613:3578_3579	1150298.2613	Fusicatenibacter saccharivorans AM67-22ACA	JAQEGR010000008	CDS	fig|1150298.2613.peg.3508	170978	171913	+		Chromosome (plasmid) partitioning protein ParB	3578960	3579895
1150298.2613:3579_3580	1150298.2613	Fusicatenibacter saccharivorans AM67-22ACA	JAQEGR010000008	CDS	fig|1150298.2613.peg.3507	170200	171021	+		Chromosome (plasmid) partitioning protein ParA	3578182	3579003
1150298.2613:3579_3580	1150298.2613	Fusicatenibacter saccharivorans AM67-22ACA	JAQEGR010000008	CDS	fig|1150298.2613.peg.3508	170978	171913	+		Chromosome (plasmid) partitioning protein ParB	3578960	3579895
1150298.2613:3579_3580	1150298.2613	Fusicatenibacter saccharivorans AM67-22ACA	JAQEGR010000008	CDS	fig|1150298.2613.peg.3509	171926	172225	+		hypothetical protein	3579908	3580207
1150298.2613:3579_3580	1150298.2613	Fusicatenibacter saccharivorans AM67-22ACA	JAQEGR010000008	assembly_gap	fig|1150298.2613.assembly_gap.14	171943	171952	+		assembly gap with gap type within scaffold, estimated length 10, linkage evidence paired-ends	3579925	3579934
1150298.2613:2083_2085	1150298.2613	Fusicatenibacter saccharivorans AM67-22ACA	JAQEGR010000024	CDS	fig|1150298.2613.peg.1999	20136	21125	+		Probable RNA methylase	2083734	2084723
1150298.2613:455_457	1150298.2613	Fusicatenibacter saccharivorans AM67-22ACA	JAQEGR010000001	CDS	fig|1150298.2613.peg.456	452457	455501	+		FIG01032097: hypothetical protein	452457	455501
1150298.2613:455_457	1150298.2613	Fusicatenibacter saccharivorans AM67-22ACA	JAQEGR010000001	CDS	fig|1150298.2613.peg.457	455514	455714	+		hypothetical protein	455514	455714
1150298.2613:455_457	1150298.2613	Fusicatenibacter saccharivorans AM67-22ACA	JAQEGR010000001	CDS	fig|1150298.2613.peg.458	455736	456062	+		hypothetical protein	455736	456062
1150298.2613:455_457	1150298.2613	Fusicatenibacter saccharivorans AM67-22ACA	JAQEGR010000001	CDS	fig|1150298.2613.peg.459	456078	456461	+		FIG00513240: hypothetical protein	456078	456461
1150298.2613:455_457	1150298.2613	Fusicatenibacter saccharivorans AM67-22ACA	JAQEGR010000001	CDS	fig|1150298.2613.peg.460	456544	457206	+		Two-component transcriptional response regulator, OmpR family	456544	457206
1150298.2613:718_719;719_721	1150298.2613	Fusicatenibacter saccharivorans AM67-22ACA	JAQEGR010000011	CDS	fig|1150298.2613.peg.708	95184	95360	+		hypothetical protein	718061	718237
1150298.2613:718_719;719_721	1150298.2613	Fusicatenibacter saccharivorans AM67-22ACA	JAQEGR010000011	CDS	fig|1150298.2613.peg.709	95481	96470	+		hypothetical protein	718358	719347
1150298.2613:718_719;719_721	1150298.2613	Fusicatenibacter saccharivorans AM67-22ACA	JAQEGR010000011	CDS	fig|1150298.2613.peg.709	95481	96470	+		hypothetical protein	718358	719347
1150298.2613:718_719;719_721	1150298.2613	Fusicatenibacter saccharivorans AM67-22ACA	JAQEGR010000011	CDS	fig|1150298.2613.peg.710	96472	97863	+		FIG00646873: hypothetical protein	719349	720740
1150298.2613:718_719;719_721	1150298.2613	Fusicatenibacter saccharivorans AM67-22ACA	JAQEGR010000011	CDS	fig|1150298.2613.peg.711	98025	98240	+		hypothetical protein	720902	721117
1150298.2613:695_696	1150298.2613	Fusicatenibacter saccharivorans AM67-22ACA	JAQEGR010000011	CDS	fig|1150298.2613.peg.676	71391	72299	+		Chromosome (plasmid) partitioning protein ParB	694268	695176
1150298.2613:695_696	1150298.2613	Fusicatenibacter saccharivorans AM67-22ACA	JAQEGR010000011	CDS	fig|1150298.2613.peg.677	72378	73376	+		Replication initiation protein A	695255	696253
1150298.2613:2437_2438	1150298.2613	Fusicatenibacter saccharivorans AM67-22ACA	JAQEGR010000030	CDS	fig|1150298.2613.peg.2352	3	551	+		Antirestriction protein	2436916	2437464
1150298.2613:2437_2438	1150298.2613	Fusicatenibacter saccharivorans AM67-22ACA	JAQEGR010000030	CDS	fig|1150298.2613.peg.2353	660	1058	+		FIG00516843: hypothetical protein	2437573	2437971
1150298.2613:2437_2438	1150298.2613	Fusicatenibacter saccharivorans AM67-22ACA	JAQEGR010000030	CDS	fig|1150298.2613.peg.2354	1036	3486	+		FIG00520311: hypothetical protein	2437949	2440399
1150298.2613:859_860	1150298.2613	Fusicatenibacter saccharivorans AM67-22ACA	JAQEGR010000012	CDS	fig|1150298.2613.peg.843	81770	83923	+		beta-glucosidase (EC 3.2.1.21)	858579	860732
1150298.2613:860_862	1150298.2613	Fusicatenibacter saccharivorans AM67-22ACA	JAQEGR010000012	CDS	fig|1150298.2613.peg.843	81770	83923	+		beta-glucosidase (EC 3.2.1.21)	858579	860732
1150298.2613:860_862	1150298.2613	Fusicatenibacter saccharivorans AM67-22ACA	JAQEGR010000012	CDS	fig|1150298.2613.peg.844	83936	85321	+		hypothetical protein	860745	862130
1150298.2613:2119_2120	1150298.2613	Fusicatenibacter saccharivorans AM67-22ACA	JAQEGR010000025	CDS	fig|1150298.2613.peg.2032	16374	16565	+		Transcription accessory protein (S1 RNA-binding domain)	2118940	2119131
1150298.2613:3421_3422	1150298.2613	Fusicatenibacter saccharivorans AM67-22ACA	JAQEGR010000008	CDS	fig|1150298.2613.peg.3358	12760	13152	+		Lactoylglutathione lyase and related lyases	3420742	3421134
1150298.2613:3421_3422	1150298.2613	Fusicatenibacter saccharivorans AM67-22ACA	JAQEGR010000008	CDS	fig|1150298.2613.peg.3359	13171	14535	+		Galactose permease	3421153	3422517
1150298.2613:2343_2347;3412_3413	1150298.2613	Fusicatenibacter saccharivorans AM67-22ACA	JAQEGR010000003	CDS	fig|1150298.2613.peg.2265	148601	148789	+		hypothetical protein	2342860	2343048
1150298.2613:2343_2347;3412_3413	1150298.2613	Fusicatenibacter saccharivorans AM67-22ACA	JAQEGR010000003	CDS	fig|1150298.2613.peg.2266	148894	149607	+		Lantibiotic transport ATP-binding protein srtF	2343153	2343866
1150298.2613:2343_2347;3412_3413	1150298.2613	Fusicatenibacter saccharivorans AM67-22ACA	JAQEGR010000003	CDS	fig|1150298.2613.peg.2267	149600	150331	+		putative MutE	2343859	2344590
1150298.2613:2343_2347;3412_3413	1150298.2613	Fusicatenibacter saccharivorans AM67-22ACA	JAQEGR010000003	CDS	fig|1150298.2613.peg.2268	150333	151073	+		Bacteriocin ABC transporter, permease protein subunit	2344592	2345332
1150298.2613:2343_2347;3412_3413	1150298.2613	Fusicatenibacter saccharivorans AM67-22ACA	JAQEGR010000003	CDS	fig|1150298.2613.peg.2269	151088	151750	+		Phosphate regulon transcriptional regulatory protein PhoB (SphR)	2345347	2346009
1150298.2613:2343_2347;3412_3413	1150298.2613	Fusicatenibacter saccharivorans AM67-22ACA	JAQEGR010000003	CDS	fig|1150298.2613.peg.2270	151780	153114	+		subtilin biosynthesis sensor protein SpaK( EC:2.7.13.3 )	2346039	2347373
1150298.2613:2343_2347;3412_3413	1150298.2613	Fusicatenibacter saccharivorans AM67-22ACA	JAQEGR010000008	CDS	fig|1150298.2613.peg.3350	3999	4382	+		hypothetical protein	3411981	3412364
1150298.2613:2343_2347;3412_3413	1150298.2613	Fusicatenibacter saccharivorans AM67-22ACA	JAQEGR010000008	CDS	fig|1150298.2613.peg.3351	4403	5092	+		ABC transporter-coupled two-component system, LuxR family response regulator	3412385	3413074
1150298.2613:1160_1161	1150298.2613	Fusicatenibacter saccharivorans AM67-22ACA	JAQEGR010000014	CDS	fig|1150298.2613.peg.1126	102037	102531	+		FIG00645368: hypothetical protein	1160457	1160951
1150298.2613:1160_1161	1150298.2613	Fusicatenibacter saccharivorans AM67-22ACA	JAQEGR010000015	CDS	fig|1150298.2613.peg.1127	1	972	+		hypothetical protein	1160954	1161925
1150298.2613:3187_3197	1150298.2613	Fusicatenibacter saccharivorans AM67-22ACA	JAQEGR010000006	CDS	fig|1150298.2613.peg.3132	188860	190404	+		GMP synthase [glutamine-hydrolyzing], amidotransferase subunit (EC 6.3.5.2) / GMP synthase [glutamine-hydrolyzing], ATP pyrophosphatase subunit (EC 6.3.5.2)	3186170	3187714
1150298.2613:3187_3197	1150298.2613	Fusicatenibacter saccharivorans AM67-22ACA	JAQEGR010000006	CDS	fig|1150298.2613.peg.3134	191676	191864	+		hypothetical protein	3188986	3189174
1150298.2613:3187_3197	1150298.2613	Fusicatenibacter saccharivorans AM67-22ACA	JAQEGR010000006	CDS	fig|1150298.2613.peg.3135	191865	192956	+		Integrase	3189175	3190266
1150298.2613:3187_3197	1150298.2613	Fusicatenibacter saccharivorans AM67-22ACA	JAQEGR010000006	CDS	fig|1150298.2613.peg.3136	192946	193098	+		hypothetical protein	3190256	3190408
1150298.2613:3187_3197	1150298.2613	Fusicatenibacter saccharivorans AM67-22ACA	JAQEGR010000006	CDS	fig|1150298.2613.peg.3137	193138	193281	+		hypothetical protein	3190448	3190591
1150298.2613:3187_3197	1150298.2613	Fusicatenibacter saccharivorans AM67-22ACA	JAQEGR010000006	CDS	fig|1150298.2613.peg.3138	193271	194425	+		hypothetical protein	3190581	3191735
1150298.2613:3187_3197	1150298.2613	Fusicatenibacter saccharivorans AM67-22ACA	JAQEGR010000006	CDS	fig|1150298.2613.peg.3139	194760	195920	+		hypothetical protein	3192070	3193230
1150298.2613:3187_3197	1150298.2613	Fusicatenibacter saccharivorans AM67-22ACA	JAQEGR010000006	CDS	fig|1150298.2613.peg.3140	195947	196324	+		hypothetical protein	3193257	3193634
1150298.2613:3187_3197	1150298.2613	Fusicatenibacter saccharivorans AM67-22ACA	JAQEGR010000006	CDS	fig|1150298.2613.peg.3141	196778	198322	+		Bis-ABC ATPase	3194088	3195632
1150298.2613:3187_3197	1150298.2613	Fusicatenibacter saccharivorans AM67-22ACA	JAQEGR010000006	CDS	fig|1150298.2613.peg.3142	198407	198904	+		hypothetical protein	3195717	3196214
1150298.2613:3187_3197	1150298.2613	Fusicatenibacter saccharivorans AM67-22ACA	JAQEGR010000006	CDS	fig|1150298.2613.peg.3143	199171	199296	+		hypothetical protein	3196481	3196606
1150298.2613:3187_3197	1150298.2613	Fusicatenibacter saccharivorans AM67-22ACA	JAQEGR010000006	CDS	fig|1150298.2613.peg.3144	199524	199751	+		hypothetical protein	3196834	3197061
1150298.2613:3414_3416	1150298.2613	Fusicatenibacter saccharivorans AM67-22ACA	JAQEGR010000008	CDS	fig|1150298.2613.peg.3352	5089	6333	+		ABC transporter-coupled two-component system, signal transduction histidine kinase	3413071	3414315
1150298.2613:3414_3416	1150298.2613	Fusicatenibacter saccharivorans AM67-22ACA	JAQEGR010000008	CDS	fig|1150298.2613.peg.3353	6511	7185	+		ABC transporter-coupled two-component system, ATP-binding protein	3414493	3415167
1150298.2613:3414_3416	1150298.2613	Fusicatenibacter saccharivorans AM67-22ACA	JAQEGR010000008	CDS	fig|1150298.2613.peg.3354	7182	9626	+		ABC transporter-coupled two-component system, fused permease protein	3415164	3417608
1150298.2613:3416_3417	1150298.2613	Fusicatenibacter saccharivorans AM67-22ACA	JAQEGR010000008	CDS	fig|1150298.2613.peg.3354	7182	9626	+		ABC transporter-coupled two-component system, fused permease protein	3415164	3417608
1150298.2613:3596_3597	1150298.2613	Fusicatenibacter saccharivorans AM67-22ACA	JAQEGR010000008	CDS	fig|1150298.2613.peg.3532	188042	188275	+		TrsK-like protein	3596024	3596257
1150298.2613:3596_3597	1150298.2613	Fusicatenibacter saccharivorans AM67-22ACA	JAQEGR010000008	CDS	fig|1150298.2613.peg.3533	188496	188636	+		Maff2 family protein	3596478	3596618
1150298.2613:3596_3597	1150298.2613	Fusicatenibacter saccharivorans AM67-22ACA	JAQEGR010000008	CDS	fig|1150298.2613.peg.3534	188626	188739	+		hypothetical protein	3596608	3596721
1150298.2613:3596_3597	1150298.2613	Fusicatenibacter saccharivorans AM67-22ACA	JAQEGR010000008	CDS	fig|1150298.2613.peg.3535	188841	189218	+		Transcriptional regulator, GntR family	3596823	3597200
1150298.2613:1439_1443	1150298.2613	Fusicatenibacter saccharivorans AM67-22ACA	JAQEGR010000018	CDS	fig|1150298.2613.peg.1397	1	1788	+		FIG00645368: hypothetical protein	1437725	1439512
1150298.2613:2341_2342	1150298.2613	Fusicatenibacter saccharivorans AM67-22ACA	JAQEGR010000003	CDS	fig|1150298.2613.peg.2262	146361	146864	+		Acetyltransferase, GNAT family	2340620	2341123
1150298.2613:2341_2342	1150298.2613	Fusicatenibacter saccharivorans AM67-22ACA	JAQEGR010000003	CDS	fig|1150298.2613.peg.2263	146900	147628	+		Methyltransferase type 11	2341159	2341887
1150298.2613:2341_2342	1150298.2613	Fusicatenibacter saccharivorans AM67-22ACA	JAQEGR010000003	CDS	fig|1150298.2613.peg.2264	147728	148330	+		Alpha-aspartyl dipeptidase Peptidase E (EC 3.4.13.21)	2341987	2342589
1150298.2613:461_464;2438_2447;2513_2516	1150298.2613	Fusicatenibacter saccharivorans AM67-22ACA	JAQEGR010000001	CDS	fig|1150298.2613.peg.464	460004	461398	+		FIG01031723: hypothetical protein	460004	461398
1150298.2613:461_464;2438_2447;2513_2516	1150298.2613	Fusicatenibacter saccharivorans AM67-22ACA	JAQEGR010000001	CDS	fig|1150298.2613.peg.465	461581	462777	+		Tn916, transcriptional regulator, putative	461581	462777
1150298.2613:461_464;2438_2447;2513_2516	1150298.2613	Fusicatenibacter saccharivorans AM67-22ACA	JAQEGR010000001	CDS	fig|1150298.2613.peg.466	462791	462925	+		hypothetical protein	462791	462925
1150298.2613:461_464;2438_2447;2513_2516	1150298.2613	Fusicatenibacter saccharivorans AM67-22ACA	JAQEGR010000001	CDS	fig|1150298.2613.peg.467	462927	463148	+		FIG086557: Conjugation related protein	462927	463148
1150298.2613:461_464;2438_2447;2513_2516	1150298.2613	Fusicatenibacter saccharivorans AM67-22ACA	JAQEGR010000001	CDS	fig|1150298.2613.peg.468	463216	463635	+		hypothetical protein	463216	463635
1150298.2613:461_464;2438_2447;2513_2516	1150298.2613	Fusicatenibacter saccharivorans AM67-22ACA	JAQEGR010000001	CDS	fig|1150298.2613.peg.469	463941	464444	+		FIG00512738: hypothetical protein	463941	464444
1150298.2613:461_464;2438_2447;2513_2516	1150298.2613	Fusicatenibacter saccharivorans AM67-22ACA	JAQEGR010000030	CDS	fig|1150298.2613.peg.2354	1036	3486	+		FIG00520311: hypothetical protein	2437949	2440399
1150298.2613:461_464;2438_2447;2513_2516	1150298.2613	Fusicatenibacter saccharivorans AM67-22ACA	JAQEGR010000030	CDS	fig|1150298.2613.peg.2355	3486	5696	+		putative membrane protein	2440399	2442609
1150298.2613:461_464;2438_2447;2513_2516	1150298.2613	Fusicatenibacter saccharivorans AM67-22ACA	JAQEGR010000030	CDS	fig|1150298.2613.peg.2356	5693	6700	+		lipoprotein, NLP/P60 family	2442606	2443613
1150298.2613:461_464;2438_2447;2513_2516	1150298.2613	Fusicatenibacter saccharivorans AM67-22ACA	JAQEGR010000030	CDS	fig|1150298.2613.peg.2357	6717	7628	+		FIG00513093: hypothetical protein	2443630	2444541
1150298.2613:461_464;2438_2447;2513_2516	1150298.2613	Fusicatenibacter saccharivorans AM67-22ACA	JAQEGR010000030	CDS	fig|1150298.2613.peg.2358	7773	8087	+		hypothetical protein	2444686	2445000
1150298.2613:461_464;2438_2447;2513_2516	1150298.2613	Fusicatenibacter saccharivorans AM67-22ACA	JAQEGR010000030	CDS	fig|1150298.2613.peg.2359	8313	8642	+		hypothetical protein	2445226	2445555
1150298.2613:461_464;2438_2447;2513_2516	1150298.2613	Fusicatenibacter saccharivorans AM67-22ACA	JAQEGR010000030	CDS	fig|1150298.2613.peg.2360	8658	8888	+		hypothetical protein	2445571	2445801
1150298.2613:461_464;2438_2447;2513_2516	1150298.2613	Fusicatenibacter saccharivorans AM67-22ACA	JAQEGR010000030	CDS	fig|1150298.2613.peg.2361	9055	9825	+		ABC transporter-like sensor ATP-binding protein	2445968	2446738
1150298.2613:461_464;2438_2447;2513_2516	1150298.2613	Fusicatenibacter saccharivorans AM67-22ACA	JAQEGR010000030	CDS	fig|1150298.2613.peg.2362	9815	11782	+		ABC transporter-like sensor and permease protein	2446728	2448695
1150298.2613:461_464;2438_2447;2513_2516	1150298.2613	Fusicatenibacter saccharivorans AM67-22ACA	JAQEGR010000038	CDS	fig|1150298.2613.peg.2449	183	278	+		hypothetical protein	2512992	2513087
1150298.2613:461_464;2438_2447;2513_2516	1150298.2613	Fusicatenibacter saccharivorans AM67-22ACA	JAQEGR010000039	CDS	fig|1150298.2613.peg.2454	1	165	+		hypothetical protein	2515888	2516052
1150298.2613:2447_2448	1150298.2613	Fusicatenibacter saccharivorans AM67-22ACA	JAQEGR010000030	CDS	fig|1150298.2613.peg.2362	9815	11782	+		ABC transporter-like sensor and permease protein	2446728	2448695
1150298.2613:453_454	1150298.2613	Fusicatenibacter saccharivorans AM67-22ACA	JAQEGR010000001	CDS	fig|1150298.2613.peg.456	452457	455501	+		FIG01032097: hypothetical protein	452457	455501
1150298.2613:621_623	1150298.2613	Fusicatenibacter saccharivorans AM67-22ACA	JAQEGR010000010	CDS	fig|1150298.2613.peg.606	156001	157557	+		ISPsy14, transposase	620486	622042
1150298.2613:621_623	1150298.2613	Fusicatenibacter saccharivorans AM67-22ACA	JAQEGR010000010	CDS	fig|1150298.2613.peg.607	157570	158349	+		hypothetical protein	622055	622834
1150298.2613:2747_2748;2748_2749	1150298.2613	Fusicatenibacter saccharivorans AM67-22ACA	JAQEGR010000004	CDS	fig|1150298.2613.peg.2669	227655	228329	+		Two-component transcriptional response regulator, LuxR family	2746450	2747124
1150298.2613:2747_2748;2748_2749	1150298.2613	Fusicatenibacter saccharivorans AM67-22ACA	JAQEGR010000004	CDS	fig|1150298.2613.peg.2670	228317	229495	+		hypothetical protein	2747112	2748290
1150298.2613:2747_2748;2748_2749	1150298.2613	Fusicatenibacter saccharivorans AM67-22ACA	JAQEGR010000004	CDS	fig|1150298.2613.peg.2670	228317	229495	+		hypothetical protein	2747112	2748290
1150298.2613:2747_2748;2748_2749	1150298.2613	Fusicatenibacter saccharivorans AM67-22ACA	JAQEGR010000004	CDS	fig|1150298.2613.peg.2671	229612	230682	+		hypothetical protein	2748407	2749477
1150298.2613:390_398	1150298.2613	Fusicatenibacter saccharivorans AM67-22ACA	JAQEGR010000001	CDS	fig|1150298.2613.peg.386	390106	390234	+		hypothetical protein	390106	390234
1150298.2613:390_398	1150298.2613	Fusicatenibacter saccharivorans AM67-22ACA	JAQEGR010000001	CDS	fig|1150298.2613.peg.387	390425	390937	+		FIG00513320: hypothetical protein	390425	390937
1150298.2613:390_398	1150298.2613	Fusicatenibacter saccharivorans AM67-22ACA	JAQEGR010000001	CDS	fig|1150298.2613.peg.388	391032	391457	+		FIG00522450: hypothetical protein	391032	391457
1150298.2613:390_398	1150298.2613	Fusicatenibacter saccharivorans AM67-22ACA	JAQEGR010000001	CDS	fig|1150298.2613.peg.389	391541	391711	+		RNA polymerase ECF-type sigma factor	391541	391711
1150298.2613:390_398	1150298.2613	Fusicatenibacter saccharivorans AM67-22ACA	JAQEGR010000001	CDS	fig|1150298.2613.peg.390	392170	393195	+		FIG00521941: hypothetical protein	392170	393195
1150298.2613:390_398	1150298.2613	Fusicatenibacter saccharivorans AM67-22ACA	JAQEGR010000001	CDS	fig|1150298.2613.peg.391	393720	394685	+		FIG00517640: hypothetical protein	393720	394685
1150298.2613:390_398	1150298.2613	Fusicatenibacter saccharivorans AM67-22ACA	JAQEGR010000001	CDS	fig|1150298.2613.peg.392	394694	395548	+		Chromosome (plasmid) partitioning protein ParB	394694	395548
1150298.2613:390_398	1150298.2613	Fusicatenibacter saccharivorans AM67-22ACA	JAQEGR010000001	CDS	fig|1150298.2613.peg.393	395594	395824	+		bacterial seryl-tRNA synthetase related	395594	395824
1150298.2613:390_398	1150298.2613	Fusicatenibacter saccharivorans AM67-22ACA	JAQEGR010000001	CDS	fig|1150298.2613.peg.394	395824	396087	+		FIG00527364: hypothetical protein	395824	396087
1150298.2613:390_398	1150298.2613	Fusicatenibacter saccharivorans AM67-22ACA	JAQEGR010000001	CDS	fig|1150298.2613.peg.395	396142	397998	+		Site-specific recombinase	396142	397998
1150298.2613:2027_2032	1150298.2613	Fusicatenibacter saccharivorans AM67-22ACA	JAQEGR010000023	CDS	fig|1150298.2613.peg.1950	5222	5590	+		Antitoxin DinJ (binds YafQ toxin)	2029749	2030117
1150298.2613:2027_2032	1150298.2613	Fusicatenibacter saccharivorans AM67-22ACA	JAQEGR010000023	CDS	fig|1150298.2613.peg.1951	5587	5877	+		mRNA interferase YafQ	2030114	2030404
1150298.2613:2027_2032	1150298.2613	Fusicatenibacter saccharivorans AM67-22ACA	JAQEGR010000023	CDS	fig|1150298.2613.peg.1953	7273	7452	+		hypothetical protein	2031800	2031979
1150298.2613:2032_2041	1150298.2613	Fusicatenibacter saccharivorans AM67-22ACA	JAQEGR010000023	CDS	fig|1150298.2613.peg.1963	13552	13920	+		hypothetical protein	2038079	2038447
1150298.2613:2342_2343	1150298.2613	Fusicatenibacter saccharivorans AM67-22ACA	JAQEGR010000003	CDS	fig|1150298.2613.peg.2264	147728	148330	+		Alpha-aspartyl dipeptidase Peptidase E (EC 3.4.13.21)	2341987	2342589
1150298.2613:2342_2343	1150298.2613	Fusicatenibacter saccharivorans AM67-22ACA	JAQEGR010000003	CDS	fig|1150298.2613.peg.2265	148601	148789	+		hypothetical protein	2342860	2343048
1150298.2613:698_699	1150298.2613	Fusicatenibacter saccharivorans AM67-22ACA	JAQEGR010000011	CDS	fig|1150298.2613.peg.682	74828	75430	+		Hydrolase, alpha/beta fold family	697705	698307
1150298.2613:698_699	1150298.2613	Fusicatenibacter saccharivorans AM67-22ACA	JAQEGR010000011	CDS	fig|1150298.2613.peg.683	75478	75996	+		DUF1706 domain-containing protein	698355	698873
1150298.2613:698_699	1150298.2613	Fusicatenibacter saccharivorans AM67-22ACA	JAQEGR010000011	CDS	fig|1150298.2613.peg.684	76117	76452	+		hypothetical protein	698994	699329
1150298.2613:2448_2450	1150298.2613	Fusicatenibacter saccharivorans AM67-22ACA	JAQEGR010000030	CDS	fig|1150298.2613.peg.2362	9815	11782	+		ABC transporter-like sensor and permease protein	2446728	2448695
1150298.2613:2448_2450	1150298.2613	Fusicatenibacter saccharivorans AM67-22ACA	JAQEGR010000030	CDS	fig|1150298.2613.peg.2363	11841	12500	+		Two-component transcriptional response regulator, LuxR family	2448754	2449413
1150298.2613:2448_2450	1150298.2613	Fusicatenibacter saccharivorans AM67-22ACA	JAQEGR010000030	CDS	fig|1150298.2613.peg.2364	12488	13501	+		ABC transporter-like sensor linked histidine kinase	2449401	2450414
1150298.2613:2502_2503	1150298.2613	Fusicatenibacter saccharivorans AM67-22ACA	JAQEGR010000035	CDS	fig|1150298.2613.peg.2432	5772	6272	+		hypothetical protein	2501956	2502456
1150298.2613:398_408	1150298.2613	Fusicatenibacter saccharivorans AM67-22ACA	JAQEGR010000001	CDS	fig|1150298.2613.peg.396	398256	399629	+		Chromosome (plasmid) partitioning protein ParB	398256	399629
1150298.2613:398_408	1150298.2613	Fusicatenibacter saccharivorans AM67-22ACA	JAQEGR010000001	CDS	fig|1150298.2613.peg.398	399939	400295	+		hypothetical protein	399939	400295
1150298.2613:398_408	1150298.2613	Fusicatenibacter saccharivorans AM67-22ACA	JAQEGR010000001	CDS	fig|1150298.2613.peg.399	400282	401367	+		DNA-cytosine methyltransferase (EC 2.1.1.37)	400282	401367
1150298.2613:398_408	1150298.2613	Fusicatenibacter saccharivorans AM67-22ACA	JAQEGR010000001	CDS	fig|1150298.2613.peg.400	401372	402085	+		hypothetical protein	401372	402085
1150298.2613:398_408	1150298.2613	Fusicatenibacter saccharivorans AM67-22ACA	JAQEGR010000001	CDS	fig|1150298.2613.peg.401	402100	403149	+		hypothetical protein	402100	403149
1150298.2613:398_408	1150298.2613	Fusicatenibacter saccharivorans AM67-22ACA	JAQEGR010000001	CDS	fig|1150298.2613.peg.402	403241	403711	+		hypothetical protein	403241	403711
1150298.2613:398_408	1150298.2613	Fusicatenibacter saccharivorans AM67-22ACA	JAQEGR010000001	CDS	fig|1150298.2613.peg.403	403708	405531	+		TrsK-like protein	403708	405531
1150298.2613:398_408	1150298.2613	Fusicatenibacter saccharivorans AM67-22ACA	JAQEGR010000001	CDS	fig|1150298.2613.peg.404	405621	405836	+		Maff2 family protein	405621	405836
1150298.2613:398_408	1150298.2613	Fusicatenibacter saccharivorans AM67-22ACA	JAQEGR010000001	CDS	fig|1150298.2613.peg.405	405878	406744	+		Tn5252, Orf23	405878	406744
1150298.2613:398_408	1150298.2613	Fusicatenibacter saccharivorans AM67-22ACA	JAQEGR010000001	CDS	fig|1150298.2613.peg.406	406788	407210	+		DNA-binding protein SpoVG	406788	407210
1150298.2613:398_408	1150298.2613	Fusicatenibacter saccharivorans AM67-22ACA	JAQEGR010000001	CDS	fig|1150298.2613.peg.407	407253	407873	+		hypothetical protein	407253	407873
1150298.2613:398_408	1150298.2613	Fusicatenibacter saccharivorans AM67-22ACA	JAQEGR010000001	CDS	fig|1150298.2613.peg.408	407918	408304	+		hypothetical protein	407918	408304
1150298.2613:422_423	1150298.2613	Fusicatenibacter saccharivorans AM67-22ACA	JAQEGR010000001	CDS	fig|1150298.2613.peg.424	421228	422100	+		hypothetical protein	421228	422100
1150298.2613:422_423	1150298.2613	Fusicatenibacter saccharivorans AM67-22ACA	JAQEGR010000001	CDS	fig|1150298.2613.peg.425	422528	422950	+		hypothetical protein	422528	422950
1150298.2613:423_425;425_426	1150298.2613	Fusicatenibacter saccharivorans AM67-22ACA	JAQEGR010000001	CDS	fig|1150298.2613.peg.426	423392	423661	+		hypothetical protein	423392	423661
1150298.2613:423_425;425_426	1150298.2613	Fusicatenibacter saccharivorans AM67-22ACA	JAQEGR010000001	CDS	fig|1150298.2613.peg.427	423795	423971	+		hypothetical protein	423795	423971
1150298.2613:423_425;425_426	1150298.2613	Fusicatenibacter saccharivorans AM67-22ACA	JAQEGR010000001	CDS	fig|1150298.2613.peg.428	424061	425569	+		hypothetical protein	424061	425569
1150298.2613:423_425;425_426	1150298.2613	Fusicatenibacter saccharivorans AM67-22ACA	JAQEGR010000001	CDS	fig|1150298.2613.peg.428	424061	425569	+		hypothetical protein	424061	425569
1150298.2613:423_425;425_426	1150298.2613	Fusicatenibacter saccharivorans AM67-22ACA	JAQEGR010000001	CDS	fig|1150298.2613.peg.429	425619	426554	+		hypothetical protein	425619	426554
1150298.2613:411_415	1150298.2613	Fusicatenibacter saccharivorans AM67-22ACA	JAQEGR010000001	CDS	fig|1150298.2613.peg.410	410931	412598	+		NLP/P60 family protein	410931	412598
1150298.2613:411_415	1150298.2613	Fusicatenibacter saccharivorans AM67-22ACA	JAQEGR010000001	CDS	fig|1150298.2613.peg.411	412621	412887	+		hypothetical protein	412621	412887
1150298.2613:411_415	1150298.2613	Fusicatenibacter saccharivorans AM67-22ACA	JAQEGR010000001	CDS	fig|1150298.2613.peg.412	412874	413521	+		Bacteriocin-like protein	412874	413521
1150298.2613:411_415	1150298.2613	Fusicatenibacter saccharivorans AM67-22ACA	JAQEGR010000001	CDS	fig|1150298.2613.peg.413	413524	413715	+		hypothetical protein	413524	413715
1150298.2613:411_415	1150298.2613	Fusicatenibacter saccharivorans AM67-22ACA	JAQEGR010000001	CDS	fig|1150298.2613.peg.414	413716	414117	+		hypothetical protein	413716	414117
1150298.2613:411_415	1150298.2613	Fusicatenibacter saccharivorans AM67-22ACA	JAQEGR010000001	CDS	fig|1150298.2613.peg.415	414250	414840	+		hypothetical protein	414250	414840
1150298.2613:411_415	1150298.2613	Fusicatenibacter saccharivorans AM67-22ACA	JAQEGR010000001	CDS	fig|1150298.2613.peg.416	414853	415035	+		hypothetical protein	414853	415035
1150298.2613:408_410;415_417	1150298.2613	Fusicatenibacter saccharivorans AM67-22ACA	JAQEGR010000001	CDS	fig|1150298.2613.peg.408	407918	408304	+		hypothetical protein	407918	408304
1150298.2613:408_410;415_417	1150298.2613	Fusicatenibacter saccharivorans AM67-22ACA	JAQEGR010000001	CDS	fig|1150298.2613.peg.409	408258	410651	+		TrsE-like protein	408258	410651
1150298.2613:408_410;415_417	1150298.2613	Fusicatenibacter saccharivorans AM67-22ACA	JAQEGR010000001	CDS	fig|1150298.2613.peg.416	414853	415035	+		hypothetical protein	414853	415035
1150298.2613:408_410;415_417	1150298.2613	Fusicatenibacter saccharivorans AM67-22ACA	JAQEGR010000001	CDS	fig|1150298.2613.peg.417	415035	415376	+		hypothetical protein	415035	415376
1150298.2613:408_410;415_417	1150298.2613	Fusicatenibacter saccharivorans AM67-22ACA	JAQEGR010000001	CDS	fig|1150298.2613.peg.418	415552	415842	+		hypothetical protein	415552	415842
1150298.2613:408_410;415_417	1150298.2613	Fusicatenibacter saccharivorans AM67-22ACA	JAQEGR010000001	CDS	fig|1150298.2613.peg.419	415922	417337	+		hypothetical protein	415922	417337
1150298.2613:417_418	1150298.2613	Fusicatenibacter saccharivorans AM67-22ACA	JAQEGR010000001	CDS	fig|1150298.2613.peg.419	415922	417337	+		hypothetical protein	415922	417337
1150298.2613:410_411	1150298.2613	Fusicatenibacter saccharivorans AM67-22ACA	JAQEGR010000001	CDS	fig|1150298.2613.peg.409	408258	410651	+		TrsE-like protein	408258	410651
1150298.2613:410_411	1150298.2613	Fusicatenibacter saccharivorans AM67-22ACA	JAQEGR010000001	CDS	fig|1150298.2613.peg.410	410931	412598	+		NLP/P60 family protein	410931	412598
1150298.2613:1162_1175;1181_1185;2026_2027;2041_2046	1150298.2613	Fusicatenibacter saccharivorans AM67-22ACA	JAQEGR010000015	CDS	fig|1150298.2613.peg.1128	1155	2021	+		Tn5252, Orf23	1162108	1162974
1150298.2613:1162_1175;1181_1185;2026_2027;2041_2046	1150298.2613	Fusicatenibacter saccharivorans AM67-22ACA	JAQEGR010000015	CDS	fig|1150298.2613.peg.1129	2037	2768	+		DNA-binding protein SpoVG	1162990	1163721
1150298.2613:1162_1175;1181_1185;2026_2027;2041_2046	1150298.2613	Fusicatenibacter saccharivorans AM67-22ACA	JAQEGR010000015	CDS	fig|1150298.2613.peg.1130	2758	3348	+		Adenine-specific methyltransferase (EC 2.1.1.72)	1163711	1164301
1150298.2613:1162_1175;1181_1185;2026_2027;2041_2046	1150298.2613	Fusicatenibacter saccharivorans AM67-22ACA	JAQEGR010000015	CDS	fig|1150298.2613.peg.1131	3632	4111	+		MunI-like protein	1164585	1165064
1150298.2613:1162_1175;1181_1185;2026_2027;2041_2046	1150298.2613	Fusicatenibacter saccharivorans AM67-22ACA	JAQEGR010000015	CDS	fig|1150298.2613.peg.1132	4115	4504	+		hypothetical protein	1165068	1165457
1150298.2613:1162_1175;1181_1185;2026_2027;2041_2046	1150298.2613	Fusicatenibacter saccharivorans AM67-22ACA	JAQEGR010000015	CDS	fig|1150298.2613.peg.1133	4461	6821	+		TrsE-like protein	1165414	1167774
1150298.2613:1162_1175;1181_1185;2026_2027;2041_2046	1150298.2613	Fusicatenibacter saccharivorans AM67-22ACA	JAQEGR010000015	CDS	fig|1150298.2613.peg.1134	6802	8520	+		hypothetical protein	1167755	1169473
1150298.2613:1162_1175;1181_1185;2026_2027;2041_2046	1150298.2613	Fusicatenibacter saccharivorans AM67-22ACA	JAQEGR010000015	CDS	fig|1150298.2613.peg.1135	8535	8789	+		hypothetical protein	1169488	1169742
1150298.2613:1162_1175;1181_1185;2026_2027;2041_2046	1150298.2613	Fusicatenibacter saccharivorans AM67-22ACA	JAQEGR010000015	CDS	fig|1150298.2613.peg.1136	8792	9541	+		hypothetical protein	1169745	1170494
1150298.2613:1162_1175;1181_1185;2026_2027;2041_2046	1150298.2613	Fusicatenibacter saccharivorans AM67-22ACA	JAQEGR010000015	CDS	fig|1150298.2613.peg.1137	9538	9714	+		hypothetical protein	1170491	1170667
1150298.2613:1162_1175;1181_1185;2026_2027;2041_2046	1150298.2613	Fusicatenibacter saccharivorans AM67-22ACA	JAQEGR010000015	CDS	fig|1150298.2613.peg.1138	9719	10072	+		hypothetical protein	1170672	1171025
1150298.2613:1162_1175;1181_1185;2026_2027;2041_2046	1150298.2613	Fusicatenibacter saccharivorans AM67-22ACA	JAQEGR010000015	CDS	fig|1150298.2613.peg.1139	10252	11211	+		hypothetical protein	1171205	1172164
1150298.2613:1162_1175;1181_1185;2026_2027;2041_2046	1150298.2613	Fusicatenibacter saccharivorans AM67-22ACA	JAQEGR010000015	CDS	fig|1150298.2613.peg.1140	11225	11809	+		hypothetical protein	1172178	1172762
1150298.2613:1162_1175;1181_1185;2026_2027;2041_2046	1150298.2613	Fusicatenibacter saccharivorans AM67-22ACA	JAQEGR010000015	CDS	fig|1150298.2613.peg.1141	11822	11986	+		hypothetical protein	1172775	1172939
1150298.2613:1162_1175;1181_1185;2026_2027;2041_2046	1150298.2613	Fusicatenibacter saccharivorans AM67-22ACA	JAQEGR010000015	CDS	fig|1150298.2613.peg.1142	11983	12330	+		hypothetical protein	1172936	1173283
1150298.2613:1162_1175;1181_1185;2026_2027;2041_2046	1150298.2613	Fusicatenibacter saccharivorans AM67-22ACA	JAQEGR010000015	CDS	fig|1150298.2613.peg.1143	12489	13835	+		hypothetical protein	1173442	1174788
1150298.2613:1162_1175;1181_1185;2026_2027;2041_2046	1150298.2613	Fusicatenibacter saccharivorans AM67-22ACA	JAQEGR010000015	CDS	fig|1150298.2613.peg.1150	20268	20678	+		hypothetical protein	1181221	1181631
1150298.2613:1162_1175;1181_1185;2026_2027;2041_2046	1150298.2613	Fusicatenibacter saccharivorans AM67-22ACA	JAQEGR010000015	CDS	fig|1150298.2613.peg.1152	21533	23215	+		Site-specific recombinase	1182486	1184168
1150298.2613:1162_1175;1181_1185;2026_2027;2041_2046	1150298.2613	Fusicatenibacter saccharivorans AM67-22ACA	JAQEGR010000023	CDS	fig|1150298.2613.peg.1972	21325	21522	+		Transcriptional regulator, Xre family	2045852	2046049
1150298.2613:1175_1181	1150298.2613	Fusicatenibacter saccharivorans AM67-22ACA	JAQEGR010000015	CDS	fig|1150298.2613.peg.1145	14643	15326	+		ABC transporter-coupled two-component system, LuxR family response regulator	1175596	1176279
1150298.2613:1175_1181	1150298.2613	Fusicatenibacter saccharivorans AM67-22ACA	JAQEGR010000015	CDS	fig|1150298.2613.peg.1146	15323	16354	+		ABC transporter-coupled two-component system, signal transduction histidine kinase	1176276	1177307
1150298.2613:1175_1181	1150298.2613	Fusicatenibacter saccharivorans AM67-22ACA	JAQEGR010000015	CDS	fig|1150298.2613.peg.1147	16496	17161	+		ABC transporter-coupled two-component system, ATP-binding protein	1177449	1178114
1150298.2613:1175_1181	1150298.2613	Fusicatenibacter saccharivorans AM67-22ACA	JAQEGR010000015	CDS	fig|1150298.2613.peg.1148	17177	19687	+		ABC transporter-coupled two-component system, fused permease protein	1178130	1180640
1150298.2613:2125_2126;2126_2128;2128_2130	1150298.2613	Fusicatenibacter saccharivorans AM67-22ACA	JAQEGR010000026	CDS	fig|1150298.2613.peg.2044	988	1182	+		hypothetical protein	2125831	2126025
1150298.2613:2125_2126;2126_2128;2128_2130	1150298.2613	Fusicatenibacter saccharivorans AM67-22ACA	JAQEGR010000026	CDS	fig|1150298.2613.peg.2044	988	1182	+		hypothetical protein	2125831	2126025
1150298.2613:2125_2126;2126_2128;2128_2130	1150298.2613	Fusicatenibacter saccharivorans AM67-22ACA	JAQEGR010000026	CDS	fig|1150298.2613.peg.2048	4832	4972	+		hypothetical protein	2129675	2129815
1150298.2613:2501_2502;2507_2508	1150298.2613	Fusicatenibacter saccharivorans AM67-22ACA	JAQEGR010000035	CDS	fig|1150298.2613.peg.2430	5049	5321	+		Transcriptional regulator, Xre family	2501233	2501505
1150298.2613:2501_2502;2507_2508	1150298.2613	Fusicatenibacter saccharivorans AM67-22ACA	JAQEGR010000035	CDS	fig|1150298.2613.peg.2431	5281	5658	+		hypothetical protein	2501465	2501842
1150298.2613:2501_2502;2507_2508	1150298.2613	Fusicatenibacter saccharivorans AM67-22ACA	JAQEGR010000035	CDS	fig|1150298.2613.peg.2432	5772	6272	+		hypothetical protein	2501956	2502456
1150298.2613:2503_2504	1150298.2613	Fusicatenibacter saccharivorans AM67-22ACA	JAQEGR010000035	CDS	fig|1150298.2613.peg.2434	7662	7850	+		FIG00533189: hypothetical protein	2503846	2504034
1150298.2613:2504_2505	1150298.2613	Fusicatenibacter saccharivorans AM67-22ACA	JAQEGR010000035	CDS	fig|1150298.2613.peg.2434	7662	7850	+		FIG00533189: hypothetical protein	2503846	2504034
1150298.2613:2504_2505	1150298.2613	Fusicatenibacter saccharivorans AM67-22ACA	JAQEGR010000035	CDS	fig|1150298.2613.peg.2435	7847	8188	+		hypothetical protein	2504031	2504372
1150298.2613:2504_2505	1150298.2613	Fusicatenibacter saccharivorans AM67-22ACA	JAQEGR010000035	CDS	fig|1150298.2613.peg.2436	8181	8477	+		hypothetical protein	2504365	2504661
1150298.2613:2504_2505	1150298.2613	Fusicatenibacter saccharivorans AM67-22ACA	JAQEGR010000036	assembly_gap	fig|1150298.2613.assembly_gap.10	245	254	+		assembly gap with gap type within scaffold, estimated length 10, linkage evidence paired-ends	2504978	2504987
1150298.2613:2476_2477;2480_2482	1150298.2613	Fusicatenibacter saccharivorans AM67-22ACA	JAQEGR010000033	CDS	fig|1150298.2613.peg.2401	562	957	+		FIG00521858: hypothetical protein	2475625	2476020
1150298.2613:2476_2477;2480_2482	1150298.2613	Fusicatenibacter saccharivorans AM67-22ACA	JAQEGR010000033	CDS	fig|1150298.2613.peg.2402	920	2551	+		FIG00514472: hypothetical protein	2475983	2477614
1150298.2613:2476_2477;2480_2482	1150298.2613	Fusicatenibacter saccharivorans AM67-22ACA	JAQEGR010000033	CDS	fig|1150298.2613.peg.2407	5039	6442	+		Site-specific recombinase	2480102	2481505
1150298.2613:2476_2477;2480_2482	1150298.2613	Fusicatenibacter saccharivorans AM67-22ACA	JAQEGR010000033	CDS	fig|1150298.2613.peg.2408	6726	6998	+		Transcriptional regulator, Xre family	2481789	2482061
1150298.2613:2477_2480	1150298.2613	Fusicatenibacter saccharivorans AM67-22ACA	JAQEGR010000033	CDS	fig|1150298.2613.peg.2402	920	2551	+		FIG00514472: hypothetical protein	2475983	2477614
1150298.2613:2477_2480	1150298.2613	Fusicatenibacter saccharivorans AM67-22ACA	JAQEGR010000033	CDS	fig|1150298.2613.peg.2403	2736	2948	+		hypothetical protein	2477799	2478011
1150298.2613:2477_2480	1150298.2613	Fusicatenibacter saccharivorans AM67-22ACA	JAQEGR010000033	CDS	fig|1150298.2613.peg.2404	2938	3681	+		FIG00515839: hypothetical protein	2478001	2478744
1150298.2613:2477_2480	1150298.2613	Fusicatenibacter saccharivorans AM67-22ACA	JAQEGR010000033	CDS	fig|1150298.2613.peg.2405	3678	4535	+		Helicase loader DnaI	2478741	2479598
1150298.2613:2477_2480	1150298.2613	Fusicatenibacter saccharivorans AM67-22ACA	JAQEGR010000033	CDS	fig|1150298.2613.peg.2406	4532	4720	+		hypothetical protein	2479595	2479783
1150298.2613:2482_2484	1150298.2613	Fusicatenibacter saccharivorans AM67-22ACA	JAQEGR010000033	CDS	fig|1150298.2613.peg.2408	6726	6998	+		Transcriptional regulator, Xre family	2481789	2482061
1150298.2613:2482_2484	1150298.2613	Fusicatenibacter saccharivorans AM67-22ACA	JAQEGR010000033	CDS	fig|1150298.2613.peg.2409	6958	7335	+		hypothetical protein	2482021	2482398
1150298.2613:2482_2484	1150298.2613	Fusicatenibacter saccharivorans AM67-22ACA	JAQEGR010000033	CDS	fig|1150298.2613.peg.2410	7365	8327	+		hypothetical protein	2482428	2483390
1150298.2613:2484_2485	1150298.2613	Fusicatenibacter saccharivorans AM67-22ACA	JAQEGR010000033	CDS	fig|1150298.2613.peg.2413	9678	9866	+		FIG00533189: hypothetical protein	2484741	2484929
1150298.2613:2484_2485	1150298.2613	Fusicatenibacter saccharivorans AM67-22ACA	JAQEGR010000033	CDS	fig|1150298.2613.peg.2414	9863	10204	+		hypothetical protein	2484926	2485267
1150298.2613:2497_2498	1150298.2613	Fusicatenibacter saccharivorans AM67-22ACA	JAQEGR010000035	CDS	fig|1150298.2613.peg.2425	716	1102	+		hypothetical protein	2496900	2497286
1150298.2613:2497_2498	1150298.2613	Fusicatenibacter saccharivorans AM67-22ACA	JAQEGR010000035	CDS	fig|1150298.2613.peg.2426	1233	1973	+		hypothetical protein	2497417	2498157
1150298.2613:2096_2098;2098_2101	1150298.2613	Fusicatenibacter saccharivorans AM67-22ACA	JAQEGR010000024	CDS	fig|1150298.2613.peg.2014	32266	33453	+		hypothetical protein	2095864	2097051
1150298.2613:2096_2098;2098_2101	1150298.2613	Fusicatenibacter saccharivorans AM67-22ACA	JAQEGR010000024	CDS	fig|1150298.2613.peg.2015	33531	34298	+		ABC transporter-like sensor ATP-binding protein	2097129	2097896
1150298.2613:2096_2098;2098_2101	1150298.2613	Fusicatenibacter saccharivorans AM67-22ACA	JAQEGR010000024	CDS	fig|1150298.2613.peg.2016	34288	36360	+		ABC transporter-like sensor and permease protein	2097886	2099958
1150298.2613:2096_2098;2098_2101	1150298.2613	Fusicatenibacter saccharivorans AM67-22ACA	JAQEGR010000024	CDS	fig|1150298.2613.peg.2016	34288	36360	+		ABC transporter-like sensor and permease protein	2097886	2099958
1150298.2613:2096_2098;2098_2101	1150298.2613	Fusicatenibacter saccharivorans AM67-22ACA	JAQEGR010000024	CDS	fig|1150298.2613.peg.2017	36380	37057	+		ABC transporter-like sensor linked response regulator	2099978	2100655
1150298.2613:2096_2098;2098_2101	1150298.2613	Fusicatenibacter saccharivorans AM67-22ACA	JAQEGR010000024	CDS	fig|1150298.2613.peg.2018	37054	38079	+		ABC transporter-like sensor linked histidine kinase	2100652	2101677
1150298.2613:13_14	1150298.2613	Fusicatenibacter saccharivorans AM67-22ACA	JAQEGR010000001	CDS	fig|1150298.2613.peg.21	12426	13262	+		NAD-dependent protein deacetylase of SIR2 family	12426	13262
1150298.2613:13_14	1150298.2613	Fusicatenibacter saccharivorans AM67-22ACA	JAQEGR010000001	CDS	fig|1150298.2613.peg.22	13284	13859	+		DNA-3-methyladenine glycosylase (EC 3.2.2.20)	13284	13859
1150298.2613:2130_2138	1150298.2613	Fusicatenibacter saccharivorans AM67-22ACA	JAQEGR010000026	CDS	fig|1150298.2613.peg.2058	12273	13313	+		FIG00533987: hypothetical protein	2137116	2138156
1150298.2613:2139_2140;2140_2141;2142_2143	1150298.2613	Fusicatenibacter saccharivorans AM67-22ACA	JAQEGR010000026	CDS	fig|1150298.2613.peg.2060	14063	15172	+		hypothetical protein	2138906	2140015
1150298.2613:2139_2140;2140_2141;2142_2143	1150298.2613	Fusicatenibacter saccharivorans AM67-22ACA	JAQEGR010000026	CDS	fig|1150298.2613.peg.2060	14063	15172	+		hypothetical protein	2138906	2140015
1150298.2613:2139_2140;2140_2141;2142_2143	1150298.2613	Fusicatenibacter saccharivorans AM67-22ACA	JAQEGR010000026	CDS	fig|1150298.2613.peg.2061	15234	15908	+		hypothetical protein	2140077	2140751
1150298.2613:2139_2140;2140_2141;2142_2143	1150298.2613	Fusicatenibacter saccharivorans AM67-22ACA	JAQEGR010000026	CDS	fig|1150298.2613.peg.2062	15905	18385	+		hypothetical protein	2140748	2143228
1150298.2613:2139_2140;2140_2141;2142_2143	1150298.2613	Fusicatenibacter saccharivorans AM67-22ACA	JAQEGR010000026	CDS	fig|1150298.2613.peg.2062	15905	18385	+		hypothetical protein	2140748	2143228
1150298.2613:705_717	1150298.2613	Fusicatenibacter saccharivorans AM67-22ACA	JAQEGR010000011	CDS	fig|1150298.2613.peg.693	81988	82590	+		Alpha-aspartyl dipeptidase Peptidase E (EC 3.4.13.21)	704865	705467
1150298.2613:705_717	1150298.2613	Fusicatenibacter saccharivorans AM67-22ACA	JAQEGR010000011	CDS	fig|1150298.2613.peg.694	82895	83134	+		FIG01032573: hypothetical protein	705772	706011
1150298.2613:705_717	1150298.2613	Fusicatenibacter saccharivorans AM67-22ACA	JAQEGR010000011	CDS	fig|1150298.2613.peg.704	91666	92295	+		FIG01032572: hypothetical protein	714543	715172
1150298.2613:705_717	1150298.2613	Fusicatenibacter saccharivorans AM67-22ACA	JAQEGR010000011	CDS	fig|1150298.2613.peg.705	92382	93677	+		FIG01032307: hypothetical protein	715259	716554
1150298.2613:705_717	1150298.2613	Fusicatenibacter saccharivorans AM67-22ACA	JAQEGR010000011	CDS	fig|1150298.2613.peg.706	93938	94291	+		hypothetical protein	716815	717168
1150298.2613:2760_2761	1150298.2613	Fusicatenibacter saccharivorans AM67-22ACA	JAQEGR010000043	CDS	fig|1150298.2613.peg.2684	304	1515	+		hypothetical protein	2759913	2761124
1150298.2613:2761_2763	1150298.2613	Fusicatenibacter saccharivorans AM67-22ACA	JAQEGR010000043	CDS	fig|1150298.2613.peg.2684	304	1515	+		hypothetical protein	2759913	2761124
1150298.2613:2761_2763	1150298.2613	Fusicatenibacter saccharivorans AM67-22ACA	JAQEGR010000044	CDS	fig|1150298.2613.peg.2685	283	1458	+		Transposase IS116/IS110/IS902	2761560	2762735
1150298.2613:2722_2724;2724_2726;2731_2732;2733_2734;2734_2735	1150298.2613	Fusicatenibacter saccharivorans AM67-22ACA	JAQEGR010000004	CDS	fig|1150298.2613.peg.2652	203160	204197	-		Transcriptional regulator, AraC family	2721955	2722992
1150298.2613:3578_3579	1150298.2613	Fusicatenibacter saccharivorans AM67-22ACA	JAQEGR010000008	CDS	fig|1150298.2613.peg.3506	169794	170216	-		hypothetical protein	3577776	3578198
1150298.2613:2083_2085	1150298.2613	Fusicatenibacter saccharivorans AM67-22ACA	JAQEGR010000024	CDS	fig|1150298.2613.peg.1998	19195	19548	-		FIG00519870: hypothetical protein	2082793	2083146
1150298.2613:2119_2120	1150298.2613	Fusicatenibacter saccharivorans AM67-22ACA	JAQEGR010000025	CDS	fig|1150298.2613.peg.2033	16759	16875	-		hypothetical protein	2119325	2119441
1150298.2613:2119_2120	1150298.2613	Fusicatenibacter saccharivorans AM67-22ACA	JAQEGR010000025	CDS	fig|1150298.2613.peg.2034	16985	18133	-		Inner membrane protein YbiR, putative anion permease	2119551	2120699
1150298.2613:1160_1161	1150298.2613	Fusicatenibacter saccharivorans AM67-22ACA	JAQEGR010000014	CDS	fig|1150298.2613.peg.1125	101661	101786	-		hypothetical protein	1160081	1160206
1150298.2613:3187_3197	1150298.2613	Fusicatenibacter saccharivorans AM67-22ACA	JAQEGR010000006	CDS	fig|1150298.2613.peg.3133	190697	191227	-		hypothetical protein	3188007	3188537
1150298.2613:1439_1443	1150298.2613	Fusicatenibacter saccharivorans AM67-22ACA	JAQEGR010000018	CDS	fig|1150298.2613.peg.1398	1900	3090	-		hypothetical protein	1439624	1440814
1150298.2613:1439_1443	1150298.2613	Fusicatenibacter saccharivorans AM67-22ACA	JAQEGR010000018	CDS	fig|1150298.2613.peg.1399	3083	3967	-		ABC transporter, ATP-binding protein	1440807	1441691
1150298.2613:1439_1443	1150298.2613	Fusicatenibacter saccharivorans AM67-22ACA	JAQEGR010000018	CDS	fig|1150298.2613.peg.1400	3951	4730	-		hypothetical protein	1441675	1442454
1150298.2613:1439_1443	1150298.2613	Fusicatenibacter saccharivorans AM67-22ACA	JAQEGR010000018	CDS	fig|1150298.2613.peg.1401	4717	5256	-		RNA polymerase sigma factor	1442441	1442980
1150298.2613:1448_1449	1150298.2613	Fusicatenibacter saccharivorans AM67-22ACA	JAQEGR010000018	CDS	fig|1150298.2613.peg.1405	9657	10340	-		ABC transporter-coupled two-component system, LuxR family response regulator	1447381	1448064
1150298.2613:1448_1449	1150298.2613	Fusicatenibacter saccharivorans AM67-22ACA	JAQEGR010000018	CDS	fig|1150298.2613.peg.1406	10580	11341	-		hypothetical protein	1448304	1449065
1150298.2613:1613_1615;1615_1616	1150298.2613	Fusicatenibacter saccharivorans AM67-22ACA	JAQEGR010000002	CDS	fig|1150298.2613.peg.1545	41143	42045	-		hypothetical protein	1612244	1613146
1150298.2613:1613_1615;1615_1616	1150298.2613	Fusicatenibacter saccharivorans AM67-22ACA	JAQEGR010000002	CDS	fig|1150298.2613.peg.1546	42057	42794	-		hypothetical protein	1613158	1613895
1150298.2613:1613_1615;1615_1616	1150298.2613	Fusicatenibacter saccharivorans AM67-22ACA	JAQEGR010000002	CDS	fig|1150298.2613.peg.1547	42810	43496	-		hypothetical protein	1613911	1614597
1150298.2613:1613_1615;1615_1616	1150298.2613	Fusicatenibacter saccharivorans AM67-22ACA	JAQEGR010000002	CDS	fig|1150298.2613.peg.1548	43474	44412	-		Efflux ABC transporter, ATP-binding protein	1614575	1615513
1150298.2613:1613_1615;1615_1616	1150298.2613	Fusicatenibacter saccharivorans AM67-22ACA	JAQEGR010000002	CDS	fig|1150298.2613.peg.1548	43474	44412	-		Efflux ABC transporter, ATP-binding protein	1614575	1615513
1150298.2613:1613_1615;1615_1616	1150298.2613	Fusicatenibacter saccharivorans AM67-22ACA	JAQEGR010000002	CDS	fig|1150298.2613.peg.1549	44509	45192	-		Two-component transcriptional response regulator, OmpR family	1615610	1616293
1150298.2613:2162_2164	1150298.2613	Fusicatenibacter saccharivorans AM67-22ACA	JAQEGR010000027	CDS	fig|1150298.2613.peg.2089	16480	18978	-		hypothetical protein	2161539	2164037
1150298.2613:2457_2458	1150298.2613	Fusicatenibacter saccharivorans AM67-22ACA	JAQEGR010000031	CDS	fig|1150298.2613.peg.2377	6211	7221	-		Transcriptional regulator, Xre family	2456902	2457912
1150298.2613:461_464;2438_2447;2513_2516	1150298.2613	Fusicatenibacter saccharivorans AM67-22ACA	JAQEGR010000038	CDS	fig|1150298.2613.peg.2450	452	1642	-		putative transposon integrase; Tn916 ORF3-like	2513261	2514451
1150298.2613:461_464;2438_2447;2513_2516	1150298.2613	Fusicatenibacter saccharivorans AM67-22ACA	JAQEGR010000038	CDS	fig|1150298.2613.peg.2451	1720	1923	-		putative transposon excisionase; Tn916 ORF1-like	2514529	2514732
1150298.2613:461_464;2438_2447;2513_2516	1150298.2613	Fusicatenibacter saccharivorans AM67-22ACA	JAQEGR010000038	CDS	fig|1150298.2613.peg.2452	2297	2551	-		hypothetical protein	2515106	2515360
1150298.2613:461_464;2438_2447;2513_2516	1150298.2613	Fusicatenibacter saccharivorans AM67-22ACA	JAQEGR010000038	CDS	fig|1150298.2613.peg.2453	2555	2974	-		conjugative transposon conserved hypothetical protein	2515364	2515783
1150298.2613:621_623	1150298.2613	Fusicatenibacter saccharivorans AM67-22ACA	JAQEGR010000011	CDS	fig|1150298.2613.peg.608	47	250	-		hypothetical protein	622924	623127
1150298.2613:2027_2032	1150298.2613	Fusicatenibacter saccharivorans AM67-22ACA	JAQEGR010000023	CDS	fig|1150298.2613.peg.1945	2398	2763	-		hypothetical protein	2026925	2027290
1150298.2613:2027_2032	1150298.2613	Fusicatenibacter saccharivorans AM67-22ACA	JAQEGR010000023	CDS	fig|1150298.2613.peg.1946	2841	3035	-		hypothetical protein	2027368	2027562
1150298.2613:2027_2032	1150298.2613	Fusicatenibacter saccharivorans AM67-22ACA	JAQEGR010000023	CDS	fig|1150298.2613.peg.1947	3079	3942	-		Helicase loader DnaI	2027606	2028469
1150298.2613:2027_2032	1150298.2613	Fusicatenibacter saccharivorans AM67-22ACA	JAQEGR010000023	CDS	fig|1150298.2613.peg.1948	3939	4673	-		DNA replication protein DnaD	2028466	2029200
1150298.2613:2027_2032	1150298.2613	Fusicatenibacter saccharivorans AM67-22ACA	JAQEGR010000023	CDS	fig|1150298.2613.peg.1949	4787	5152	-		hypothetical protein	2029314	2029679
1150298.2613:2027_2032	1150298.2613	Fusicatenibacter saccharivorans AM67-22ACA	JAQEGR010000023	CDS	fig|1150298.2613.peg.1952	5986	7311	-		Mobilization protein	2030513	2031838
1150298.2613:2032_2041	1150298.2613	Fusicatenibacter saccharivorans AM67-22ACA	JAQEGR010000023	CDS	fig|1150298.2613.peg.1954	7618	7908	-		FIG00521065: hypothetical protein	2032145	2032435
1150298.2613:2032_2041	1150298.2613	Fusicatenibacter saccharivorans AM67-22ACA	JAQEGR010000023	CDS	fig|1150298.2613.peg.1955	7937	8398	-		FIG00528570: hypothetical protein	2032464	2032925
1150298.2613:2032_2041	1150298.2613	Fusicatenibacter saccharivorans AM67-22ACA	JAQEGR010000023	CDS	fig|1150298.2613.peg.1956	8409	8861	-		hypothetical protein	2032936	2033388
1150298.2613:2032_2041	1150298.2613	Fusicatenibacter saccharivorans AM67-22ACA	JAQEGR010000023	CDS	fig|1150298.2613.peg.1957	8965	9378	-		hypothetical protein	2033492	2033905
1150298.2613:2032_2041	1150298.2613	Fusicatenibacter saccharivorans AM67-22ACA	JAQEGR010000023	CDS	fig|1150298.2613.peg.1958	9837	10751	-		hypothetical protein	2034364	2035278
1150298.2613:2032_2041	1150298.2613	Fusicatenibacter saccharivorans AM67-22ACA	JAQEGR010000023	CDS	fig|1150298.2613.peg.1959	10766	11572	-		hypothetical protein	2035293	2036099
1150298.2613:2032_2041	1150298.2613	Fusicatenibacter saccharivorans AM67-22ACA	JAQEGR010000023	CDS	fig|1150298.2613.peg.1960	11565	12485	-		Efflux ABC transporter, ATP-binding protein	2036092	2037012
1150298.2613:2032_2041	1150298.2613	Fusicatenibacter saccharivorans AM67-22ACA	JAQEGR010000023	CDS	fig|1150298.2613.peg.1961	12570	13235	-		Two-component transcriptional response regulator, OmpR family	2037097	2037762
1150298.2613:2032_2041	1150298.2613	Fusicatenibacter saccharivorans AM67-22ACA	JAQEGR010000023	CDS	fig|1150298.2613.peg.1962	13228	13407	-		Excisionase protein Cthe_0522	2037755	2037934
1150298.2613:2032_2041	1150298.2613	Fusicatenibacter saccharivorans AM67-22ACA	JAQEGR010000023	CDS	fig|1150298.2613.peg.1964	13948	14247	-		hypothetical protein	2038475	2038774
1150298.2613:2032_2041	1150298.2613	Fusicatenibacter saccharivorans AM67-22ACA	JAQEGR010000023	CDS	fig|1150298.2613.peg.1965	14264	14617	-		hypothetical protein	2038791	2039144
1150298.2613:2032_2041	1150298.2613	Fusicatenibacter saccharivorans AM67-22ACA	JAQEGR010000023	CDS	fig|1150298.2613.peg.1966	14644	16524	-		TrsK-like protein	2039171	2041051
1150298.2613:2502_2503	1150298.2613	Fusicatenibacter saccharivorans AM67-22ACA	JAQEGR010000035	CDS	fig|1150298.2613.peg.2433	6372	7178	-		hypothetical protein	2502556	2503362
1150298.2613:398_408	1150298.2613	Fusicatenibacter saccharivorans AM67-22ACA	JAQEGR010000001	CDS	fig|1150298.2613.peg.397	399823	399972	-		hypothetical protein	399823	399972
1150298.2613:417_418	1150298.2613	Fusicatenibacter saccharivorans AM67-22ACA	JAQEGR010000001	CDS	fig|1150298.2613.peg.420	417507	417872	-		hypothetical protein	417507	417872
1150298.2613:1162_1175;1181_1185;2026_2027;2041_2046	1150298.2613	Fusicatenibacter saccharivorans AM67-22ACA	JAQEGR010000015	CDS	fig|1150298.2613.peg.1144	14037	14396	-		hypothetical protein	1174990	1175349
1150298.2613:1162_1175;1181_1185;2026_2027;2041_2046	1150298.2613	Fusicatenibacter saccharivorans AM67-22ACA	JAQEGR010000015	CDS	fig|1150298.2613.peg.1149	20091	20246	-		hypothetical protein	1181044	1181199
1150298.2613:1162_1175;1181_1185;2026_2027;2041_2046	1150298.2613	Fusicatenibacter saccharivorans AM67-22ACA	JAQEGR010000015	CDS	fig|1150298.2613.peg.1151	21015	21470	-		hypothetical protein	1181968	1182423
1150298.2613:1162_1175;1181_1185;2026_2027;2041_2046	1150298.2613	Fusicatenibacter saccharivorans AM67-22ACA	JAQEGR010000015	CDS	fig|1150298.2613.peg.1153	23250	24215	-		hypothetical protein	1184203	1185168
1150298.2613:1162_1175;1181_1185;2026_2027;2041_2046	1150298.2613	Fusicatenibacter saccharivorans AM67-22ACA	JAQEGR010000023	CDS	fig|1150298.2613.peg.1944	1416	2222	-		TrsK-like protein	2025943	2026749
1150298.2613:1162_1175;1181_1185;2026_2027;2041_2046	1150298.2613	Fusicatenibacter saccharivorans AM67-22ACA	JAQEGR010000023	CDS	fig|1150298.2613.peg.1945	2398	2763	-		hypothetical protein	2026925	2027290
1150298.2613:1162_1175;1181_1185;2026_2027;2041_2046	1150298.2613	Fusicatenibacter saccharivorans AM67-22ACA	JAQEGR010000023	CDS	fig|1150298.2613.peg.1966	14644	16524	-		TrsK-like protein	2039171	2041051
1150298.2613:1162_1175;1181_1185;2026_2027;2041_2046	1150298.2613	Fusicatenibacter saccharivorans AM67-22ACA	JAQEGR010000023	CDS	fig|1150298.2613.peg.1967	16597	17568	-		TrsK-like protein	2041124	2042095
1150298.2613:1162_1175;1181_1185;2026_2027;2041_2046	1150298.2613	Fusicatenibacter saccharivorans AM67-22ACA	JAQEGR010000023	CDS	fig|1150298.2613.peg.1968	17555	17869	-		hypothetical protein	2042082	2042396
1150298.2613:1162_1175;1181_1185;2026_2027;2041_2046	1150298.2613	Fusicatenibacter saccharivorans AM67-22ACA	JAQEGR010000023	CDS	fig|1150298.2613.peg.1969	18078	18791	-		hypothetical protein	2042605	2043318
1150298.2613:1162_1175;1181_1185;2026_2027;2041_2046	1150298.2613	Fusicatenibacter saccharivorans AM67-22ACA	JAQEGR010000023	CDS	fig|1150298.2613.peg.1970	18791	19132	-		hypothetical protein	2043318	2043659
1150298.2613:1162_1175;1181_1185;2026_2027;2041_2046	1150298.2613	Fusicatenibacter saccharivorans AM67-22ACA	JAQEGR010000023	CDS	fig|1150298.2613.peg.1971	19415	20860	-		Chromosome (plasmid) partitioning protein ParB	2043942	2045387
1150298.2613:1175_1181	1150298.2613	Fusicatenibacter saccharivorans AM67-22ACA	JAQEGR010000015	CDS	fig|1150298.2613.peg.1144	14037	14396	-		hypothetical protein	1174990	1175349
1150298.2613:2125_2126;2126_2128;2128_2130	1150298.2613	Fusicatenibacter saccharivorans AM67-22ACA	JAQEGR010000026	CDS	fig|1150298.2613.peg.2042	3	770	-		hypothetical protein	2124846	2125613
1150298.2613:2125_2126;2126_2128;2128_2130	1150298.2613	Fusicatenibacter saccharivorans AM67-22ACA	JAQEGR010000026	CDS	fig|1150298.2613.peg.2043	771	968	-		FIG00528192: hypothetical protein	2125614	2125811
1150298.2613:2125_2126;2126_2128;2128_2130	1150298.2613	Fusicatenibacter saccharivorans AM67-22ACA	JAQEGR010000026	CDS	fig|1150298.2613.peg.2045	1211	2539	-		FIG00515792: hypothetical protein	2126054	2127382
1150298.2613:2125_2126;2126_2128;2128_2130	1150298.2613	Fusicatenibacter saccharivorans AM67-22ACA	JAQEGR010000026	CDS	fig|1150298.2613.peg.2046	2517	3161	-		DNA primase amino-terminal domain	2127360	2128004
1150298.2613:2125_2126;2126_2128;2128_2130	1150298.2613	Fusicatenibacter saccharivorans AM67-22ACA	JAQEGR010000026	CDS	fig|1150298.2613.peg.2046	2517	3161	-		DNA primase amino-terminal domain	2127360	2128004
1150298.2613:2125_2126;2126_2128;2128_2130	1150298.2613	Fusicatenibacter saccharivorans AM67-22ACA	JAQEGR010000026	CDS	fig|1150298.2613.peg.2047	3228	4802	-		FIG00524049: hypothetical protein	2128071	2129645
1150298.2613:2125_2126;2126_2128;2128_2130	1150298.2613	Fusicatenibacter saccharivorans AM67-22ACA	JAQEGR010000026	CDS	fig|1150298.2613.peg.2049	5121	6743	-		FIG00513666: hypothetical protein	2129964	2131586
1150298.2613:2501_2502;2507_2508	1150298.2613	Fusicatenibacter saccharivorans AM67-22ACA	JAQEGR010000036	CDS	fig|1150298.2613.peg.2440	1691	2335	-		DNA primase amino-terminal domain	2506424	2507068
1150298.2613:2501_2502;2507_2508	1150298.2613	Fusicatenibacter saccharivorans AM67-22ACA	JAQEGR010000036	CDS	fig|1150298.2613.peg.2441	2401	3981	-		nickase	2507134	2508714
1150298.2613:2503_2504	1150298.2613	Fusicatenibacter saccharivorans AM67-22ACA	JAQEGR010000035	CDS	fig|1150298.2613.peg.2433	6372	7178	-		hypothetical protein	2502556	2503362
1150298.2613:2504_2505	1150298.2613	Fusicatenibacter saccharivorans AM67-22ACA	JAQEGR010000036	CDS	fig|1150298.2613.peg.2437	3	101	-		hypothetical protein	2504736	2504834
1150298.2613:2504_2505	1150298.2613	Fusicatenibacter saccharivorans AM67-22ACA	JAQEGR010000036	CDS	fig|1150298.2613.peg.2438	211	336	-		hypothetical protein	2504944	2505069
1150298.2613:2025_2026	1150298.2613	Fusicatenibacter saccharivorans AM67-22ACA	JAQEGR010000023	CDS	fig|1150298.2613.peg.1941	108	596	-		hypothetical protein	2024635	2025123
1150298.2613:2025_2026	1150298.2613	Fusicatenibacter saccharivorans AM67-22ACA	JAQEGR010000023	CDS	fig|1150298.2613.peg.1942	711	1016	-		hypothetical protein	2025238	2025543
1150298.2613:2025_2026	1150298.2613	Fusicatenibacter saccharivorans AM67-22ACA	JAQEGR010000023	CDS	fig|1150298.2613.peg.1943	1180	1320	-		Maff2 family protein	2025707	2025847
1150298.2613:2025_2026	1150298.2613	Fusicatenibacter saccharivorans AM67-22ACA	JAQEGR010000023	CDS	fig|1150298.2613.peg.1944	1416	2222	-		TrsK-like protein	2025943	2026749
1150298.2613:2482_2484	1150298.2613	Fusicatenibacter saccharivorans AM67-22ACA	JAQEGR010000033	CDS	fig|1150298.2613.peg.2411	8389	8943	-		hypothetical protein	2483452	2484006
1150298.2613:2484_2485	1150298.2613	Fusicatenibacter saccharivorans AM67-22ACA	JAQEGR010000033	CDS	fig|1150298.2613.peg.2411	8389	8943	-		hypothetical protein	2483452	2484006
1150298.2613:2484_2485	1150298.2613	Fusicatenibacter saccharivorans AM67-22ACA	JAQEGR010000033	CDS	fig|1150298.2613.peg.2412	8955	9194	-		hypothetical protein	2484018	2484257
1150298.2613:2090_2091	1150298.2613	Fusicatenibacter saccharivorans AM67-22ACA	JAQEGR010000024	CDS	fig|1150298.2613.peg.2006	25407	26696	-		Mobilization protein	2089005	2090294
1150298.2613:2090_2091	1150298.2613	Fusicatenibacter saccharivorans AM67-22ACA	JAQEGR010000024	CDS	fig|1150298.2613.peg.2007	26774	26959	-		hypothetical protein	2090372	2090557
1150298.2613:2090_2091	1150298.2613	Fusicatenibacter saccharivorans AM67-22ACA	JAQEGR010000024	CDS	fig|1150298.2613.peg.2008	27023	27238	-		hypothetical protein	2090621	2090836
1150298.2613:13_14	1150298.2613	Fusicatenibacter saccharivorans AM67-22ACA	JAQEGR010000001	CDS	fig|1150298.2613.peg.23	13945	14298	-		Transcriptional regulator, HxlR family	13945	14298
1150298.2613:2130_2138	1150298.2613	Fusicatenibacter saccharivorans AM67-22ACA	JAQEGR010000026	CDS	fig|1150298.2613.peg.2049	5121	6743	-		FIG00513666: hypothetical protein	2129964	2131586
1150298.2613:2130_2138	1150298.2613	Fusicatenibacter saccharivorans AM67-22ACA	JAQEGR010000026	CDS	fig|1150298.2613.peg.2050	6851	7036	-		hypothetical protein	2131694	2131879
1150298.2613:2130_2138	1150298.2613	Fusicatenibacter saccharivorans AM67-22ACA	JAQEGR010000026	CDS	fig|1150298.2613.peg.2051	7307	8575	-		FIG00515792: hypothetical protein	2132150	2133418
1150298.2613:2130_2138	1150298.2613	Fusicatenibacter saccharivorans AM67-22ACA	JAQEGR010000026	CDS	fig|1150298.2613.peg.2052	8532	9272	-		DNA primase amino-terminal domain	2133375	2134115
1150298.2613:2130_2138	1150298.2613	Fusicatenibacter saccharivorans AM67-22ACA	JAQEGR010000026	CDS	fig|1150298.2613.peg.2053	9320	10651	-		FIG00514579: hypothetical protein	2134163	2135494
1150298.2613:2130_2138	1150298.2613	Fusicatenibacter saccharivorans AM67-22ACA	JAQEGR010000026	CDS	fig|1150298.2613.peg.2054	10795	11112	-		hypothetical protein	2135638	2135955
1150298.2613:2130_2138	1150298.2613	Fusicatenibacter saccharivorans AM67-22ACA	JAQEGR010000026	CDS	fig|1150298.2613.peg.2055	11397	11600	-		FIG00533189: hypothetical protein	2136240	2136443
1150298.2613:2130_2138	1150298.2613	Fusicatenibacter saccharivorans AM67-22ACA	JAQEGR010000026	CDS	fig|1150298.2613.peg.2056	11746	11970	-		hypothetical protein	2136589	2136813
1150298.2613:2130_2138	1150298.2613	Fusicatenibacter saccharivorans AM67-22ACA	JAQEGR010000026	CDS	fig|1150298.2613.peg.2057	11960	12088	-		hypothetical protein	2136803	2136931
1150298.2613:705_717	1150298.2613	Fusicatenibacter saccharivorans AM67-22ACA	JAQEGR010000011	CDS	fig|1150298.2613.peg.695	83211	85418	-		ABC transporter-like sensor and permease protein	706088	708295
1150298.2613:705_717	1150298.2613	Fusicatenibacter saccharivorans AM67-22ACA	JAQEGR010000011	CDS	fig|1150298.2613.peg.696	85408	86175	-		ABC transporter-like sensor ATP-binding protein	708285	709052
1150298.2613:705_717	1150298.2613	Fusicatenibacter saccharivorans AM67-22ACA	JAQEGR010000011	CDS	fig|1150298.2613.peg.697	86287	87300	-		ABC transporter-like sensor linked histidine kinase	709164	710177
1150298.2613:705_717	1150298.2613	Fusicatenibacter saccharivorans AM67-22ACA	JAQEGR010000011	CDS	fig|1150298.2613.peg.698	87297	87965	-		ABC transporter-like sensor linked response regulator	710174	710842
1150298.2613:705_717	1150298.2613	Fusicatenibacter saccharivorans AM67-22ACA	JAQEGR010000011	CDS	fig|1150298.2613.peg.699	88074	88571	-		FIG01032562: hypothetical protein	710951	711448
1150298.2613:705_717	1150298.2613	Fusicatenibacter saccharivorans AM67-22ACA	JAQEGR010000011	CDS	fig|1150298.2613.peg.700	88759	90480	-		FIG00517494: hypothetical protein	711636	713357
1150298.2613:705_717	1150298.2613	Fusicatenibacter saccharivorans AM67-22ACA	JAQEGR010000011	CDS	fig|1150298.2613.peg.701	90450	90809	-		hypothetical protein	713327	713686
1150298.2613:705_717	1150298.2613	Fusicatenibacter saccharivorans AM67-22ACA	JAQEGR010000011	CDS	fig|1150298.2613.peg.702	90809	91123	-		FIG00533143: hypothetical protein	713686	714000
1150298.2613:705_717	1150298.2613	Fusicatenibacter saccharivorans AM67-22ACA	JAQEGR010000011	CDS	fig|1150298.2613.peg.703	91264	91494	-		FIG00519444: hypothetical protein	714141	714371
1150298.2613:2761_2763	1150298.2613	Fusicatenibacter saccharivorans AM67-22ACA	JAQEGR010000045	CDS	fig|1150298.2613.peg.2686	95	1099	-		hypothetical protein	2762964	2763968
