contig_id	accession	genome_name	genome_id
GCF_020735445.1_1	CP085932	Prevotella copri DSM 18205 strain FDAARGOS_1573	537011.437
GCF_020735445.1_2	CP085933	Prevotella copri DSM 18205 strain FDAARGOS_1573	537011.437
GCF_020735445.1_3	CP085934	Prevotella copri DSM 18205 strain FDAARGOS_1573	537011.437
GCF_025151535.1_1	CP102288	Prevotella copri DSM 18205 strain FDAARGOS_1573	537011.437
GCF_019249655.2_1	CP137557	Prevotella copri DSM 18205 strain FDAARGOS_1573	537011.437
GCF_019249655.2_2	CP137558	Prevotella copri DSM 18205 strain FDAARGOS_1573	537011.437
GCF_000012825.1_1	NC_009614	Bacteroides vulgatus ATCC 8482	435590.9
GCF_047948285.1_1	CP181423	Bacteroides vulgatus ATCC 8482	435590.9
GCF_024759565.1_1	CP103197	Bacteroides vulgatus ATCC 8482	435590.9
GCF_024759565.1_2	CP103198	Bacteroides vulgatus ATCC 8482	435590.9
GCF_000154385.1_1	DS483503	Faecalibacterium prausnitzii M21/2	411485.1
GCF_000154385.1_2	DS483502	Faecalibacterium prausnitzii M21/2	411485.1
GCF_000154385.1_3	DS483501	Faecalibacterium prausnitzii M21/2	411485.1
GCF_000154385.1_4	DS483500	Faecalibacterium prausnitzii M21/2	411485.1
GCF_000154385.1_5	DS483499	Faecalibacterium prausnitzii M21/2	411485.1
GCF_000154385.1_6	DS483498	Faecalibacterium prausnitzii M21/2	411485.1
GCF_000154385.1_7	DS483497	Faecalibacterium prausnitzii M21/2	411485.1
GCF_000154385.1_8	DS483496	Faecalibacterium prausnitzii M21/2	411485.1
GCF_000154385.1_9	DS483495	Faecalibacterium prausnitzii M21/2	411485.1
GCF_000154385.1_10	DS483494	Faecalibacterium prausnitzii M21/2	411485.1
GCF_000154385.1_11	DS483493	Faecalibacterium prausnitzii M21/2	411485.1
GCF_000154385.1_12	DS483492	Faecalibacterium prausnitzii M21/2	411485.1
GCF_000154385.1_13	DS483491	Faecalibacterium prausnitzii M21/2	411485.1
GCF_000154385.1_14	DS483490	Faecalibacterium prausnitzii M21/2	411485.1
GCF_000154385.1_15	DS483489	Faecalibacterium prausnitzii M21/2	411485.1
GCF_000154385.1_16	DS483488	Faecalibacterium prausnitzii M21/2	411485.1
GCF_000154385.1_17	DS483487	Faecalibacterium prausnitzii M21/2	411485.1
GCF_000154385.1_18	DS483486	Faecalibacterium prausnitzii M21/2	411485.1
GCF_000154385.1_19	DS483485	Faecalibacterium prausnitzii M21/2	411485.1
GCF_000154385.1_20	DS483484	Faecalibacterium prausnitzii M21/2	411485.1
GCF_000154385.1_21	DS483483	Faecalibacterium prausnitzii M21/2	411485.1
GCF_000154385.1_22	DS483482	Faecalibacterium prausnitzii M21/2	411485.1
GCF_000154385.1_23	DS483481	Faecalibacterium prausnitzii M21/2	411485.1
GCF_000154385.1_24	DS483480	Faecalibacterium prausnitzii M21/2	411485.1
GCF_000154385.1_25	DS483479	Faecalibacterium prausnitzii M21/2	411485.1
GCF_040026365.1_1	CP157286	Faecalibacterium prausnitzii M21/2	411485.1
GCF_040059215.1_1	CP157369	Faecalibacterium prausnitzii M21/2	411485.1
GCF_044361425.1_1	CP129143	Bacteroides uniformis CL03T12C37	997890.6
GCF_025147485.1_1	CP102263	Bacteroides uniformis CL03T12C37	997890.6
GCF_018291785.1_1	CP072239	Bacteroides uniformis CL03T12C37	997890.6
GCF_018291785.1_2	CP072240	Bacteroides uniformis CL03T12C37	997890.6
GCF_018291785.1_3	CP072241	Bacteroides uniformis CL03T12C37	997890.6
GCF_000154465.1_1	DS499581	Alistipes putredinis DSM 17216	445970.5
GCF_000154465.1_2	DS499580	Alistipes putredinis DSM 17216	445970.5
GCF_000154465.1_3	DS499579	Alistipes putredinis DSM 17216	445970.5
GCF_000154465.1_4	DS499578	Alistipes putredinis DSM 17216	445970.5
GCF_000154465.1_5	DS499577	Alistipes putredinis DSM 17216	445970.5
GCF_000154465.1_6	DS499576	Alistipes putredinis DSM 17216	445970.5
GCF_000154465.1_7	DS499575	Alistipes putredinis DSM 17216	445970.5
GCF_000154465.1_8	DS499574	Alistipes putredinis DSM 17216	445970.5
GCF_000154465.1_9	DS499573	Alistipes putredinis DSM 17216	445970.5
GCF_000154465.1_10	DS499572	Alistipes putredinis DSM 17216	445970.5
GCF_000154465.1_11	DS499571	Alistipes putredinis DSM 17216	445970.5
GCF_000154465.1_12	DS499570	Alistipes putredinis DSM 17216	445970.5
GCF_046603865.1_1	CP176634	Alistipes putredinis DSM 17216	445970.5
GCF_902373695.1_1	CABKND010000001	Alistipes putredinis DSM 17216	445970.5
GCF_902373695.1_2	CABKND010000002	Alistipes putredinis DSM 17216	445970.5
GCF_902373695.1_3	CABKND010000003	Alistipes putredinis DSM 17216	445970.5
GCF_902373695.1_4	CABKND010000004	Alistipes putredinis DSM 17216	445970.5
GCF_902373695.1_5	CABKND010000005	Alistipes putredinis DSM 17216	445970.5
GCF_902373695.1_6	CABKND010000006	Alistipes putredinis DSM 17216	445970.5
GCF_902373695.1_7	CABKND010000007	Alistipes putredinis DSM 17216	445970.5
GCF_902373695.1_8	CABKND010000008	Alistipes putredinis DSM 17216	445970.5
GCF_902373695.1_9	CABKND010000009	Alistipes putredinis DSM 17216	445970.5
GCF_902373695.1_10	CABKND010000010	Alistipes putredinis DSM 17216	445970.5
GCF_902373695.1_11	CABKND010000011	Alistipes putredinis DSM 17216	445970.5
GCF_902373695.1_12	CABKND010000012	Alistipes putredinis DSM 17216	445970.5
GCF_022453685.1_1	CP092643	[Eubacterium] rectale VPI 0990	39491.2717
GCF_000020605.1_1	NC_012781	[Eubacterium] rectale VPI 0990	39491.2717
GCF_036419255.1_1	CP143947	[Eubacterium] rectale VPI 0990	39491.2717
GCF_036419255.1_2	CP143948	[Eubacterium] rectale VPI 0990	39491.2717
GCF_014863965.1_1	WHBW01000001	Ruminococcus bromii strain COPD257	40518.2677
GCF_014863965.1_2	WHBW01000010	Ruminococcus bromii strain COPD257	40518.2677
GCF_014863965.1_3	WHBW01000011	Ruminococcus bromii strain COPD257	40518.2677
GCF_014863965.1_4	WHBW01000012	Ruminococcus bromii strain COPD257	40518.2677
GCF_014863965.1_5	WHBW01000013	Ruminococcus bromii strain COPD257	40518.2677
GCF_014863965.1_6	WHBW01000014	Ruminococcus bromii strain COPD257	40518.2677
GCF_014863965.1_7	WHBW01000015	Ruminococcus bromii strain COPD257	40518.2677
GCF_014863965.1_8	WHBW01000016	Ruminococcus bromii strain COPD257	40518.2677
GCF_014863965.1_9	WHBW01000017	Ruminococcus bromii strain COPD257	40518.2677
GCF_014863965.1_10	WHBW01000018	Ruminococcus bromii strain COPD257	40518.2677
GCF_014863965.1_11	WHBW01000019	Ruminococcus bromii strain COPD257	40518.2677
GCF_014863965.1_12	WHBW01000002	Ruminococcus bromii strain COPD257	40518.2677
GCF_014863965.1_13	WHBW01000020	Ruminococcus bromii strain COPD257	40518.2677
GCF_014863965.1_14	WHBW01000021	Ruminococcus bromii strain COPD257	40518.2677
GCF_014863965.1_15	WHBW01000022	Ruminococcus bromii strain COPD257	40518.2677
GCF_014863965.1_16	WHBW01000023	Ruminococcus bromii strain COPD257	40518.2677
GCF_014863965.1_17	WHBW01000024	Ruminococcus bromii strain COPD257	40518.2677
GCF_014863965.1_18	WHBW01000025	Ruminococcus bromii strain COPD257	40518.2677
GCF_014863965.1_19	WHBW01000026	Ruminococcus bromii strain COPD257	40518.2677
GCF_014863965.1_20	WHBW01000027	Ruminococcus bromii strain COPD257	40518.2677
GCF_014863965.1_21	WHBW01000028	Ruminococcus bromii strain COPD257	40518.2677
GCF_014863965.1_22	WHBW01000029	Ruminococcus bromii strain COPD257	40518.2677
GCF_014863965.1_23	WHBW01000003	Ruminococcus bromii strain COPD257	40518.2677
GCF_014863965.1_24	WHBW01000030	Ruminococcus bromii strain COPD257	40518.2677
GCF_014863965.1_25	WHBW01000031	Ruminococcus bromii strain COPD257	40518.2677
GCF_014863965.1_26	WHBW01000032	Ruminococcus bromii strain COPD257	40518.2677
GCF_014863965.1_27	WHBW01000033	Ruminococcus bromii strain COPD257	40518.2677
GCF_014863965.1_28	WHBW01000034	Ruminococcus bromii strain COPD257	40518.2677
GCF_014863965.1_29	WHBW01000035	Ruminococcus bromii strain COPD257	40518.2677
GCF_014863965.1_30	WHBW01000036	Ruminococcus bromii strain COPD257	40518.2677
GCF_014863965.1_31	WHBW01000037	Ruminococcus bromii strain COPD257	40518.2677
GCF_014863965.1_32	WHBW01000038	Ruminococcus bromii strain COPD257	40518.2677
GCF_014863965.1_33	WHBW01000039	Ruminococcus bromii strain COPD257	40518.2677
GCF_014863965.1_34	WHBW01000004	Ruminococcus bromii strain COPD257	40518.2677
GCF_014863965.1_35	WHBW01000040	Ruminococcus bromii strain COPD257	40518.2677
GCF_014863965.1_36	WHBW01000041	Ruminococcus bromii strain COPD257	40518.2677
GCF_014863965.1_37	WHBW01000005	Ruminococcus bromii strain COPD257	40518.2677
GCF_014863965.1_38	WHBW01000006	Ruminococcus bromii strain COPD257	40518.2677
GCF_014863965.1_39	WHBW01000007	Ruminococcus bromii strain COPD257	40518.2677
GCF_014863965.1_40	WHBW01000008	Ruminococcus bromii strain COPD257	40518.2677
GCF_014863965.1_41	WHBW01000009	Ruminococcus bromii strain COPD257	40518.2677
GCF_002834225.1_1	NNSR01000001	Ruminococcus bromii strain COPD257	40518.2677
GCF_002834225.1_2	NNSR01000002	Ruminococcus bromii strain COPD257	40518.2677
GCF_002834225.1_3	NNSR01000003	Ruminococcus bromii strain COPD257	40518.2677
GCF_002834225.1_4	NNSR01000004	Ruminococcus bromii strain COPD257	40518.2677
GCF_002834225.1_5	NNSR01000005	Ruminococcus bromii strain COPD257	40518.2677
GCF_002834225.1_6	NNSR01000006	Ruminococcus bromii strain COPD257	40518.2677
GCF_002834225.1_7	NNSR01000007	Ruminococcus bromii strain COPD257	40518.2677
GCF_002834225.1_8	NNSR01000008	Ruminococcus bromii strain COPD257	40518.2677
GCF_002834225.1_9	NNSR01000009	Ruminococcus bromii strain COPD257	40518.2677
GCF_002834225.1_10	NNSR01000010	Ruminococcus bromii strain COPD257	40518.2677
GCF_002834225.1_11	NNSR01000011	Ruminococcus bromii strain COPD257	40518.2677
GCF_002834225.1_12	NNSR01000012	Ruminococcus bromii strain COPD257	40518.2677
GCF_002834225.1_13	NNSR01000013	Ruminococcus bromii strain COPD257	40518.2677
GCF_002834225.1_14	NNSR01000014	Ruminococcus bromii strain COPD257	40518.2677
GCF_002834225.1_15	NNSR01000015	Ruminococcus bromii strain COPD257	40518.2677
GCF_002834225.1_16	NNSR01000016	Ruminococcus bromii strain COPD257	40518.2677
GCF_002834225.1_17	NNSR01000017	Ruminococcus bromii strain COPD257	40518.2677
GCF_002834225.1_18	NNSR01000018	Ruminococcus bromii strain COPD257	40518.2677
GCF_002834225.1_19	NNSR01000019	Ruminococcus bromii strain COPD257	40518.2677
GCF_002834225.1_20	NNSR01000020	Ruminococcus bromii strain COPD257	40518.2677
GCF_002834225.1_21	NNSR01000021	Ruminococcus bromii strain COPD257	40518.2677
GCF_002834225.1_22	NNSR01000022	Ruminococcus bromii strain COPD257	40518.2677
GCF_002834225.1_23	NNSR01000023	Ruminococcus bromii strain COPD257	40518.2677
GCF_002834225.1_24	NNSR01000024	Ruminococcus bromii strain COPD257	40518.2677
GCF_002834225.1_25	NNSR01000025	Ruminococcus bromii strain COPD257	40518.2677
GCF_002834225.1_26	NNSR01000026	Ruminococcus bromii strain COPD257	40518.2677
GCF_002834225.1_27	NNSR01000027	Ruminococcus bromii strain COPD257	40518.2677
GCF_002834225.1_28	NNSR01000028	Ruminococcus bromii strain COPD257	40518.2677
GCF_002834225.1_29	NNSR01000029	Ruminococcus bromii strain COPD257	40518.2677
GCF_002834225.1_30	NNSR01000030	Ruminococcus bromii strain COPD257	40518.2677
GCF_002834225.1_31	NNSR01000031	Ruminococcus bromii strain COPD257	40518.2677
GCF_002834225.1_32	NNSR01000032	Ruminococcus bromii strain COPD257	40518.2677
GCF_002834225.1_33	NNSR01000033	Ruminococcus bromii strain COPD257	40518.2677
GCF_002834225.1_34	NNSR01000034	Ruminococcus bromii strain COPD257	40518.2677
GCF_002834225.1_35	NNSR01000035	Ruminococcus bromii strain COPD257	40518.2677
GCF_002834225.1_36	NNSR01000036	Ruminococcus bromii strain COPD257	40518.2677
GCF_002834225.1_37	NNSR01000037	Ruminococcus bromii strain COPD257	40518.2677
GCF_002834225.1_38	NNSR01000038	Ruminococcus bromii strain COPD257	40518.2677
GCF_002834225.1_39	NNSR01000039	Ruminococcus bromii strain COPD257	40518.2677
GCF_002834225.1_40	NNSR01000040	Ruminococcus bromii strain COPD257	40518.2677
GCF_002834225.1_41	NNSR01000041	Ruminococcus bromii strain COPD257	40518.2677
GCF_002834225.1_42	NNSR01000042	Ruminococcus bromii strain COPD257	40518.2677
GCF_002834225.1_43	NNSR01000043	Ruminococcus bromii strain COPD257	40518.2677
GCF_002834225.1_44	NNSR01000044	Ruminococcus bromii strain COPD257	40518.2677
GCF_002834225.1_45	NNSR01000045	Ruminococcus bromii strain COPD257	40518.2677
GCF_002834225.1_46	NNSR01000046	Ruminococcus bromii strain COPD257	40518.2677
GCF_002834225.1_47	NNSR01000047	Ruminococcus bromii strain COPD257	40518.2677
GCF_002834225.1_48	NNSR01000048	Ruminococcus bromii strain COPD257	40518.2677
GCF_002834225.1_49	NNSR01000049	Ruminococcus bromii strain COPD257	40518.2677
GCF_002834225.1_50	NNSR01000050	Ruminococcus bromii strain COPD257	40518.2677
GCF_002834225.1_51	NNSR01000051	Ruminococcus bromii strain COPD257	40518.2677
GCF_002834225.1_52	NNSR01000052	Ruminococcus bromii strain COPD257	40518.2677
GCF_002834225.1_53	NNSR01000053	Ruminococcus bromii strain COPD257	40518.2677
GCF_002834225.1_54	NNSR01000054	Ruminococcus bromii strain COPD257	40518.2677
GCF_002834225.1_55	NNSR01000055	Ruminococcus bromii strain COPD257	40518.2677
GCF_002834225.1_56	NNSR01000056	Ruminococcus bromii strain COPD257	40518.2677
GCF_002834225.1_57	NNSR01000057	Ruminococcus bromii strain COPD257	40518.2677
GCF_002834225.1_58	NNSR01000058	Ruminococcus bromii strain COPD257	40518.2677
GCF_002834225.1_59	NNSR01000059	Ruminococcus bromii strain COPD257	40518.2677
GCF_002834225.1_60	NNSR01000060	Ruminococcus bromii strain COPD257	40518.2677
GCF_002834225.1_61	NNSR01000061	Ruminococcus bromii strain COPD257	40518.2677
GCF_002834225.1_62	NNSR01000062	Ruminococcus bromii strain COPD257	40518.2677
GCF_002834225.1_63	NNSR01000063	Ruminococcus bromii strain COPD257	40518.2677
GCF_002834225.1_64	NNSR01000064	Ruminococcus bromii strain COPD257	40518.2677
GCF_002834225.1_65	NNSR01000065	Ruminococcus bromii strain COPD257	40518.2677
GCF_002834225.1_66	NNSR01000066	Ruminococcus bromii strain COPD257	40518.2677
GCF_002834225.1_67	NNSR01000067	Ruminococcus bromii strain COPD257	40518.2677
GCF_002834225.1_68	NNSR01000068	Ruminococcus bromii strain COPD257	40518.2677
GCF_002834225.1_69	NNSR01000069	Ruminococcus bromii strain COPD257	40518.2677
GCF_002834225.1_70	NNSR01000070	Ruminococcus bromii strain COPD257	40518.2677
GCF_002834225.1_71	NNSR01000071	Ruminococcus bromii strain COPD257	40518.2677
GCF_002834225.1_72	NNSR01000072	Ruminococcus bromii strain COPD257	40518.2677
GCF_002834225.1_73	NNSR01000073	Ruminococcus bromii strain COPD257	40518.2677
GCF_002834225.1_74	NNSR01000074	Ruminococcus bromii strain COPD257	40518.2677
GCF_023369675.1_1	SNUZ01000001	Ruminococcus bromii strain COPD257	40518.2677
GCF_023369675.1_2	SNUZ01000002	Ruminococcus bromii strain COPD257	40518.2677
GCF_023369675.1_3	SNUZ01000003	Ruminococcus bromii strain COPD257	40518.2677
GCF_023369675.1_4	SNUZ01000004	Ruminococcus bromii strain COPD257	40518.2677
GCF_023369675.1_5	SNUZ01000005	Ruminococcus bromii strain COPD257	40518.2677
GCF_023369675.1_6	SNUZ01000006	Ruminococcus bromii strain COPD257	40518.2677
GCF_023369675.1_7	SNUZ01000007	Ruminococcus bromii strain COPD257	40518.2677
GCF_023369675.1_8	SNUZ01000008	Ruminococcus bromii strain COPD257	40518.2677
GCF_023369675.1_9	SNUZ01000009	Ruminococcus bromii strain COPD257	40518.2677
GCF_023369675.1_10	SNUZ01000010	Ruminococcus bromii strain COPD257	40518.2677
GCF_023369675.1_11	SNUZ01000011	Ruminococcus bromii strain COPD257	40518.2677
GCF_023369675.1_12	SNUZ01000012	Ruminococcus bromii strain COPD257	40518.2677
GCF_023369675.1_13	SNUZ01000013	Ruminococcus bromii strain COPD257	40518.2677
GCF_023369675.1_14	SNUZ01000014	Ruminococcus bromii strain COPD257	40518.2677
GCF_023369675.1_15	SNUZ01000015	Ruminococcus bromii strain COPD257	40518.2677
GCF_023369675.1_16	SNUZ01000016	Ruminococcus bromii strain COPD257	40518.2677
GCF_023369675.1_17	SNUZ01000017	Ruminococcus bromii strain COPD257	40518.2677
GCF_023369675.1_18	SNUZ01000018	Ruminococcus bromii strain COPD257	40518.2677
GCF_023369675.1_19	SNUZ01000019	Ruminococcus bromii strain COPD257	40518.2677
GCF_023369675.1_20	SNUZ01000020	Ruminococcus bromii strain COPD257	40518.2677
GCF_023369675.1_21	SNUZ01000021	Ruminococcus bromii strain COPD257	40518.2677
GCF_023369675.1_22	SNUZ01000022	Ruminococcus bromii strain COPD257	40518.2677
GCF_023369675.1_23	SNUZ01000023	Ruminococcus bromii strain COPD257	40518.2677
GCF_023369675.1_24	SNUZ01000024	Ruminococcus bromii strain COPD257	40518.2677
GCF_023369675.1_25	SNUZ01000025	Ruminococcus bromii strain COPD257	40518.2677
GCF_023369675.1_26	SNUZ01000026	Ruminococcus bromii strain COPD257	40518.2677
GCF_023369675.1_27	SNUZ01000027	Ruminococcus bromii strain COPD257	40518.2677
GCF_023369675.1_28	SNUZ01000028	Ruminococcus bromii strain COPD257	40518.2677
GCF_023369675.1_29	SNUZ01000029	Ruminococcus bromii strain COPD257	40518.2677
GCF_023369675.1_30	SNUZ01000030	Ruminococcus bromii strain COPD257	40518.2677
GCF_023369675.1_31	SNUZ01000031	Ruminococcus bromii strain COPD257	40518.2677
GCF_023369675.1_32	SNUZ01000032	Ruminococcus bromii strain COPD257	40518.2677
GCF_023369675.1_33	SNUZ01000033	Ruminococcus bromii strain COPD257	40518.2677
GCF_023369675.1_34	SNUZ01000034	Ruminococcus bromii strain COPD257	40518.2677
GCF_023369675.1_35	SNUZ01000035	Ruminococcus bromii strain COPD257	40518.2677
GCF_023369675.1_36	SNUZ01000036	Ruminococcus bromii strain COPD257	40518.2677
GCF_023369675.1_37	SNUZ01000037	Ruminococcus bromii strain COPD257	40518.2677
GCF_023369675.1_38	SNUZ01000038	Ruminococcus bromii strain COPD257	40518.2677
GCF_023369675.1_39	SNUZ01000039	Ruminococcus bromii strain COPD257	40518.2677
GCF_023369675.1_40	SNUZ01000040	Ruminococcus bromii strain COPD257	40518.2677
GCF_023369675.1_41	SNUZ01000041	Ruminococcus bromii strain COPD257	40518.2677
GCF_023369675.1_42	SNUZ01000042	Ruminococcus bromii strain COPD257	40518.2677
GCF_023369675.1_43	SNUZ01000043	Ruminococcus bromii strain COPD257	40518.2677
GCF_023369675.1_44	SNUZ01000044	Ruminococcus bromii strain COPD257	40518.2677
GCF_023369675.1_45	SNUZ01000045	Ruminococcus bromii strain COPD257	40518.2677
GCF_023369675.1_46	SNUZ01000046	Ruminococcus bromii strain COPD257	40518.2677
GCF_023369675.1_47	SNUZ01000047	Ruminococcus bromii strain COPD257	40518.2677
GCF_023369675.1_48	SNUZ01000048	Ruminococcus bromii strain COPD257	40518.2677
GCF_023369675.1_49	SNUZ01000049	Ruminococcus bromii strain COPD257	40518.2677
GCF_023369675.1_50	SNUZ01000050	Ruminococcus bromii strain COPD257	40518.2677
GCF_023369675.1_51	SNUZ01000051	Ruminococcus bromii strain COPD257	40518.2677
GCF_023369675.1_52	SNUZ01000052	Ruminococcus bromii strain COPD257	40518.2677
GCF_023369675.1_53	SNUZ01000053	Ruminococcus bromii strain COPD257	40518.2677
GCF_023369675.1_54	SNUZ01000054	Ruminococcus bromii strain COPD257	40518.2677
GCF_023369675.1_55	SNUZ01000055	Ruminococcus bromii strain COPD257	40518.2677
GCF_023369675.1_56	SNUZ01000056	Ruminococcus bromii strain COPD257	40518.2677
GCF_023369675.1_57	SNUZ01000057	Ruminococcus bromii strain COPD257	40518.2677
GCF_013009555.1_1	CP046176	Bacteroides dorei strain DSM 17855	357276.1035
GCF_025146415.1_1	CP102257	Bacteroides dorei strain DSM 17855	357276.1035
GCF_018292105.1_1	CP072246	Bacteroides dorei strain DSM 17855	357276.1035
GCF_018292105.1_2	CP072247	Bacteroides dorei strain DSM 17855	357276.1035
GCF_018292105.1_3	CP072248	Bacteroides dorei strain DSM 17855	357276.1035
GCF_018292105.1_4	CP072249	Bacteroides dorei strain DSM 17855	357276.1035
GCF_018292105.1_5	CP072250	Bacteroides dorei strain DSM 17855	357276.1035
GCF_000010425.1_1	NC_008618	Bifidobacterium adolescentis ATCC 15703	367928.6
GCF_028743295.1_1	CP117956	Bifidobacterium adolescentis ATCC 15703	367928.6
GCF_009832825.1_1	CP047129	Bifidobacterium adolescentis ATCC 15703	367928.6
GCF_010509075.1_1	CP048433	Collinsella aerofaciens ATCC 25986 strain JCM 10188	411903.3
GCF_010509075.1_2	CP048434	Collinsella aerofaciens ATCC 25986 strain JCM 10188	411903.3
GCF_010509075.1_3	CP048435	Collinsella aerofaciens ATCC 25986 strain JCM 10188	411903.3
GCF_003856815.1_1	CP024960	Collinsella aerofaciens ATCC 25986 strain JCM 10188	411903.3
GCF_002736145.1_1	CP024160	Collinsella aerofaciens ATCC 25986 strain JCM 10188	411903.3
GCF_000005845.2_1	NC_000913.3	Escherichia coli O157:H7 str. Sakai	386585.154
GCF_000008865.2_1	NC_002695.2	Escherichia coli O157:H7 str. Sakai	386585.154
GCF_000008865.2_2	NC_002127	Escherichia coli O157:H7 str. Sakai	386585.154
GCF_000008865.2_3	NC_002128	Escherichia coli O157:H7 str. Sakai	386585.154
GCF_002853715.1_1	CP024138	Escherichia coli O157:H7 str. Sakai	386585.154
GCF_002853715.1_2	CP024139	Escherichia coli O157:H7 str. Sakai	386585.154
GCF_002853715.1_3	CP024140	Escherichia coli O157:H7 str. Sakai	386585.154
GCF_000154525.1_1	DS499677	Bacteroides stercoris ATCC 43183	449673.7
GCF_000154525.1_2	DS499676	Bacteroides stercoris ATCC 43183	449673.7
GCF_000154525.1_3	DS499675	Bacteroides stercoris ATCC 43183	449673.7
GCF_000154525.1_4	DS499674	Bacteroides stercoris ATCC 43183	449673.7
GCF_000154525.1_5	DS499673	Bacteroides stercoris ATCC 43183	449673.7
GCF_000154525.1_6	DS499672	Bacteroides stercoris ATCC 43183	449673.7
GCF_000154525.1_7	DS499671	Bacteroides stercoris ATCC 43183	449673.7
GCF_000154525.1_8	DS499670	Bacteroides stercoris ATCC 43183	449673.7
GCF_000154525.1_9	DS499669	Bacteroides stercoris ATCC 43183	449673.7
GCF_000154525.1_10	DS499668	Bacteroides stercoris ATCC 43183	449673.7
GCF_000154525.1_11	DS499667	Bacteroides stercoris ATCC 43183	449673.7
GCF_000154525.1_12	DS499666	Bacteroides stercoris ATCC 43183	449673.7
GCF_000154525.1_13	DS499665	Bacteroides stercoris ATCC 43183	449673.7
GCF_000154525.1_14	DS499664	Bacteroides stercoris ATCC 43183	449673.7
GCF_000154525.1_15	DS499663	Bacteroides stercoris ATCC 43183	449673.7
GCF_000154525.1_16	DS499662	Bacteroides stercoris ATCC 43183	449673.7
GCF_000154525.1_17	DS499661	Bacteroides stercoris ATCC 43183	449673.7
GCF_025147325.1_1	CP102262	Bacteroides stercoris ATCC 43183	449673.7
GCF_042850115.1_1	AP031449	Bacteroides stercoris ATCC 43183	449673.7
GCF_015550045.1_1	JADNAB010000010	Roseburia faecis	301302.3
GCF_015550045.1_2	JADNAB010000011	Roseburia faecis	301302.3
GCF_015550045.1_3	JADNAB010000012	Roseburia faecis	301302.3
GCF_015550045.1_4	JADNAB010000013	Roseburia faecis	301302.3
GCF_015550045.1_5	JADNAB010000014	Roseburia faecis	301302.3
GCF_015550045.1_6	JADNAB010000015	Roseburia faecis	301302.3
GCF_015550045.1_7	JADNAB010000016	Roseburia faecis	301302.3
GCF_015550045.1_8	JADNAB010000017	Roseburia faecis	301302.3
GCF_015550045.1_9	JADNAB010000018	Roseburia faecis	301302.3
GCF_015550045.1_10	JADNAB010000019	Roseburia faecis	301302.3
GCF_015550045.1_11	JADNAB010000001	Roseburia faecis	301302.3
GCF_015550045.1_12	JADNAB010000020	Roseburia faecis	301302.3
GCF_015550045.1_13	JADNAB010000021	Roseburia faecis	301302.3
GCF_015550045.1_14	JADNAB010000022	Roseburia faecis	301302.3
GCF_015550045.1_15	JADNAB010000023	Roseburia faecis	301302.3
GCF_015550045.1_16	JADNAB010000024	Roseburia faecis	301302.3
GCF_015550045.1_17	JADNAB010000025	Roseburia faecis	301302.3
GCF_015550045.1_18	JADNAB010000026	Roseburia faecis	301302.3
GCF_015550045.1_19	JADNAB010000027	Roseburia faecis	301302.3
GCF_015550045.1_20	JADNAB010000028	Roseburia faecis	301302.3
GCF_015550045.1_21	JADNAB010000029	Roseburia faecis	301302.3
GCF_015550045.1_22	JADNAB010000002	Roseburia faecis	301302.3
GCF_015550045.1_23	JADNAB010000030	Roseburia faecis	301302.3
GCF_015550045.1_24	JADNAB010000031	Roseburia faecis	301302.3
GCF_015550045.1_25	JADNAB010000032	Roseburia faecis	301302.3
GCF_015550045.1_26	JADNAB010000033	Roseburia faecis	301302.3
GCF_015550045.1_27	JADNAB010000034	Roseburia faecis	301302.3
GCF_015550045.1_28	JADNAB010000035	Roseburia faecis	301302.3
GCF_015550045.1_29	JADNAB010000036	Roseburia faecis	301302.3
GCF_015550045.1_30	JADNAB010000037	Roseburia faecis	301302.3
GCF_015550045.1_31	JADNAB010000038	Roseburia faecis	301302.3
GCF_015550045.1_32	JADNAB010000039	Roseburia faecis	301302.3
GCF_015550045.1_33	JADNAB010000003	Roseburia faecis	301302.3
GCF_015550045.1_34	JADNAB010000040	Roseburia faecis	301302.3
GCF_015550045.1_35	JADNAB010000041	Roseburia faecis	301302.3
GCF_015550045.1_36	JADNAB010000042	Roseburia faecis	301302.3
GCF_015550045.1_37	JADNAB010000043	Roseburia faecis	301302.3
GCF_015550045.1_38	JADNAB010000044	Roseburia faecis	301302.3
GCF_015550045.1_39	JADNAB010000045	Roseburia faecis	301302.3
GCF_015550045.1_40	JADNAB010000046	Roseburia faecis	301302.3
GCF_015550045.1_41	JADNAB010000047	Roseburia faecis	301302.3
GCF_015550045.1_42	JADNAB010000048	Roseburia faecis	301302.3
GCF_015550045.1_43	JADNAB010000049	Roseburia faecis	301302.3
GCF_015550045.1_44	JADNAB010000004	Roseburia faecis	301302.3
GCF_015550045.1_45	JADNAB010000050	Roseburia faecis	301302.3
GCF_015550045.1_46	JADNAB010000051	Roseburia faecis	301302.3
GCF_015550045.1_47	JADNAB010000052	Roseburia faecis	301302.3
GCF_015550045.1_48	JADNAB010000053	Roseburia faecis	301302.3
GCF_015550045.1_49	JADNAB010000054	Roseburia faecis	301302.3
GCF_015550045.1_50	JADNAB010000055	Roseburia faecis	301302.3
GCF_015550045.1_51	JADNAB010000056	Roseburia faecis	301302.3
GCF_015550045.1_52	JADNAB010000057	Roseburia faecis	301302.3
GCF_015550045.1_53	JADNAB010000058	Roseburia faecis	301302.3
GCF_015550045.1_54	JADNAB010000059	Roseburia faecis	301302.3
GCF_015550045.1_55	JADNAB010000005	Roseburia faecis	301302.3
GCF_015550045.1_56	JADNAB010000060	Roseburia faecis	301302.3
GCF_015550045.1_57	JADNAB010000061	Roseburia faecis	301302.3
GCF_015550045.1_58	JADNAB010000062	Roseburia faecis	301302.3
GCF_015550045.1_59	JADNAB010000063	Roseburia faecis	301302.3
GCF_015550045.1_60	JADNAB010000064	Roseburia faecis	301302.3
GCF_015550045.1_61	JADNAB010000065	Roseburia faecis	301302.3
GCF_015550045.1_62	JADNAB010000066	Roseburia faecis	301302.3
GCF_015550045.1_63	JADNAB010000067	Roseburia faecis	301302.3
GCF_015550045.1_64	JADNAB010000068	Roseburia faecis	301302.3
GCF_015550045.1_65	JADNAB010000069	Roseburia faecis	301302.3
GCF_015550045.1_66	JADNAB010000006	Roseburia faecis	301302.3
GCF_015550045.1_67	JADNAB010000070	Roseburia faecis	301302.3
GCF_015550045.1_68	JADNAB010000071	Roseburia faecis	301302.3
GCF_015550045.1_69	JADNAB010000072	Roseburia faecis	301302.3
GCF_015550045.1_70	JADNAB010000073	Roseburia faecis	301302.3
GCF_015550045.1_71	JADNAB010000074	Roseburia faecis	301302.3
GCF_015550045.1_72	JADNAB010000075	Roseburia faecis	301302.3
GCF_015550045.1_73	JADNAB010000076	Roseburia faecis	301302.3
GCF_015550045.1_74	JADNAB010000077	Roseburia faecis	301302.3
GCF_015550045.1_75	JADNAB010000007	Roseburia faecis	301302.3
GCF_015550045.1_76	JADNAB010000008	Roseburia faecis	301302.3
GCF_015550045.1_77	JADNAB010000009	Roseburia faecis	301302.3
GCF_045061065.1_1	CP173697	Roseburia faecis	301302.3
GCF_001406815.1_1	CVRR01000001	Roseburia faecis	301302.3
GCF_001406815.1_2	CVRR01000002	Roseburia faecis	301302.3
GCF_001406815.1_3	CVRR01000003	Roseburia faecis	301302.3
GCF_001406815.1_4	CVRR01000004	Roseburia faecis	301302.3
GCF_001406815.1_5	CVRR01000005	Roseburia faecis	301302.3
GCF_001406815.1_6	CVRR01000006	Roseburia faecis	301302.3
GCF_001406815.1_7	CVRR01000007	Roseburia faecis	301302.3
GCF_001406815.1_8	CVRR01000008	Roseburia faecis	301302.3
GCF_001406815.1_9	CVRR01000009	Roseburia faecis	301302.3
GCF_001406815.1_10	CVRR01000010	Roseburia faecis	301302.3
GCF_001406815.1_11	CVRR01000011	Roseburia faecis	301302.3
GCF_001406815.1_12	CVRR01000012	Roseburia faecis	301302.3
GCF_001406815.1_13	CVRR01000013	Roseburia faecis	301302.3
GCF_001406815.1_14	CVRR01000014	Roseburia faecis	301302.3
GCF_001406815.1_15	CVRR01000015	Roseburia faecis	301302.3
GCF_001406815.1_16	CVRR01000016	Roseburia faecis	301302.3
GCF_001406815.1_17	CVRR01000017	Roseburia faecis	301302.3
GCF_001406815.1_18	CVRR01000018	Roseburia faecis	301302.3
GCF_001406815.1_19	CVRR01000019	Roseburia faecis	301302.3
GCF_001406815.1_20	CVRR01000020	Roseburia faecis	301302.3
GCF_001406815.1_21	CVRR01000021	Roseburia faecis	301302.3
GCF_001406815.1_22	CVRR01000022	Roseburia faecis	301302.3
GCF_001406815.1_23	CVRR01000023	Roseburia faecis	301302.3
GCF_001406815.1_24	CVRR01000024	Roseburia faecis	301302.3
GCF_001406815.1_25	CVRR01000025	Roseburia faecis	301302.3
GCF_001406815.1_26	CVRR01000026	Roseburia faecis	301302.3
GCF_001406815.1_27	CVRR01000027	Roseburia faecis	301302.3
GCF_001406815.1_28	CVRR01000028	Roseburia faecis	301302.3
GCF_001406815.1_29	CVRR01000029	Roseburia faecis	301302.3
GCF_001406815.1_30	CVRR01000030	Roseburia faecis	301302.3
GCF_001406815.1_31	CVRR01000031	Roseburia faecis	301302.3
GCF_001406815.1_32	CVRR01000032	Roseburia faecis	301302.3
GCF_001406815.1_33	CVRR01000033	Roseburia faecis	301302.3
GCF_001406815.1_34	CVRR01000034	Roseburia faecis	301302.3
GCF_001406815.1_35	CVRR01000035	Roseburia faecis	301302.3
GCF_001406815.1_36	CVRR01000036	Roseburia faecis	301302.3
GCF_001406815.1_37	CVRR01000037	Roseburia faecis	301302.3
GCF_001406815.1_38	CVRR01000038	Roseburia faecis	301302.3
GCF_001406815.1_39	CVRR01000039	Roseburia faecis	301302.3
GCF_001406815.1_40	CVRR01000040	Roseburia faecis	301302.3
GCF_001406815.1_41	CVRR01000041	Roseburia faecis	301302.3
GCF_001406815.1_42	CVRR01000042	Roseburia faecis	301302.3
GCF_001406815.1_43	CVRR01000043	Roseburia faecis	301302.3
GCF_001406815.1_44	CVRR01000044	Roseburia faecis	301302.3
GCF_001406815.1_45	CVRR01000045	Roseburia faecis	301302.3
GCF_001406815.1_46	CVRR01000046	Roseburia faecis	301302.3
GCF_001406815.1_47	CVRR01000047	Roseburia faecis	301302.3
GCF_001406815.1_48	CVRR01000048	Roseburia faecis	301302.3
GCF_001406815.1_49	CVRR01000049	Roseburia faecis	301302.3
GCF_001406815.1_50	CVRR01000050	Roseburia faecis	301302.3
GCF_001406815.1_51	CVRR01000051	Roseburia faecis	301302.3
GCF_001406815.1_52	CVRR01000052	Roseburia faecis	301302.3
GCF_001406815.1_53	CVRR01000053	Roseburia faecis	301302.3
GCF_001406815.1_54	CVRR01000054	Roseburia faecis	301302.3
GCF_001406815.1_55	CVRR01000055	Roseburia faecis	301302.3
GCF_001406815.1_56	CVRR01000056	Roseburia faecis	301302.3
GCF_001406815.1_57	CVRR01000057	Roseburia faecis	301302.3
GCF_001406815.1_58	CVRR01000058	Roseburia faecis	301302.3
GCF_001406815.1_59	CVRR01000059	Roseburia faecis	301302.3
GCF_001406815.1_60	CVRR01000060	Roseburia faecis	301302.3
GCF_001406815.1_61	CVRR01000061	Roseburia faecis	301302.3
GCF_001406815.1_62	CVRR01000062	Roseburia faecis	301302.3
GCF_001406815.1_63	CVRR01000063	Roseburia faecis	301302.3
GCF_001406815.1_64	CVRR01000064	Roseburia faecis	301302.3
GCF_001406815.1_65	CVRR01000065	Roseburia faecis	301302.3
GCF_001406815.1_66	CVRR01000066	Roseburia faecis	301302.3
GCF_001406815.1_67	CVRR01000067	Roseburia faecis	301302.3
GCF_001406815.1_68	CVRR01000068	Roseburia faecis	301302.3
GCF_001406815.1_69	CVRR01000069	Roseburia faecis	301302.3
GCF_001406815.1_70	CVRR01000070	Roseburia faecis	301302.3
GCF_001406815.1_71	CVRR01000071	Roseburia faecis	301302.3
GCF_001406815.1_72	CVRR01000072	Roseburia faecis	301302.3
GCF_001406815.1_73	CVRR01000073	Roseburia faecis	301302.3
GCF_001406815.1_74	CVRR01000074	Roseburia faecis	301302.3
GCF_001406815.1_75	CVRR01000075	Roseburia faecis	301302.3
GCF_001406815.1_76	CVRR01000076	Roseburia faecis	301302.3
GCF_001406815.1_77	CVRR01000077	Roseburia faecis	301302.3
GCF_001406815.1_78	CVRR01000078	Roseburia faecis	301302.3
GCF_001406815.1_79	CVRR01000079	Roseburia faecis	301302.3
GCF_001406815.1_80	CVRR01000080	Roseburia faecis	301302.3
GCF_001406815.1_81	CVRR01000081	Roseburia faecis	301302.3
GCF_001406815.1_82	CVRR01000082	Roseburia faecis	301302.3
GCF_001406815.1_83	CVRR01000083	Roseburia faecis	301302.3
GCF_001406815.1_84	CVRR01000084	Roseburia faecis	301302.3
GCF_001406815.1_85	CVRR01000085	Roseburia faecis	301302.3
GCF_001406815.1_86	CVRR01000086	Roseburia faecis	301302.3
GCF_001406815.1_87	CVRR01000087	Roseburia faecis	301302.3
GCF_001406815.1_88	CVRR01000088	Roseburia faecis	301302.3
GCF_001406815.1_89	CVRR01000089	Roseburia faecis	301302.3
GCF_001406815.1_90	CVRR01000090	Roseburia faecis	301302.3
GCF_001406815.1_91	CVRR01000091	Roseburia faecis	301302.3
GCF_001406815.1_92	CVRR01000092	Roseburia faecis	301302.3
GCF_001406815.1_93	CVRR01000093	Roseburia faecis	301302.3
GCF_001406815.1_94	CVRR01000094	Roseburia faecis	301302.3
GCF_001406815.1_95	CVRR01000095	Roseburia faecis	301302.3
GCF_001406815.1_96	CVRR01000096	Roseburia faecis	301302.3
GCF_001406815.1_97	CVRR01000097	Roseburia faecis	301302.3
GCF_001406815.1_98	CVRR01000098	Roseburia faecis	301302.3
GCF_001406815.1_99	CVRR01000099	Roseburia faecis	301302.3
GCF_001406815.1_100	CVRR01000100	Roseburia faecis	301302.3
GCF_001406815.1_101	CVRR01000101	Roseburia faecis	301302.3
GCF_000187895.1_1	DS990135	Bacteroides plebeius DSM 17135	484018.6
GCF_000187895.1_2	DS990134	Bacteroides plebeius DSM 17135	484018.6
GCF_000187895.1_3	DS990133	Bacteroides plebeius DSM 17135	484018.6
GCF_000187895.1_4	DS990132	Bacteroides plebeius DSM 17135	484018.6
GCF_000187895.1_5	DS990131	Bacteroides plebeius DSM 17135	484018.6
GCF_000187895.1_6	DS990130	Bacteroides plebeius DSM 17135	484018.6
GCF_000187895.1_7	DS990129	Bacteroides plebeius DSM 17135	484018.6
GCF_000187895.1_8	DS990128	Bacteroides plebeius DSM 17135	484018.6
GCF_000187895.1_9	DS990127	Bacteroides plebeius DSM 17135	484018.6
GCF_000187895.1_10	DS990126	Bacteroides plebeius DSM 17135	484018.6
GCF_000187895.1_11	DS990125	Bacteroides plebeius DSM 17135	484018.6
GCF_000187895.1_12	DS990124	Bacteroides plebeius DSM 17135	484018.6
GCF_000187895.1_13	DS990123	Bacteroides plebeius DSM 17135	484018.6
GCF_000187895.1_14	DS990122	Bacteroides plebeius DSM 17135	484018.6
GCF_000187895.1_15	DS990121	Bacteroides plebeius DSM 17135	484018.6
GCF_000187895.1_16	DS990119	Bacteroides plebeius DSM 17135	484018.6
GCF_000187895.1_17	DS990118	Bacteroides plebeius DSM 17135	484018.6
GCF_000187895.1_18	DS990117	Bacteroides plebeius DSM 17135	484018.6
GCF_000187895.1_19	DS990120.2	Bacteroides plebeius DSM 17135	484018.6
GCF_902374375.1_1	CABKPU010000001	Bacteroides plebeius DSM 17135	484018.6
GCF_902374375.1_2	CABKPU010000002	Bacteroides plebeius DSM 17135	484018.6
GCF_902374375.1_3	CABKPU010000003	Bacteroides plebeius DSM 17135	484018.6
GCF_902374375.1_4	CABKPU010000004	Bacteroides plebeius DSM 17135	484018.6
GCF_902374375.1_5	CABKPU010000005	Bacteroides plebeius DSM 17135	484018.6
GCF_902374375.1_6	CABKPU010000006	Bacteroides plebeius DSM 17135	484018.6
GCF_902374375.1_7	CABKPU010000007	Bacteroides plebeius DSM 17135	484018.6
GCF_902374375.1_8	CABKPU010000008	Bacteroides plebeius DSM 17135	484018.6
GCF_902374375.1_9	CABKPU010000009	Bacteroides plebeius DSM 17135	484018.6
GCF_902374375.1_10	CABKPU010000010	Bacteroides plebeius DSM 17135	484018.6
GCF_902374375.1_11	CABKPU010000011	Bacteroides plebeius DSM 17135	484018.6
GCF_902374375.1_12	CABKPU010000012	Bacteroides plebeius DSM 17135	484018.6
GCF_902374375.1_13	CABKPU010000013	Bacteroides plebeius DSM 17135	484018.6
GCF_902374375.1_14	CABKPU010000014	Bacteroides plebeius DSM 17135	484018.6
GCF_902374375.1_15	CABKPU010000015	Bacteroides plebeius DSM 17135	484018.6
GCF_902374375.1_16	CABKPU010000016	Bacteroides plebeius DSM 17135	484018.6
GCF_902374375.1_17	CABKPU010000017	Bacteroides plebeius DSM 17135	484018.6
GCF_902374375.1_18	CABKPU010000018	Bacteroides plebeius DSM 17135	484018.6
GCF_902374375.1_19	CABKPU010000019	Bacteroides plebeius DSM 17135	484018.6
GCF_024733775.1_1	JANRHL010000001	Bacteroides plebeius DSM 17135	484018.6
GCF_024733775.1_2	JANRHL010000010	Bacteroides plebeius DSM 17135	484018.6
GCF_024733775.1_3	JANRHL010000011	Bacteroides plebeius DSM 17135	484018.6
GCF_024733775.1_4	JANRHL010000012	Bacteroides plebeius DSM 17135	484018.6
GCF_024733775.1_5	JANRHL010000013	Bacteroides plebeius DSM 17135	484018.6
GCF_024733775.1_6	JANRHL010000014	Bacteroides plebeius DSM 17135	484018.6
GCF_024733775.1_7	JANRHL010000015	Bacteroides plebeius DSM 17135	484018.6
GCF_024733775.1_8	JANRHL010000016	Bacteroides plebeius DSM 17135	484018.6
GCF_024733775.1_9	JANRHL010000017	Bacteroides plebeius DSM 17135	484018.6
GCF_024733775.1_10	JANRHL010000018	Bacteroides plebeius DSM 17135	484018.6
GCF_024733775.1_11	JANRHL010000019	Bacteroides plebeius DSM 17135	484018.6
GCF_024733775.1_12	JANRHL010000002	Bacteroides plebeius DSM 17135	484018.6
GCF_024733775.1_13	JANRHL010000020	Bacteroides plebeius DSM 17135	484018.6
GCF_024733775.1_14	JANRHL010000021	Bacteroides plebeius DSM 17135	484018.6
GCF_024733775.1_15	JANRHL010000022	Bacteroides plebeius DSM 17135	484018.6
GCF_024733775.1_16	JANRHL010000023	Bacteroides plebeius DSM 17135	484018.6
GCF_024733775.1_17	JANRHL010000024	Bacteroides plebeius DSM 17135	484018.6
GCF_024733775.1_18	JANRHL010000025	Bacteroides plebeius DSM 17135	484018.6
GCF_024733775.1_19	JANRHL010000026	Bacteroides plebeius DSM 17135	484018.6
GCF_024733775.1_20	JANRHL010000027	Bacteroides plebeius DSM 17135	484018.6
GCF_024733775.1_21	JANRHL010000028	Bacteroides plebeius DSM 17135	484018.6
GCF_024733775.1_22	JANRHL010000029	Bacteroides plebeius DSM 17135	484018.6
GCF_024733775.1_23	JANRHL010000003	Bacteroides plebeius DSM 17135	484018.6
GCF_024733775.1_24	JANRHL010000030	Bacteroides plebeius DSM 17135	484018.6
GCF_024733775.1_25	JANRHL010000031	Bacteroides plebeius DSM 17135	484018.6
GCF_024733775.1_26	JANRHL010000032	Bacteroides plebeius DSM 17135	484018.6
GCF_024733775.1_27	JANRHL010000033	Bacteroides plebeius DSM 17135	484018.6
GCF_024733775.1_28	JANRHL010000034	Bacteroides plebeius DSM 17135	484018.6
GCF_024733775.1_29	JANRHL010000035	Bacteroides plebeius DSM 17135	484018.6
GCF_024733775.1_30	JANRHL010000036	Bacteroides plebeius DSM 17135	484018.6
GCF_024733775.1_31	JANRHL010000037	Bacteroides plebeius DSM 17135	484018.6
GCF_024733775.1_32	JANRHL010000038	Bacteroides plebeius DSM 17135	484018.6
GCF_024733775.1_33	JANRHL010000039	Bacteroides plebeius DSM 17135	484018.6
GCF_024733775.1_34	JANRHL010000004	Bacteroides plebeius DSM 17135	484018.6
GCF_024733775.1_35	JANRHL010000040	Bacteroides plebeius DSM 17135	484018.6
GCF_024733775.1_36	JANRHL010000041	Bacteroides plebeius DSM 17135	484018.6
GCF_024733775.1_37	JANRHL010000042	Bacteroides plebeius DSM 17135	484018.6
GCF_024733775.1_38	JANRHL010000043	Bacteroides plebeius DSM 17135	484018.6
GCF_024733775.1_39	JANRHL010000044	Bacteroides plebeius DSM 17135	484018.6
GCF_024733775.1_40	JANRHL010000045	Bacteroides plebeius DSM 17135	484018.6
GCF_024733775.1_41	JANRHL010000046	Bacteroides plebeius DSM 17135	484018.6
GCF_024733775.1_42	JANRHL010000047	Bacteroides plebeius DSM 17135	484018.6
GCF_024733775.1_43	JANRHL010000048	Bacteroides plebeius DSM 17135	484018.6
GCF_024733775.1_44	JANRHL010000049	Bacteroides plebeius DSM 17135	484018.6
GCF_024733775.1_45	JANRHL010000005	Bacteroides plebeius DSM 17135	484018.6
GCF_024733775.1_46	JANRHL010000050	Bacteroides plebeius DSM 17135	484018.6
GCF_024733775.1_47	JANRHL010000051	Bacteroides plebeius DSM 17135	484018.6
GCF_024733775.1_48	JANRHL010000052	Bacteroides plebeius DSM 17135	484018.6
GCF_024733775.1_49	JANRHL010000053	Bacteroides plebeius DSM 17135	484018.6
GCF_024733775.1_50	JANRHL010000054	Bacteroides plebeius DSM 17135	484018.6
GCF_024733775.1_51	JANRHL010000006	Bacteroides plebeius DSM 17135	484018.6
GCF_024733775.1_52	JANRHL010000007	Bacteroides plebeius DSM 17135	484018.6
GCF_024733775.1_53	JANRHL010000008	Bacteroides plebeius DSM 17135	484018.6
GCF_024733775.1_54	JANRHL010000009	Bacteroides plebeius DSM 17135	484018.6
GCF_000196555.1_1	NC_015067	Bifidobacterium longum subsp. longum JCM 1217	565042.3
GCF_900637335.1_1	LR134369	Bifidobacterium longum subsp. longum JCM 1217	565042.3
GCF_017132775.1_1	CP070995	Bifidobacterium longum subsp. longum JCM 1217	565042.3
GCF_009731575.1_1	AP021898	Akkermansia muciniphila strain JCM 30893	239935.2189
GCF_009731575.1_2	AP021899	Akkermansia muciniphila strain JCM 30893	239935.2189
GCF_008000975.1_1	CP042830	Akkermansia muciniphila strain JCM 30893	239935.2189
GCF_000020225.1_1	NC_010655	Akkermansia muciniphila strain JCM 30893	239935.2189
GCF_027667425.1_1	JAQEGR010000001	Fusicatenibacter saccharivorans AM67-22ACA	1150298.2613
GCF_027667425.1_2	JAQEGR010000010	Fusicatenibacter saccharivorans AM67-22ACA	1150298.2613
GCF_027667425.1_3	JAQEGR010000011	Fusicatenibacter saccharivorans AM67-22ACA	1150298.2613
GCF_027667425.1_4	JAQEGR010000012	Fusicatenibacter saccharivorans AM67-22ACA	1150298.2613
GCF_027667425.1_5	JAQEGR010000013	Fusicatenibacter saccharivorans AM67-22ACA	1150298.2613
GCF_027667425.1_6	JAQEGR010000014	Fusicatenibacter saccharivorans AM67-22ACA	1150298.2613
GCF_027667425.1_7	JAQEGR010000015	Fusicatenibacter saccharivorans AM67-22ACA	1150298.2613
GCF_027667425.1_8	JAQEGR010000016	Fusicatenibacter saccharivorans AM67-22ACA	1150298.2613
GCF_027667425.1_9	JAQEGR010000017	Fusicatenibacter saccharivorans AM67-22ACA	1150298.2613
GCF_027667425.1_10	JAQEGR010000018	Fusicatenibacter saccharivorans AM67-22ACA	1150298.2613
GCF_027667425.1_11	JAQEGR010000019	Fusicatenibacter saccharivorans AM67-22ACA	1150298.2613
GCF_027667425.1_12	JAQEGR010000002	Fusicatenibacter saccharivorans AM67-22ACA	1150298.2613
GCF_027667425.1_13	JAQEGR010000020	Fusicatenibacter saccharivorans AM67-22ACA	1150298.2613
GCF_027667425.1_14	JAQEGR010000021	Fusicatenibacter saccharivorans AM67-22ACA	1150298.2613
GCF_027667425.1_15	JAQEGR010000022	Fusicatenibacter saccharivorans AM67-22ACA	1150298.2613
GCF_027667425.1_16	JAQEGR010000023	Fusicatenibacter saccharivorans AM67-22ACA	1150298.2613
GCF_027667425.1_17	JAQEGR010000024	Fusicatenibacter saccharivorans AM67-22ACA	1150298.2613
GCF_027667425.1_18	JAQEGR010000025	Fusicatenibacter saccharivorans AM67-22ACA	1150298.2613
GCF_027667425.1_19	JAQEGR010000026	Fusicatenibacter saccharivorans AM67-22ACA	1150298.2613
GCF_027667425.1_20	JAQEGR010000027	Fusicatenibacter saccharivorans AM67-22ACA	1150298.2613
GCF_027667425.1_21	JAQEGR010000028	Fusicatenibacter saccharivorans AM67-22ACA	1150298.2613
GCF_027667425.1_22	JAQEGR010000029	Fusicatenibacter saccharivorans AM67-22ACA	1150298.2613
GCF_027667425.1_23	JAQEGR010000003	Fusicatenibacter saccharivorans AM67-22ACA	1150298.2613
GCF_027667425.1_24	JAQEGR010000030	Fusicatenibacter saccharivorans AM67-22ACA	1150298.2613
GCF_027667425.1_25	JAQEGR010000031	Fusicatenibacter saccharivorans AM67-22ACA	1150298.2613
GCF_027667425.1_26	JAQEGR010000032	Fusicatenibacter saccharivorans AM67-22ACA	1150298.2613
GCF_027667425.1_27	JAQEGR010000033	Fusicatenibacter saccharivorans AM67-22ACA	1150298.2613
GCF_027667425.1_28	JAQEGR010000034	Fusicatenibacter saccharivorans AM67-22ACA	1150298.2613
GCF_027667425.1_29	JAQEGR010000035	Fusicatenibacter saccharivorans AM67-22ACA	1150298.2613
GCF_027667425.1_30	JAQEGR010000036	Fusicatenibacter saccharivorans AM67-22ACA	1150298.2613
GCF_027667425.1_31	JAQEGR010000037	Fusicatenibacter saccharivorans AM67-22ACA	1150298.2613
GCF_027667425.1_32	JAQEGR010000038	Fusicatenibacter saccharivorans AM67-22ACA	1150298.2613
GCF_027667425.1_33	JAQEGR010000039	Fusicatenibacter saccharivorans AM67-22ACA	1150298.2613
GCF_027667425.1_34	JAQEGR010000004	Fusicatenibacter saccharivorans AM67-22ACA	1150298.2613
GCF_027667425.1_35	JAQEGR010000040	Fusicatenibacter saccharivorans AM67-22ACA	1150298.2613
GCF_027667425.1_36	JAQEGR010000041	Fusicatenibacter saccharivorans AM67-22ACA	1150298.2613
GCF_027667425.1_37	JAQEGR010000042	Fusicatenibacter saccharivorans AM67-22ACA	1150298.2613
GCF_027667425.1_38	JAQEGR010000043	Fusicatenibacter saccharivorans AM67-22ACA	1150298.2613
GCF_027667425.1_39	JAQEGR010000044	Fusicatenibacter saccharivorans AM67-22ACA	1150298.2613
GCF_027667425.1_40	JAQEGR010000045	Fusicatenibacter saccharivorans AM67-22ACA	1150298.2613
GCF_027667425.1_41	JAQEGR010000005	Fusicatenibacter saccharivorans AM67-22ACA	1150298.2613
GCF_027667425.1_42	JAQEGR010000006	Fusicatenibacter saccharivorans AM67-22ACA	1150298.2613
GCF_027667425.1_43	JAQEGR010000007	Fusicatenibacter saccharivorans AM67-22ACA	1150298.2613
GCF_027667425.1_44	JAQEGR010000008	Fusicatenibacter saccharivorans AM67-22ACA	1150298.2613
GCF_027667425.1_45	JAQEGR010000009	Fusicatenibacter saccharivorans AM67-22ACA	1150298.2613
GCF_902364755.1_1	CABJFB010000001	Fusicatenibacter saccharivorans AM67-22ACA	1150298.2613
GCF_902364755.1_2	CABJFB010000002	Fusicatenibacter saccharivorans AM67-22ACA	1150298.2613
GCF_902364755.1_3	CABJFB010000003	Fusicatenibacter saccharivorans AM67-22ACA	1150298.2613
GCF_902364755.1_4	CABJFB010000004	Fusicatenibacter saccharivorans AM67-22ACA	1150298.2613
GCF_902364755.1_5	CABJFB010000005	Fusicatenibacter saccharivorans AM67-22ACA	1150298.2613
GCF_902364755.1_6	CABJFB010000006	Fusicatenibacter saccharivorans AM67-22ACA	1150298.2613
GCF_902364755.1_7	CABJFB010000007	Fusicatenibacter saccharivorans AM67-22ACA	1150298.2613
GCF_902364755.1_8	CABJFB010000008	Fusicatenibacter saccharivorans AM67-22ACA	1150298.2613
GCF_902364755.1_9	CABJFB010000009	Fusicatenibacter saccharivorans AM67-22ACA	1150298.2613
GCF_902364755.1_10	CABJFB010000010	Fusicatenibacter saccharivorans AM67-22ACA	1150298.2613
GCF_902364755.1_11	CABJFB010000011	Fusicatenibacter saccharivorans AM67-22ACA	1150298.2613
GCF_902364755.1_12	CABJFB010000012	Fusicatenibacter saccharivorans AM67-22ACA	1150298.2613
GCF_902364755.1_13	CABJFB010000013	Fusicatenibacter saccharivorans AM67-22ACA	1150298.2613
GCF_902364755.1_14	CABJFB010000014	Fusicatenibacter saccharivorans AM67-22ACA	1150298.2613
GCF_902364755.1_15	CABJFB010000015	Fusicatenibacter saccharivorans AM67-22ACA	1150298.2613
GCF_902364755.1_16	CABJFB010000016	Fusicatenibacter saccharivorans AM67-22ACA	1150298.2613
GCF_902364755.1_17	CABJFB010000017	Fusicatenibacter saccharivorans AM67-22ACA	1150298.2613
GCF_902364755.1_18	CABJFB010000018	Fusicatenibacter saccharivorans AM67-22ACA	1150298.2613
GCF_902364755.1_19	CABJFB010000019	Fusicatenibacter saccharivorans AM67-22ACA	1150298.2613
GCF_902364755.1_20	CABJFB010000020	Fusicatenibacter saccharivorans AM67-22ACA	1150298.2613
GCF_902364755.1_21	CABJFB010000021	Fusicatenibacter saccharivorans AM67-22ACA	1150298.2613
GCF_902364755.1_22	CABJFB010000022	Fusicatenibacter saccharivorans AM67-22ACA	1150298.2613
GCF_902364755.1_23	CABJFB010000023	Fusicatenibacter saccharivorans AM67-22ACA	1150298.2613
GCF_902364755.1_24	CABJFB010000024	Fusicatenibacter saccharivorans AM67-22ACA	1150298.2613
GCF_902364755.1_25	CABJFB010000025	Fusicatenibacter saccharivorans AM67-22ACA	1150298.2613
GCF_902364755.1_26	CABJFB010000026	Fusicatenibacter saccharivorans AM67-22ACA	1150298.2613
GCF_902364755.1_27	CABJFB010000027	Fusicatenibacter saccharivorans AM67-22ACA	1150298.2613
GCF_902364755.1_28	CABJFB010000028	Fusicatenibacter saccharivorans AM67-22ACA	1150298.2613
GCF_902364755.1_29	CABJFB010000029	Fusicatenibacter saccharivorans AM67-22ACA	1150298.2613
GCF_902364755.1_30	CABJFB010000030	Fusicatenibacter saccharivorans AM67-22ACA	1150298.2613
GCF_902364755.1_31	CABJFB010000031	Fusicatenibacter saccharivorans AM67-22ACA	1150298.2613
GCF_902364755.1_32	CABJFB010000032	Fusicatenibacter saccharivorans AM67-22ACA	1150298.2613
GCF_902364755.1_33	CABJFB010000033	Fusicatenibacter saccharivorans AM67-22ACA	1150298.2613
GCF_902364755.1_34	CABJFB010000034	Fusicatenibacter saccharivorans AM67-22ACA	1150298.2613
GCF_902364755.1_35	CABJFB010000035	Fusicatenibacter saccharivorans AM67-22ACA	1150298.2613
GCF_902364755.1_36	CABJFB010000036	Fusicatenibacter saccharivorans AM67-22ACA	1150298.2613
GCF_902364755.1_37	CABJFB010000037	Fusicatenibacter saccharivorans AM67-22ACA	1150298.2613
GCF_902364755.1_38	CABJFB010000038	Fusicatenibacter saccharivorans AM67-22ACA	1150298.2613
GCF_902364755.1_39	CABJFB010000039	Fusicatenibacter saccharivorans AM67-22ACA	1150298.2613
GCF_902364755.1_40	CABJFB010000040	Fusicatenibacter saccharivorans AM67-22ACA	1150298.2613
GCF_902364755.1_41	CABJFB010000041	Fusicatenibacter saccharivorans AM67-22ACA	1150298.2613
GCF_902364755.1_42	CABJFB010000042	Fusicatenibacter saccharivorans AM67-22ACA	1150298.2613
GCF_902364755.1_43	CABJFB010000043	Fusicatenibacter saccharivorans AM67-22ACA	1150298.2613
GCF_902364755.1_44	CABJFB010000044	Fusicatenibacter saccharivorans AM67-22ACA	1150298.2613
GCF_902364755.1_45	CABJFB010000045	Fusicatenibacter saccharivorans AM67-22ACA	1150298.2613
GCF_902364755.1_46	CABJFB010000046	Fusicatenibacter saccharivorans AM67-22ACA	1150298.2613
GCF_902364755.1_47	CABJFB010000047	Fusicatenibacter saccharivorans AM67-22ACA	1150298.2613
GCF_964239835.1_1	CAXSRP010000001	Fusicatenibacter saccharivorans AM67-22ACA	1150298.2613
GCF_964239835.1_2	CAXSRP010000002	Fusicatenibacter saccharivorans AM67-22ACA	1150298.2613
GCF_964239835.1_3	CAXSRP010000003	Fusicatenibacter saccharivorans AM67-22ACA	1150298.2613
GCF_964239835.1_4	CAXSRP010000004	Fusicatenibacter saccharivorans AM67-22ACA	1150298.2613
GCF_964239835.1_5	CAXSRP010000005	Fusicatenibacter saccharivorans AM67-22ACA	1150298.2613
GCF_964239835.1_6	CAXSRP010000006	Fusicatenibacter saccharivorans AM67-22ACA	1150298.2613
GCF_964239835.1_7	CAXSRP010000007	Fusicatenibacter saccharivorans AM67-22ACA	1150298.2613
GCF_964239835.1_8	CAXSRP010000008	Fusicatenibacter saccharivorans AM67-22ACA	1150298.2613
GCF_964239835.1_9	CAXSRP010000009	Fusicatenibacter saccharivorans AM67-22ACA	1150298.2613
GCF_964239835.1_10	CAXSRP010000010	Fusicatenibacter saccharivorans AM67-22ACA	1150298.2613
GCF_964239835.1_11	CAXSRP010000011	Fusicatenibacter saccharivorans AM67-22ACA	1150298.2613
GCF_964239835.1_12	CAXSRP010000012	Fusicatenibacter saccharivorans AM67-22ACA	1150298.2613
GCF_964239835.1_13	CAXSRP010000013	Fusicatenibacter saccharivorans AM67-22ACA	1150298.2613
GCF_964239835.1_14	CAXSRP010000014	Fusicatenibacter saccharivorans AM67-22ACA	1150298.2613
GCF_964239835.1_15	CAXSRP010000015	Fusicatenibacter saccharivorans AM67-22ACA	1150298.2613
GCF_964239835.1_16	CAXSRP010000016	Fusicatenibacter saccharivorans AM67-22ACA	1150298.2613
GCF_964239835.1_17	CAXSRP010000017	Fusicatenibacter saccharivorans AM67-22ACA	1150298.2613
GCF_964239835.1_18	CAXSRP010000018	Fusicatenibacter saccharivorans AM67-22ACA	1150298.2613
GCF_964239835.1_19	CAXSRP010000019	Fusicatenibacter saccharivorans AM67-22ACA	1150298.2613
GCF_964239835.1_20	CAXSRP010000020	Fusicatenibacter saccharivorans AM67-22ACA	1150298.2613
GCF_964239835.1_21	CAXSRP010000021	Fusicatenibacter saccharivorans AM67-22ACA	1150298.2613
GCF_964239835.1_22	CAXSRP010000022	Fusicatenibacter saccharivorans AM67-22ACA	1150298.2613
GCF_964239835.1_23	CAXSRP010000023	Fusicatenibacter saccharivorans AM67-22ACA	1150298.2613
GCF_964239835.1_24	CAXSRP010000024	Fusicatenibacter saccharivorans AM67-22ACA	1150298.2613
GCF_964239835.1_25	CAXSRP010000025	Fusicatenibacter saccharivorans AM67-22ACA	1150298.2613
GCF_964239835.1_26	CAXSRP010000026	Fusicatenibacter saccharivorans AM67-22ACA	1150298.2613
GCF_964239835.1_27	CAXSRP010000027	Fusicatenibacter saccharivorans AM67-22ACA	1150298.2613
GCF_964239835.1_28	CAXSRP010000028	Fusicatenibacter saccharivorans AM67-22ACA	1150298.2613
GCF_964239835.1_29	CAXSRP010000029	Fusicatenibacter saccharivorans AM67-22ACA	1150298.2613
GCF_964239835.1_30	CAXSRP010000030	Fusicatenibacter saccharivorans AM67-22ACA	1150298.2613
GCF_964239835.1_31	CAXSRP010000031	Fusicatenibacter saccharivorans AM67-22ACA	1150298.2613
GCF_964239835.1_32	CAXSRP010000032	Fusicatenibacter saccharivorans AM67-22ACA	1150298.2613
GCF_964239835.1_33	CAXSRP010000033	Fusicatenibacter saccharivorans AM67-22ACA	1150298.2613
GCF_964239835.1_34	CAXSRP010000034	Fusicatenibacter saccharivorans AM67-22ACA	1150298.2613
GCF_964239835.1_35	CAXSRP010000035	Fusicatenibacter saccharivorans AM67-22ACA	1150298.2613
GCF_030864025.1_1	CP132968	Anaerostipes hadrus BA1	649756.3254
GCF_001998765.1_1	CP012098	Anaerostipes hadrus BA1	649756.3254
GCF_902388025.1_1	LR699012	Anaerostipes hadrus BA1	649756.3254
GCF_018279895.1_1	CP042285	Parabacteroides distasonis strain APCS2/PD	823.3647
GCF_018279895.1_2	CP042284	Parabacteroides distasonis strain APCS2/PD	823.3647
GCF_020735945.1_1	CP085944	Parabacteroides distasonis strain APCS2/PD	823.3647
GCF_000012845.1_1	NC_009615	Parabacteroides distasonis strain APCS2/PD	823.3647
GCF_000146185.1_1	NC_012778	[Eubacterium] eligens ATCC 27750	515620.21
GCF_000146185.1_2	NC_012782	[Eubacterium] eligens ATCC 27750	515620.21
GCF_000146185.1_3	NC_012780	[Eubacterium] eligens ATCC 27750	515620.21
GCF_020735745.1_1	CP085938	[Eubacterium] eligens ATCC 27750	515620.21
GCF_020735745.1_2	CP085937	[Eubacterium] eligens ATCC 27750	515620.21
GCF_024125245.1_1	JAMXVE010000001	[Eubacterium] eligens ATCC 27750	515620.21
GCF_024125245.1_2	JAMXVE010000002	[Eubacterium] eligens ATCC 27750	515620.21
GCF_018292205.1_1	CP072258	Bacteroides caccae CL03T12C61	997873.77
GCF_018292205.1_2	CP072259	Bacteroides caccae CL03T12C61	997873.77
GCF_018292205.1_3	CP072260	Bacteroides caccae CL03T12C61	997873.77
GCF_018292205.1_4	CP072261	Bacteroides caccae CL03T12C61	997873.77
GCF_016726305.1_1	CP068174	Bacteroides caccae CL03T12C61	997873.77
GCF_002222615.2_1	CP022412.2	Bacteroides caccae CL03T12C61	997873.77
GCF_001314995.1_1	CP012938	Bacteroides ovatus strain ATCC 8483	28116.7
GCF_025146775.1_1	CP102259	Bacteroides ovatus strain ATCC 8483	28116.7
GCF_918258265.1_1	OU901070	Bacteroides ovatus strain ATCC 8483	28116.7
GCF_025150085.1_1	CP102280	Dorea longicatena DSM 13814	88431.1239
GCF_023008345.1_1	CP094679	Dorea longicatena DSM 13814	88431.1239
GCF_042854315.1_1	AP031429	Dorea longicatena DSM 13814	88431.1239
GCF_044591705.1_1	CP172594	[Ruminococcus] torques strain AM22-16	33039.31
GCF_033096525.1_1	AP028249	[Ruminococcus] torques strain AM22-16	33039.31
GCF_000210035.1_1	NC_021015	[Ruminococcus] torques strain AM22-16	33039.31
GCF_020731525.1_1	JAJFOJ010000001	Roseburia inulinivorans DSM 16841 strain FDAARGOS_1587 strain Not applicable	622312.45
GCF_020731525.1_2	JAJFOJ010000002	Roseburia inulinivorans DSM 16841 strain FDAARGOS_1587 strain Not applicable	622312.45
GCF_000174195.1_1	ACFY01000179	Roseburia inulinivorans DSM 16841 strain FDAARGOS_1587 strain Not applicable	622312.45
GCF_000174195.1_2	ACFY01000178	Roseburia inulinivorans DSM 16841 strain FDAARGOS_1587 strain Not applicable	622312.45
GCF_000174195.1_3	ACFY01000177	Roseburia inulinivorans DSM 16841 strain FDAARGOS_1587 strain Not applicable	622312.45
GCF_000174195.1_4	ACFY01000176	Roseburia inulinivorans DSM 16841 strain FDAARGOS_1587 strain Not applicable	622312.45
GCF_000174195.1_5	ACFY01000175	Roseburia inulinivorans DSM 16841 strain FDAARGOS_1587 strain Not applicable	622312.45
GCF_000174195.1_6	ACFY01000174	Roseburia inulinivorans DSM 16841 strain FDAARGOS_1587 strain Not applicable	622312.45
GCF_000174195.1_7	ACFY01000173	Roseburia inulinivorans DSM 16841 strain FDAARGOS_1587 strain Not applicable	622312.45
GCF_000174195.1_8	ACFY01000172	Roseburia inulinivorans DSM 16841 strain FDAARGOS_1587 strain Not applicable	622312.45
GCF_000174195.1_9	ACFY01000171	Roseburia inulinivorans DSM 16841 strain FDAARGOS_1587 strain Not applicable	622312.45
GCF_000174195.1_10	ACFY01000170	Roseburia inulinivorans DSM 16841 strain FDAARGOS_1587 strain Not applicable	622312.45
GCF_000174195.1_11	ACFY01000169	Roseburia inulinivorans DSM 16841 strain FDAARGOS_1587 strain Not applicable	622312.45
GCF_000174195.1_12	ACFY01000168	Roseburia inulinivorans DSM 16841 strain FDAARGOS_1587 strain Not applicable	622312.45
GCF_000174195.1_13	ACFY01000167	Roseburia inulinivorans DSM 16841 strain FDAARGOS_1587 strain Not applicable	622312.45
GCF_000174195.1_14	ACFY01000166	Roseburia inulinivorans DSM 16841 strain FDAARGOS_1587 strain Not applicable	622312.45
GCF_000174195.1_15	ACFY01000165	Roseburia inulinivorans DSM 16841 strain FDAARGOS_1587 strain Not applicable	622312.45
GCF_000174195.1_16	ACFY01000164	Roseburia inulinivorans DSM 16841 strain FDAARGOS_1587 strain Not applicable	622312.45
GCF_000174195.1_17	ACFY01000163	Roseburia inulinivorans DSM 16841 strain FDAARGOS_1587 strain Not applicable	622312.45
GCF_000174195.1_18	ACFY01000162	Roseburia inulinivorans DSM 16841 strain FDAARGOS_1587 strain Not applicable	622312.45
GCF_000174195.1_19	ACFY01000161	Roseburia inulinivorans DSM 16841 strain FDAARGOS_1587 strain Not applicable	622312.45
GCF_000174195.1_20	ACFY01000160	Roseburia inulinivorans DSM 16841 strain FDAARGOS_1587 strain Not applicable	622312.45
GCF_000174195.1_21	ACFY01000159	Roseburia inulinivorans DSM 16841 strain FDAARGOS_1587 strain Not applicable	622312.45
GCF_000174195.1_22	ACFY01000158	Roseburia inulinivorans DSM 16841 strain FDAARGOS_1587 strain Not applicable	622312.45
GCF_000174195.1_23	ACFY01000157	Roseburia inulinivorans DSM 16841 strain FDAARGOS_1587 strain Not applicable	622312.45
GCF_000174195.1_24	ACFY01000156	Roseburia inulinivorans DSM 16841 strain FDAARGOS_1587 strain Not applicable	622312.45
GCF_000174195.1_25	ACFY01000155	Roseburia inulinivorans DSM 16841 strain FDAARGOS_1587 strain Not applicable	622312.45
GCF_000174195.1_26	ACFY01000154	Roseburia inulinivorans DSM 16841 strain FDAARGOS_1587 strain Not applicable	622312.45
GCF_000174195.1_27	ACFY01000153	Roseburia inulinivorans DSM 16841 strain FDAARGOS_1587 strain Not applicable	622312.45
GCF_000174195.1_28	ACFY01000152	Roseburia inulinivorans DSM 16841 strain FDAARGOS_1587 strain Not applicable	622312.45
GCF_000174195.1_29	ACFY01000151	Roseburia inulinivorans DSM 16841 strain FDAARGOS_1587 strain Not applicable	622312.45
GCF_000174195.1_30	ACFY01000150	Roseburia inulinivorans DSM 16841 strain FDAARGOS_1587 strain Not applicable	622312.45
GCF_000174195.1_31	ACFY01000149	Roseburia inulinivorans DSM 16841 strain FDAARGOS_1587 strain Not applicable	622312.45
GCF_000174195.1_32	ACFY01000148	Roseburia inulinivorans DSM 16841 strain FDAARGOS_1587 strain Not applicable	622312.45
GCF_000174195.1_33	ACFY01000147	Roseburia inulinivorans DSM 16841 strain FDAARGOS_1587 strain Not applicable	622312.45
GCF_000174195.1_34	ACFY01000146	Roseburia inulinivorans DSM 16841 strain FDAARGOS_1587 strain Not applicable	622312.45
GCF_000174195.1_35	ACFY01000145	Roseburia inulinivorans DSM 16841 strain FDAARGOS_1587 strain Not applicable	622312.45
GCF_000174195.1_36	ACFY01000144	Roseburia inulinivorans DSM 16841 strain FDAARGOS_1587 strain Not applicable	622312.45
GCF_000174195.1_37	ACFY01000143	Roseburia inulinivorans DSM 16841 strain FDAARGOS_1587 strain Not applicable	622312.45
GCF_000174195.1_38	ACFY01000142	Roseburia inulinivorans DSM 16841 strain FDAARGOS_1587 strain Not applicable	622312.45
GCF_000174195.1_39	ACFY01000141	Roseburia inulinivorans DSM 16841 strain FDAARGOS_1587 strain Not applicable	622312.45
GCF_000174195.1_40	ACFY01000140	Roseburia inulinivorans DSM 16841 strain FDAARGOS_1587 strain Not applicable	622312.45
GCF_000174195.1_41	ACFY01000139	Roseburia inulinivorans DSM 16841 strain FDAARGOS_1587 strain Not applicable	622312.45
GCF_000174195.1_42	ACFY01000138	Roseburia inulinivorans DSM 16841 strain FDAARGOS_1587 strain Not applicable	622312.45
GCF_000174195.1_43	ACFY01000137	Roseburia inulinivorans DSM 16841 strain FDAARGOS_1587 strain Not applicable	622312.45
GCF_000174195.1_44	ACFY01000136	Roseburia inulinivorans DSM 16841 strain FDAARGOS_1587 strain Not applicable	622312.45
GCF_000174195.1_45	ACFY01000135	Roseburia inulinivorans DSM 16841 strain FDAARGOS_1587 strain Not applicable	622312.45
GCF_000174195.1_46	ACFY01000134	Roseburia inulinivorans DSM 16841 strain FDAARGOS_1587 strain Not applicable	622312.45
GCF_000174195.1_47	ACFY01000133	Roseburia inulinivorans DSM 16841 strain FDAARGOS_1587 strain Not applicable	622312.45
GCF_000174195.1_48	ACFY01000132	Roseburia inulinivorans DSM 16841 strain FDAARGOS_1587 strain Not applicable	622312.45
GCF_000174195.1_49	ACFY01000131	Roseburia inulinivorans DSM 16841 strain FDAARGOS_1587 strain Not applicable	622312.45
GCF_000174195.1_50	ACFY01000130	Roseburia inulinivorans DSM 16841 strain FDAARGOS_1587 strain Not applicable	622312.45
GCF_000174195.1_51	ACFY01000129	Roseburia inulinivorans DSM 16841 strain FDAARGOS_1587 strain Not applicable	622312.45
GCF_000174195.1_52	ACFY01000128	Roseburia inulinivorans DSM 16841 strain FDAARGOS_1587 strain Not applicable	622312.45
GCF_000174195.1_53	ACFY01000127	Roseburia inulinivorans DSM 16841 strain FDAARGOS_1587 strain Not applicable	622312.45
GCF_000174195.1_54	ACFY01000126	Roseburia inulinivorans DSM 16841 strain FDAARGOS_1587 strain Not applicable	622312.45
GCF_000174195.1_55	ACFY01000125	Roseburia inulinivorans DSM 16841 strain FDAARGOS_1587 strain Not applicable	622312.45
GCF_000174195.1_56	ACFY01000124	Roseburia inulinivorans DSM 16841 strain FDAARGOS_1587 strain Not applicable	622312.45
GCF_000174195.1_57	ACFY01000123	Roseburia inulinivorans DSM 16841 strain FDAARGOS_1587 strain Not applicable	622312.45
GCF_000174195.1_58	ACFY01000122	Roseburia inulinivorans DSM 16841 strain FDAARGOS_1587 strain Not applicable	622312.45
GCF_000174195.1_59	ACFY01000121	Roseburia inulinivorans DSM 16841 strain FDAARGOS_1587 strain Not applicable	622312.45
GCF_000174195.1_60	ACFY01000120	Roseburia inulinivorans DSM 16841 strain FDAARGOS_1587 strain Not applicable	622312.45
GCF_000174195.1_61	ACFY01000119	Roseburia inulinivorans DSM 16841 strain FDAARGOS_1587 strain Not applicable	622312.45
GCF_000174195.1_62	ACFY01000118	Roseburia inulinivorans DSM 16841 strain FDAARGOS_1587 strain Not applicable	622312.45
GCF_000174195.1_63	ACFY01000117	Roseburia inulinivorans DSM 16841 strain FDAARGOS_1587 strain Not applicable	622312.45
GCF_000174195.1_64	ACFY01000116	Roseburia inulinivorans DSM 16841 strain FDAARGOS_1587 strain Not applicable	622312.45
GCF_000174195.1_65	ACFY01000115	Roseburia inulinivorans DSM 16841 strain FDAARGOS_1587 strain Not applicable	622312.45
GCF_000174195.1_66	ACFY01000114	Roseburia inulinivorans DSM 16841 strain FDAARGOS_1587 strain Not applicable	622312.45
GCF_000174195.1_67	ACFY01000113	Roseburia inulinivorans DSM 16841 strain FDAARGOS_1587 strain Not applicable	622312.45
GCF_000174195.1_68	ACFY01000112	Roseburia inulinivorans DSM 16841 strain FDAARGOS_1587 strain Not applicable	622312.45
GCF_000174195.1_69	ACFY01000111	Roseburia inulinivorans DSM 16841 strain FDAARGOS_1587 strain Not applicable	622312.45
GCF_000174195.1_70	ACFY01000110	Roseburia inulinivorans DSM 16841 strain FDAARGOS_1587 strain Not applicable	622312.45
GCF_000174195.1_71	ACFY01000109	Roseburia inulinivorans DSM 16841 strain FDAARGOS_1587 strain Not applicable	622312.45
GCF_000174195.1_72	ACFY01000108	Roseburia inulinivorans DSM 16841 strain FDAARGOS_1587 strain Not applicable	622312.45
GCF_000174195.1_73	ACFY01000107	Roseburia inulinivorans DSM 16841 strain FDAARGOS_1587 strain Not applicable	622312.45
GCF_000174195.1_74	ACFY01000106	Roseburia inulinivorans DSM 16841 strain FDAARGOS_1587 strain Not applicable	622312.45
GCF_000174195.1_75	ACFY01000105	Roseburia inulinivorans DSM 16841 strain FDAARGOS_1587 strain Not applicable	622312.45
GCF_000174195.1_76	ACFY01000104	Roseburia inulinivorans DSM 16841 strain FDAARGOS_1587 strain Not applicable	622312.45
GCF_000174195.1_77	ACFY01000103	Roseburia inulinivorans DSM 16841 strain FDAARGOS_1587 strain Not applicable	622312.45
GCF_000174195.1_78	ACFY01000102	Roseburia inulinivorans DSM 16841 strain FDAARGOS_1587 strain Not applicable	622312.45
GCF_000174195.1_79	ACFY01000101	Roseburia inulinivorans DSM 16841 strain FDAARGOS_1587 strain Not applicable	622312.45
GCF_000174195.1_80	ACFY01000100	Roseburia inulinivorans DSM 16841 strain FDAARGOS_1587 strain Not applicable	622312.45
GCF_000174195.1_81	ACFY01000099	Roseburia inulinivorans DSM 16841 strain FDAARGOS_1587 strain Not applicable	622312.45
GCF_000174195.1_82	ACFY01000098	Roseburia inulinivorans DSM 16841 strain FDAARGOS_1587 strain Not applicable	622312.45
GCF_000174195.1_83	ACFY01000097	Roseburia inulinivorans DSM 16841 strain FDAARGOS_1587 strain Not applicable	622312.45
GCF_000174195.1_84	ACFY01000096	Roseburia inulinivorans DSM 16841 strain FDAARGOS_1587 strain Not applicable	622312.45
GCF_000174195.1_85	ACFY01000095	Roseburia inulinivorans DSM 16841 strain FDAARGOS_1587 strain Not applicable	622312.45
GCF_000174195.1_86	ACFY01000094	Roseburia inulinivorans DSM 16841 strain FDAARGOS_1587 strain Not applicable	622312.45
GCF_000174195.1_87	ACFY01000093	Roseburia inulinivorans DSM 16841 strain FDAARGOS_1587 strain Not applicable	622312.45
GCF_000174195.1_88	ACFY01000092	Roseburia inulinivorans DSM 16841 strain FDAARGOS_1587 strain Not applicable	622312.45
GCF_000174195.1_89	ACFY01000091	Roseburia inulinivorans DSM 16841 strain FDAARGOS_1587 strain Not applicable	622312.45
GCF_000174195.1_90	ACFY01000090	Roseburia inulinivorans DSM 16841 strain FDAARGOS_1587 strain Not applicable	622312.45
GCF_000174195.1_91	ACFY01000089	Roseburia inulinivorans DSM 16841 strain FDAARGOS_1587 strain Not applicable	622312.45
GCF_000174195.1_92	ACFY01000088	Roseburia inulinivorans DSM 16841 strain FDAARGOS_1587 strain Not applicable	622312.45
GCF_000174195.1_93	ACFY01000087	Roseburia inulinivorans DSM 16841 strain FDAARGOS_1587 strain Not applicable	622312.45
GCF_000174195.1_94	ACFY01000086	Roseburia inulinivorans DSM 16841 strain FDAARGOS_1587 strain Not applicable	622312.45
GCF_000174195.1_95	ACFY01000085	Roseburia inulinivorans DSM 16841 strain FDAARGOS_1587 strain Not applicable	622312.45
GCF_000174195.1_96	ACFY01000084	Roseburia inulinivorans DSM 16841 strain FDAARGOS_1587 strain Not applicable	622312.45
GCF_000174195.1_97	ACFY01000083	Roseburia inulinivorans DSM 16841 strain FDAARGOS_1587 strain Not applicable	622312.45
GCF_000174195.1_98	ACFY01000082	Roseburia inulinivorans DSM 16841 strain FDAARGOS_1587 strain Not applicable	622312.45
GCF_000174195.1_99	ACFY01000081	Roseburia inulinivorans DSM 16841 strain FDAARGOS_1587 strain Not applicable	622312.45
GCF_000174195.1_100	ACFY01000080	Roseburia inulinivorans DSM 16841 strain FDAARGOS_1587 strain Not applicable	622312.45
GCF_000174195.1_101	ACFY01000079	Roseburia inulinivorans DSM 16841 strain FDAARGOS_1587 strain Not applicable	622312.45
GCF_000174195.1_102	ACFY01000078	Roseburia inulinivorans DSM 16841 strain FDAARGOS_1587 strain Not applicable	622312.45
GCF_000174195.1_103	ACFY01000077	Roseburia inulinivorans DSM 16841 strain FDAARGOS_1587 strain Not applicable	622312.45
GCF_000174195.1_104	ACFY01000076	Roseburia inulinivorans DSM 16841 strain FDAARGOS_1587 strain Not applicable	622312.45
GCF_000174195.1_105	ACFY01000075	Roseburia inulinivorans DSM 16841 strain FDAARGOS_1587 strain Not applicable	622312.45
GCF_000174195.1_106	ACFY01000074	Roseburia inulinivorans DSM 16841 strain FDAARGOS_1587 strain Not applicable	622312.45
GCF_000174195.1_107	ACFY01000073	Roseburia inulinivorans DSM 16841 strain FDAARGOS_1587 strain Not applicable	622312.45
GCF_000174195.1_108	ACFY01000072	Roseburia inulinivorans DSM 16841 strain FDAARGOS_1587 strain Not applicable	622312.45
GCF_000174195.1_109	ACFY01000071	Roseburia inulinivorans DSM 16841 strain FDAARGOS_1587 strain Not applicable	622312.45
GCF_000174195.1_110	ACFY01000070	Roseburia inulinivorans DSM 16841 strain FDAARGOS_1587 strain Not applicable	622312.45
GCF_000174195.1_111	ACFY01000069	Roseburia inulinivorans DSM 16841 strain FDAARGOS_1587 strain Not applicable	622312.45
GCF_000174195.1_112	ACFY01000068	Roseburia inulinivorans DSM 16841 strain FDAARGOS_1587 strain Not applicable	622312.45
GCF_000174195.1_113	ACFY01000067	Roseburia inulinivorans DSM 16841 strain FDAARGOS_1587 strain Not applicable	622312.45
GCF_000174195.1_114	ACFY01000066	Roseburia inulinivorans DSM 16841 strain FDAARGOS_1587 strain Not applicable	622312.45
GCF_000174195.1_115	ACFY01000065	Roseburia inulinivorans DSM 16841 strain FDAARGOS_1587 strain Not applicable	622312.45
GCF_000174195.1_116	ACFY01000064	Roseburia inulinivorans DSM 16841 strain FDAARGOS_1587 strain Not applicable	622312.45
GCF_000174195.1_117	ACFY01000063	Roseburia inulinivorans DSM 16841 strain FDAARGOS_1587 strain Not applicable	622312.45
GCF_000174195.1_118	ACFY01000062	Roseburia inulinivorans DSM 16841 strain FDAARGOS_1587 strain Not applicable	622312.45
GCF_000174195.1_119	ACFY01000061	Roseburia inulinivorans DSM 16841 strain FDAARGOS_1587 strain Not applicable	622312.45
GCF_000174195.1_120	ACFY01000060	Roseburia inulinivorans DSM 16841 strain FDAARGOS_1587 strain Not applicable	622312.45
GCF_000174195.1_121	ACFY01000059	Roseburia inulinivorans DSM 16841 strain FDAARGOS_1587 strain Not applicable	622312.45
GCF_000174195.1_122	ACFY01000058	Roseburia inulinivorans DSM 16841 strain FDAARGOS_1587 strain Not applicable	622312.45
GCF_000174195.1_123	ACFY01000057	Roseburia inulinivorans DSM 16841 strain FDAARGOS_1587 strain Not applicable	622312.45
GCF_000174195.1_124	ACFY01000056	Roseburia inulinivorans DSM 16841 strain FDAARGOS_1587 strain Not applicable	622312.45
GCF_000174195.1_125	ACFY01000055	Roseburia inulinivorans DSM 16841 strain FDAARGOS_1587 strain Not applicable	622312.45
GCF_000174195.1_126	ACFY01000054	Roseburia inulinivorans DSM 16841 strain FDAARGOS_1587 strain Not applicable	622312.45
GCF_000174195.1_127	ACFY01000053	Roseburia inulinivorans DSM 16841 strain FDAARGOS_1587 strain Not applicable	622312.45
GCF_000174195.1_128	ACFY01000052	Roseburia inulinivorans DSM 16841 strain FDAARGOS_1587 strain Not applicable	622312.45
GCF_000174195.1_129	ACFY01000051	Roseburia inulinivorans DSM 16841 strain FDAARGOS_1587 strain Not applicable	622312.45
GCF_000174195.1_130	ACFY01000050	Roseburia inulinivorans DSM 16841 strain FDAARGOS_1587 strain Not applicable	622312.45
GCF_000174195.1_131	ACFY01000049	Roseburia inulinivorans DSM 16841 strain FDAARGOS_1587 strain Not applicable	622312.45
GCF_000174195.1_132	ACFY01000048	Roseburia inulinivorans DSM 16841 strain FDAARGOS_1587 strain Not applicable	622312.45
GCF_000174195.1_133	ACFY01000047	Roseburia inulinivorans DSM 16841 strain FDAARGOS_1587 strain Not applicable	622312.45
GCF_000174195.1_134	ACFY01000046	Roseburia inulinivorans DSM 16841 strain FDAARGOS_1587 strain Not applicable	622312.45
GCF_000174195.1_135	ACFY01000045	Roseburia inulinivorans DSM 16841 strain FDAARGOS_1587 strain Not applicable	622312.45
GCF_000174195.1_136	ACFY01000044	Roseburia inulinivorans DSM 16841 strain FDAARGOS_1587 strain Not applicable	622312.45
GCF_000174195.1_137	ACFY01000043	Roseburia inulinivorans DSM 16841 strain FDAARGOS_1587 strain Not applicable	622312.45
GCF_000174195.1_138	ACFY01000042	Roseburia inulinivorans DSM 16841 strain FDAARGOS_1587 strain Not applicable	622312.45
GCF_000174195.1_139	ACFY01000041	Roseburia inulinivorans DSM 16841 strain FDAARGOS_1587 strain Not applicable	622312.45
GCF_000174195.1_140	ACFY01000040	Roseburia inulinivorans DSM 16841 strain FDAARGOS_1587 strain Not applicable	622312.45
GCF_000174195.1_141	ACFY01000039	Roseburia inulinivorans DSM 16841 strain FDAARGOS_1587 strain Not applicable	622312.45
GCF_000174195.1_142	ACFY01000038	Roseburia inulinivorans DSM 16841 strain FDAARGOS_1587 strain Not applicable	622312.45
GCF_000174195.1_143	ACFY01000037	Roseburia inulinivorans DSM 16841 strain FDAARGOS_1587 strain Not applicable	622312.45
GCF_000174195.1_144	ACFY01000036	Roseburia inulinivorans DSM 16841 strain FDAARGOS_1587 strain Not applicable	622312.45
GCF_000174195.1_145	ACFY01000035	Roseburia inulinivorans DSM 16841 strain FDAARGOS_1587 strain Not applicable	622312.45
GCF_000174195.1_146	ACFY01000034	Roseburia inulinivorans DSM 16841 strain FDAARGOS_1587 strain Not applicable	622312.45
GCF_000174195.1_147	ACFY01000033	Roseburia inulinivorans DSM 16841 strain FDAARGOS_1587 strain Not applicable	622312.45
GCF_000174195.1_148	ACFY01000032	Roseburia inulinivorans DSM 16841 strain FDAARGOS_1587 strain Not applicable	622312.45
GCF_000174195.1_149	ACFY01000031	Roseburia inulinivorans DSM 16841 strain FDAARGOS_1587 strain Not applicable	622312.45
GCF_000174195.1_150	ACFY01000030	Roseburia inulinivorans DSM 16841 strain FDAARGOS_1587 strain Not applicable	622312.45
GCF_000174195.1_151	ACFY01000029	Roseburia inulinivorans DSM 16841 strain FDAARGOS_1587 strain Not applicable	622312.45
GCF_000174195.1_152	ACFY01000028	Roseburia inulinivorans DSM 16841 strain FDAARGOS_1587 strain Not applicable	622312.45
GCF_000174195.1_153	ACFY01000027	Roseburia inulinivorans DSM 16841 strain FDAARGOS_1587 strain Not applicable	622312.45
GCF_000174195.1_154	ACFY01000026	Roseburia inulinivorans DSM 16841 strain FDAARGOS_1587 strain Not applicable	622312.45
GCF_000174195.1_155	ACFY01000025	Roseburia inulinivorans DSM 16841 strain FDAARGOS_1587 strain Not applicable	622312.45
GCF_000174195.1_156	ACFY01000024	Roseburia inulinivorans DSM 16841 strain FDAARGOS_1587 strain Not applicable	622312.45
GCF_000174195.1_157	ACFY01000023	Roseburia inulinivorans DSM 16841 strain FDAARGOS_1587 strain Not applicable	622312.45
GCF_000174195.1_158	ACFY01000022	Roseburia inulinivorans DSM 16841 strain FDAARGOS_1587 strain Not applicable	622312.45
GCF_000174195.1_159	ACFY01000021	Roseburia inulinivorans DSM 16841 strain FDAARGOS_1587 strain Not applicable	622312.45
GCF_000174195.1_160	ACFY01000020	Roseburia inulinivorans DSM 16841 strain FDAARGOS_1587 strain Not applicable	622312.45
GCF_000174195.1_161	ACFY01000019	Roseburia inulinivorans DSM 16841 strain FDAARGOS_1587 strain Not applicable	622312.45
GCF_000174195.1_162	ACFY01000018	Roseburia inulinivorans DSM 16841 strain FDAARGOS_1587 strain Not applicable	622312.45
GCF_000174195.1_163	ACFY01000017	Roseburia inulinivorans DSM 16841 strain FDAARGOS_1587 strain Not applicable	622312.45
GCF_000174195.1_164	ACFY01000016	Roseburia inulinivorans DSM 16841 strain FDAARGOS_1587 strain Not applicable	622312.45
GCF_000174195.1_165	ACFY01000015	Roseburia inulinivorans DSM 16841 strain FDAARGOS_1587 strain Not applicable	622312.45
GCF_000174195.1_166	ACFY01000014	Roseburia inulinivorans DSM 16841 strain FDAARGOS_1587 strain Not applicable	622312.45
GCF_000174195.1_167	ACFY01000013	Roseburia inulinivorans DSM 16841 strain FDAARGOS_1587 strain Not applicable	622312.45
GCF_000174195.1_168	ACFY01000012	Roseburia inulinivorans DSM 16841 strain FDAARGOS_1587 strain Not applicable	622312.45
GCF_000174195.1_169	ACFY01000011	Roseburia inulinivorans DSM 16841 strain FDAARGOS_1587 strain Not applicable	622312.45
GCF_000174195.1_170	ACFY01000010	Roseburia inulinivorans DSM 16841 strain FDAARGOS_1587 strain Not applicable	622312.45
GCF_000174195.1_171	ACFY01000009	Roseburia inulinivorans DSM 16841 strain FDAARGOS_1587 strain Not applicable	622312.45
GCF_000174195.1_172	ACFY01000008	Roseburia inulinivorans DSM 16841 strain FDAARGOS_1587 strain Not applicable	622312.45
GCF_000174195.1_173	ACFY01000007	Roseburia inulinivorans DSM 16841 strain FDAARGOS_1587 strain Not applicable	622312.45
GCF_000174195.1_174	ACFY01000006	Roseburia inulinivorans DSM 16841 strain FDAARGOS_1587 strain Not applicable	622312.45
GCF_000174195.1_175	ACFY01000005	Roseburia inulinivorans DSM 16841 strain FDAARGOS_1587 strain Not applicable	622312.45
GCF_000174195.1_176	ACFY01000004	Roseburia inulinivorans DSM 16841 strain FDAARGOS_1587 strain Not applicable	622312.45
GCF_000174195.1_177	ACFY01000003	Roseburia inulinivorans DSM 16841 strain FDAARGOS_1587 strain Not applicable	622312.45
GCF_000174195.1_178	ACFY01000002	Roseburia inulinivorans DSM 16841 strain FDAARGOS_1587 strain Not applicable	622312.45
GCF_000174195.1_179	ACFY01000001	Roseburia inulinivorans DSM 16841 strain FDAARGOS_1587 strain Not applicable	622312.45
GCF_003470885.1_1	QRHP01000001	Roseburia inulinivorans DSM 16841 strain FDAARGOS_1587 strain Not applicable	622312.45
GCF_003470885.1_2	QRHP01000010	Roseburia inulinivorans DSM 16841 strain FDAARGOS_1587 strain Not applicable	622312.45
GCF_003470885.1_3	QRHP01000011	Roseburia inulinivorans DSM 16841 strain FDAARGOS_1587 strain Not applicable	622312.45
GCF_003470885.1_4	QRHP01000012	Roseburia inulinivorans DSM 16841 strain FDAARGOS_1587 strain Not applicable	622312.45
GCF_003470885.1_5	QRHP01000013	Roseburia inulinivorans DSM 16841 strain FDAARGOS_1587 strain Not applicable	622312.45
GCF_003470885.1_6	QRHP01000014	Roseburia inulinivorans DSM 16841 strain FDAARGOS_1587 strain Not applicable	622312.45
GCF_003470885.1_7	QRHP01000015	Roseburia inulinivorans DSM 16841 strain FDAARGOS_1587 strain Not applicable	622312.45
GCF_003470885.1_8	QRHP01000016	Roseburia inulinivorans DSM 16841 strain FDAARGOS_1587 strain Not applicable	622312.45
GCF_003470885.1_9	QRHP01000017	Roseburia inulinivorans DSM 16841 strain FDAARGOS_1587 strain Not applicable	622312.45
GCF_003470885.1_10	QRHP01000018	Roseburia inulinivorans DSM 16841 strain FDAARGOS_1587 strain Not applicable	622312.45
GCF_003470885.1_11	QRHP01000019	Roseburia inulinivorans DSM 16841 strain FDAARGOS_1587 strain Not applicable	622312.45
GCF_003470885.1_12	QRHP01000002	Roseburia inulinivorans DSM 16841 strain FDAARGOS_1587 strain Not applicable	622312.45
GCF_003470885.1_13	QRHP01000020	Roseburia inulinivorans DSM 16841 strain FDAARGOS_1587 strain Not applicable	622312.45
GCF_003470885.1_14	QRHP01000021	Roseburia inulinivorans DSM 16841 strain FDAARGOS_1587 strain Not applicable	622312.45
GCF_003470885.1_15	QRHP01000022	Roseburia inulinivorans DSM 16841 strain FDAARGOS_1587 strain Not applicable	622312.45
GCF_003470885.1_16	QRHP01000023	Roseburia inulinivorans DSM 16841 strain FDAARGOS_1587 strain Not applicable	622312.45
GCF_003470885.1_17	QRHP01000024	Roseburia inulinivorans DSM 16841 strain FDAARGOS_1587 strain Not applicable	622312.45
GCF_003470885.1_18	QRHP01000025	Roseburia inulinivorans DSM 16841 strain FDAARGOS_1587 strain Not applicable	622312.45
GCF_003470885.1_19	QRHP01000026	Roseburia inulinivorans DSM 16841 strain FDAARGOS_1587 strain Not applicable	622312.45
GCF_003470885.1_20	QRHP01000027	Roseburia inulinivorans DSM 16841 strain FDAARGOS_1587 strain Not applicable	622312.45
GCF_003470885.1_21	QRHP01000028	Roseburia inulinivorans DSM 16841 strain FDAARGOS_1587 strain Not applicable	622312.45
GCF_003470885.1_22	QRHP01000029	Roseburia inulinivorans DSM 16841 strain FDAARGOS_1587 strain Not applicable	622312.45
GCF_003470885.1_23	QRHP01000003	Roseburia inulinivorans DSM 16841 strain FDAARGOS_1587 strain Not applicable	622312.45
GCF_003470885.1_24	QRHP01000030	Roseburia inulinivorans DSM 16841 strain FDAARGOS_1587 strain Not applicable	622312.45
GCF_003470885.1_25	QRHP01000031	Roseburia inulinivorans DSM 16841 strain FDAARGOS_1587 strain Not applicable	622312.45
GCF_003470885.1_26	QRHP01000032	Roseburia inulinivorans DSM 16841 strain FDAARGOS_1587 strain Not applicable	622312.45
GCF_003470885.1_27	QRHP01000033	Roseburia inulinivorans DSM 16841 strain FDAARGOS_1587 strain Not applicable	622312.45
GCF_003470885.1_28	QRHP01000034	Roseburia inulinivorans DSM 16841 strain FDAARGOS_1587 strain Not applicable	622312.45
GCF_003470885.1_29	QRHP01000035	Roseburia inulinivorans DSM 16841 strain FDAARGOS_1587 strain Not applicable	622312.45
GCF_003470885.1_30	QRHP01000036	Roseburia inulinivorans DSM 16841 strain FDAARGOS_1587 strain Not applicable	622312.45
GCF_003470885.1_31	QRHP01000037	Roseburia inulinivorans DSM 16841 strain FDAARGOS_1587 strain Not applicable	622312.45
GCF_003470885.1_32	QRHP01000038	Roseburia inulinivorans DSM 16841 strain FDAARGOS_1587 strain Not applicable	622312.45
GCF_003470885.1_33	QRHP01000039	Roseburia inulinivorans DSM 16841 strain FDAARGOS_1587 strain Not applicable	622312.45
GCF_003470885.1_34	QRHP01000004	Roseburia inulinivorans DSM 16841 strain FDAARGOS_1587 strain Not applicable	622312.45
GCF_003470885.1_35	QRHP01000040	Roseburia inulinivorans DSM 16841 strain FDAARGOS_1587 strain Not applicable	622312.45
GCF_003470885.1_36	QRHP01000041	Roseburia inulinivorans DSM 16841 strain FDAARGOS_1587 strain Not applicable	622312.45
GCF_003470885.1_37	QRHP01000042	Roseburia inulinivorans DSM 16841 strain FDAARGOS_1587 strain Not applicable	622312.45
GCF_003470885.1_38	QRHP01000043	Roseburia inulinivorans DSM 16841 strain FDAARGOS_1587 strain Not applicable	622312.45
GCF_003470885.1_39	QRHP01000044	Roseburia inulinivorans DSM 16841 strain FDAARGOS_1587 strain Not applicable	622312.45
GCF_003470885.1_40	QRHP01000045	Roseburia inulinivorans DSM 16841 strain FDAARGOS_1587 strain Not applicable	622312.45
GCF_003470885.1_41	QRHP01000046	Roseburia inulinivorans DSM 16841 strain FDAARGOS_1587 strain Not applicable	622312.45
GCF_003470885.1_42	QRHP01000047	Roseburia inulinivorans DSM 16841 strain FDAARGOS_1587 strain Not applicable	622312.45
GCF_003470885.1_43	QRHP01000048	Roseburia inulinivorans DSM 16841 strain FDAARGOS_1587 strain Not applicable	622312.45
GCF_003470885.1_44	QRHP01000049	Roseburia inulinivorans DSM 16841 strain FDAARGOS_1587 strain Not applicable	622312.45
GCF_003470885.1_45	QRHP01000005	Roseburia inulinivorans DSM 16841 strain FDAARGOS_1587 strain Not applicable	622312.45
GCF_003470885.1_46	QRHP01000050	Roseburia inulinivorans DSM 16841 strain FDAARGOS_1587 strain Not applicable	622312.45
GCF_003470885.1_47	QRHP01000051	Roseburia inulinivorans DSM 16841 strain FDAARGOS_1587 strain Not applicable	622312.45
GCF_003470885.1_48	QRHP01000052	Roseburia inulinivorans DSM 16841 strain FDAARGOS_1587 strain Not applicable	622312.45
GCF_003470885.1_49	QRHP01000053	Roseburia inulinivorans DSM 16841 strain FDAARGOS_1587 strain Not applicable	622312.45
GCF_003470885.1_50	QRHP01000054	Roseburia inulinivorans DSM 16841 strain FDAARGOS_1587 strain Not applicable	622312.45
GCF_003470885.1_51	QRHP01000055	Roseburia inulinivorans DSM 16841 strain FDAARGOS_1587 strain Not applicable	622312.45
GCF_003470885.1_52	QRHP01000056	Roseburia inulinivorans DSM 16841 strain FDAARGOS_1587 strain Not applicable	622312.45
GCF_003470885.1_53	QRHP01000057	Roseburia inulinivorans DSM 16841 strain FDAARGOS_1587 strain Not applicable	622312.45
GCF_003470885.1_54	QRHP01000058	Roseburia inulinivorans DSM 16841 strain FDAARGOS_1587 strain Not applicable	622312.45
GCF_003470885.1_55	QRHP01000059	Roseburia inulinivorans DSM 16841 strain FDAARGOS_1587 strain Not applicable	622312.45
GCF_003470885.1_56	QRHP01000006	Roseburia inulinivorans DSM 16841 strain FDAARGOS_1587 strain Not applicable	622312.45
GCF_003470885.1_57	QRHP01000060	Roseburia inulinivorans DSM 16841 strain FDAARGOS_1587 strain Not applicable	622312.45
GCF_003470885.1_58	QRHP01000061	Roseburia inulinivorans DSM 16841 strain FDAARGOS_1587 strain Not applicable	622312.45
GCF_003470885.1_59	QRHP01000062	Roseburia inulinivorans DSM 16841 strain FDAARGOS_1587 strain Not applicable	622312.45
GCF_003470885.1_60	QRHP01000063	Roseburia inulinivorans DSM 16841 strain FDAARGOS_1587 strain Not applicable	622312.45
GCF_003470885.1_61	QRHP01000064	Roseburia inulinivorans DSM 16841 strain FDAARGOS_1587 strain Not applicable	622312.45
GCF_003470885.1_62	QRHP01000065	Roseburia inulinivorans DSM 16841 strain FDAARGOS_1587 strain Not applicable	622312.45
GCF_003470885.1_63	QRHP01000066	Roseburia inulinivorans DSM 16841 strain FDAARGOS_1587 strain Not applicable	622312.45
GCF_003470885.1_64	QRHP01000067	Roseburia inulinivorans DSM 16841 strain FDAARGOS_1587 strain Not applicable	622312.45
GCF_003470885.1_65	QRHP01000068	Roseburia inulinivorans DSM 16841 strain FDAARGOS_1587 strain Not applicable	622312.45
GCF_003470885.1_66	QRHP01000069	Roseburia inulinivorans DSM 16841 strain FDAARGOS_1587 strain Not applicable	622312.45
GCF_003470885.1_67	QRHP01000007	Roseburia inulinivorans DSM 16841 strain FDAARGOS_1587 strain Not applicable	622312.45
GCF_003470885.1_68	QRHP01000070	Roseburia inulinivorans DSM 16841 strain FDAARGOS_1587 strain Not applicable	622312.45
GCF_003470885.1_69	QRHP01000071	Roseburia inulinivorans DSM 16841 strain FDAARGOS_1587 strain Not applicable	622312.45
GCF_003470885.1_70	QRHP01000072	Roseburia inulinivorans DSM 16841 strain FDAARGOS_1587 strain Not applicable	622312.45
GCF_003470885.1_71	QRHP01000073	Roseburia inulinivorans DSM 16841 strain FDAARGOS_1587 strain Not applicable	622312.45
GCF_003470885.1_72	QRHP01000074	Roseburia inulinivorans DSM 16841 strain FDAARGOS_1587 strain Not applicable	622312.45
GCF_003470885.1_73	QRHP01000075	Roseburia inulinivorans DSM 16841 strain FDAARGOS_1587 strain Not applicable	622312.45
GCF_003470885.1_74	QRHP01000076	Roseburia inulinivorans DSM 16841 strain FDAARGOS_1587 strain Not applicable	622312.45
GCF_003470885.1_75	QRHP01000077	Roseburia inulinivorans DSM 16841 strain FDAARGOS_1587 strain Not applicable	622312.45
GCF_003470885.1_76	QRHP01000078	Roseburia inulinivorans DSM 16841 strain FDAARGOS_1587 strain Not applicable	622312.45
GCF_003470885.1_77	QRHP01000079	Roseburia inulinivorans DSM 16841 strain FDAARGOS_1587 strain Not applicable	622312.45
GCF_003470885.1_78	QRHP01000008	Roseburia inulinivorans DSM 16841 strain FDAARGOS_1587 strain Not applicable	622312.45
GCF_003470885.1_79	QRHP01000009	Roseburia inulinivorans DSM 16841 strain FDAARGOS_1587 strain Not applicable	622312.45
GCF_900445495.1_1	UFTK01000003	Parabacteroides merdae strain NCTC13052	46503.89
GCF_900445495.1_2	UFTK01000002	Parabacteroides merdae strain NCTC13052	46503.89
GCF_900445495.1_3	UFTK01000001	Parabacteroides merdae strain NCTC13052	46503.89
GCF_025151215.1_1	CP102286	Parabacteroides merdae strain NCTC13052	46503.89
GCF_018289315.1_1	CP072229	Parabacteroides merdae strain NCTC13052	46503.89
GCF_018289315.1_2	CP072230	Parabacteroides merdae strain NCTC13052	46503.89
GCF_014131755.1_1	CP040530	Bacteroides thetaiotaomicron strain DSM 2079	818.1357
GCF_014131755.1_2	CP040529	Bacteroides thetaiotaomicron strain DSM 2079	818.1357
GCF_022453665.1_1	CP092641	Bacteroides thetaiotaomicron strain DSM 2079	818.1357
GCF_022453665.1_2	CP092642	Bacteroides thetaiotaomicron strain DSM 2079	818.1357
GCF_000011065.1_1	NC_004663	Bacteroides thetaiotaomicron strain DSM 2079	818.1357
GCF_000011065.1_2	NC_004703	Bacteroides thetaiotaomicron strain DSM 2079	818.1357
GCF_000025985.1_1	NC_003228.3	Bacteroides fragilis NCTC 9343 strain ATCC 25285	272559.17
GCF_000025985.1_2	NC_006873	Bacteroides fragilis NCTC 9343 strain ATCC 25285	272559.17
GCF_005706655.1_1	CP036555	Bacteroides fragilis NCTC 9343 strain ATCC 25285	272559.17
GCF_005706655.1_2	CP036556	Bacteroides fragilis NCTC 9343 strain ATCC 25285	272559.17
GCF_020097275.1_1	CP083623	Bacteroides fragilis NCTC 9343 strain ATCC 25285	272559.17
GCF_020097275.1_2	CP083624	Bacteroides fragilis NCTC 9343 strain ATCC 25285	272559.17
GCF_018140635.1_1	CP073280	Anaerobutyricum hallii strain EHAL	39488.252
GCF_018140635.1_2	CP073281	Anaerobutyricum hallii strain EHAL	39488.252
GCF_018140635.1_3	CP073282	Anaerobutyricum hallii strain EHAL	39488.252
GCF_036419155.1_1	CP143936	Anaerobutyricum hallii strain EHAL	39488.252
GCF_900209925.1_1	LT907978	Anaerobutyricum hallii strain EHAL	39488.252
GCF_000296465.1_1	JH815203	Barnesiella intestinihominis YIT 11860	742726.3
GCF_000296465.1_2	JH815204	Barnesiella intestinihominis YIT 11860	742726.3
GCF_000296465.1_3	JH815205	Barnesiella intestinihominis YIT 11860	742726.3
GCF_000296465.1_4	JH815206	Barnesiella intestinihominis YIT 11860	742726.3
GCF_000296465.1_5	JH815207	Barnesiella intestinihominis YIT 11860	742726.3
GCF_046603765.1_1	CP176624	Barnesiella intestinihominis YIT 11860	742726.3
GCF_015555135.1_1	JADNJV010000010	Barnesiella intestinihominis YIT 11860	742726.3
GCF_015555135.1_2	JADNJV010000011	Barnesiella intestinihominis YIT 11860	742726.3
GCF_015555135.1_3	JADNJV010000001	Barnesiella intestinihominis YIT 11860	742726.3
GCF_015555135.1_4	JADNJV010000002	Barnesiella intestinihominis YIT 11860	742726.3
GCF_015555135.1_5	JADNJV010000003	Barnesiella intestinihominis YIT 11860	742726.3
GCF_015555135.1_6	JADNJV010000004	Barnesiella intestinihominis YIT 11860	742726.3
GCF_015555135.1_7	JADNJV010000005	Barnesiella intestinihominis YIT 11860	742726.3
GCF_015555135.1_8	JADNJV010000006	Barnesiella intestinihominis YIT 11860	742726.3
GCF_015555135.1_9	JADNJV010000007	Barnesiella intestinihominis YIT 11860	742726.3
GCF_015555135.1_10	JADNJV010000008	Barnesiella intestinihominis YIT 11860	742726.3
GCF_015555135.1_11	JADNJV010000009	Barnesiella intestinihominis YIT 11860	742726.3
GCF_027677115.1_1	JAQENJ010000001	Alistipes finegoldii TM12-21A	214856.2506
GCF_027677115.1_2	JAQENJ010000010	Alistipes finegoldii TM12-21A	214856.2506
GCF_027677115.1_3	JAQENJ010000011	Alistipes finegoldii TM12-21A	214856.2506
GCF_027677115.1_4	JAQENJ010000012	Alistipes finegoldii TM12-21A	214856.2506
GCF_027677115.1_5	JAQENJ010000013	Alistipes finegoldii TM12-21A	214856.2506
GCF_027677115.1_6	JAQENJ010000014	Alistipes finegoldii TM12-21A	214856.2506
GCF_027677115.1_7	JAQENJ010000015	Alistipes finegoldii TM12-21A	214856.2506
GCF_027677115.1_8	JAQENJ010000016	Alistipes finegoldii TM12-21A	214856.2506
GCF_027677115.1_9	JAQENJ010000017	Alistipes finegoldii TM12-21A	214856.2506
GCF_027677115.1_10	JAQENJ010000018	Alistipes finegoldii TM12-21A	214856.2506
GCF_027677115.1_11	JAQENJ010000019	Alistipes finegoldii TM12-21A	214856.2506
GCF_027677115.1_12	JAQENJ010000002	Alistipes finegoldii TM12-21A	214856.2506
GCF_027677115.1_13	JAQENJ010000003	Alistipes finegoldii TM12-21A	214856.2506
GCF_027677115.1_14	JAQENJ010000004	Alistipes finegoldii TM12-21A	214856.2506
GCF_027677115.1_15	JAQENJ010000005	Alistipes finegoldii TM12-21A	214856.2506
GCF_027677115.1_16	JAQENJ010000006	Alistipes finegoldii TM12-21A	214856.2506
GCF_027677115.1_17	JAQENJ010000007	Alistipes finegoldii TM12-21A	214856.2506
GCF_027677115.1_18	JAQENJ010000008	Alistipes finegoldii TM12-21A	214856.2506
GCF_027677115.1_19	JAQENJ010000009	Alistipes finegoldii TM12-21A	214856.2506
GCF_000265365.1_1	NC_018011	Alistipes finegoldii TM12-21A	214856.2506
GCF_022846055.1_1	AP025581	Alistipes finegoldii TM12-21A	214856.2506
GCF_000723465.1_1	HF545616	Ruminococcus bicirculans strain 80/3	1160721.7
GCF_000723465.1_2	HF545617	Ruminococcus bicirculans strain 80/3	1160721.7
GCF_015558365.1_1	JADMNX010000010	Ruminococcus bicirculans strain 80/3	1160721.7
GCF_015558365.1_2	JADMNX010000011	Ruminococcus bicirculans strain 80/3	1160721.7
GCF_015558365.1_3	JADMNX010000012	Ruminococcus bicirculans strain 80/3	1160721.7
GCF_015558365.1_4	JADMNX010000013	Ruminococcus bicirculans strain 80/3	1160721.7
GCF_015558365.1_5	JADMNX010000014	Ruminococcus bicirculans strain 80/3	1160721.7
GCF_015558365.1_6	JADMNX010000015	Ruminococcus bicirculans strain 80/3	1160721.7
GCF_015558365.1_7	JADMNX010000016	Ruminococcus bicirculans strain 80/3	1160721.7
GCF_015558365.1_8	JADMNX010000017	Ruminococcus bicirculans strain 80/3	1160721.7
GCF_015558365.1_9	JADMNX010000018	Ruminococcus bicirculans strain 80/3	1160721.7
GCF_015558365.1_10	JADMNX010000019	Ruminococcus bicirculans strain 80/3	1160721.7
GCF_015558365.1_11	JADMNX010000001	Ruminococcus bicirculans strain 80/3	1160721.7
GCF_015558365.1_12	JADMNX010000020	Ruminococcus bicirculans strain 80/3	1160721.7
GCF_015558365.1_13	JADMNX010000021	Ruminococcus bicirculans strain 80/3	1160721.7
GCF_015558365.1_14	JADMNX010000022	Ruminococcus bicirculans strain 80/3	1160721.7
GCF_015558365.1_15	JADMNX010000023	Ruminococcus bicirculans strain 80/3	1160721.7
GCF_015558365.1_16	JADMNX010000024	Ruminococcus bicirculans strain 80/3	1160721.7
GCF_015558365.1_17	JADMNX010000025	Ruminococcus bicirculans strain 80/3	1160721.7
GCF_015558365.1_18	JADMNX010000026	Ruminococcus bicirculans strain 80/3	1160721.7
GCF_015558365.1_19	JADMNX010000027	Ruminococcus bicirculans strain 80/3	1160721.7
GCF_015558365.1_20	JADMNX010000028	Ruminococcus bicirculans strain 80/3	1160721.7
GCF_015558365.1_21	JADMNX010000029	Ruminococcus bicirculans strain 80/3	1160721.7
GCF_015558365.1_22	JADMNX010000002	Ruminococcus bicirculans strain 80/3	1160721.7
GCF_015558365.1_23	JADMNX010000003	Ruminococcus bicirculans strain 80/3	1160721.7
GCF_015558365.1_24	JADMNX010000004	Ruminococcus bicirculans strain 80/3	1160721.7
GCF_015558365.1_25	JADMNX010000005	Ruminococcus bicirculans strain 80/3	1160721.7
GCF_015558365.1_26	JADMNX010000006	Ruminococcus bicirculans strain 80/3	1160721.7
GCF_015558365.1_27	JADMNX010000007	Ruminococcus bicirculans strain 80/3	1160721.7
GCF_015558365.1_28	JADMNX010000008	Ruminococcus bicirculans strain 80/3	1160721.7
GCF_015558365.1_29	JADMNX010000009	Ruminococcus bicirculans strain 80/3	1160721.7
GCF_028327565.1_1	JAQMLS010000010	Ruminococcus bicirculans strain 80/3	1160721.7
GCF_028327565.1_2	JAQMLS010000011	Ruminococcus bicirculans strain 80/3	1160721.7
GCF_028327565.1_3	JAQMLS010000012	Ruminococcus bicirculans strain 80/3	1160721.7
GCF_028327565.1_4	JAQMLS010000013	Ruminococcus bicirculans strain 80/3	1160721.7
GCF_028327565.1_5	JAQMLS010000014	Ruminococcus bicirculans strain 80/3	1160721.7
GCF_028327565.1_6	JAQMLS010000015	Ruminococcus bicirculans strain 80/3	1160721.7
GCF_028327565.1_7	JAQMLS010000016	Ruminococcus bicirculans strain 80/3	1160721.7
GCF_028327565.1_8	JAQMLS010000017	Ruminococcus bicirculans strain 80/3	1160721.7
GCF_028327565.1_9	JAQMLS010000018	Ruminococcus bicirculans strain 80/3	1160721.7
GCF_028327565.1_10	JAQMLS010000019	Ruminococcus bicirculans strain 80/3	1160721.7
GCF_028327565.1_11	JAQMLS010000001	Ruminococcus bicirculans strain 80/3	1160721.7
GCF_028327565.1_12	JAQMLS010000020	Ruminococcus bicirculans strain 80/3	1160721.7
GCF_028327565.1_13	JAQMLS010000021	Ruminococcus bicirculans strain 80/3	1160721.7
GCF_028327565.1_14	JAQMLS010000022	Ruminococcus bicirculans strain 80/3	1160721.7
GCF_028327565.1_15	JAQMLS010000023	Ruminococcus bicirculans strain 80/3	1160721.7
GCF_028327565.1_16	JAQMLS010000024	Ruminococcus bicirculans strain 80/3	1160721.7
GCF_028327565.1_17	JAQMLS010000025	Ruminococcus bicirculans strain 80/3	1160721.7
GCF_028327565.1_18	JAQMLS010000026	Ruminococcus bicirculans strain 80/3	1160721.7
GCF_028327565.1_19	JAQMLS010000027	Ruminococcus bicirculans strain 80/3	1160721.7
GCF_028327565.1_20	JAQMLS010000028	Ruminococcus bicirculans strain 80/3	1160721.7
GCF_028327565.1_21	JAQMLS010000029	Ruminococcus bicirculans strain 80/3	1160721.7
GCF_028327565.1_22	JAQMLS010000002	Ruminococcus bicirculans strain 80/3	1160721.7
GCF_028327565.1_23	JAQMLS010000003	Ruminococcus bicirculans strain 80/3	1160721.7
GCF_028327565.1_24	JAQMLS010000004	Ruminococcus bicirculans strain 80/3	1160721.7
GCF_028327565.1_25	JAQMLS010000005	Ruminococcus bicirculans strain 80/3	1160721.7
GCF_028327565.1_26	JAQMLS010000006	Ruminococcus bicirculans strain 80/3	1160721.7
GCF_028327565.1_27	JAQMLS010000007	Ruminococcus bicirculans strain 80/3	1160721.7
GCF_028327565.1_28	JAQMLS010000008	Ruminococcus bicirculans strain 80/3	1160721.7
GCF_028327565.1_29	JAQMLS010000009	Ruminococcus bicirculans strain 80/3	1160721.7
GCF_025149785.1_1	CP102277	Coprococcus comes ATCC 27758	470146.25
GCF_016904155.1_1	CP070062	Coprococcus comes ATCC 27758	470146.25
GCF_028209045.1_1	JAQLDM010000010	Coprococcus comes ATCC 27758	470146.25
GCF_028209045.1_2	JAQLDM010000011	Coprococcus comes ATCC 27758	470146.25
GCF_028209045.1_3	JAQLDM010000012	Coprococcus comes ATCC 27758	470146.25
GCF_028209045.1_4	JAQLDM010000013	Coprococcus comes ATCC 27758	470146.25
GCF_028209045.1_5	JAQLDM010000014	Coprococcus comes ATCC 27758	470146.25
GCF_028209045.1_6	JAQLDM010000015	Coprococcus comes ATCC 27758	470146.25
GCF_028209045.1_7	JAQLDM010000016	Coprococcus comes ATCC 27758	470146.25
GCF_028209045.1_8	JAQLDM010000017	Coprococcus comes ATCC 27758	470146.25
GCF_028209045.1_9	JAQLDM010000018	Coprococcus comes ATCC 27758	470146.25
GCF_028209045.1_10	JAQLDM010000019	Coprococcus comes ATCC 27758	470146.25
GCF_028209045.1_11	JAQLDM010000001	Coprococcus comes ATCC 27758	470146.25
GCF_028209045.1_12	JAQLDM010000020	Coprococcus comes ATCC 27758	470146.25
GCF_028209045.1_13	JAQLDM010000021	Coprococcus comes ATCC 27758	470146.25
GCF_028209045.1_14	JAQLDM010000022	Coprococcus comes ATCC 27758	470146.25
GCF_028209045.1_15	JAQLDM010000023	Coprococcus comes ATCC 27758	470146.25
GCF_028209045.1_16	JAQLDM010000024	Coprococcus comes ATCC 27758	470146.25
GCF_028209045.1_17	JAQLDM010000025	Coprococcus comes ATCC 27758	470146.25
GCF_028209045.1_18	JAQLDM010000026	Coprococcus comes ATCC 27758	470146.25
GCF_028209045.1_19	JAQLDM010000027	Coprococcus comes ATCC 27758	470146.25
GCF_028209045.1_20	JAQLDM010000028	Coprococcus comes ATCC 27758	470146.25
GCF_028209045.1_21	JAQLDM010000029	Coprococcus comes ATCC 27758	470146.25
GCF_028209045.1_22	JAQLDM010000002	Coprococcus comes ATCC 27758	470146.25
GCF_028209045.1_23	JAQLDM010000030	Coprococcus comes ATCC 27758	470146.25
GCF_028209045.1_24	JAQLDM010000031	Coprococcus comes ATCC 27758	470146.25
GCF_028209045.1_25	JAQLDM010000032	Coprococcus comes ATCC 27758	470146.25
GCF_028209045.1_26	JAQLDM010000033	Coprococcus comes ATCC 27758	470146.25
GCF_028209045.1_27	JAQLDM010000034	Coprococcus comes ATCC 27758	470146.25
GCF_028209045.1_28	JAQLDM010000035	Coprococcus comes ATCC 27758	470146.25
GCF_028209045.1_29	JAQLDM010000036	Coprococcus comes ATCC 27758	470146.25
GCF_028209045.1_30	JAQLDM010000037	Coprococcus comes ATCC 27758	470146.25
GCF_028209045.1_31	JAQLDM010000038	Coprococcus comes ATCC 27758	470146.25
GCF_028209045.1_32	JAQLDM010000039	Coprococcus comes ATCC 27758	470146.25
GCF_028209045.1_33	JAQLDM010000003	Coprococcus comes ATCC 27758	470146.25
GCF_028209045.1_34	JAQLDM010000040	Coprococcus comes ATCC 27758	470146.25
GCF_028209045.1_35	JAQLDM010000041	Coprococcus comes ATCC 27758	470146.25
GCF_028209045.1_36	JAQLDM010000042	Coprococcus comes ATCC 27758	470146.25
GCF_028209045.1_37	JAQLDM010000043	Coprococcus comes ATCC 27758	470146.25
GCF_028209045.1_38	JAQLDM010000044	Coprococcus comes ATCC 27758	470146.25
GCF_028209045.1_39	JAQLDM010000045	Coprococcus comes ATCC 27758	470146.25
GCF_028209045.1_40	JAQLDM010000046	Coprococcus comes ATCC 27758	470146.25
GCF_028209045.1_41	JAQLDM010000047	Coprococcus comes ATCC 27758	470146.25
GCF_028209045.1_42	JAQLDM010000048	Coprococcus comes ATCC 27758	470146.25
GCF_028209045.1_43	JAQLDM010000004	Coprococcus comes ATCC 27758	470146.25
GCF_028209045.1_44	JAQLDM010000005	Coprococcus comes ATCC 27758	470146.25
GCF_028209045.1_45	JAQLDM010000006	Coprococcus comes ATCC 27758	470146.25
GCF_028209045.1_46	JAQLDM010000007	Coprococcus comes ATCC 27758	470146.25
GCF_028209045.1_47	JAQLDM010000008	Coprococcus comes ATCC 27758	470146.25
GCF_028209045.1_48	JAQLDM010000009	Coprococcus comes ATCC 27758	470146.25
GCF_025149915.1_1	CP102278	Coprococcus eutactus ATCC 27759	33043.1681
GCF_020735705.1_1	CP085930	Coprococcus eutactus ATCC 27759	33043.1681
GCF_000154425.1_1	DS483542	Coprococcus eutactus ATCC 27759	33043.1681
GCF_000154425.1_2	DS483541	Coprococcus eutactus ATCC 27759	33043.1681
GCF_000154425.1_3	DS483540	Coprococcus eutactus ATCC 27759	33043.1681
GCF_000154425.1_4	DS483539	Coprococcus eutactus ATCC 27759	33043.1681
GCF_000154425.1_5	DS483538	Coprococcus eutactus ATCC 27759	33043.1681
GCF_000154425.1_6	DS483537	Coprococcus eutactus ATCC 27759	33043.1681
GCF_000154425.1_7	DS483536	Coprococcus eutactus ATCC 27759	33043.1681
GCF_000154425.1_8	DS483535	Coprococcus eutactus ATCC 27759	33043.1681
GCF_000154425.1_9	DS483534	Coprococcus eutactus ATCC 27759	33043.1681
GCF_000154425.1_10	DS483533	Coprococcus eutactus ATCC 27759	33043.1681
GCF_000154425.1_11	DS483532	Coprococcus eutactus ATCC 27759	33043.1681
GCF_000154425.1_12	DS483531	Coprococcus eutactus ATCC 27759	33043.1681
GCF_000154425.1_13	DS483530	Coprococcus eutactus ATCC 27759	33043.1681
GCF_000154425.1_14	DS483529	Coprococcus eutactus ATCC 27759	33043.1681
GCF_000154425.1_15	DS483528	Coprococcus eutactus ATCC 27759	33043.1681
GCF_000154425.1_16	DS483527	Coprococcus eutactus ATCC 27759	33043.1681
GCF_000154425.1_17	DS483526	Coprococcus eutactus ATCC 27759	33043.1681
GCF_000154425.1_18	DS483525	Coprococcus eutactus ATCC 27759	33043.1681
GCF_000154425.1_19	DS483524	Coprococcus eutactus ATCC 27759	33043.1681
GCF_000154425.1_20	DS483523	Coprococcus eutactus ATCC 27759	33043.1681
GCF_000154425.1_21	DS483522	Coprococcus eutactus ATCC 27759	33043.1681
GCF_000154425.1_22	DS483521	Coprococcus eutactus ATCC 27759	33043.1681
GCF_000154425.1_23	DS483520	Coprococcus eutactus ATCC 27759	33043.1681
GCF_900537995.1_1	LR027880	Roseburia intestinalis L1-82	536231.75
GCF_025151715.1_1	CP102289	Roseburia intestinalis L1-82	536231.75
GCF_023497585.1_1	CP097279	Roseburia intestinalis L1-82	536231.75
GCF_900103815.1_1	FNHZ01000012	Lachnospira pectinoschiza strain M83	28052.1495
GCF_900103815.1_2	FNHZ01000001	Lachnospira pectinoschiza strain M83	28052.1495
GCF_900103815.1_3	FNHZ01000006	Lachnospira pectinoschiza strain M83	28052.1495
GCF_900103815.1_4	FNHZ01000011	Lachnospira pectinoschiza strain M83	28052.1495
GCF_900103815.1_5	FNHZ01000002	Lachnospira pectinoschiza strain M83	28052.1495
GCF_900103815.1_6	FNHZ01000003	Lachnospira pectinoschiza strain M83	28052.1495
GCF_900103815.1_7	FNHZ01000008	Lachnospira pectinoschiza strain M83	28052.1495
GCF_900103815.1_8	FNHZ01000004	Lachnospira pectinoschiza strain M83	28052.1495
GCF_900103815.1_9	FNHZ01000005	Lachnospira pectinoschiza strain M83	28052.1495
GCF_900103815.1_10	FNHZ01000010	Lachnospira pectinoschiza strain M83	28052.1495
GCF_900103815.1_11	FNHZ01000007	Lachnospira pectinoschiza strain M83	28052.1495
GCF_900103815.1_12	FNHZ01000009	Lachnospira pectinoschiza strain M83	28052.1495
GCF_020564355.1_1	JAJCRR010000001	Lachnospira pectinoschiza strain M83	28052.1495
GCF_020564355.1_2	JAJCRR010000010	Lachnospira pectinoschiza strain M83	28052.1495
GCF_020564355.1_3	JAJCRR010000011	Lachnospira pectinoschiza strain M83	28052.1495
GCF_020564355.1_4	JAJCRR010000012	Lachnospira pectinoschiza strain M83	28052.1495
GCF_020564355.1_5	JAJCRR010000013	Lachnospira pectinoschiza strain M83	28052.1495
GCF_020564355.1_6	JAJCRR010000014	Lachnospira pectinoschiza strain M83	28052.1495
GCF_020564355.1_7	JAJCRR010000015	Lachnospira pectinoschiza strain M83	28052.1495
GCF_020564355.1_8	JAJCRR010000016	Lachnospira pectinoschiza strain M83	28052.1495
GCF_020564355.1_9	JAJCRR010000017	Lachnospira pectinoschiza strain M83	28052.1495
GCF_020564355.1_10	JAJCRR010000018	Lachnospira pectinoschiza strain M83	28052.1495
GCF_020564355.1_11	JAJCRR010000002	Lachnospira pectinoschiza strain M83	28052.1495
GCF_020564355.1_12	JAJCRR010000019	Lachnospira pectinoschiza strain M83	28052.1495
GCF_020564355.1_13	JAJCRR010000020	Lachnospira pectinoschiza strain M83	28052.1495
GCF_020564355.1_14	JAJCRR010000021	Lachnospira pectinoschiza strain M83	28052.1495
GCF_020564355.1_15	JAJCRR010000022	Lachnospira pectinoschiza strain M83	28052.1495
GCF_020564355.1_16	JAJCRR010000023	Lachnospira pectinoschiza strain M83	28052.1495
GCF_020564355.1_17	JAJCRR010000024	Lachnospira pectinoschiza strain M83	28052.1495
GCF_020564355.1_18	JAJCRR010000025	Lachnospira pectinoschiza strain M83	28052.1495
GCF_020564355.1_19	JAJCRR010000026	Lachnospira pectinoschiza strain M83	28052.1495
GCF_020564355.1_20	JAJCRR010000027	Lachnospira pectinoschiza strain M83	28052.1495
GCF_020564355.1_21	JAJCRR010000003	Lachnospira pectinoschiza strain M83	28052.1495
GCF_020564355.1_22	JAJCRR010000028	Lachnospira pectinoschiza strain M83	28052.1495
GCF_020564355.1_23	JAJCRR010000029	Lachnospira pectinoschiza strain M83	28052.1495
GCF_020564355.1_24	JAJCRR010000030	Lachnospira pectinoschiza strain M83	28052.1495
GCF_020564355.1_25	JAJCRR010000031	Lachnospira pectinoschiza strain M83	28052.1495
GCF_020564355.1_26	JAJCRR010000032	Lachnospira pectinoschiza strain M83	28052.1495
GCF_020564355.1_27	JAJCRR010000033	Lachnospira pectinoschiza strain M83	28052.1495
GCF_020564355.1_28	JAJCRR010000034	Lachnospira pectinoschiza strain M83	28052.1495
GCF_020564355.1_29	JAJCRR010000035	Lachnospira pectinoschiza strain M83	28052.1495
GCF_020564355.1_30	JAJCRR010000036	Lachnospira pectinoschiza strain M83	28052.1495
GCF_020564355.1_31	JAJCRR010000004	Lachnospira pectinoschiza strain M83	28052.1495
GCF_020564355.1_32	JAJCRR010000037	Lachnospira pectinoschiza strain M83	28052.1495
GCF_020564355.1_33	JAJCRR010000038	Lachnospira pectinoschiza strain M83	28052.1495
GCF_020564355.1_34	JAJCRR010000039	Lachnospira pectinoschiza strain M83	28052.1495
GCF_020564355.1_35	JAJCRR010000040	Lachnospira pectinoschiza strain M83	28052.1495
GCF_020564355.1_36	JAJCRR010000041	Lachnospira pectinoschiza strain M83	28052.1495
GCF_020564355.1_37	JAJCRR010000042	Lachnospira pectinoschiza strain M83	28052.1495
GCF_020564355.1_38	JAJCRR010000043	Lachnospira pectinoschiza strain M83	28052.1495
GCF_020564355.1_39	JAJCRR010000044	Lachnospira pectinoschiza strain M83	28052.1495
GCF_020564355.1_40	JAJCRR010000045	Lachnospira pectinoschiza strain M83	28052.1495
GCF_020564355.1_41	JAJCRR010000046	Lachnospira pectinoschiza strain M83	28052.1495
GCF_020564355.1_42	JAJCRR010000005	Lachnospira pectinoschiza strain M83	28052.1495
GCF_020564355.1_43	JAJCRR010000047	Lachnospira pectinoschiza strain M83	28052.1495
GCF_020564355.1_44	JAJCRR010000048	Lachnospira pectinoschiza strain M83	28052.1495
GCF_020564355.1_45	JAJCRR010000049	Lachnospira pectinoschiza strain M83	28052.1495
GCF_020564355.1_46	JAJCRR010000050	Lachnospira pectinoschiza strain M83	28052.1495
GCF_020564355.1_47	JAJCRR010000051	Lachnospira pectinoschiza strain M83	28052.1495
GCF_020564355.1_48	JAJCRR010000052	Lachnospira pectinoschiza strain M83	28052.1495
GCF_020564355.1_49	JAJCRR010000053	Lachnospira pectinoschiza strain M83	28052.1495
GCF_020564355.1_50	JAJCRR010000054	Lachnospira pectinoschiza strain M83	28052.1495
GCF_020564355.1_51	JAJCRR010000055	Lachnospira pectinoschiza strain M83	28052.1495
GCF_020564355.1_52	JAJCRR010000006	Lachnospira pectinoschiza strain M83	28052.1495
GCF_020564355.1_53	JAJCRR010000056	Lachnospira pectinoschiza strain M83	28052.1495
GCF_020564355.1_54	JAJCRR010000057	Lachnospira pectinoschiza strain M83	28052.1495
GCF_020564355.1_55	JAJCRR010000058	Lachnospira pectinoschiza strain M83	28052.1495
GCF_020564355.1_56	JAJCRR010000059	Lachnospira pectinoschiza strain M83	28052.1495
GCF_020564355.1_57	JAJCRR010000060	Lachnospira pectinoschiza strain M83	28052.1495
GCF_020564355.1_58	JAJCRR010000061	Lachnospira pectinoschiza strain M83	28052.1495
GCF_020564355.1_59	JAJCRR010000062	Lachnospira pectinoschiza strain M83	28052.1495
GCF_020564355.1_60	JAJCRR010000063	Lachnospira pectinoschiza strain M83	28052.1495
GCF_020564355.1_61	JAJCRR010000064	Lachnospira pectinoschiza strain M83	28052.1495
GCF_020564355.1_62	JAJCRR010000065	Lachnospira pectinoschiza strain M83	28052.1495
GCF_020564355.1_63	JAJCRR010000007	Lachnospira pectinoschiza strain M83	28052.1495
GCF_020564355.1_64	JAJCRR010000008	Lachnospira pectinoschiza strain M83	28052.1495
GCF_020564355.1_65	JAJCRR010000009	Lachnospira pectinoschiza strain M83	28052.1495
GCF_025146565.1_1	CP102258	Bacteroides eggerthii strain DSM 20697	28111.542
GCF_018289295.1_1	CP072227	Bacteroides eggerthii strain DSM 20697	28111.542
GCF_018289295.1_2	CP072228	Bacteroides eggerthii strain DSM 20697	28111.542
GCF_016894205.1_1	CP069794	Bacteroides eggerthii strain DSM 20697	28111.542
GCF_025148445.1_1	CP102270	Butyrivibrio crossotus DSM 2876	45851.82
GCF_000156015.1_1	GG663534	Butyrivibrio crossotus DSM 2876	45851.82
GCF_000156015.1_2	GG663533	Butyrivibrio crossotus DSM 2876	45851.82
GCF_000156015.1_3	GG663532	Butyrivibrio crossotus DSM 2876	45851.82
GCF_000156015.1_4	GG663531	Butyrivibrio crossotus DSM 2876	45851.82
GCF_000156015.1_5	GG663530	Butyrivibrio crossotus DSM 2876	45851.82
GCF_000156015.1_6	GG663529	Butyrivibrio crossotus DSM 2876	45851.82
GCF_000156015.1_7	GG663528	Butyrivibrio crossotus DSM 2876	45851.82
GCF_000156015.1_8	GG663527	Butyrivibrio crossotus DSM 2876	45851.82
GCF_000156015.1_9	GG663526	Butyrivibrio crossotus DSM 2876	45851.82
GCF_000156015.1_10	GG663525	Butyrivibrio crossotus DSM 2876	45851.82
GCF_000156015.1_11	GG663524	Butyrivibrio crossotus DSM 2876	45851.82
GCF_000156015.1_12	GG663523	Butyrivibrio crossotus DSM 2876	45851.82
GCF_000156015.1_13	GG663522	Butyrivibrio crossotus DSM 2876	45851.82
GCF_000156015.1_14	GG663521	Butyrivibrio crossotus DSM 2876	45851.82
GCF_000156015.1_15	GG663520	Butyrivibrio crossotus DSM 2876	45851.82
GCF_000156015.1_16	GG663519	Butyrivibrio crossotus DSM 2876	45851.82
GCF_000156015.1_17	GG663518	Butyrivibrio crossotus DSM 2876	45851.82
GCF_000156015.1_18	GG663517	Butyrivibrio crossotus DSM 2876	45851.82
GCF_000156015.1_19	GG663516	Butyrivibrio crossotus DSM 2876	45851.82
GCF_000156015.1_20	GG663515	Butyrivibrio crossotus DSM 2876	45851.82
GCF_000156015.1_21	GG663514	Butyrivibrio crossotus DSM 2876	45851.82
GCF_000156015.1_22	GG663513	Butyrivibrio crossotus DSM 2876	45851.82
GCF_000156015.1_23	GG663512	Butyrivibrio crossotus DSM 2876	45851.82
GCF_000156015.1_24	GG663511	Butyrivibrio crossotus DSM 2876	45851.82
GCF_000156015.1_25	GG663510	Butyrivibrio crossotus DSM 2876	45851.82
GCF_000156015.1_26	GG663509	Butyrivibrio crossotus DSM 2876	45851.82
GCF_000156015.1_27	GG663508	Butyrivibrio crossotus DSM 2876	45851.82
GCF_000156015.1_28	GG663507	Butyrivibrio crossotus DSM 2876	45851.82
GCF_000156015.1_29	GG663506	Butyrivibrio crossotus DSM 2876	45851.82
GCF_000156015.1_30	GG663505	Butyrivibrio crossotus DSM 2876	45851.82
GCF_000156015.1_31	GG663504	Butyrivibrio crossotus DSM 2876	45851.82
GCF_902373805.1_1	CABKNR010000001	Butyrivibrio crossotus DSM 2876	45851.82
GCF_902373805.1_2	CABKNR010000002	Butyrivibrio crossotus DSM 2876	45851.82
GCF_902373805.1_3	CABKNR010000003	Butyrivibrio crossotus DSM 2876	45851.82
GCF_902373805.1_4	CABKNR010000004	Butyrivibrio crossotus DSM 2876	45851.82
GCF_902373805.1_5	CABKNR010000005	Butyrivibrio crossotus DSM 2876	45851.82
GCF_902373805.1_6	CABKNR010000006	Butyrivibrio crossotus DSM 2876	45851.82
GCF_902373805.1_7	CABKNR010000007	Butyrivibrio crossotus DSM 2876	45851.82
GCF_902373805.1_8	CABKNR010000008	Butyrivibrio crossotus DSM 2876	45851.82
GCF_902373805.1_9	CABKNR010000009	Butyrivibrio crossotus DSM 2876	45851.82
GCF_902373805.1_10	CABKNR010000010	Butyrivibrio crossotus DSM 2876	45851.82
GCF_902373805.1_11	CABKNR010000011	Butyrivibrio crossotus DSM 2876	45851.82
GCF_902373805.1_12	CABKNR010000012	Butyrivibrio crossotus DSM 2876	45851.82
GCF_902373805.1_13	CABKNR010000013	Butyrivibrio crossotus DSM 2876	45851.82
GCF_902373805.1_14	CABKNR010000014	Butyrivibrio crossotus DSM 2876	45851.82
GCF_902373805.1_15	CABKNR010000015	Butyrivibrio crossotus DSM 2876	45851.82
GCF_902373805.1_16	CABKNR010000016	Butyrivibrio crossotus DSM 2876	45851.82
GCF_902373805.1_17	CABKNR010000017	Butyrivibrio crossotus DSM 2876	45851.82
GCF_902373805.1_18	CABKNR010000018	Butyrivibrio crossotus DSM 2876	45851.82
GCF_902373805.1_19	CABKNR010000019	Butyrivibrio crossotus DSM 2876	45851.82
GCF_902373805.1_20	CABKNR010000020	Butyrivibrio crossotus DSM 2876	45851.82
GCF_902373805.1_21	CABKNR010000021	Butyrivibrio crossotus DSM 2876	45851.82
GCF_902373805.1_22	CABKNR010000022	Butyrivibrio crossotus DSM 2876	45851.82
GCF_902373805.1_23	CABKNR010000023	Butyrivibrio crossotus DSM 2876	45851.82
GCF_902373805.1_24	CABKNR010000024	Butyrivibrio crossotus DSM 2876	45851.82
GCF_902373805.1_25	CABKNR010000025	Butyrivibrio crossotus DSM 2876	45851.82
GCF_902373805.1_26	CABKNR010000026	Butyrivibrio crossotus DSM 2876	45851.82
GCF_902373805.1_27	CABKNR010000027	Butyrivibrio crossotus DSM 2876	45851.82
GCF_902373805.1_28	CABKNR010000028	Butyrivibrio crossotus DSM 2876	45851.82
GCF_902373805.1_29	CABKNR010000029	Butyrivibrio crossotus DSM 2876	45851.82
GCF_902373805.1_30	CABKNR010000030	Butyrivibrio crossotus DSM 2876	45851.82
GCF_902373805.1_31	CABKNR010000031	Butyrivibrio crossotus DSM 2876	45851.82
GCF_025148125.1_1	CP102267	Blautia wexlerae DSM 19850	1121115.15
GCF_042847785.1_1	AP031426	Blautia wexlerae DSM 19850	1121115.15
GCF_000484655.1_1	AXVN01000001	Blautia wexlerae DSM 19850	1121115.15
GCF_000484655.1_2	AXVN01000002	Blautia wexlerae DSM 19850	1121115.15
GCF_000484655.1_3	AXVN01000003	Blautia wexlerae DSM 19850	1121115.15
GCF_000484655.1_4	AXVN01000004	Blautia wexlerae DSM 19850	1121115.15
GCF_000484655.1_5	AXVN01000005	Blautia wexlerae DSM 19850	1121115.15
GCF_000484655.1_6	AXVN01000006	Blautia wexlerae DSM 19850	1121115.15
GCF_000484655.1_7	AXVN01000007	Blautia wexlerae DSM 19850	1121115.15
GCF_000484655.1_8	AXVN01000008	Blautia wexlerae DSM 19850	1121115.15
GCF_000484655.1_9	AXVN01000009	Blautia wexlerae DSM 19850	1121115.15
GCF_000484655.1_10	AXVN01000010	Blautia wexlerae DSM 19850	1121115.15
GCF_000484655.1_11	AXVN01000011	Blautia wexlerae DSM 19850	1121115.15
GCF_000484655.1_12	AXVN01000012	Blautia wexlerae DSM 19850	1121115.15
GCF_000484655.1_13	AXVN01000013	Blautia wexlerae DSM 19850	1121115.15
GCF_000484655.1_14	AXVN01000014	Blautia wexlerae DSM 19850	1121115.15
GCF_000484655.1_15	AXVN01000015	Blautia wexlerae DSM 19850	1121115.15
GCF_000484655.1_16	AXVN01000016	Blautia wexlerae DSM 19850	1121115.15
GCF_000484655.1_17	AXVN01000017	Blautia wexlerae DSM 19850	1121115.15
GCF_000484655.1_18	AXVN01000018	Blautia wexlerae DSM 19850	1121115.15
GCF_000484655.1_19	AXVN01000019	Blautia wexlerae DSM 19850	1121115.15
GCF_000484655.1_20	AXVN01000020	Blautia wexlerae DSM 19850	1121115.15
GCF_000484655.1_21	AXVN01000021	Blautia wexlerae DSM 19850	1121115.15
GCF_000484655.1_22	AXVN01000022	Blautia wexlerae DSM 19850	1121115.15
GCF_000484655.1_23	AXVN01000023	Blautia wexlerae DSM 19850	1121115.15
GCF_000484655.1_24	AXVN01000024	Blautia wexlerae DSM 19850	1121115.15
GCF_000484655.1_25	AXVN01000025	Blautia wexlerae DSM 19850	1121115.15
GCF_000484655.1_26	AXVN01000026	Blautia wexlerae DSM 19850	1121115.15
GCF_000484655.1_27	AXVN01000027	Blautia wexlerae DSM 19850	1121115.15
GCF_000484655.1_28	AXVN01000028	Blautia wexlerae DSM 19850	1121115.15
GCF_000484655.1_29	AXVN01000029	Blautia wexlerae DSM 19850	1121115.15
GCF_000484655.1_30	AXVN01000030	Blautia wexlerae DSM 19850	1121115.15
GCF_000484655.1_31	AXVN01000031	Blautia wexlerae DSM 19850	1121115.15
GCF_000484655.1_32	AXVN01000032	Blautia wexlerae DSM 19850	1121115.15
GCF_000484655.1_33	AXVN01000033	Blautia wexlerae DSM 19850	1121115.15
GCF_000484655.1_34	AXVN01000034	Blautia wexlerae DSM 19850	1121115.15
GCF_000484655.1_35	AXVN01000035	Blautia wexlerae DSM 19850	1121115.15
GCF_000484655.1_36	AXVN01000036	Blautia wexlerae DSM 19850	1121115.15
GCF_000484655.1_37	AXVN01000037	Blautia wexlerae DSM 19850	1121115.15
GCF_000484655.1_38	AXVN01000038	Blautia wexlerae DSM 19850	1121115.15
GCF_000484655.1_39	AXVN01000039	Blautia wexlerae DSM 19850	1121115.15
GCF_000484655.1_40	AXVN01000040	Blautia wexlerae DSM 19850	1121115.15
GCF_000484655.1_41	AXVN01000041	Blautia wexlerae DSM 19850	1121115.15
GCF_000484655.1_42	AXVN01000042	Blautia wexlerae DSM 19850	1121115.15
GCF_000484655.1_43	AXVN01000043	Blautia wexlerae DSM 19850	1121115.15
GCF_000484655.1_44	AXVN01000044	Blautia wexlerae DSM 19850	1121115.15
GCF_000484655.1_45	AXVN01000045	Blautia wexlerae DSM 19850	1121115.15
GCF_000484655.1_46	AXVN01000046	Blautia wexlerae DSM 19850	1121115.15
GCF_000484655.1_47	AXVN01000047	Blautia wexlerae DSM 19850	1121115.15
GCF_000484655.1_48	AXVN01000048	Blautia wexlerae DSM 19850	1121115.15
GCF_000484655.1_49	AXVN01000049	Blautia wexlerae DSM 19850	1121115.15
GCF_000484655.1_50	AXVN01000050	Blautia wexlerae DSM 19850	1121115.15
GCF_000484655.1_51	AXVN01000051	Blautia wexlerae DSM 19850	1121115.15
GCF_000484655.1_52	AXVN01000052	Blautia wexlerae DSM 19850	1121115.15
GCF_000484655.1_53	AXVN01000053	Blautia wexlerae DSM 19850	1121115.15
GCF_000484655.1_54	AXVN01000054	Blautia wexlerae DSM 19850	1121115.15
GCF_000484655.1_55	AXVN01000055	Blautia wexlerae DSM 19850	1121115.15
GCF_000484655.1_56	AXVN01000056	Blautia wexlerae DSM 19850	1121115.15
GCF_000484655.1_57	AXVN01000057	Blautia wexlerae DSM 19850	1121115.15
GCF_000484655.1_58	AXVN01000058	Blautia wexlerae DSM 19850	1121115.15
GCF_000484655.1_59	AXVN01000059	Blautia wexlerae DSM 19850	1121115.15
GCF_000484655.1_60	AXVN01000060	Blautia wexlerae DSM 19850	1121115.15
GCF_000484655.1_61	AXVN01000061	Blautia wexlerae DSM 19850	1121115.15
GCF_000484655.1_62	AXVN01000062	Blautia wexlerae DSM 19850	1121115.15
GCF_000484655.1_63	AXVN01000063	Blautia wexlerae DSM 19850	1121115.15
GCF_000484655.1_64	AXVN01000064	Blautia wexlerae DSM 19850	1121115.15
GCF_000484655.1_65	AXVN01000065	Blautia wexlerae DSM 19850	1121115.15
GCF_000484655.1_66	AXVN01000066	Blautia wexlerae DSM 19850	1121115.15
GCF_000484655.1_67	AXVN01000067	Blautia wexlerae DSM 19850	1121115.15
GCF_000484655.1_68	AXVN01000068	Blautia wexlerae DSM 19850	1121115.15
GCF_000484655.1_69	AXVN01000069	Blautia wexlerae DSM 19850	1121115.15
GCF_000484655.1_70	AXVN01000070	Blautia wexlerae DSM 19850	1121115.15
GCF_000484655.1_71	AXVN01000071	Blautia wexlerae DSM 19850	1121115.15
GCF_000484655.1_72	AXVN01000072	Blautia wexlerae DSM 19850	1121115.15
GCF_000484655.1_73	AXVN01000073	Blautia wexlerae DSM 19850	1121115.15
GCF_000484655.1_74	AXVN01000074	Blautia wexlerae DSM 19850	1121115.15
GCF_000484655.1_75	AXVN01000075	Blautia wexlerae DSM 19850	1121115.15
GCF_000484655.1_76	AXVN01000076	Blautia wexlerae DSM 19850	1121115.15
GCF_000484655.1_77	AXVN01000077	Blautia wexlerae DSM 19850	1121115.15
GCF_000484655.1_78	AXVN01000078	Blautia wexlerae DSM 19850	1121115.15
GCF_000484655.1_79	AXVN01000079	Blautia wexlerae DSM 19850	1121115.15
GCF_000484655.1_80	AXVN01000080	Blautia wexlerae DSM 19850	1121115.15
GCF_000484655.1_81	AXVN01000081	Blautia wexlerae DSM 19850	1121115.15
GCF_000484655.1_82	AXVN01000082	Blautia wexlerae DSM 19850	1121115.15
GCF_000484655.1_83	AXVN01000083	Blautia wexlerae DSM 19850	1121115.15
GCF_000484655.1_84	AXVN01000084	Blautia wexlerae DSM 19850	1121115.15
GCF_000484655.1_85	AXVN01000085	Blautia wexlerae DSM 19850	1121115.15
GCF_000484655.1_86	AXVN01000086	Blautia wexlerae DSM 19850	1121115.15
GCF_000484655.1_87	AXVN01000087	Blautia wexlerae DSM 19850	1121115.15
GCF_000484655.1_88	AXVN01000088	Blautia wexlerae DSM 19850	1121115.15
GCF_000484655.1_89	AXVN01000089	Blautia wexlerae DSM 19850	1121115.15
GCF_000484655.1_90	AXVN01000090	Blautia wexlerae DSM 19850	1121115.15
GCF_000484655.1_91	AXVN01000091	Blautia wexlerae DSM 19850	1121115.15
GCF_000484655.1_92	AXVN01000092	Blautia wexlerae DSM 19850	1121115.15
GCF_000484655.1_93	AXVN01000093	Blautia wexlerae DSM 19850	1121115.15
GCF_000484655.1_94	AXVN01000094	Blautia wexlerae DSM 19850	1121115.15
GCF_000484655.1_95	AXVN01000095	Blautia wexlerae DSM 19850	1121115.15
GCF_000484655.1_96	AXVN01000096	Blautia wexlerae DSM 19850	1121115.15
GCF_000484655.1_97	AXVN01000097	Blautia wexlerae DSM 19850	1121115.15
GCF_000484655.1_98	AXVN01000098	Blautia wexlerae DSM 19850	1121115.15
GCF_000484655.1_99	AXVN01000099	Blautia wexlerae DSM 19850	1121115.15
GCF_000484655.1_100	AXVN01000100	Blautia wexlerae DSM 19850	1121115.15
GCF_000484655.1_101	AXVN01000101	Blautia wexlerae DSM 19850	1121115.15
GCF_000484655.1_102	AXVN01000102	Blautia wexlerae DSM 19850	1121115.15
GCF_000484655.1_103	AXVN01000103	Blautia wexlerae DSM 19850	1121115.15
GCF_000484655.1_104	AXVN01000104	Blautia wexlerae DSM 19850	1121115.15
GCF_000484655.1_105	AXVN01000105	Blautia wexlerae DSM 19850	1121115.15
GCF_000484655.1_106	AXVN01000106	Blautia wexlerae DSM 19850	1121115.15
GCF_000484655.1_107	AXVN01000107	Blautia wexlerae DSM 19850	1121115.15
GCF_000484655.1_108	AXVN01000108	Blautia wexlerae DSM 19850	1121115.15
GCF_000484655.1_109	AXVN01000109	Blautia wexlerae DSM 19850	1121115.15
GCF_000484655.1_110	AXVN01000110	Blautia wexlerae DSM 19850	1121115.15
GCF_000484655.1_111	AXVN01000111	Blautia wexlerae DSM 19850	1121115.15
GCF_000484655.1_112	AXVN01000112	Blautia wexlerae DSM 19850	1121115.15
GCF_000484655.1_113	AXVN01000113	Blautia wexlerae DSM 19850	1121115.15
GCF_000484655.1_114	AXVN01000114	Blautia wexlerae DSM 19850	1121115.15
GCF_000484655.1_115	AXVN01000115	Blautia wexlerae DSM 19850	1121115.15
GCF_000484655.1_116	AXVN01000116	Blautia wexlerae DSM 19850	1121115.15
GCF_000484655.1_117	AXVN01000117	Blautia wexlerae DSM 19850	1121115.15
GCF_000484655.1_118	AXVN01000118	Blautia wexlerae DSM 19850	1121115.15
GCF_000484655.1_119	AXVN01000119	Blautia wexlerae DSM 19850	1121115.15
GCF_000484655.1_120	AXVN01000120	Blautia wexlerae DSM 19850	1121115.15
GCF_000484655.1_121	AXVN01000121	Blautia wexlerae DSM 19850	1121115.15
GCF_000484655.1_122	AXVN01000122	Blautia wexlerae DSM 19850	1121115.15
GCF_000484655.1_123	AXVN01000123	Blautia wexlerae DSM 19850	1121115.15
GCF_000484655.1_124	AXVN01000124	Blautia wexlerae DSM 19850	1121115.15
GCF_000484655.1_125	AXVN01000125	Blautia wexlerae DSM 19850	1121115.15
GCF_000484655.1_126	AXVN01000126	Blautia wexlerae DSM 19850	1121115.15
GCF_000484655.1_127	AXVN01000127	Blautia wexlerae DSM 19850	1121115.15
GCF_000484655.1_128	AXVN01000128	Blautia wexlerae DSM 19850	1121115.15
GCF_000484655.1_129	AXVN01000129	Blautia wexlerae DSM 19850	1121115.15
GCF_000484655.1_130	AXVN01000130	Blautia wexlerae DSM 19850	1121115.15
GCF_000484655.1_131	AXVN01000131	Blautia wexlerae DSM 19850	1121115.15
GCF_000484655.1_132	AXVN01000132	Blautia wexlerae DSM 19850	1121115.15
GCF_000484655.1_133	AXVN01000133	Blautia wexlerae DSM 19850	1121115.15
GCF_000484655.1_134	AXVN01000134	Blautia wexlerae DSM 19850	1121115.15
GCF_000484655.1_135	AXVN01000135	Blautia wexlerae DSM 19850	1121115.15
GCF_000484655.1_136	AXVN01000136	Blautia wexlerae DSM 19850	1121115.15
GCF_000484655.1_137	AXVN01000137	Blautia wexlerae DSM 19850	1121115.15
GCF_000484655.1_138	AXVN01000138	Blautia wexlerae DSM 19850	1121115.15
GCF_000484655.1_139	AXVN01000139	Blautia wexlerae DSM 19850	1121115.15
GCF_000484655.1_140	AXVN01000140	Blautia wexlerae DSM 19850	1121115.15
GCF_000484655.1_141	AXVN01000141	Blautia wexlerae DSM 19850	1121115.15
GCF_000484655.1_142	AXVN01000142	Blautia wexlerae DSM 19850	1121115.15
GCF_000484655.1_143	AXVN01000143	Blautia wexlerae DSM 19850	1121115.15
GCF_000484655.1_144	AXVN01000144	Blautia wexlerae DSM 19850	1121115.15
GCF_000484655.1_145	AXVN01000145	Blautia wexlerae DSM 19850	1121115.15
GCF_000484655.1_146	AXVN01000146	Blautia wexlerae DSM 19850	1121115.15
GCF_000484655.1_147	AXVN01000147	Blautia wexlerae DSM 19850	1121115.15
GCF_000484655.1_148	AXVN01000148	Blautia wexlerae DSM 19850	1121115.15
GCF_000484655.1_149	AXVN01000149	Blautia wexlerae DSM 19850	1121115.15
GCF_000484655.1_150	AXVN01000150	Blautia wexlerae DSM 19850	1121115.15
GCF_000484655.1_151	AXVN01000151	Blautia wexlerae DSM 19850	1121115.15
GCF_000484655.1_152	AXVN01000152	Blautia wexlerae DSM 19850	1121115.15
GCF_000484655.1_153	AXVN01000153	Blautia wexlerae DSM 19850	1121115.15
GCF_000484655.1_154	AXVN01000154	Blautia wexlerae DSM 19850	1121115.15
GCF_000484655.1_155	AXVN01000155	Blautia wexlerae DSM 19850	1121115.15
GCF_000484655.1_156	AXVN01000156	Blautia wexlerae DSM 19850	1121115.15
GCF_000484655.1_157	AXVN01000157	Blautia wexlerae DSM 19850	1121115.15
GCF_000484655.1_158	AXVN01000158	Blautia wexlerae DSM 19850	1121115.15
GCF_000484655.1_159	AXVN01000159	Blautia wexlerae DSM 19850	1121115.15
GCF_000484655.1_160	AXVN01000160	Blautia wexlerae DSM 19850	1121115.15
GCF_000484655.1_161	AXVN01000161	Blautia wexlerae DSM 19850	1121115.15
GCF_000484655.1_162	AXVN01000162	Blautia wexlerae DSM 19850	1121115.15
GCF_000484655.1_163	AXVN01000163	Blautia wexlerae DSM 19850	1121115.15
GCF_000484655.1_164	AXVN01000164	Blautia wexlerae DSM 19850	1121115.15
GCF_000484655.1_165	AXVN01000165	Blautia wexlerae DSM 19850	1121115.15
GCF_000484655.1_166	AXVN01000166	Blautia wexlerae DSM 19850	1121115.15
GCF_000484655.1_167	AXVN01000167	Blautia wexlerae DSM 19850	1121115.15
GCF_000484655.1_168	AXVN01000168	Blautia wexlerae DSM 19850	1121115.15
GCF_000484655.1_169	AXVN01000169	Blautia wexlerae DSM 19850	1121115.15
GCF_000484655.1_170	AXVN01000170	Blautia wexlerae DSM 19850	1121115.15
GCF_000484655.1_171	AXVN01000171	Blautia wexlerae DSM 19850	1121115.15
GCF_000484655.1_172	AXVN01000172	Blautia wexlerae DSM 19850	1121115.15
GCF_000484655.1_173	AXVN01000173	Blautia wexlerae DSM 19850	1121115.15
GCF_000484655.1_174	AXVN01000174	Blautia wexlerae DSM 19850	1121115.15
GCF_000484655.1_175	AXVN01000175	Blautia wexlerae DSM 19850	1121115.15
GCF_000484655.1_176	AXVN01000176	Blautia wexlerae DSM 19850	1121115.15
GCF_000484655.1_177	AXVN01000177	Blautia wexlerae DSM 19850	1121115.15
GCF_000484655.1_178	AXVN01000178	Blautia wexlerae DSM 19850	1121115.15
GCF_000484655.1_179	AXVN01000179	Blautia wexlerae DSM 19850	1121115.15
GCF_000484655.1_180	AXVN01000180	Blautia wexlerae DSM 19850	1121115.15
GCF_000484655.1_181	AXVN01000181	Blautia wexlerae DSM 19850	1121115.15
GCF_000484655.1_182	AXVN01000182	Blautia wexlerae DSM 19850	1121115.15
GCF_000484655.1_183	AXVN01000183	Blautia wexlerae DSM 19850	1121115.15
GCF_000484655.1_184	AXVN01000184	Blautia wexlerae DSM 19850	1121115.15
GCF_000484655.1_185	AXVN01000185	Blautia wexlerae DSM 19850	1121115.15
GCF_000484655.1_186	AXVN01000186	Blautia wexlerae DSM 19850	1121115.15
GCF_000484655.1_187	AXVN01000187	Blautia wexlerae DSM 19850	1121115.15
GCF_000484655.1_188	AXVN01000188	Blautia wexlerae DSM 19850	1121115.15
GCF_000484655.1_189	AXVN01000189	Blautia wexlerae DSM 19850	1121115.15
GCF_000484655.1_190	AXVN01000190	Blautia wexlerae DSM 19850	1121115.15
GCF_000484655.1_191	AXVN01000191	Blautia wexlerae DSM 19850	1121115.15
GCF_000484655.1_192	AXVN01000192	Blautia wexlerae DSM 19850	1121115.15
GCF_000484655.1_193	AXVN01000193	Blautia wexlerae DSM 19850	1121115.15
GCF_000484655.1_194	AXVN01000194	Blautia wexlerae DSM 19850	1121115.15
GCF_000484655.1_195	AXVN01000195	Blautia wexlerae DSM 19850	1121115.15
GCF_000484655.1_196	AXVN01000196	Blautia wexlerae DSM 19850	1121115.15
GCF_000484655.1_197	AXVN01000197	Blautia wexlerae DSM 19850	1121115.15
GCF_000484655.1_198	AXVN01000198	Blautia wexlerae DSM 19850	1121115.15
GCF_000484655.1_199	AXVN01000199	Blautia wexlerae DSM 19850	1121115.15
GCF_000484655.1_200	AXVN01000200	Blautia wexlerae DSM 19850	1121115.15
GCF_000484655.1_201	AXVN01000201	Blautia wexlerae DSM 19850	1121115.15
GCF_000484655.1_202	AXVN01000202	Blautia wexlerae DSM 19850	1121115.15
GCF_000484655.1_203	AXVN01000203	Blautia wexlerae DSM 19850	1121115.15
GCF_000484655.1_204	AXVN01000204	Blautia wexlerae DSM 19850	1121115.15
GCF_000484655.1_205	AXVN01000205	Blautia wexlerae DSM 19850	1121115.15
GCF_000484655.1_206	AXVN01000206	Blautia wexlerae DSM 19850	1121115.15
GCF_000484655.1_207	AXVN01000207	Blautia wexlerae DSM 19850	1121115.15
GCF_000484655.1_208	AXVN01000208	Blautia wexlerae DSM 19850	1121115.15
GCF_000484655.1_209	AXVN01000209	Blautia wexlerae DSM 19850	1121115.15
GCF_000484655.1_210	AXVN01000210	Blautia wexlerae DSM 19850	1121115.15
GCF_009831375.1_1	CP027002	[Ruminococcus] gnavus ATCC 29149	411470.47
GCF_026278305.1_1	CP111084	[Ruminococcus] gnavus ATCC 29149	411470.47
GCF_026278325.1_1	CP111086	[Ruminococcus] gnavus ATCC 29149	411470.47
GCF_000235885.1_1	JH379330	Prevotella stercorea DSM 18206	1002367.3
GCF_000235885.1_2	JH379331	Prevotella stercorea DSM 18206	1002367.3
GCF_000235885.1_3	JH379332	Prevotella stercorea DSM 18206	1002367.3
GCF_000235885.1_4	JH379333	Prevotella stercorea DSM 18206	1002367.3
GCF_000235885.1_5	JH379334	Prevotella stercorea DSM 18206	1002367.3
GCF_000235885.1_6	JH379335	Prevotella stercorea DSM 18206	1002367.3
GCF_000235885.1_7	JH379336	Prevotella stercorea DSM 18206	1002367.3
GCF_000235885.1_8	JH379337	Prevotella stercorea DSM 18206	1002367.3
GCF_000235885.1_9	JH379338	Prevotella stercorea DSM 18206	1002367.3
GCF_000235885.1_10	JH379339	Prevotella stercorea DSM 18206	1002367.3
GCF_000235885.1_11	JH379340	Prevotella stercorea DSM 18206	1002367.3
GCF_000235885.1_12	JH379341	Prevotella stercorea DSM 18206	1002367.3
GCF_000235885.1_13	JH379342	Prevotella stercorea DSM 18206	1002367.3
GCF_000235885.1_14	JH379343	Prevotella stercorea DSM 18206	1002367.3
GCF_000235885.1_15	JH379344	Prevotella stercorea DSM 18206	1002367.3
GCF_000235885.1_16	JH379345	Prevotella stercorea DSM 18206	1002367.3
GCF_000235885.1_17	JH379346	Prevotella stercorea DSM 18206	1002367.3
GCF_000235885.1_18	JH379347	Prevotella stercorea DSM 18206	1002367.3
GCF_000235885.1_19	JH379348	Prevotella stercorea DSM 18206	1002367.3
GCF_000235885.1_20	JH379349	Prevotella stercorea DSM 18206	1002367.3
GCF_000235885.1_21	JH379350	Prevotella stercorea DSM 18206	1002367.3
GCF_000235885.1_22	JH379351	Prevotella stercorea DSM 18206	1002367.3
GCF_000235885.1_23	JH379352	Prevotella stercorea DSM 18206	1002367.3
GCF_000235885.1_24	JH379353	Prevotella stercorea DSM 18206	1002367.3
GCF_000235885.1_25	JH379354	Prevotella stercorea DSM 18206	1002367.3
GCF_000235885.1_26	JH379355	Prevotella stercorea DSM 18206	1002367.3
GCF_000235885.1_27	JH379356	Prevotella stercorea DSM 18206	1002367.3
GCF_000235885.1_28	JH379357	Prevotella stercorea DSM 18206	1002367.3
GCF_000235885.1_29	JH379358	Prevotella stercorea DSM 18206	1002367.3
GCF_000235885.1_30	JH379359	Prevotella stercorea DSM 18206	1002367.3
GCF_000235885.1_31	JH379360	Prevotella stercorea DSM 18206	1002367.3
GCF_000235885.1_32	JH379361	Prevotella stercorea DSM 18206	1002367.3
GCF_000235885.1_33	JH379362	Prevotella stercorea DSM 18206	1002367.3
GCF_000235885.1_34	JH379363	Prevotella stercorea DSM 18206	1002367.3
GCF_000235885.1_35	JH379364	Prevotella stercorea DSM 18206	1002367.3
GCF_000235885.1_36	JH379365	Prevotella stercorea DSM 18206	1002367.3
GCF_000235885.1_37	JH379366	Prevotella stercorea DSM 18206	1002367.3
GCF_000235885.1_38	JH379367	Prevotella stercorea DSM 18206	1002367.3
GCF_000235885.1_39	JH379368	Prevotella stercorea DSM 18206	1002367.3
GCF_000235885.1_40	JH379369	Prevotella stercorea DSM 18206	1002367.3
GCF_000235885.1_41	JH379370	Prevotella stercorea DSM 18206	1002367.3
GCF_000235885.1_42	JH379371	Prevotella stercorea DSM 18206	1002367.3
GCF_000235885.1_43	JH379372	Prevotella stercorea DSM 18206	1002367.3
GCF_000235885.1_44	JH379373	Prevotella stercorea DSM 18206	1002367.3
GCF_000235885.1_45	JH379374	Prevotella stercorea DSM 18206	1002367.3
GCF_000235885.1_46	JH379375	Prevotella stercorea DSM 18206	1002367.3
GCF_000235885.1_47	JH379376	Prevotella stercorea DSM 18206	1002367.3
GCF_000235885.1_48	JH379377	Prevotella stercorea DSM 18206	1002367.3
GCF_000235885.1_49	JH379378	Prevotella stercorea DSM 18206	1002367.3
GCF_000235885.1_50	JH379379	Prevotella stercorea DSM 18206	1002367.3
GCF_000235885.1_51	JH379380	Prevotella stercorea DSM 18206	1002367.3
GCF_000235885.1_52	JH379381	Prevotella stercorea DSM 18206	1002367.3
GCF_000235885.1_53	JH379382	Prevotella stercorea DSM 18206	1002367.3
GCF_000235885.1_54	JH379383	Prevotella stercorea DSM 18206	1002367.3
GCF_000235885.1_55	JH379384	Prevotella stercorea DSM 18206	1002367.3
GCF_000235885.1_56	JH379385	Prevotella stercorea DSM 18206	1002367.3
GCF_000235885.1_57	JH379386	Prevotella stercorea DSM 18206	1002367.3
GCF_000235885.1_58	JH379387	Prevotella stercorea DSM 18206	1002367.3
GCF_000235885.1_59	JH379388	Prevotella stercorea DSM 18206	1002367.3
GCF_000235885.1_60	JH379389	Prevotella stercorea DSM 18206	1002367.3
GCF_000235885.1_61	JH379390	Prevotella stercorea DSM 18206	1002367.3
GCF_000235885.1_62	JH379391	Prevotella stercorea DSM 18206	1002367.3
GCF_000235885.1_63	JH379392	Prevotella stercorea DSM 18206	1002367.3
GCF_000235885.1_64	JH379393	Prevotella stercorea DSM 18206	1002367.3
GCF_000235885.1_65	JH379394	Prevotella stercorea DSM 18206	1002367.3
GCF_000235885.1_66	JH379395	Prevotella stercorea DSM 18206	1002367.3
GCF_000235885.1_67	JH379396	Prevotella stercorea DSM 18206	1002367.3
GCF_000235885.1_68	JH379397	Prevotella stercorea DSM 18206	1002367.3
GCF_000235885.1_69	JH379398	Prevotella stercorea DSM 18206	1002367.3
GCF_000235885.1_70	JH379399	Prevotella stercorea DSM 18206	1002367.3
GCF_000235885.1_71	JH379400	Prevotella stercorea DSM 18206	1002367.3
GCF_000235885.1_72	JH379401	Prevotella stercorea DSM 18206	1002367.3
GCF_000235885.1_73	JH379402	Prevotella stercorea DSM 18206	1002367.3
GCF_000235885.1_74	JH379403	Prevotella stercorea DSM 18206	1002367.3
GCF_000235885.1_75	JH379404	Prevotella stercorea DSM 18206	1002367.3
GCF_000235885.1_76	JH379405	Prevotella stercorea DSM 18206	1002367.3
GCF_000235885.1_77	JH379406	Prevotella stercorea DSM 18206	1002367.3
GCF_000235885.1_78	JH379407	Prevotella stercorea DSM 18206	1002367.3
GCF_000235885.1_79	JH379408	Prevotella stercorea DSM 18206	1002367.3
GCF_000235885.1_80	JH379409	Prevotella stercorea DSM 18206	1002367.3
GCF_000235885.1_81	JH379410	Prevotella stercorea DSM 18206	1002367.3
GCF_000235885.1_82	JH379411	Prevotella stercorea DSM 18206	1002367.3
GCF_000235885.1_83	JH379412	Prevotella stercorea DSM 18206	1002367.3
GCF_000235885.1_84	JH379413	Prevotella stercorea DSM 18206	1002367.3
GCF_000235885.1_85	JH379414	Prevotella stercorea DSM 18206	1002367.3
GCF_000235885.1_86	JH379415	Prevotella stercorea DSM 18206	1002367.3
GCF_000235885.1_87	JH379416	Prevotella stercorea DSM 18206	1002367.3
GCF_000235885.1_88	JH379417	Prevotella stercorea DSM 18206	1002367.3
GCF_000235885.1_89	JH379418	Prevotella stercorea DSM 18206	1002367.3
GCF_000235885.1_90	JH379419	Prevotella stercorea DSM 18206	1002367.3
GCF_000235885.1_91	JH379420	Prevotella stercorea DSM 18206	1002367.3
GCF_000235885.1_92	JH379421	Prevotella stercorea DSM 18206	1002367.3
GCF_000235885.1_93	JH379422	Prevotella stercorea DSM 18206	1002367.3
GCF_000235885.1_94	JH379423	Prevotella stercorea DSM 18206	1002367.3
GCF_000235885.1_95	JH379424	Prevotella stercorea DSM 18206	1002367.3
GCF_000235885.1_96	JH379425	Prevotella stercorea DSM 18206	1002367.3
GCF_000235885.1_97	JH379426	Prevotella stercorea DSM 18206	1002367.3
GCF_000235885.1_98	JH379427	Prevotella stercorea DSM 18206	1002367.3
GCF_000235885.1_99	JH379428	Prevotella stercorea DSM 18206	1002367.3
GCF_000235885.1_100	JH379429	Prevotella stercorea DSM 18206	1002367.3
GCF_000235885.1_101	JH379430	Prevotella stercorea DSM 18206	1002367.3
GCF_000235885.1_102	JH379431	Prevotella stercorea DSM 18206	1002367.3
GCF_000235885.1_103	JH379432	Prevotella stercorea DSM 18206	1002367.3
GCF_000235885.1_104	JH379433	Prevotella stercorea DSM 18206	1002367.3
GCF_000235885.1_105	JH379434	Prevotella stercorea DSM 18206	1002367.3
GCF_000235885.1_106	JH379435	Prevotella stercorea DSM 18206	1002367.3
GCF_000235885.1_107	JH379436	Prevotella stercorea DSM 18206	1002367.3
GCF_000235885.1_108	JH379437	Prevotella stercorea DSM 18206	1002367.3
GCF_000235885.1_109	JH379438	Prevotella stercorea DSM 18206	1002367.3
GCF_000235885.1_110	JH379439	Prevotella stercorea DSM 18206	1002367.3
GCF_000235885.1_111	JH379440	Prevotella stercorea DSM 18206	1002367.3
GCF_000235885.1_112	JH379441	Prevotella stercorea DSM 18206	1002367.3
GCF_000235885.1_113	JH379442	Prevotella stercorea DSM 18206	1002367.3
GCF_000235885.1_114	JH379443	Prevotella stercorea DSM 18206	1002367.3
GCF_000235885.1_115	JH379444	Prevotella stercorea DSM 18206	1002367.3
GCF_000235885.1_116	JH379445	Prevotella stercorea DSM 18206	1002367.3
GCF_000235885.1_117	JH379446	Prevotella stercorea DSM 18206	1002367.3
GCF_000235885.1_118	JH379447	Prevotella stercorea DSM 18206	1002367.3
GCF_000235885.1_119	JH379448	Prevotella stercorea DSM 18206	1002367.3
GCF_000235885.1_120	JH379449	Prevotella stercorea DSM 18206	1002367.3
GCF_000235885.1_121	JH379450	Prevotella stercorea DSM 18206	1002367.3
GCF_000235885.1_122	JH379451	Prevotella stercorea DSM 18206	1002367.3
GCF_000235885.1_123	JH379452	Prevotella stercorea DSM 18206	1002367.3
GCF_000235885.1_124	JH379453	Prevotella stercorea DSM 18206	1002367.3
GCF_000235885.1_125	JH379454	Prevotella stercorea DSM 18206	1002367.3
GCF_000235885.1_126	JH379455	Prevotella stercorea DSM 18206	1002367.3
GCF_000235885.1_127	JH379456	Prevotella stercorea DSM 18206	1002367.3
GCF_000235885.1_128	JH379457	Prevotella stercorea DSM 18206	1002367.3
GCF_000235885.1_129	JH379458	Prevotella stercorea DSM 18206	1002367.3
GCF_000235885.1_130	JH379459	Prevotella stercorea DSM 18206	1002367.3
GCF_000235885.1_131	JH379460	Prevotella stercorea DSM 18206	1002367.3
GCF_000235885.1_132	JH379461	Prevotella stercorea DSM 18206	1002367.3
GCF_000235885.1_133	JH379462	Prevotella stercorea DSM 18206	1002367.3
GCF_000235885.1_134	JH379463	Prevotella stercorea DSM 18206	1002367.3
GCF_000235885.1_135	JH379464	Prevotella stercorea DSM 18206	1002367.3
GCF_000235885.1_136	JH379465	Prevotella stercorea DSM 18206	1002367.3
GCF_000235885.1_137	JH379466	Prevotella stercorea DSM 18206	1002367.3
GCF_000235885.1_138	JH379467	Prevotella stercorea DSM 18206	1002367.3
GCF_000235885.1_139	JH379468	Prevotella stercorea DSM 18206	1002367.3
GCF_000235885.1_140	JH379469	Prevotella stercorea DSM 18206	1002367.3
GCF_000235885.1_141	JH379470	Prevotella stercorea DSM 18206	1002367.3
GCF_000235885.1_142	JH379471	Prevotella stercorea DSM 18206	1002367.3
GCF_000235885.1_143	JH379472	Prevotella stercorea DSM 18206	1002367.3
GCF_000235885.1_144	JH379473	Prevotella stercorea DSM 18206	1002367.3
GCF_000235885.1_145	JH379474	Prevotella stercorea DSM 18206	1002367.3
GCF_000235885.1_146	JH379475	Prevotella stercorea DSM 18206	1002367.3
GCF_000235885.1_147	JH379476	Prevotella stercorea DSM 18206	1002367.3
GCF_000235885.1_148	JH379477	Prevotella stercorea DSM 18206	1002367.3
GCF_021531655.1_1	JADYUF010000100	Prevotella stercorea DSM 18206	1002367.3
GCF_021531655.1_2	JADYUF010000101	Prevotella stercorea DSM 18206	1002367.3
GCF_021531655.1_3	JADYUF010000102	Prevotella stercorea DSM 18206	1002367.3
GCF_021531655.1_4	JADYUF010000103	Prevotella stercorea DSM 18206	1002367.3
GCF_021531655.1_5	JADYUF010000104	Prevotella stercorea DSM 18206	1002367.3
GCF_021531655.1_6	JADYUF010000105	Prevotella stercorea DSM 18206	1002367.3
GCF_021531655.1_7	JADYUF010000106	Prevotella stercorea DSM 18206	1002367.3
GCF_021531655.1_8	JADYUF010000107	Prevotella stercorea DSM 18206	1002367.3
GCF_021531655.1_9	JADYUF010000108	Prevotella stercorea DSM 18206	1002367.3
GCF_021531655.1_10	JADYUF010000109	Prevotella stercorea DSM 18206	1002367.3
GCF_021531655.1_11	JADYUF010000010	Prevotella stercorea DSM 18206	1002367.3
GCF_021531655.1_12	JADYUF010000110	Prevotella stercorea DSM 18206	1002367.3
GCF_021531655.1_13	JADYUF010000111	Prevotella stercorea DSM 18206	1002367.3
GCF_021531655.1_14	JADYUF010000112	Prevotella stercorea DSM 18206	1002367.3
GCF_021531655.1_15	JADYUF010000113	Prevotella stercorea DSM 18206	1002367.3
GCF_021531655.1_16	JADYUF010000114	Prevotella stercorea DSM 18206	1002367.3
GCF_021531655.1_17	JADYUF010000115	Prevotella stercorea DSM 18206	1002367.3
GCF_021531655.1_18	JADYUF010000116	Prevotella stercorea DSM 18206	1002367.3
GCF_021531655.1_19	JADYUF010000117	Prevotella stercorea DSM 18206	1002367.3
GCF_021531655.1_20	JADYUF010000118	Prevotella stercorea DSM 18206	1002367.3
GCF_021531655.1_21	JADYUF010000119	Prevotella stercorea DSM 18206	1002367.3
GCF_021531655.1_22	JADYUF010000011	Prevotella stercorea DSM 18206	1002367.3
GCF_021531655.1_23	JADYUF010000120	Prevotella stercorea DSM 18206	1002367.3
GCF_021531655.1_24	JADYUF010000121	Prevotella stercorea DSM 18206	1002367.3
GCF_021531655.1_25	JADYUF010000122	Prevotella stercorea DSM 18206	1002367.3
GCF_021531655.1_26	JADYUF010000123	Prevotella stercorea DSM 18206	1002367.3
GCF_021531655.1_27	JADYUF010000124	Prevotella stercorea DSM 18206	1002367.3
GCF_021531655.1_28	JADYUF010000125	Prevotella stercorea DSM 18206	1002367.3
GCF_021531655.1_29	JADYUF010000126	Prevotella stercorea DSM 18206	1002367.3
GCF_021531655.1_30	JADYUF010000127	Prevotella stercorea DSM 18206	1002367.3
GCF_021531655.1_31	JADYUF010000128	Prevotella stercorea DSM 18206	1002367.3
GCF_021531655.1_32	JADYUF010000129	Prevotella stercorea DSM 18206	1002367.3
GCF_021531655.1_33	JADYUF010000012	Prevotella stercorea DSM 18206	1002367.3
GCF_021531655.1_34	JADYUF010000130	Prevotella stercorea DSM 18206	1002367.3
GCF_021531655.1_35	JADYUF010000131	Prevotella stercorea DSM 18206	1002367.3
GCF_021531655.1_36	JADYUF010000132	Prevotella stercorea DSM 18206	1002367.3
GCF_021531655.1_37	JADYUF010000133	Prevotella stercorea DSM 18206	1002367.3
GCF_021531655.1_38	JADYUF010000134	Prevotella stercorea DSM 18206	1002367.3
GCF_021531655.1_39	JADYUF010000135	Prevotella stercorea DSM 18206	1002367.3
GCF_021531655.1_40	JADYUF010000136	Prevotella stercorea DSM 18206	1002367.3
GCF_021531655.1_41	JADYUF010000137	Prevotella stercorea DSM 18206	1002367.3
GCF_021531655.1_42	JADYUF010000138	Prevotella stercorea DSM 18206	1002367.3
GCF_021531655.1_43	JADYUF010000139	Prevotella stercorea DSM 18206	1002367.3
GCF_021531655.1_44	JADYUF010000013	Prevotella stercorea DSM 18206	1002367.3
GCF_021531655.1_45	JADYUF010000140	Prevotella stercorea DSM 18206	1002367.3
GCF_021531655.1_46	JADYUF010000141	Prevotella stercorea DSM 18206	1002367.3
GCF_021531655.1_47	JADYUF010000142	Prevotella stercorea DSM 18206	1002367.3
GCF_021531655.1_48	JADYUF010000143	Prevotella stercorea DSM 18206	1002367.3
GCF_021531655.1_49	JADYUF010000014	Prevotella stercorea DSM 18206	1002367.3
GCF_021531655.1_50	JADYUF010000015	Prevotella stercorea DSM 18206	1002367.3
GCF_021531655.1_51	JADYUF010000016	Prevotella stercorea DSM 18206	1002367.3
GCF_021531655.1_52	JADYUF010000017	Prevotella stercorea DSM 18206	1002367.3
GCF_021531655.1_53	JADYUF010000018	Prevotella stercorea DSM 18206	1002367.3
GCF_021531655.1_54	JADYUF010000019	Prevotella stercorea DSM 18206	1002367.3
GCF_021531655.1_55	JADYUF010000001	Prevotella stercorea DSM 18206	1002367.3
GCF_021531655.1_56	JADYUF010000020	Prevotella stercorea DSM 18206	1002367.3
GCF_021531655.1_57	JADYUF010000021	Prevotella stercorea DSM 18206	1002367.3
GCF_021531655.1_58	JADYUF010000022	Prevotella stercorea DSM 18206	1002367.3
GCF_021531655.1_59	JADYUF010000023	Prevotella stercorea DSM 18206	1002367.3
GCF_021531655.1_60	JADYUF010000024	Prevotella stercorea DSM 18206	1002367.3
GCF_021531655.1_61	JADYUF010000025	Prevotella stercorea DSM 18206	1002367.3
GCF_021531655.1_62	JADYUF010000026	Prevotella stercorea DSM 18206	1002367.3
GCF_021531655.1_63	JADYUF010000027	Prevotella stercorea DSM 18206	1002367.3
GCF_021531655.1_64	JADYUF010000028	Prevotella stercorea DSM 18206	1002367.3
GCF_021531655.1_65	JADYUF010000029	Prevotella stercorea DSM 18206	1002367.3
GCF_021531655.1_66	JADYUF010000002	Prevotella stercorea DSM 18206	1002367.3
GCF_021531655.1_67	JADYUF010000030	Prevotella stercorea DSM 18206	1002367.3
GCF_021531655.1_68	JADYUF010000031	Prevotella stercorea DSM 18206	1002367.3
GCF_021531655.1_69	JADYUF010000032	Prevotella stercorea DSM 18206	1002367.3
GCF_021531655.1_70	JADYUF010000033	Prevotella stercorea DSM 18206	1002367.3
GCF_021531655.1_71	JADYUF010000034	Prevotella stercorea DSM 18206	1002367.3
GCF_021531655.1_72	JADYUF010000035	Prevotella stercorea DSM 18206	1002367.3
GCF_021531655.1_73	JADYUF010000036	Prevotella stercorea DSM 18206	1002367.3
GCF_021531655.1_74	JADYUF010000037	Prevotella stercorea DSM 18206	1002367.3
GCF_021531655.1_75	JADYUF010000038	Prevotella stercorea DSM 18206	1002367.3
GCF_021531655.1_76	JADYUF010000039	Prevotella stercorea DSM 18206	1002367.3
GCF_021531655.1_77	JADYUF010000003	Prevotella stercorea DSM 18206	1002367.3
GCF_021531655.1_78	JADYUF010000040	Prevotella stercorea DSM 18206	1002367.3
GCF_021531655.1_79	JADYUF010000041	Prevotella stercorea DSM 18206	1002367.3
GCF_021531655.1_80	JADYUF010000042	Prevotella stercorea DSM 18206	1002367.3
GCF_021531655.1_81	JADYUF010000043	Prevotella stercorea DSM 18206	1002367.3
GCF_021531655.1_82	JADYUF010000044	Prevotella stercorea DSM 18206	1002367.3
GCF_021531655.1_83	JADYUF010000045	Prevotella stercorea DSM 18206	1002367.3
GCF_021531655.1_84	JADYUF010000046	Prevotella stercorea DSM 18206	1002367.3
GCF_021531655.1_85	JADYUF010000047	Prevotella stercorea DSM 18206	1002367.3
GCF_021531655.1_86	JADYUF010000048	Prevotella stercorea DSM 18206	1002367.3
GCF_021531655.1_87	JADYUF010000049	Prevotella stercorea DSM 18206	1002367.3
GCF_021531655.1_88	JADYUF010000004	Prevotella stercorea DSM 18206	1002367.3
GCF_021531655.1_89	JADYUF010000050	Prevotella stercorea DSM 18206	1002367.3
GCF_021531655.1_90	JADYUF010000051	Prevotella stercorea DSM 18206	1002367.3
GCF_021531655.1_91	JADYUF010000052	Prevotella stercorea DSM 18206	1002367.3
GCF_021531655.1_92	JADYUF010000053	Prevotella stercorea DSM 18206	1002367.3
GCF_021531655.1_93	JADYUF010000054	Prevotella stercorea DSM 18206	1002367.3
GCF_021531655.1_94	JADYUF010000055	Prevotella stercorea DSM 18206	1002367.3
GCF_021531655.1_95	JADYUF010000056	Prevotella stercorea DSM 18206	1002367.3
GCF_021531655.1_96	JADYUF010000057	Prevotella stercorea DSM 18206	1002367.3
GCF_021531655.1_97	JADYUF010000058	Prevotella stercorea DSM 18206	1002367.3
GCF_021531655.1_98	JADYUF010000059	Prevotella stercorea DSM 18206	1002367.3
GCF_021531655.1_99	JADYUF010000005	Prevotella stercorea DSM 18206	1002367.3
GCF_021531655.1_100	JADYUF010000060	Prevotella stercorea DSM 18206	1002367.3
GCF_021531655.1_101	JADYUF010000061	Prevotella stercorea DSM 18206	1002367.3
GCF_021531655.1_102	JADYUF010000062	Prevotella stercorea DSM 18206	1002367.3
GCF_021531655.1_103	JADYUF010000063	Prevotella stercorea DSM 18206	1002367.3
GCF_021531655.1_104	JADYUF010000064	Prevotella stercorea DSM 18206	1002367.3
GCF_021531655.1_105	JADYUF010000065	Prevotella stercorea DSM 18206	1002367.3
GCF_021531655.1_106	JADYUF010000066	Prevotella stercorea DSM 18206	1002367.3
GCF_021531655.1_107	JADYUF010000067	Prevotella stercorea DSM 18206	1002367.3
GCF_021531655.1_108	JADYUF010000068	Prevotella stercorea DSM 18206	1002367.3
GCF_021531655.1_109	JADYUF010000069	Prevotella stercorea DSM 18206	1002367.3
GCF_021531655.1_110	JADYUF010000006	Prevotella stercorea DSM 18206	1002367.3
GCF_021531655.1_111	JADYUF010000070	Prevotella stercorea DSM 18206	1002367.3
GCF_021531655.1_112	JADYUF010000071	Prevotella stercorea DSM 18206	1002367.3
GCF_021531655.1_113	JADYUF010000072	Prevotella stercorea DSM 18206	1002367.3
GCF_021531655.1_114	JADYUF010000073	Prevotella stercorea DSM 18206	1002367.3
GCF_021531655.1_115	JADYUF010000074	Prevotella stercorea DSM 18206	1002367.3
GCF_021531655.1_116	JADYUF010000075	Prevotella stercorea DSM 18206	1002367.3
GCF_021531655.1_117	JADYUF010000076	Prevotella stercorea DSM 18206	1002367.3
GCF_021531655.1_118	JADYUF010000077	Prevotella stercorea DSM 18206	1002367.3
GCF_021531655.1_119	JADYUF010000078	Prevotella stercorea DSM 18206	1002367.3
GCF_021531655.1_120	JADYUF010000079	Prevotella stercorea DSM 18206	1002367.3
GCF_021531655.1_121	JADYUF010000007	Prevotella stercorea DSM 18206	1002367.3
GCF_021531655.1_122	JADYUF010000080	Prevotella stercorea DSM 18206	1002367.3
GCF_021531655.1_123	JADYUF010000081	Prevotella stercorea DSM 18206	1002367.3
GCF_021531655.1_124	JADYUF010000082	Prevotella stercorea DSM 18206	1002367.3
GCF_021531655.1_125	JADYUF010000083	Prevotella stercorea DSM 18206	1002367.3
GCF_021531655.1_126	JADYUF010000084	Prevotella stercorea DSM 18206	1002367.3
GCF_021531655.1_127	JADYUF010000085	Prevotella stercorea DSM 18206	1002367.3
GCF_021531655.1_128	JADYUF010000086	Prevotella stercorea DSM 18206	1002367.3
GCF_021531655.1_129	JADYUF010000087	Prevotella stercorea DSM 18206	1002367.3
GCF_021531655.1_130	JADYUF010000088	Prevotella stercorea DSM 18206	1002367.3
GCF_021531655.1_131	JADYUF010000089	Prevotella stercorea DSM 18206	1002367.3
GCF_021531655.1_132	JADYUF010000008	Prevotella stercorea DSM 18206	1002367.3
GCF_021531655.1_133	JADYUF010000090	Prevotella stercorea DSM 18206	1002367.3
GCF_021531655.1_134	JADYUF010000091	Prevotella stercorea DSM 18206	1002367.3
GCF_021531655.1_135	JADYUF010000092	Prevotella stercorea DSM 18206	1002367.3
GCF_021531655.1_136	JADYUF010000093	Prevotella stercorea DSM 18206	1002367.3
GCF_021531655.1_137	JADYUF010000094	Prevotella stercorea DSM 18206	1002367.3
GCF_021531655.1_138	JADYUF010000095	Prevotella stercorea DSM 18206	1002367.3
GCF_021531655.1_139	JADYUF010000096	Prevotella stercorea DSM 18206	1002367.3
GCF_021531655.1_140	JADYUF010000097	Prevotella stercorea DSM 18206	1002367.3
GCF_021531655.1_141	JADYUF010000098	Prevotella stercorea DSM 18206	1002367.3
GCF_021531655.1_142	JADYUF010000099	Prevotella stercorea DSM 18206	1002367.3
GCF_021531655.1_143	JADYUF010000009	Prevotella stercorea DSM 18206	1002367.3
GCF_021531515.1_1	JADYTZ010000100	Prevotella stercorea DSM 18206	1002367.3
GCF_021531515.1_2	JADYTZ010000101	Prevotella stercorea DSM 18206	1002367.3
GCF_021531515.1_3	JADYTZ010000102	Prevotella stercorea DSM 18206	1002367.3
GCF_021531515.1_4	JADYTZ010000103	Prevotella stercorea DSM 18206	1002367.3
GCF_021531515.1_5	JADYTZ010000104	Prevotella stercorea DSM 18206	1002367.3
GCF_021531515.1_6	JADYTZ010000105	Prevotella stercorea DSM 18206	1002367.3
GCF_021531515.1_7	JADYTZ010000106	Prevotella stercorea DSM 18206	1002367.3
GCF_021531515.1_8	JADYTZ010000107	Prevotella stercorea DSM 18206	1002367.3
GCF_021531515.1_9	JADYTZ010000108	Prevotella stercorea DSM 18206	1002367.3
GCF_021531515.1_10	JADYTZ010000109	Prevotella stercorea DSM 18206	1002367.3
GCF_021531515.1_11	JADYTZ010000010	Prevotella stercorea DSM 18206	1002367.3
GCF_021531515.1_12	JADYTZ010000110	Prevotella stercorea DSM 18206	1002367.3
GCF_021531515.1_13	JADYTZ010000111	Prevotella stercorea DSM 18206	1002367.3
GCF_021531515.1_14	JADYTZ010000112	Prevotella stercorea DSM 18206	1002367.3
GCF_021531515.1_15	JADYTZ010000113	Prevotella stercorea DSM 18206	1002367.3
GCF_021531515.1_16	JADYTZ010000114	Prevotella stercorea DSM 18206	1002367.3
GCF_021531515.1_17	JADYTZ010000115	Prevotella stercorea DSM 18206	1002367.3
GCF_021531515.1_18	JADYTZ010000116	Prevotella stercorea DSM 18206	1002367.3
GCF_021531515.1_19	JADYTZ010000117	Prevotella stercorea DSM 18206	1002367.3
GCF_021531515.1_20	JADYTZ010000118	Prevotella stercorea DSM 18206	1002367.3
GCF_021531515.1_21	JADYTZ010000119	Prevotella stercorea DSM 18206	1002367.3
GCF_021531515.1_22	JADYTZ010000011	Prevotella stercorea DSM 18206	1002367.3
GCF_021531515.1_23	JADYTZ010000120	Prevotella stercorea DSM 18206	1002367.3
GCF_021531515.1_24	JADYTZ010000121	Prevotella stercorea DSM 18206	1002367.3
GCF_021531515.1_25	JADYTZ010000122	Prevotella stercorea DSM 18206	1002367.3
GCF_021531515.1_26	JADYTZ010000123	Prevotella stercorea DSM 18206	1002367.3
GCF_021531515.1_27	JADYTZ010000124	Prevotella stercorea DSM 18206	1002367.3
GCF_021531515.1_28	JADYTZ010000125	Prevotella stercorea DSM 18206	1002367.3
GCF_021531515.1_29	JADYTZ010000126	Prevotella stercorea DSM 18206	1002367.3
GCF_021531515.1_30	JADYTZ010000127	Prevotella stercorea DSM 18206	1002367.3
GCF_021531515.1_31	JADYTZ010000128	Prevotella stercorea DSM 18206	1002367.3
GCF_021531515.1_32	JADYTZ010000129	Prevotella stercorea DSM 18206	1002367.3
GCF_021531515.1_33	JADYTZ010000012	Prevotella stercorea DSM 18206	1002367.3
GCF_021531515.1_34	JADYTZ010000130	Prevotella stercorea DSM 18206	1002367.3
GCF_021531515.1_35	JADYTZ010000131	Prevotella stercorea DSM 18206	1002367.3
GCF_021531515.1_36	JADYTZ010000132	Prevotella stercorea DSM 18206	1002367.3
GCF_021531515.1_37	JADYTZ010000133	Prevotella stercorea DSM 18206	1002367.3
GCF_021531515.1_38	JADYTZ010000134	Prevotella stercorea DSM 18206	1002367.3
GCF_021531515.1_39	JADYTZ010000135	Prevotella stercorea DSM 18206	1002367.3
GCF_021531515.1_40	JADYTZ010000136	Prevotella stercorea DSM 18206	1002367.3
GCF_021531515.1_41	JADYTZ010000137	Prevotella stercorea DSM 18206	1002367.3
GCF_021531515.1_42	JADYTZ010000138	Prevotella stercorea DSM 18206	1002367.3
GCF_021531515.1_43	JADYTZ010000139	Prevotella stercorea DSM 18206	1002367.3
GCF_021531515.1_44	JADYTZ010000013	Prevotella stercorea DSM 18206	1002367.3
GCF_021531515.1_45	JADYTZ010000140	Prevotella stercorea DSM 18206	1002367.3
GCF_021531515.1_46	JADYTZ010000141	Prevotella stercorea DSM 18206	1002367.3
GCF_021531515.1_47	JADYTZ010000142	Prevotella stercorea DSM 18206	1002367.3
GCF_021531515.1_48	JADYTZ010000143	Prevotella stercorea DSM 18206	1002367.3
GCF_021531515.1_49	JADYTZ010000144	Prevotella stercorea DSM 18206	1002367.3
GCF_021531515.1_50	JADYTZ010000145	Prevotella stercorea DSM 18206	1002367.3
GCF_021531515.1_51	JADYTZ010000146	Prevotella stercorea DSM 18206	1002367.3
GCF_021531515.1_52	JADYTZ010000147	Prevotella stercorea DSM 18206	1002367.3
GCF_021531515.1_53	JADYTZ010000148	Prevotella stercorea DSM 18206	1002367.3
GCF_021531515.1_54	JADYTZ010000149	Prevotella stercorea DSM 18206	1002367.3
GCF_021531515.1_55	JADYTZ010000014	Prevotella stercorea DSM 18206	1002367.3
GCF_021531515.1_56	JADYTZ010000150	Prevotella stercorea DSM 18206	1002367.3
GCF_021531515.1_57	JADYTZ010000151	Prevotella stercorea DSM 18206	1002367.3
GCF_021531515.1_58	JADYTZ010000152	Prevotella stercorea DSM 18206	1002367.3
GCF_021531515.1_59	JADYTZ010000153	Prevotella stercorea DSM 18206	1002367.3
GCF_021531515.1_60	JADYTZ010000154	Prevotella stercorea DSM 18206	1002367.3
GCF_021531515.1_61	JADYTZ010000155	Prevotella stercorea DSM 18206	1002367.3
GCF_021531515.1_62	JADYTZ010000156	Prevotella stercorea DSM 18206	1002367.3
GCF_021531515.1_63	JADYTZ010000157	Prevotella stercorea DSM 18206	1002367.3
GCF_021531515.1_64	JADYTZ010000158	Prevotella stercorea DSM 18206	1002367.3
GCF_021531515.1_65	JADYTZ010000159	Prevotella stercorea DSM 18206	1002367.3
GCF_021531515.1_66	JADYTZ010000015	Prevotella stercorea DSM 18206	1002367.3
GCF_021531515.1_67	JADYTZ010000160	Prevotella stercorea DSM 18206	1002367.3
GCF_021531515.1_68	JADYTZ010000161	Prevotella stercorea DSM 18206	1002367.3
GCF_021531515.1_69	JADYTZ010000162	Prevotella stercorea DSM 18206	1002367.3
GCF_021531515.1_70	JADYTZ010000163	Prevotella stercorea DSM 18206	1002367.3
GCF_021531515.1_71	JADYTZ010000164	Prevotella stercorea DSM 18206	1002367.3
GCF_021531515.1_72	JADYTZ010000165	Prevotella stercorea DSM 18206	1002367.3
GCF_021531515.1_73	JADYTZ010000166	Prevotella stercorea DSM 18206	1002367.3
GCF_021531515.1_74	JADYTZ010000167	Prevotella stercorea DSM 18206	1002367.3
GCF_021531515.1_75	JADYTZ010000168	Prevotella stercorea DSM 18206	1002367.3
GCF_021531515.1_76	JADYTZ010000169	Prevotella stercorea DSM 18206	1002367.3
GCF_021531515.1_77	JADYTZ010000016	Prevotella stercorea DSM 18206	1002367.3
GCF_021531515.1_78	JADYTZ010000170	Prevotella stercorea DSM 18206	1002367.3
GCF_021531515.1_79	JADYTZ010000171	Prevotella stercorea DSM 18206	1002367.3
GCF_021531515.1_80	JADYTZ010000172	Prevotella stercorea DSM 18206	1002367.3
GCF_021531515.1_81	JADYTZ010000173	Prevotella stercorea DSM 18206	1002367.3
GCF_021531515.1_82	JADYTZ010000174	Prevotella stercorea DSM 18206	1002367.3
GCF_021531515.1_83	JADYTZ010000175	Prevotella stercorea DSM 18206	1002367.3
GCF_021531515.1_84	JADYTZ010000176	Prevotella stercorea DSM 18206	1002367.3
GCF_021531515.1_85	JADYTZ010000177	Prevotella stercorea DSM 18206	1002367.3
GCF_021531515.1_86	JADYTZ010000178	Prevotella stercorea DSM 18206	1002367.3
GCF_021531515.1_87	JADYTZ010000179	Prevotella stercorea DSM 18206	1002367.3
GCF_021531515.1_88	JADYTZ010000017	Prevotella stercorea DSM 18206	1002367.3
GCF_021531515.1_89	JADYTZ010000180	Prevotella stercorea DSM 18206	1002367.3
GCF_021531515.1_90	JADYTZ010000181	Prevotella stercorea DSM 18206	1002367.3
GCF_021531515.1_91	JADYTZ010000182	Prevotella stercorea DSM 18206	1002367.3
GCF_021531515.1_92	JADYTZ010000183	Prevotella stercorea DSM 18206	1002367.3
GCF_021531515.1_93	JADYTZ010000184	Prevotella stercorea DSM 18206	1002367.3
GCF_021531515.1_94	JADYTZ010000185	Prevotella stercorea DSM 18206	1002367.3
GCF_021531515.1_95	JADYTZ010000186	Prevotella stercorea DSM 18206	1002367.3
GCF_021531515.1_96	JADYTZ010000187	Prevotella stercorea DSM 18206	1002367.3
GCF_021531515.1_97	JADYTZ010000188	Prevotella stercorea DSM 18206	1002367.3
GCF_021531515.1_98	JADYTZ010000189	Prevotella stercorea DSM 18206	1002367.3
GCF_021531515.1_99	JADYTZ010000018	Prevotella stercorea DSM 18206	1002367.3
GCF_021531515.1_100	JADYTZ010000190	Prevotella stercorea DSM 18206	1002367.3
GCF_021531515.1_101	JADYTZ010000191	Prevotella stercorea DSM 18206	1002367.3
GCF_021531515.1_102	JADYTZ010000192	Prevotella stercorea DSM 18206	1002367.3
GCF_021531515.1_103	JADYTZ010000193	Prevotella stercorea DSM 18206	1002367.3
GCF_021531515.1_104	JADYTZ010000194	Prevotella stercorea DSM 18206	1002367.3
GCF_021531515.1_105	JADYTZ010000195	Prevotella stercorea DSM 18206	1002367.3
GCF_021531515.1_106	JADYTZ010000196	Prevotella stercorea DSM 18206	1002367.3
GCF_021531515.1_107	JADYTZ010000197	Prevotella stercorea DSM 18206	1002367.3
GCF_021531515.1_108	JADYTZ010000198	Prevotella stercorea DSM 18206	1002367.3
GCF_021531515.1_109	JADYTZ010000199	Prevotella stercorea DSM 18206	1002367.3
GCF_021531515.1_110	JADYTZ010000019	Prevotella stercorea DSM 18206	1002367.3
GCF_021531515.1_111	JADYTZ010000001	Prevotella stercorea DSM 18206	1002367.3
GCF_021531515.1_112	JADYTZ010000200	Prevotella stercorea DSM 18206	1002367.3
GCF_021531515.1_113	JADYTZ010000201	Prevotella stercorea DSM 18206	1002367.3
GCF_021531515.1_114	JADYTZ010000202	Prevotella stercorea DSM 18206	1002367.3
GCF_021531515.1_115	JADYTZ010000203	Prevotella stercorea DSM 18206	1002367.3
GCF_021531515.1_116	JADYTZ010000204	Prevotella stercorea DSM 18206	1002367.3
GCF_021531515.1_117	JADYTZ010000205	Prevotella stercorea DSM 18206	1002367.3
GCF_021531515.1_118	JADYTZ010000206	Prevotella stercorea DSM 18206	1002367.3
GCF_021531515.1_119	JADYTZ010000207	Prevotella stercorea DSM 18206	1002367.3
GCF_021531515.1_120	JADYTZ010000208	Prevotella stercorea DSM 18206	1002367.3
GCF_021531515.1_121	JADYTZ010000209	Prevotella stercorea DSM 18206	1002367.3
GCF_021531515.1_122	JADYTZ010000020	Prevotella stercorea DSM 18206	1002367.3
GCF_021531515.1_123	JADYTZ010000210	Prevotella stercorea DSM 18206	1002367.3
GCF_021531515.1_124	JADYTZ010000211	Prevotella stercorea DSM 18206	1002367.3
GCF_021531515.1_125	JADYTZ010000212	Prevotella stercorea DSM 18206	1002367.3
GCF_021531515.1_126	JADYTZ010000213	Prevotella stercorea DSM 18206	1002367.3
GCF_021531515.1_127	JADYTZ010000021	Prevotella stercorea DSM 18206	1002367.3
GCF_021531515.1_128	JADYTZ010000022	Prevotella stercorea DSM 18206	1002367.3
GCF_021531515.1_129	JADYTZ010000023	Prevotella stercorea DSM 18206	1002367.3
GCF_021531515.1_130	JADYTZ010000024	Prevotella stercorea DSM 18206	1002367.3
GCF_021531515.1_131	JADYTZ010000025	Prevotella stercorea DSM 18206	1002367.3
GCF_021531515.1_132	JADYTZ010000026	Prevotella stercorea DSM 18206	1002367.3
GCF_021531515.1_133	JADYTZ010000027	Prevotella stercorea DSM 18206	1002367.3
GCF_021531515.1_134	JADYTZ010000028	Prevotella stercorea DSM 18206	1002367.3
GCF_021531515.1_135	JADYTZ010000029	Prevotella stercorea DSM 18206	1002367.3
GCF_021531515.1_136	JADYTZ010000002	Prevotella stercorea DSM 18206	1002367.3
GCF_021531515.1_137	JADYTZ010000030	Prevotella stercorea DSM 18206	1002367.3
GCF_021531515.1_138	JADYTZ010000031	Prevotella stercorea DSM 18206	1002367.3
GCF_021531515.1_139	JADYTZ010000032	Prevotella stercorea DSM 18206	1002367.3
GCF_021531515.1_140	JADYTZ010000033	Prevotella stercorea DSM 18206	1002367.3
GCF_021531515.1_141	JADYTZ010000034	Prevotella stercorea DSM 18206	1002367.3
GCF_021531515.1_142	JADYTZ010000035	Prevotella stercorea DSM 18206	1002367.3
GCF_021531515.1_143	JADYTZ010000036	Prevotella stercorea DSM 18206	1002367.3
GCF_021531515.1_144	JADYTZ010000037	Prevotella stercorea DSM 18206	1002367.3
GCF_021531515.1_145	JADYTZ010000038	Prevotella stercorea DSM 18206	1002367.3
GCF_021531515.1_146	JADYTZ010000039	Prevotella stercorea DSM 18206	1002367.3
GCF_021531515.1_147	JADYTZ010000003	Prevotella stercorea DSM 18206	1002367.3
GCF_021531515.1_148	JADYTZ010000040	Prevotella stercorea DSM 18206	1002367.3
GCF_021531515.1_149	JADYTZ010000041	Prevotella stercorea DSM 18206	1002367.3
GCF_021531515.1_150	JADYTZ010000042	Prevotella stercorea DSM 18206	1002367.3
GCF_021531515.1_151	JADYTZ010000043	Prevotella stercorea DSM 18206	1002367.3
GCF_021531515.1_152	JADYTZ010000044	Prevotella stercorea DSM 18206	1002367.3
GCF_021531515.1_153	JADYTZ010000045	Prevotella stercorea DSM 18206	1002367.3
GCF_021531515.1_154	JADYTZ010000046	Prevotella stercorea DSM 18206	1002367.3
GCF_021531515.1_155	JADYTZ010000047	Prevotella stercorea DSM 18206	1002367.3
GCF_021531515.1_156	JADYTZ010000048	Prevotella stercorea DSM 18206	1002367.3
GCF_021531515.1_157	JADYTZ010000049	Prevotella stercorea DSM 18206	1002367.3
GCF_021531515.1_158	JADYTZ010000004	Prevotella stercorea DSM 18206	1002367.3
GCF_021531515.1_159	JADYTZ010000050	Prevotella stercorea DSM 18206	1002367.3
GCF_021531515.1_160	JADYTZ010000051	Prevotella stercorea DSM 18206	1002367.3
GCF_021531515.1_161	JADYTZ010000052	Prevotella stercorea DSM 18206	1002367.3
GCF_021531515.1_162	JADYTZ010000053	Prevotella stercorea DSM 18206	1002367.3
GCF_021531515.1_163	JADYTZ010000054	Prevotella stercorea DSM 18206	1002367.3
GCF_021531515.1_164	JADYTZ010000055	Prevotella stercorea DSM 18206	1002367.3
GCF_021531515.1_165	JADYTZ010000056	Prevotella stercorea DSM 18206	1002367.3
GCF_021531515.1_166	JADYTZ010000057	Prevotella stercorea DSM 18206	1002367.3
GCF_021531515.1_167	JADYTZ010000058	Prevotella stercorea DSM 18206	1002367.3
GCF_021531515.1_168	JADYTZ010000059	Prevotella stercorea DSM 18206	1002367.3
GCF_021531515.1_169	JADYTZ010000005	Prevotella stercorea DSM 18206	1002367.3
GCF_021531515.1_170	JADYTZ010000060	Prevotella stercorea DSM 18206	1002367.3
GCF_021531515.1_171	JADYTZ010000061	Prevotella stercorea DSM 18206	1002367.3
GCF_021531515.1_172	JADYTZ010000062	Prevotella stercorea DSM 18206	1002367.3
GCF_021531515.1_173	JADYTZ010000063	Prevotella stercorea DSM 18206	1002367.3
GCF_021531515.1_174	JADYTZ010000064	Prevotella stercorea DSM 18206	1002367.3
GCF_021531515.1_175	JADYTZ010000065	Prevotella stercorea DSM 18206	1002367.3
GCF_021531515.1_176	JADYTZ010000066	Prevotella stercorea DSM 18206	1002367.3
GCF_021531515.1_177	JADYTZ010000067	Prevotella stercorea DSM 18206	1002367.3
GCF_021531515.1_178	JADYTZ010000068	Prevotella stercorea DSM 18206	1002367.3
GCF_021531515.1_179	JADYTZ010000069	Prevotella stercorea DSM 18206	1002367.3
GCF_021531515.1_180	JADYTZ010000006	Prevotella stercorea DSM 18206	1002367.3
GCF_021531515.1_181	JADYTZ010000070	Prevotella stercorea DSM 18206	1002367.3
GCF_021531515.1_182	JADYTZ010000071	Prevotella stercorea DSM 18206	1002367.3
GCF_021531515.1_183	JADYTZ010000072	Prevotella stercorea DSM 18206	1002367.3
GCF_021531515.1_184	JADYTZ010000073	Prevotella stercorea DSM 18206	1002367.3
GCF_021531515.1_185	JADYTZ010000074	Prevotella stercorea DSM 18206	1002367.3
GCF_021531515.1_186	JADYTZ010000075	Prevotella stercorea DSM 18206	1002367.3
GCF_021531515.1_187	JADYTZ010000076	Prevotella stercorea DSM 18206	1002367.3
GCF_021531515.1_188	JADYTZ010000077	Prevotella stercorea DSM 18206	1002367.3
GCF_021531515.1_189	JADYTZ010000078	Prevotella stercorea DSM 18206	1002367.3
GCF_021531515.1_190	JADYTZ010000079	Prevotella stercorea DSM 18206	1002367.3
GCF_021531515.1_191	JADYTZ010000007	Prevotella stercorea DSM 18206	1002367.3
GCF_021531515.1_192	JADYTZ010000080	Prevotella stercorea DSM 18206	1002367.3
GCF_021531515.1_193	JADYTZ010000081	Prevotella stercorea DSM 18206	1002367.3
GCF_021531515.1_194	JADYTZ010000082	Prevotella stercorea DSM 18206	1002367.3
GCF_021531515.1_195	JADYTZ010000083	Prevotella stercorea DSM 18206	1002367.3
GCF_021531515.1_196	JADYTZ010000084	Prevotella stercorea DSM 18206	1002367.3
GCF_021531515.1_197	JADYTZ010000085	Prevotella stercorea DSM 18206	1002367.3
GCF_021531515.1_198	JADYTZ010000086	Prevotella stercorea DSM 18206	1002367.3
GCF_021531515.1_199	JADYTZ010000087	Prevotella stercorea DSM 18206	1002367.3
GCF_021531515.1_200	JADYTZ010000088	Prevotella stercorea DSM 18206	1002367.3
GCF_021531515.1_201	JADYTZ010000089	Prevotella stercorea DSM 18206	1002367.3
GCF_021531515.1_202	JADYTZ010000008	Prevotella stercorea DSM 18206	1002367.3
GCF_021531515.1_203	JADYTZ010000090	Prevotella stercorea DSM 18206	1002367.3
GCF_021531515.1_204	JADYTZ010000091	Prevotella stercorea DSM 18206	1002367.3
GCF_021531515.1_205	JADYTZ010000092	Prevotella stercorea DSM 18206	1002367.3
GCF_021531515.1_206	JADYTZ010000093	Prevotella stercorea DSM 18206	1002367.3
GCF_021531515.1_207	JADYTZ010000094	Prevotella stercorea DSM 18206	1002367.3
GCF_021531515.1_208	JADYTZ010000095	Prevotella stercorea DSM 18206	1002367.3
GCF_021531515.1_209	JADYTZ010000096	Prevotella stercorea DSM 18206	1002367.3
GCF_021531515.1_210	JADYTZ010000097	Prevotella stercorea DSM 18206	1002367.3
GCF_021531515.1_211	JADYTZ010000098	Prevotella stercorea DSM 18206	1002367.3
GCF_021531515.1_212	JADYTZ010000099	Prevotella stercorea DSM 18206	1002367.3
GCF_021531515.1_213	JADYTZ010000009	Prevotella stercorea DSM 18206	1002367.3
GCF_025147765.1_1	CP102265	Blautia obeum ATCC 29174	411459.41
GCF_046603795.1_1	CP176627	Blautia obeum ATCC 29174	411459.41
GCF_000210015.1_1	NC_021022	Blautia obeum ATCC 29174	411459.41
GCF_017894325.1_1	CP058603	Bifidobacterium bifidum strain CNCM I-4319	1681.979
GCF_900637095.1_1	LR134344	Bifidobacterium bifidum strain CNCM I-4319	1681.979
GCF_001025135.1_1	AP012323	Bifidobacterium bifidum strain CNCM I-4319	1681.979
