index,435590.9:4554_4556,818.1357:3678_3680,28116.7:6251_6252,649756.3254:1284_1285;1289_1290,649756.3254:1290_1291,649756.3254:1287_1288,649756.3254:1280_1281,649756.3254:310_311,649756.3254:311_312,649756.3254:1264_1265,649756.3254:1265_1266,649756.3254:308_310;1261_1264,649756.3254:1268_1269,649756.3254:409_410;1066_1067,649756.3254:1294_1295,649756.3254:2491_2493,649756.3254:1266_1268,649756.3254:1269_1271,649756.3254:1558_1559,649756.3254:2844_2849,649756.3254:2808_2813,649756.3254:2593_2599;2601_2617,649756.3254:2592_2593,649756.3254:2599_2600,649756.3254:312_313,649756.3254:2466_2467;2467_2468,649756.3254:1291_1292,649756.3254:1217_1218;1429_1431,649756.3254:2546_2547,649756.3254:370_371;528_529,649756.3254:1953_1954,649756.3254:2379_2382,649756.3254:2657_2659,649756.3254:456_461,649756.3254:209_210;215_216,649756.3254:210_211,649756.3254:163_166;167_168,649756.3254:81_88,649756.3254:1292_1293,649756.3254:1295_1297,649756.3254:2801_2804;2804_2805,649756.3254:2722_2723,649756.3254:2882_2883,649756.3254:2932_2933,649756.3254:1281_1283,997890.6:4552_4553,46503.89:4241_4242,272559.17:1788_1789,272559.17:1789_1793,272559.17:1770_1773,272559.17:1350_1352,272559.17:1390_1392,272559.17:1392_1397,272559.17:1361_1368;1388_1390,272559.17:1371_1376,272559.17:1368_1371,272559.17:4782_4783;4783_4786,272559.17:4795_4798,272559.17:4790_4791,272559.17:4791_4793,272559.17:4793_4795,272559.17:2017_2025;2027_2033;2045_2072;2076_2079,272559.17:2073_2076,272559.17:2025_2027,272559.17:2036_2038,272559.17:2038_2039,272559.17:2042_2044,272559.17:2041_2042,449673.7:1313_1315,449673.7:684_686,537011.437:356_357,823.3647:737_738,214856.2506:2846_2848;2849_2851;2851_2853;2853_2854;2854_2856,214856.2506:1341_1343;1343_1345;1345_1346,214856.2506:630_633,214856.2506:1283_1286,214856.2506:1109_1110;1110_1111;3093_3095;3095_3097,214856.2506:1112_1113,214856.2506:420_421;421_423;423_425;425_430;447_448;607_611;984_989,214856.2506:1354_1356,214856.2506:665_666;666_667,214856.2506:634_637,214856.2506:650_652;663_665;668_669;674_675,214856.2506:638_639;639_641;641_642,214856.2506:652_654;654_659;660_662;662_663,214856.2506:605_607,214856.2506:599_601;601_603;603_605,214856.2506:2280_2281,214856.2506:1331_1332;1335_1336;2858_2860,214856.2506:2844_2845;2857_2858,214856.2506:2845_2846,214856.2506:1332_1335,214856.2506:431_433,214856.2506:433_435,214856.2506:732_734;734_736;736_737,214856.2506:737_738,214856.2506:1973_1976,214856.2506:2052_2054,214856.2506:2021_2030;2030_2039,214856.2506:2060_2062;2084_2086,214856.2506:1945_1946;1946_1960;1960_1969;1969_1973;1976_1985;1985_1994;1994_2003;2003_2012;2012_2021;2039_2048;2048_2052;2054_2060;2081_2084,214856.2506:2062_2066,214856.2506:2248_2251,214856.2506:2251_2255,214856.2506:2077_2079,214856.2506:2079_2080,214856.2506:2080_2081,997873.77:3335_3336,88431.1239:247_249;901_902;2436_2438;2438_2439,88431.1239:339_340;447_448;762_763;763_764;902_903;917_920;2400_2401;2432_2433;2433_2434;2439_2444;2446_2448;2649_2652;2877_2879,88431.1239:134_135;135_136;140_141,88431.1239:136_140;926_929;941_945;946_947;2652_2653,88431.1239:192_206;206_224;237_247;766_767;905_908;940_941;945_946;947_950;955_956;1875_1878;2416_2420,301302.3:3530_3531,536231.75:2200_2202,357276.1035:3570_3572;3572_3573,357276.1035:1417_1423,357276.1035:4246_4248;4248_4249,357276.1035:3565_3567;4086_4088;4088_4090,357276.1035:678_680;1519_1520;1520_1522;4249_4251,357276.1035:2165_2167;5295_5296;5296_5298;5610_5612,357276.1035:4947_4949;4949_4951;4956_4957;4957_4959;4964_4966,357276.1035:4966_4968;4968_4969,357276.1035:5079_5081;5081_5083;5138_5140,357276.1035:52_54;54_55;55_57;64_65;65_67;67_69,357276.1035:254_256;257_259;4892_4894,357276.1035:352_354,357276.1035:1432_1433,357276.1035:1433_1435,357276.1035:1424_1426,357276.1035:275_277;277_278,357276.1035:4731_4732;4732_4734;4734_4735;4735_4737;4739_4741,357276.1035:3569_3570,357276.1035:3467_3469;3469_3471,357276.1035:4888_4890,357276.1035:1230_1232,1150298.2613:2722_2724;2724_2726;2731_2732;2733_2734;2734_2735,1150298.2613:3580_3583;3583_3584,1150298.2613:3578_3579,1150298.2613:3579_3580,1150298.2613:2083_2085,1150298.2613:455_457,1150298.2613:718_719;719_721,1150298.2613:695_696,1150298.2613:2437_2438,1150298.2613:859_860,1150298.2613:860_862,1150298.2613:2119_2120,1150298.2613:3421_3422,1150298.2613:2343_2347;3412_3413,1150298.2613:1160_1161,1150298.2613:3187_3197,1150298.2613:3414_3416,1150298.2613:3416_3417,1150298.2613:3596_3597,1150298.2613:1439_1443,1150298.2613:1448_1449,1150298.2613:2341_2342,1150298.2613:1613_1615;1615_1616,1150298.2613:2162_2164,1150298.2613:2457_2458,1150298.2613:461_464;2438_2447;2513_2516,1150298.2613:2447_2448,1150298.2613:453_454,1150298.2613:621_623,1150298.2613:2747_2748;2748_2749,1150298.2613:390_398,1150298.2613:2027_2032,1150298.2613:2032_2041,1150298.2613:2342_2343,1150298.2613:698_699,1150298.2613:2448_2450,1150298.2613:2502_2503,1150298.2613:398_408,1150298.2613:422_423,1150298.2613:423_425;425_426,1150298.2613:411_415,1150298.2613:408_410;415_417,1150298.2613:417_418,1150298.2613:410_411,1150298.2613:1162_1175;1181_1185;2026_2027;2041_2046,1150298.2613:1175_1181,1150298.2613:2125_2126;2126_2128;2128_2130,1150298.2613:2501_2502;2507_2508,1150298.2613:2503_2504,1150298.2613:2504_2505,1150298.2613:2025_2026,1150298.2613:2476_2477;2480_2482,1150298.2613:2477_2480,1150298.2613:2482_2484,1150298.2613:2484_2485,1150298.2613:2497_2498,1150298.2613:2096_2098;2098_2101,1150298.2613:2090_2091,1150298.2613:13_14,1150298.2613:2130_2138,1150298.2613:2139_2140;2140_2141;2142_2143,1150298.2613:705_717,1150298.2613:2760_2761,1150298.2613:2761_2763,39488.252:2948_2949,39488.252:2952_2953,39488.252:1807_1808,39488.252:2942_2944;3415_3416,39488.252:3413_3414,39488.252:3414_3415,39488.252:2936_2937,39488.252:2944_2945,39488.252:2945_2948,39488.252:1469_1473;3412_3413,39488.252:1468_1469,39488.252:1473_1475,39488.252:1475_1476,39488.252:2515_2516,39488.252:2516_2521,39488.252:3402_3404,39488.252:3410_3412,39488.252:2556_2557;3418_3420,39488.252:2551_2556,39488.252:2636_2637,39488.252:1467_1468,39488.252:2627_2632;2635_2636,39488.252:2585_2593,39488.252:2625_2627,39488.252:2475_2483,39488.252:2919_2921,39488.252:3417_3418,39488.252:2139_2140,39488.252:2140_2141,39488.252:2141_2142,39488.252:3451_3453,39488.252:3449_3451;3455_3456,39488.252:2928_2929,39488.252:2935_2936,39488.252:3453_3455,39488.252:1985_1986,39488.252:2930_2933,39488.252:1988_1989,39488.252:2924_2927,39488.252:2109_2111,39488.252:2937_2938,39488.252:2923_2924,39488.252:2938_2939,39488.252:2112_2113,39488.252:1984_1985,39488.252:1987_1988,39488.252:292_293,39488.252:2610_2611;2619_2622,39488.252:2557_2559;2561_2566;2597_2600;2608_2610;2611_2615;2633_2635,39488.252:2101_2102,39488.252:1494_1495;2132_2133;2137_2139,39488.252:3416_3417,39488.252:2159_2160,39488.252:2510_2511,39488.252:1986_1987,39488.252:2133_2137;2922_2923,39488.252:2934_2935,39488.252:2939_2942,39488.252:1495_1496;2123_2125;2949_2952,39488.252:1476_1479,39488.252:1479_1480,45851.820:461_466;1583_1586,45851.820:43_44;1700_1701;2196_2201;2201_2204
SRR6451254,-1.6996990792538618,-1.3312904791014035,,,,,,,,,,,,,,,,,,,,,,,,,,,,,,,,,,,,,,,,,,,,-1.470177311281939,-0.1635141285320066,,,,,,,,,,,,,,,,,,,,,,4.02131765464983,19.214852851023775,,-1.3263009255545133,,,,,,,,,,,,,,,,,,,,,,,,,,,,,,,,,,,,,,,,,,-0.3961190780559763,,,,,,,,,,,,,,,,,,,,,,,,,,,,,,,,,,,,,,,,,,,,,,,,,,,,,,,,,,,,,,,,,,,,,,,,,,,,,,,,,,,,,,,,,,,,,,,,,,,,,,,,,,,,,,,,,,,,,,,,,,,,,,,,,,,,,,,,,,,,,,,,,,,,,
SRR6451255,-1.6379300997101924,-0.0984210103756374,,,,,,,,,,,,,,,,,,,,,,,,,,,,,,,,,,,,,,,,,,,,-0.8458310662251793,,,,,,,,,,,,,,,,,,,,,,,-1.5320385274090766,-1.5320496950463771,-1.2008291485562794,-0.0179629025937208,,,,,,,,,,,,,,,,,,,,,,,,,,,,,,,,,,,,0.864203419916167,,,,,,,,-0.424186810870855,68.85818730103303,28.917192947551257,23.688024191817476,22.391508108969745,25.150178930365456,1.665932919009754,1.5025680547918794,9.03064548371791,0.0721680079711731,0.8002670744015847,4.193136541330348,-1.311539305177876,-0.200713520049854,91.399473656862,-0.7294927908074524,27.561889050212947,20.697473683915124,10.686438123429772,4.3349917283659405,25.219325876813276,,,,,,,,,,,,,,,,,,,,,,,,,,,,,,,,,,,,,,,,,,,,,,,,,,,,,,,,,,,,,,,,,,,,,,,,,,,,,,,,,,,,,,,,,,,,,,,,,,,,,,,,,,,,,,,,,,,,,,,,,,,,,,,
SRR6451256,,32.388732550247916,,,,,,,,,,,,,,,,,,,,,,,,,,,,,,,,,,,,,,,,,,,,-1.494208423434006,-2.7538919682240013,,,,,,,,,,,,,,,,,,,,,,9.008582596867692,-2.010066854462307,-1.1568001202537754,-1.5828627562631292,-2.7681655339204,4.66336956452561,3.7652773459876743,5.7513469595543665,-2.470728398875048,-1.7921424019103276,4.01543622578886,1.1419307872776192,0.1479939224093567,1.6175509034097408,0.1977444595063644,0.7072916096071424,0.5823942088604837,2.0696051944879974,2.664823139896727,-0.2227803681624834,0.525826022422638,-2.2043233244455314,-1.9732226365735404,6.236317446588092,-1.9732685403006789,-1.375992774797776,1.1822906084075224,-0.8867412285942636,-1.592491844099214,8.46393235847382,11.175617804825936,4.191796675481152,16.833543147956455,3.2478098301902056,10.453779278788843,15.696351996485594,7.201554346346618,17.12092912781554,2.39538483547743,-1.1499235416457676,,,,,,,,-2.081777761470543,37.13531829804078,-2.6467327172753294,1.0630718697733104,0.0748374379978567,1.008037642565135,1.17148854224634,0.4857190619190845,13.546340124664647,1.2703022296608937,0.9287926428694931,3.8001089429855215,172.90661243193938,117.57529167769142,5.585740256556144,-5.062187741911129,-5.287165413523544,-2.0398227174141583,-3.478597459018927,-5.042190102545213,-4.9125830915552235,,,,,,,,,,,,,,,,,,,,,,,,,,,,,,,,,,,,,,,,,,,,,,,,,,,,,,,,,,,,,,,,,,,,,,,,,,,,,,,,,,,,,,,,,,,,,,,,,,,,,,,,,,,,,,,,,,,,,,,,,,,,,,,
SRR6451257,-1.6899537981891448,-1.444550468091694,-0.7906999710361107,,,,,,,,,,,,,,,,,,,,,,,,,,,,,,,,,,,,,,,,,,,-1.050505817940798,,,,,,,,,,,,,,,,,,,,,,,,,,-1.9253047233363112,,,,,,,,,,,,,,,,,,,,,,,,,,,,,,,,,,,,,,,,,,-1.5068407850734016,,,,,,,,,,,,,,,,,,,,,,,,,,,,,,,,,,,,,,,,,,,,,,,,,,,,,,,,,,,,,,,,,,,,,,,,,,,,,,,,,,,,,,,,,,,,,,,,,,,,,,,,,,,,,,,,,,,,,,,,,,,,,,,,,,,,,,,,,,,,,,,,,,,,,
SRR6451258,,,,,,,,,,,,,,,,,,,,,,,,,,,,,,,,,,,,,,,,,,,,,,-1.3258250166937833,,-6.23648325731759,-6.729800653488272,-6.518361097776115,-6.602130111879644,-6.507726145510763,-3.459180139002235,-6.590019760028638,-6.807305441126313,-6.518361097776115,-6.729800653488272,-6.518361097776115,-6.23648325731759,-6.606971343998149,-6.606971343989549,-6.363376879163459,-6.518361097776115,-6.602130111879644,-6.606971343998149,-6.23648325731759,-6.604153602330649,-6.23648325731759,,,,,,,,,,,,,,,,,,,,,,,,,,,,,,,,,,,,,,,,,,,,,,,,,,,,,,,,,,,,,,,,,,,,,,,,,,,,,,,,,,,,,,,,,,,,,,,,,,,,,,,,,,,,,,,,,,,,,,,,,,,,,,,,,,,,,,,,,,,,,,,,,,,,,,,,,,,,,,,,,,,,,,,,,,,,,,,,,,,,,,,,,,,,,,,,,,,
SRR6451259,-1.1193745641088932,-0.0656340452802788,22.546656098368732,,,,,,,,,,,,,,,,,,,,,,,,,,,,,,,,,,,,,,,,,,,-1.3563860059503612,-2.451474298313128,-2.103338179740459,-5.599838356785429,0.9542414091974988,-4.29533857893136,-3.303573719310319,7.065559990791994,-4.086077292580195,-4.7800002705947415,-4.177761514202637,-0.5817065490408778,-4.11104182449477,-1.338903599623168,-4.404868216444331,-4.982406930206509,3.719205709075858,2.1513136846326346,4.1677215749587875,-4.575523156574354,-2.103338179740459,-3.3559614048709334,-1.1840515903307145,,,-1.107319050907981,-1.9585389470086576,,,,,,,,,,,,,,,,,,,,,,,,,,,,,,,,,,,,0.3381303868556504,,,,,,,,,,,,,,,,,,,,,,,,,,,,,,,,,,,,,,,,,,,,,,,,,,,,,,,,,,,,,,,,,,,,,,,,,,,,,,,,,,,,,,,,,,,,,,,,,,,,,,,,,,,,,,,,,,,,,,,,,,,,,,,,,,,,,,,,,,,,,,,,,,,,,,,,,,,
SRR6451260,-0.3961627575117959,,-1.8725635092179491,,,,,,,,,,,,,,,,,,,,,,,,,,,,,,,,,,,,,,,,,,,0.2389875853981465,-2.026625550769892,,,,,,,,,,,,,,,,,,,,,,0.0811263168136822,2.6614252123559545,-1.0950481233699132,,,,,,,,,,,,,,,,,,,,,,,,,,,,,,,,,,,,,,,,,,,,,18.722562595860776,61.70336781523229,14.858230580351456,22.417294050594656,5.02660506626263,7.88214321708807,2.6164025005544778,2.5992799372431543,23.27978425906189,21.189369108304515,45.660724822583155,8.912399783491582,-1.836240812124958,-0.0361132433918993,-1.80433265925569,32.733203727318845,-1.4400998543424726,25.17654839230079,48.13542567748235,25.301731756704086,-1.616139310540674,,,,,,,,,,,,,,,,,,,,,,,,,,,,,,,,,,,,,,,,,,,,,,,,,,,,,,,,,,,,,,,,,,,,,,,,,,,,,,,,,,,,,,,,,,,,,,,,,,,,,,,,,,,,,,,,,,,,,,,,,,,,,,,
SRR6451261,-1.3185052539811883,-1.9370525054152707,-1.2214446666046266,,,,,,,,,,,,,,,,,,,,,,,,,,,,,,,,,,,,,,,,,,,-0.4621600474983808,,-1.997081929526825,-6.930922968194788,-6.917922243969454,-6.834469132216049,-6.802635866516479,-6.85985019384948,-7.504414722817727,-5.835715167357523,-5.54315388900894,-6.070686189010247,-6.8327273274759355,-2.0593968015559927,-6.419417123732712,-4.511037234492639,-7.114899850899949,-6.917922243969454,-6.847202438495877,-6.847202438495877,-2.0593968015559927,-5.0263396404804315,-2.0593968015559927,-0.7077234102853521,-1.395547168113079,,-1.318540132347121,,,,,,,,,,,,,,,,,,,,,,,,,,,,,,,,,,,,-0.3834490850544058,,,,,,,,,,,,,,,,,,,,,,,,,,,,,,,,,,,,,,,,,,,,,,,,,,,,,,,,,,,,,,,,,,,,,,,,,,,,,,,,,,,,,,,,,,,,,,,,,,,,,,,,,,,,,,,,,,,,,,,,,,,,,,,,,,,,,,,,,,,,,,,,,,,,,,,,,,,
SRR6451262,0.5155479549691012,-1.166624210430158,-1.048970261338297,,,,,,,,,,,,,,,,,,,,,,,,,,,,,,,,,,,,,,,,,,,-1.0859407275941797,,-4.357240417215129,-5.7253873455012885,6.443653404416753,-5.294383234895932,-4.835511758031143,-3.5154871368951683,-6.0684671033507955,4.707994049087236,-5.659177271055323,1.2130822161683104,-5.6076617296947555,-4.444158080443895,-1.4400948807483178,-4.592677994792079,1.4907017748880786,0.736260746645205,-5.359936303019473,-5.042806132854065,-2.1343195566250115,-2.3810240434998837,-5.077828315745969,,,,,,,,,,,,,,,,,,,,,,,,,,,,,,,,,,,,,,,,-1.3772415233783817,,,,,,,,,,,,,,,,,,,,,,,,,,,,,,,,,,,,,,,,,,,,,,,,,,,,,,,,,,,,,,,,,,,,,,,,,,,,,,,,,,,,,,,,,,,,,,,,,,,,,,,,,,,,,,,,,,,,,,,,,,,,,,,,,,,,,,,,,,,,,,,,,,,,,,,,,,,
SRR6451662,4.382018667995715,,,,,,,,,,,,,,,,,,,,,,,,,,,,,,,,,,,,,,,,,,,,,-1.2520497342674777,-1.483941555517147,-1.77168476154528,-1.81043165328889,0.957772688007533,-1.9338040624911932,6.7242662917820715,6.236937588971647,6.125393854105897,12.039716187735818,3.397366974765723,-2.09145791073202,-2.0057304533224323,-1.459790875602912,-1.882283363927206,-1.4591270823681288,77.60241401606723,25.2487867690622,6.119335612007521,0.602788929666898,-1.1326794089261838,0.3232520386489453,-0.4226734615716325,,,,-1.781577438343143,,,,,,,,,,,,,,,,,,,,,,,,,,,,,,,,,,,,-1.411092672196641,,,,,,-0.696538281487829,,2.625801411569505,16.961465144777137,0.4039006299381427,1.8276199151279464,3.8598918104712254,3.7151555530110656,5.062867550290636,4.1256316771927715,28.45294158056367,4.050520010504838,1.529068310272606,5.018461587805682,-2.0141006850861003,-2.2496657820485093,-2.2496657820485093,-0.5359961763896375,16.578854888181006,-0.6695585801574974,1.5553707363728413,-1.0167531384575856,0.5083289788336613,0.071954498508407,8.167445530010141,3.1945299961158,-0.3530765365190512,2.4425179901238017,1.4099987664446267,1.9396533584323432,0.0073015586636337,-0.0465207446671426,2.218716162201962,0.8941042960412555,-0.0731627676031703,-0.1120793859732031,1.9075695523229752,-1.0229171994478408,21.533661351534917,1.3642724517511955,-0.6398827424655049,0.5099816441394317,-1.4475736937695427,-1.2901242896237342,1.3128209612959092,1.4594209021886184,3.5265644167835393,1.9804268398230276,5.015250815882212,0.1991160799499224,1.5192785702217322,1.7299551066986332,1.8499017500037904,12.469535197146447,11.997440546476549,9.066475435541216,6.656810825527415,-0.48694187152716,-1.204414760502799,0.3124539762109377,10.53007382888802,0.6336438689836019,2.604472286596343,4.049315477774061,7.311987234958509,0.3368233887366651,-0.3171985653503706,3.9572479687265703,-0.9709045951857822,1.6586188019671413,3.329504245063059,5.924064723043831,3.7036426369000286,0.992152300365431,21.449577985304977,5.667331495054571,3.641410860637533,4.594738211548268,7.380794937674871,15.37528766327733,6.696664929293803,3.3883296461438612,14.072357982706915,2.83706642274951,1.8740766624704288,5.153757537482646,-0.7826491783278788,,,,,,,,,,,,,,,,,,,,,,,,,,,,,,,,,,,,,,,,,,,,,,,,,,,,,,,,,,,,,,,
SRR6451663,-3.823337398948496,-3.3993514143700176,-1.2403666344677753,,,,,,,,,,,,,,,,,,,,,,,,,,,,,,,,,,,,,,,,,,,-1.3891986081639556,-1.2733864430681254,,,,,,,,,,,,,,,,,,,,,,-1.8244531974999736,-1.8413307675066264,,0.4724284201501604,,,,,,,,,,,,,,,,,,,,,,,,,,,,,,,,,,,,-1.5962819275619178,,,,,,,0.5842197110660252,,,,,,,,,,,,,,,,,,,,,,,,,,,,,,,,,,,,,,,,,,,,,,,,,,,,,,,,,,,,,,,,,,,,,,,,,,,,,,,,,,,,,,,,,,,,,,,,,,,,,,,,,,,,,,,,,,,,,,,,,,,,,,,,,,,,,,,,,,,,,,,,,,,,
SRR6451664,-3.753993609748505,202.24985207239337,-1.1289998897548064,,,,,,,,,,,,,,,,,,,,,,,,,,,,,,,,,,,,,,,,,,,-1.4951953861141494,,,,,,,,,,,,,,,,,,,,,,,,,,10.849634147773536,,,,,,,,,,,,,,,,,,,,,,,,,,,,,,,,,,,,-1.848837999550701,,,,,,,,,,,,,,,,,,,,,,,,,,,,,,,,,,,,,,,,,,,,,,,,,,,,,,,,,,,,,,,,,,,,,,,,,,,,,,,,,,,,,,,,,,,,,,,,,,,,,,,,,,,,,,,,,,,,,,,,,,,,,,,,,,,,,,,,,,,,,,,,,,,,,,,,,,,
SRR6451665,10.558560648146315,,-1.9669209687448583,2.5407061735587813,4.264371091823319,2.675744380710467,-1.466427080088824,-0.6861279002292042,2.6501122641327903,0.8736474640750088,-0.6051895560761164,-2.3991834206863274,8.032131437642313,-1.3177360861233676,-1.750597379257682,4.213724970019936,4.395379282763644,2.493555989448947,2.0630589715487293,11.192489003008236,1.284321498216246,-2.6426109112339935,-1.3657594966042517,-1.5581784379309669,3.2522950952369136,6.7955391758719585,0.3660109748244236,3.033926095888172,-0.4324280913471713,0.5641493288124554,2.9192523044421157,-0.4520655082998377,0.9106384814896576,-0.1822565375239505,0.8057157885098438,0.9432677993163308,-0.4922147535894945,-0.2940832557724327,-1.0253752161377254,-0.2337848316359579,-3.072454207965264,-1.750597379257682,-1.5581784379309669,-1.3657594966042517,1.697041266750945,-1.3132876191632237,-2.563507984405106,-5.276539506907937,-6.20421048972871,-6.247654503187254,-5.861505046488184,-5.000766366903806,-3.821717604134772,-6.677007706375762,-6.534698141647944,-6.362683773712229,-0.0958173383825049,1.7849291159555631,1.3093303062299309,0.6533261094760666,-4.516958768134617,-0.7590351313084025,1.3935756102574963,-5.612343849766391,-0.866841921153661,4.868806688714145,-1.499989760631008,-3.8967710823125024,-2.0411987796211744,-1.9926463759440491,2.7408077729880995,-2.0183695885212294,,,,,,,,,,,,,,,,,,,,,,,,,,,,,,,,,,,,-1.3719245561318574,,,,,,,,,,,,,,,,,,,,,,,,,,,,,,,,,,,,,,,,,,,,,,,,,,,,,,,,,,,,,,,,,,,,,,,,,,,,,,,,,,,,,,,,,,,,,,,,,,,,,,,,,,,,,,,,,,,,,,,,,,,,,,,,,,,,,,,,,,,,,,,,,,,,,,,,,,,
SRR6451666,-3.8821596792511337,,-1.4975359195463571,,,,,,,,,,,,,,,,,,,,,,,,,,,,,,,,,,,,,,,,,,,-1.170380049477059,-1.5135777664943475,,,,,,,,,,,,,,,,,,,,,,,,1.474020775294781,2.697580008298677,13.52615851490711,14.286161165679829,35.64409401639861,68.14100552982929,-3.966398967424986,-2.2820332913340375,18.81893513126351,41.24193663106323,-1.115832496423673,0.4801053030608799,-0.1190217267408527,-0.7986290280909134,-1.149845733679717,0.1028304340096903,19.95502526516201,0.3031776977799575,2.24841583759002,2.3924395760360095,-2.2820332913340375,1.7489090195215198,1.8520699996527197,1.7085858263497482,-3.9206374612620585,-1.9505959850373715,-0.3103519980870816,-2.299230227260767,26.14895583435025,3.952277954423226,20.4874217785264,7.7085566371659215,18.16425112622954,30.61251804362663,2.2950290826748527,20.966640670750763,8.8518522206461,-1.6635489965000188,,,,,,,,,,,,,,,,,,,,,,,,,,,,,,,,,,,,,,,,,,,,,,,,,,,,,,,,,,,,,,,,,,,,,,,,,,,,,,,,,,,,,,,,,,,,,,,,,,,,,,,,,,,,,,,,,,,,,,,,,,,,,,,,,,,,,,,,,,,,,,,,,,,,,,,,,,,
SRR6451667,-2.008309528258163,12.454891643538648,-1.3761302281015408,,,,,,,,,,,,,,,,,,,,,,,,,,,,,,,,,,,,,,,,,,,-1.42045180782577,,16.291241250541336,26.778774577791324,0.2763739500739778,-1.8258201968921215,5.25907024773116,23.088892185290288,-2.369483107363863,-2.2006289164692765,-1.7296075543772496,17.4304612433515,18.802119119065544,18.23706061257687,16.903647807520702,16.38903140885155,14.109060865316518,17.191217991844923,26.85548204394985,12.32427994950234,2.7720733008869276,10.064970856814323,24.946646409641275,,,,-1.936124441972292,,,,,,,,,,,,,,,,,,,,,,,,,,,,,,,,,,,,33.71310352524309,,,,,,,,128.74670869158513,12.573294057985036,101.99133787076508,87.1556764230967,75.0996974382643,22.893919317660277,92.74818663193618,140.9447136830049,8.55874460577251,0.2958887579791009,115.63411003867046,21.16005709159604,0.1816995000006301,-1.0933812027817638,-1.6438853720177444,134.13866260295023,4.827984625938857,150.80361406700226,-0.9989815597717204,-1.41172105210204,-1.2827992604518657,,,,,,,,,,,,,,,,,,,,,,,,,,,,,,,,,,,,,,,,,,,,,,,,,,,,,,,,,,,,,,,,,,,,,,,,,,,,,,,,,,,,,,,,,,,,,,,,,,,,,,,,,,,,,,,,,,,,,,,,,,,,,,,
SRR6451668,-3.3713424799158913,0.5411623258562624,-1.197671711359628,,,,,,,,,,,,,,,,,,,,,,,,,,,,,,,,,,,,,,,,,,,-1.4368870170085328,-6.529646996435994,-3.68991584960592,-4.809995946601949,-1.12709156787422,-4.6329085288333625,-3.228826024829515,37.502842649796555,-3.041567651438137,4.914982261603223,-3.191757271530327,2.78988339232609,1.7151749063556478,3.51870604915139,0.8349944436824451,1.939275352775156,47.48511806298171,27.405911517078213,-3.2280815785170383,-3.398174825588955,2.3652980493766065,6.746189768728865,-3.96325649328088,,,,4.0175092440481155,,,,,,,,,,,,,,,,,,,,,,,,,,,,,,,,,,,,-0.3068335900729497,,,,,,,,,,,,,,,,,,,,,,,,,,,,,,,,,,,,,,,,,,,,,,,,,,,,,,,,,,,,,,,,,,,,,,,,,,,,,,,,,,,,,,,,,,,,,,,,,,,,,,,,,,,,,,,,,,,,,,,,,,,,,,,,,,,,,,,,,,,,,,,,,,,,,,,,,,,
SRR6451669,-1.4906817790889488,-1.0282527444299507,55.59800898590092,,,,,,,,,,,,,,,,,,,,,,,,,,,,,,,,,,,,,,,,,,,-1.458066778693118,,-4.2507912146293,-4.083694760223706,-5.203368077893457,-4.886816366768898,-5.161259507346141,-2.382781286052759,-5.2666934418435565,-5.2438643014789115,-5.203368077893457,-5.247870785144713,-5.183748146148526,-4.629376451096517,-5.059031039835428,-4.314678770364522,-0.8972565349943533,-4.253486069905985,-5.062155039915471,-3.444610642695151,-4.51411281290785,-4.680293058075148,-4.966357561814907,,,,-1.5342856625025378,1.924540658555134,6.033859086888528,5.71400175713416,19.241807377922452,0.7295868746133908,0.472545184938816,12.757286190451689,8.911966124539115,-1.8664276960418429,0.9132124172505064,-1.551106985529259,-1.364406261004526,2.8475451127677225,1.7886159852522674,2.6437406500902574,0.0313318891512689,0.501753860019219,1.6018619285438092,0.1293792882151683,33.7930370828144,-1.919785997958545,-1.919785997958545,-2.197075963333971,-1.58645019540307,14.53428865677765,24.09238618643384,30.03066203218871,16.849330597547986,26.286539862777225,24.389027507126343,27.42920005075168,39.20801655531257,13.411577395727331,62.590210796513816,22.198164959796667,4.772240483298997,,,,,,,,,,,,,,,,,,,,,,,,,,,,,,,,,,,,,,,,,,,,,,,,,,,,,,,,,,,,,,,,,,,,,,,,,,,,,,,,,,,,,,,,,,,,,,,,,,,,,,,,,,,,,,,,,,,,,,,,,,,,,,,,,,,,,,,,,,,,,,,,,,,,,,,,,,,
SRR6451670,-1.8926196596672389,,,,,,,,,,,,,,,,,,,,,,,,,,,,,,,,,,,,,,,,,,,,,-1.418425780097204,-0.4871752077512106,-5.277592228904982,-6.861559741378697,0.9074812852515936,-6.453330609489267,-6.417856181288569,-6.139491166943942,-7.202564133462198,-7.24585096703569,-6.595188112110112,3.760379101051684,1.3811117275426543,1.0230657787493558,-0.0442564755495137,1.7581891423153435,-5.53164430387682,-5.26971651857621,-6.098586327482282,-0.0324529338944409,-0.2936030865634773,15.327968305739608,-5.396258637055971,,,,-2.07813377956821,-4.217700194064393,12.582332781237108,4.326477057941364,-6.51139544197865,10.524440846205009,-5.943469503228777,2.495180481585162,-5.536730817223516,1.2244684782599875,0.2291497115766187,0.997561123533244,0.2527725940242247,0.1748765258589812,0.8836452167628345,-1.7002164282659875,0.8884605661503463,-7.538700150698519,-6.946078358171765,-5.927691373738294,-5.804725385557533,-6.901555068208348,-6.909232600172073,-6.132576862345819,-4.618106626028208,8.27066050673609,-6.896674270767766,-3.440420164196951,-3.570750183230379,-4.30693675458883,-4.271144935909072,7.486107598670396,13.57629230704166,4.5345562089593106,11.388820067492398,-0.9597461913665336,-1.0585893235143415,,,,,,1.9609173834973104,,-2.877592751008731,12.003686043290443,-1.3991492538319026,0.5725115482324548,0.4514735777783208,1.164269676546736,1.7195540144777042,1.112606802566925,10.085456160254736,0.9796439963400188,0.8967072820696655,0.7117429542151492,-1.407443696812115,-4.01051201284391,-4.453107943228673,-4.488158711427154,-4.965551873011159,-1.5135719913038084,-2.833127978478634,-4.1323932531183285,-3.9119010574680657,,,,,,,,,,,,,,,,,,,,,,,,,,,,,,,,,,,,,,,,,,,,,,,,,,,,,,,,,,,,,,,,,,,,,,,,,,,,,,,,,,,,,,,,,,,,,,,,,,,,,,,,,,,,,,,,,,,,,,,,,,,,,,,
SRR6451671,-1.819910885644787,,-0.3977840227017279,,,,,,,,,,,,,,,,,,,,,,,,,,,,,,,,,,,,,,,,,,,-1.5195793399481323,-2.0277254269398,,,,,,,,,,,,,,,,,,,,,,,,,,,,,,,,,,,,,,,,,,,,,,,,,,,,,,,,,,,,,-1.5493584600608536,,,,,,-1.019968269471344,,,,,,,,,,,,,,,,,,,,,,,1.6253019116269285,5.945535488978523,7.162591338987516,4.329245285034993,3.814677150801811,18.88008116546556,7.475017165018383,2.085821658963381,7.022995844865418,1.848363290320574,-1.6921332248884218,0.361463623496962,1.640660597930698,12.046051127791648,1.052362074780253,85.10298999874975,7.36666982290124,7.834123416161989,3.4988695323090147,4.242461505037679,0.166633235690222,0.6470904888296937,3.260335900838062,19.236360950116563,8.990584109345743,38.282915308425245,14.675125036905143,6.667901084064237,3.665725534958177,7.1988344090925285,13.65433006694716,23.003872950904128,23.975693614058493,13.265684306656286,3.148535999608916,0.7583603164367666,5.321095545404496,24.12820487345449,7.267155730826735,7.195522834458927,12.281477204276994,11.694507458373682,3.741804079961368,9.336327760304007,34.48097092170429,15.30609874669869,18.183573073517252,8.884926981795111,19.919071504216824,17.68823492185136,18.41967483217644,34.80732016122934,7.403457458053777,9.3724283884915,4.36077990670176,11.905451500351148,28.66414160218712,3.453648823313434,41.98050161514208,32.943052846440104,1.0951288171495344,18.882591378386625,8.018984397032924,1.343655526713414,,,,,,,,,,,,,,,,,,,,,,,,,,,,,,,,,,,,,,,,,,,,,,,,,,,,,,,,,,,,,,,
SRR6451672,-1.764400987929636,-1.7494572033415738,-1.0025927853953551,,,,,,,,,,,,,,,,,,,,,,,,,,,,,,,,,,,,,,,,,,,,,,,,,,,,,,,,,,,,,,,,,,-0.5284123563894781,1.5785573096953338,,,,,,,,,,,,,,,,,,,,,,,,,,,,,,,,,,,,,,-1.6331631663432205,,,,,,,,,,,,,,,,,,,,,,,,,,,,,,,,,,,,,,,,,,,,,,,,,,,,,,,,,,,,,,,,,,,,,,,,,,,,,,,,,,,,,,,,,,,,,,,,,,,,,,,,,,,,,,,,,,,,,,,,,,,,,,,,,,,,,,,,,,,,,,,,,,,,,,,,,,,
SRR6451673,-1.8125058040037416,-3.508257704990504,,,,,,,,,,,,,,,,,,,,,,,,,,,,,,,,,,,,,,,,,,,,-1.4397578919715652,-5.049903895794336,,,,,,,,,,,,,,,,,,,,,,-1.502176048612821,-1.3440288247710293,-1.1608700248383643,-1.4563157033900689,,,,,,,,,,,,,,,,,,,,,,,,,,,,,,,,,,,,,,,,,,-1.6209377182910896,,,,,,,,,,,,,,,,,,,,,,,,,,,,,,,,,,,,,,,,,,,,,,,,,,,,,,,,,,,,,,,,,,,,,,,,,,,,,,,,,,,,,,,,,,,,,,,,,,,,,,,,,,,,,,,,,,,,,,,,,,,,,,,,,,,,,,,,,,,,,,,,,,,,,
SRR6451674,-0.3920753860347891,-5.054767064153674,,,,,,,,,,,,,,,,,,,,,,,,,,,,,,,,,,,,,,,,,,,,-1.0154897399232277,-1.6238825018724157,,,,,,,,,,,,,,,,,,,,,,,,-1.1016612363289346,-1.601467892895157,,,,,,,,,,,,,,,,,,,,,,,,,,,,,,,,,,,,,,,,,,,,6.331541119174966,107.582636311497,9.312820365705882,11.708993759067036,4.038791304989497,3.777529784374189,5.041629827683936,5.050008663270775,27.525857637966677,9.30098445726288,18.186197131125063,6.5510378723595775,54.53999553878424,27.378922682367797,-1.900982691251781,11.323067373853425,-0.7158145772736974,8.081414379087947,14.59044880964695,10.742791991103882,-2.217933462387207,,,,,,,,,,,,,,,,,,,,,,,,,,,,,,,,,,,,,,,,,,,,,,,,,,,,,,,,,,,,,,,,,,,,,,,,,,,,,,,,,,,,,,,,,,,,,,,,,,,,,,,,,,,,,,,,,,,,,,,,,,,,,,,
SRR6451675,,-1.7629166746328475,-1.33674884600024,,,,,,,,,,,,,,,,,,,,,,,,,,,,,,,,,,,,,,,,,,,-0.2722807253526744,-1.972460032044783,,,,,,,,,,,,,,,,,,,,,,,,,-1.4758511427055347,,,,,,,,,,,,,,,,,,,,,,,,,,,,,,,,,,,,-1.016007706243412,,,,,,,,-3.669057564776398,6.340067855009071,0.2575621031658851,0.180529216242473,0.4153940837849137,0.9121036009517344,1.2178295085619375,0.6177893631167719,9.56612185903488,1.529726641150612,1.1059928893828477,-0.7508381254535839,-1.9591428747181043,-4.844630383604483,-4.803959566286596,1.156758432158457,-0.0594965928825137,-0.0326897800311774,-5.29112034172657,-4.825764080316444,-4.847489973263313,,,,,,,,,,,,,,,,,,,,,,,,,,,,,,,,,,,,,,,,,,,,,,,,,,,,,,,,,,,,,,,,,,,,,,,,,,,,,,,,,,,,,,,,,,,,,,,,,,,,,,,,,,,,,,,,,,,,,,,,,,,,,,,
SRR6451676,16.48083526024222,-1.6426283642409854,-1.2122553343558675,,,,,,,,,,,,,,,,,,,,,,,,,,,,,,,,,,,,,,,,,,,,,,,,,,,,,,,,,,,,,,,,,,-1.9580759164878816,-1.958258468578811,,,,,,,,,,,,,,,,,,,,,,,,,,,,,,,,,,,,,,-1.57447495980555,,,,,,,,,,,,,,,,,,,,,,,,,,,,,,,,,,,,,,,,,,,,,,,,,,,,,,,,,,,,,,,,,,,,,,,,,,,,,,,,,,,,,,,,,,,,,,,,,,,,,,,,,,,,,,,,,,,,,,,,,,,,,,,,,,,,,,,,,,,,,,,,,,,,,,,,,,,
SRR6451677,-1.75650783751572,0.6184082482922093,0.9850036912996344,,,,,,,,,,,,,,,,,,,,,,,,,,,,,,,,,,,,,,,,,,,-0.4966170747432721,,,,,,,,,,,,,,,,,,,,,,,,,,-1.8341781023127184,,,,,,,,,,,,,,,,,,,,,,,,,,,,,,,,,,,,-1.0038201194194372,,,,,,,,,,,,,,,,,,,,,,,,,,,,,,,,,,,,,,,,,,,,,,,,,,,,,,,,,,,,,,,,,,,,,,,,,,,,,,,,,,,,,,,,,,,,,,,,,,,,,,,,,,,,,,,,,,,,,,,,,,,,,,,,,,,,,,,,,,,,,,,,,,,,,,,,,,,
SRR6451678,-1.6714599946074915,-1.7095516735068392,-1.1530696257136548,,,,,,,,,,,,,,,,,,,,,,,,,,,,,,,,,,,,,,,,,,,-1.3738565357162211,,,,,,,,,,,,,,,,,,,,,,,-0.2155728577639153,4.347677262392679,,-1.8349750894724024,,,,,,,,,,,,,,,,,,,,,,,,,,,,,,,,,,,,,,,,,,,,-0.1047680988443669,2.8728622946188835,0.6243291909895867,17.8683646986183,12.563693261223142,10.029128727363789,21.453981210686063,20.680946655503064,38.87842684118219,11.324597961906624,16.062421976339785,21.8870496501904,-1.7482986112492276,-2.1801093090200663,-2.1801093090200663,-2.110997177362143,2.899429813845657,-2.0371133500347915,-1.5061249170803956,-1.8262465181582712,-2.1050181757218107,,,,,,,,,,,,,,,,,,,,,,,,,,,,,,,,,,,,,,,,,,,,,,,,,,,,,,,,,,,,,,,,,,,,,,,,,,,,,,,,,,,,,,,,,,,,,,,,,,,,,,,,,,,,,,,,,,,,,,,,,,,,,,,
SRR6451679,,,,,,,,,,,,,,,,,,,,,,,,,,,,,,,,,,,,,,,,,,,,,,,,,,,,,,,,,,,,,,,,,,,,,,,2.6227216005139167,,,,,,,,,,,,,,,,,,,,,,,,,,,,,,,,,,,,,,,,,,,,,,,,,,,,,,,,,,,,,,,,,,,,,,,,,,,,,,,,,,,,,,,,,,,,,,,,,,,,,,,,,,,,,,,,,,,,,,,,,,,,,,,,,,,,,,,,,,,,,,,,,,,,,,,,,,,,,,,,,,,,,,,,,,,,,,,,,,,,,,,,,,,,,,,,
SRR6451680,-1.8969498730304788,,,,,,,,,,,,,,,,,,,,,,,,,,,,,,,,,,,,,,,,,,,,,,-1.9669302641961903,,,,,,,,,,,,,,,,,,,,,,,,-1.1037128856047873,,,,,,,,,,,,,,,,,,,,,,,,,,,,,,,,,,,,,-1.5327364835408217,,,,,,,,,,,,,,,,,,,,,,,,,,,,,,,,,,,,,,,,,,,,,,,,,,,,,,,,,,,,,,,,,,,,,,,,,,,,,,,,,,,,,,,,,,,,,,,,,,,,,,,,,,,,,,,,,,,,,,,,,,,,,,,,,,,,,,,,,,,,,,,,,,,,,,,,,,,
SRR6451681,-1.9184046254826177,,-1.363240582764879,,,,,,,,,,,,,,,,,,,,,,,,,,,,,,,,,,,,,,,,,,,-0.8355258287277729,,-2.62639503043953,-3.4456916090480516,-5.145636783416985,1.341066018437577,-4.857619253106619,-5.362662621816813,-5.861502030036396,-5.3961022440258315,8.352262736149713,-5.3688709154975465,-5.1048586336125314,-3.19356683125473,-3.577809976820065,-1.8768345050025808,-3.3426501912706605,-4.785005880222455,-4.8213696316356,-4.567622289791654,-4.07973827493255,-4.766749269904522,-4.07973827493255,17.506385869680763,-2.125731006128422,3.134979069480446,-1.3422491514517114,,,,,,,,,,,,,,,,,,,,,,,,,,,,,,,,,,,,-1.0865753547758912,,,,,,-1.3019541521690587,,,,,,,,,,,,,,,,,,,,,,,,,,,,,,,,,,,,,,,,,,,,,,,,,,,,,,,,,,,,,,,,,,,,,,,,,,,,,,,,,,,,,,,,,,,,,,,,,,,,,,,,,,,,,,,,,,,,,,,,,,,,,,,,,,,,,,,,,,,,,,,,,,,,,
SRR6451682,-1.3888182134429947,-4.348124269512504,-1.113481796769833,,,,,,,,,,,,,,,,,,,,,,,,,,,,,,,,,,,,,,,,,,,0.8681933837198447,,-1.797264310403074,-5.2137781725837,7.170477834553315,-3.4703873728179633,-3.2962526123696567,1.7537594204827176,-4.342994246395948,-4.650667614489311,-4.0215166922884675,-2.9436901134464053,-4.411796828122795,-1.9782427877055415,-3.093853105785844,-4.202748067250212,-3.1576495395679074,-2.647061224079827,-1.8451296086337672,-3.2250740606375263,-1.6917790537274462,0.0703527562976063,-0.3556329482249014,,,-1.1524988687957234,-1.5230366275500975,-0.0300942282974918,9.11352840841442,41.86298441760105,43.590720128550906,1.8136402207472933,0.9345558680250816,15.389257325455512,28.43165503148661,-1.3836032178932751,-0.9729457952592973,1.135249550229415,6.080168978099619,5.585534972049251,6.175222340279178,6.869265931987669,1.0138716308987377,-2.154031224926524,-1.9435162222023457,-1.2069697295636304,2.616574086972742,-1.9435127173511737,-1.9435162222023457,-1.550812937824578,-1.4449170181845985,32.330649460636295,39.79153771437376,58.29488948241437,10.24752668412872,42.361529828989745,26.548038054193174,36.60527302695614,55.5434106001273,2.8168006708240028,21.171964651321662,18.961596830737,-1.6155726284148186,,,,,,,,7.779599445797265,20.093135784024017,14.826558094326224,15.3909625213316,2.861450093437908,4.478801988735684,0.5791143732558298,0.5017468271695191,49.06292069937946,9.925005852261055,21.46859628974696,3.896183125533206,-0.9946492931123838,-2.092322676772415,-1.7974720527768735,14.36807700346814,0.9236333479865964,13.11880846713687,28.791399887156633,21.466848813328703,-2.237997411229657,,,,,,,,,,,,,,,,,,,,,,,,,,,,,,,,,,,,,,,,,,,,,,,,,,,,,,,,,,,,,,,,,,,,,,,,,,,,,,,,,,,,,,,,,,,,,,,,,,,,,,,,,,,,,,,,,,,,,,,,,,,,,,,
SRR6451683,-1.6884728520747256,,,,,,,,,,,,,,,,,,,,,,,,,,,,,,,,,,,,,,,,,,,,,,,,,,,,,,,,,,,,,,,,,,,,,,-1.202123904763722,-1.8443223070404229,,,,,,,,,,,,,,,,,,,,,,,,,,,,,,,,,,,,,,,,,,,,,,,,,,,,,,,,,,,,,,,,,,,,,,,,,,,,,,,,,,,,,,,,,,,,,,,,,,,,,,,,,,,,,,,,,,,,,,,,,,,,,,,,,,,,,,,,,,,,,,,,,,,,,,,,,,,,,,,,,,,,,,,,,,,,,,,,,,,,,,,,,,,,,,,
SRR6451684,-1.2003031091447265,-3.6701548008481097,-1.290366556405372,,,,,,,,,,,,,,,,,,,,,,,,,,,,,,,,,,,,,,,,,,,-1.547589083797312,-1.5657681633848897,-5.6286211108451845,-1.7194837193458885,-0.2535492017550538,1.2362494280495586,-7.931491318899761,-1.6383068394136098,-10.146615384424358,-9.395729357237927,-8.525653426277213,-5.489620742197023,-8.55184517019818,-5.745915380019094,-7.3510190475127635,-6.144063405211992,2.1161725760247077,2.485374939474691,-1.8068241812319383,2.295381928470165,3.6432335664261446,-0.8445525015840956,-4.839122270510149,,,2.303452178895919,,,,,,,,,,,,,,,,,,,,,,,,,,,,,,,,,,,,,-1.3486563815987525,,,,,,0.9966794130924044,,,,,,,,,,,,,,,,,,,,,,,,,,,,,,,,,,,,,,,,,,,,,,,,,,,,,,,,,,,,,,,,,,,,,,,,,,,,,,,,,,,,,,,,,,,,,,,,,,,,,,,,,,,,,,,,,,,,,,,,,,,,,,,,,,,,,,,,,,,,,,,,,,,,,
SRR6451685,10.156614020838497,,,0.2525708185251259,0.3304920316545155,-0.2265357236074384,-1.4091747714802343,-0.5950312279415496,1.7554248118198634,-0.1085119667725585,1.1110797061319866,-3.3001857258153007,-0.5097180511544499,4.049165100802181,-0.576893771191635,6.913999783323783,-1.7154428661985524,-0.3902232126529775,1.1299689237677055,14.619353641137046,-3.316852352946446,-4.559835885781943,-1.6080568207818846,-1.6080568207818846,-1.478820230619458,4.958876604784837,-0.1218360339139778,0.0785874918309744,-0.5095458044012579,0.5787763168961617,-0.321210053026936,0.7540031151485743,-1.785315289211326,-3.316852352946446,2.8962438261288534,1.2997664578727155,-3.1641208426471854,3.097113979311272,6.431817426858592,1.9739527667504129,2.494098461421761,-1.6080568207818846,-1.6080568207818846,1.4936213431163556,-1.610630247594155,-1.1187236339127418,,-2.0754973470851636,-6.169394646987216,0.4191631581048472,-5.20575747868216,-5.044969869921679,-5.912318689582514,-6.6387807025540955,-6.303674215224136,-5.703716298755035,-4.322910411839581,-5.650798603009947,-2.1581370552705086,-3.701150483232072,-3.0773136422575966,19.90685217470404,15.666916368634556,25.142903674858683,-4.6399730297949295,0.1970946280118188,1.7279800311268698,3.2547638308695768,-1.404213291323381,-1.70832516869267,,-1.6479211883466094,,,,,,,,,,,,,,,,,,,,,,,,,,,,,,,,,,,,,,,,,,,,,,,,,,,,,,,,,,,,,,,,,,,,,,,,,,,,,,,,,,,,,,,,,,,,,,,,,,,,,,,,,,,,,,,,,,,,,,,,,,,,,,,,,,,,,,,,,,,,,,,,,,,,,,,,,,,,,,,,,,,,,,,,,,,,,,,,,,,,,,,,,,,,,,,
SRR6451686,-1.814649623931759,3.8157749158624017,-1.170626424892896,,,,,,,,,,,,,,,,,,,,,,,,,,,,,,,,,,,,,,,,,,,-1.481583864597395,41.70720778981677,,,,,,,,,,,,,,,,,,,,,,-1.9429154710275804,-1.4736874570178236,,-1.547984679061342,,,,,,,,,,,,,,,,,,,,,,,,,,,,,,,,,,,,6.796423119262671,,,,,,,,,,,,,,,,,,,,,,,,,,,,,,,,,,,,,,,,,,,,,,,,,,,,,,,,,,,,,,,,,,,,,,,,,,,,,,,,,,,,,,,,,,,,,,,,,,,,,,,,,,,,,,,,,,,,,,,,,,,,,,,,,,,,,,,,,,,,,,,,,,,,,,,,,,,
SRR6451687,-1.7476174271837177,-1.7389538621530456,-0.9019125071891284,,,,,,,,,,,,,,,,,,,,,,,,,,,,,,,,,,,,,,,,,,,4.428151572760058,-1.7652476216219342,-4.250264254252332,-5.46873371212333,5.950989229207382,-5.334858984558183,-5.334858984558183,-5.407452260442286,-5.548681205476694,-5.262965428765625,-3.047106343249,-0.3795811857285264,1.411266943786538,1.478914343331994,0.951606284669328,0.6896567221121207,-5.109868093262342,-5.172929329817106,-5.2948333339773646,-5.154743556944501,-5.058810111520868,-4.6544229246842725,-4.94510835034248,-0.2686818635066567,-1.6004928676555077,-1.1097922139843066,-1.1519239575465898,,,,,,,,,,,,,,,,,,,,,,,,,,,,,,,,,,,,,,,,,,-1.647906943735456,33.49389647838737,42.13299202858185,60.38541425940504,0.4182291236247193,33.066236513854626,-0.0163635016359463,27.06620060415869,41.60834758508783,45.37375203686306,25.896358289208,43.20155926709936,13.824262292321704,43.09635884760775,2.1562570144324384,-0.7043952667028268,-1.7094492848397644,48.111690795125234,26.4730795500931,31.888424586104477,32.21352065773892,55.11024999044085,45.83608966961633,5.031598721595375,6.858453219313225,4.783572615613655,2.725045836827962,0.8888244654739668,10.814733819896686,7.222689575888197,11.739644341943848,9.5327472862576,4.492633505770207,4.685928373091832,4.197662714031408,3.753710891742577,9.3637175621015,3.5927966527954927,110.82822103491002,9.721697583600902,15.333098108703467,0.8191409480690159,10.651963336154015,2.135315159394796,-0.3107487058037349,-0.9655969652467156,1.633533063333633,3.240304388063182,10.827532831669986,2.208084842137739,5.444728777631503,-0.4428488486828827,0.5467148384347943,22.77838231405979,13.900699421470536,15.292439251462442,-0.6201533092304726,-1.1861728306924408,-0.716905646792982,0.227442676880947,7.433931518319906,3.892973430915225,2.8504085734652453,4.23701048178053,0.0139115236594754,1.071319105877844,0.0080871233289977,16.703491829147847,10.104614502606658,-1.274486412894704,0.9498723601098996,0.9867030658127104,1.0683177053299893,1.9040181306801056,5.525877001681117,-1.0470204846288471,0.1353075744766585,-0.3286880089667123,-0.839528290450432,14.433609376293584,5.376630530033989,-0.8113486398124854,2.661839078690156,-1.770601733095612,26.00681969431488,6.590363084931339,2.352284634600494,,,,,,,,,,,,,,,,,,,,,,,,,,,,,,,,,,,,,,,,,,,,,,,,,,,,,,,,,,,,,,,
SRR6451688,,7.748254930758273,-1.2065949272716272,,,,,,,,,,,,,,,,,,,,,,,,,,,,,,,,,,,,,,,,,,,-1.4248364230412618,,,,,,,,,,,,,,,,,,,,,,,-1.276778555824534,-1.8966544547019413,,0.3374250209702426,,,,,,,,,,,,,,,,,,,,,,,,,,,,,,,,,,,,,,,,,,,,-3.347952973736045,15.896878566759788,-1.8537492139280825,0.4920814482432957,0.1417778441905494,0.905796278395742,1.0843799564168322,0.8038129753085953,17.695784689351104,1.4274164217968603,0.8487971756197737,1.7632361990822891,-1.6355266347182835,-4.5042031106543865,-4.5008011881856085,-4.494433490159572,-5.409513007803523,-1.99182234504623,-3.1627376659998085,-4.416835936791167,-4.691170295202151,,,,,,,,,,,,,,,,,,,,,,,,,,,,,,,,,,,,,,,,,,,,,,,,,,,,,,,,,,,,,,,,,,,,,,,,,,,,,,,,,,,,,,,,,,,,,,,,,,,,,,,,,,,,,,,,,,,,,,,,,,,,,,,
SRR6451689,-3.391189419367004,-1.9753054992247696,-1.5017826906617782,,,,,,,,,,,,,,,,,,,,,,,,,,,,,,,,,,,,,,,,,,,0.3626351341446123,,,,,,,,,,,,,,,,,,,,,,,-1.521356554945131,-1.5688143100057168,,8.17453048378117,,,,,,,,,,,,,,,,,,,,,,,,,,,,,,,,,,,,-1.8929801740459489,,,,,,,,21.448021148524667,59.501441356784305,35.46509367971938,31.09874264343439,30.836653053856377,35.03571571910195,32.5752484914497,41.73792897317571,2.789577643294592,30.53610347953591,5.242833109328992,3.858216668783867,-0.8823715789370378,-0.8623670468903885,-0.8884441340307153,38.6801303578521,43.80156071292888,50.9288236947407,27.770179882356175,43.71041270657371,49.58551532413834,,,,,,,,,,,,,,,,,,,,,,,,,,,,,,,,,,,,,,,,,,,,,,,,,,,,,,,,,,,,,,,,,,,,,,,,,,,,,,,,,,,,,,,,,,,,,,,,,,,,,,,,,,,,,,,,,,,,,,,,,,,,,,,
SRR6451690,-1.7633215568976752,-1.5999422519184163,-1.174550747939485,,,,,,,,,,,,,,,,,,,,,,,,,,,,,,,,,,,,,,,,,,,-1.390607192157725,,1.343110704458912,5.152349961123769,8.819417168270483,-5.950102591661428,32.040337054744256,17.631482378415868,0.3126017503712671,9.007156968500905,-2.088975003948802,-0.3867269536262956,0.869124389806459,2.005266163694688,3.780132921094004,0.4241821242662257,-6.089675035846906,-3.685873651840698,-5.950102591661428,43.14260381452524,15.320114689262972,1.5741564303923066,-5.1525987248798515,0.8284423359266129,-1.657706169962519,,-1.4153810474998028,,,,,,,,,,,,,,,,,,,,,,,,,,,,,,,,,,,,,,,,,,-0.616032037956944,-1.80972758631484,,,,,,,,,,,,,,,,,,,,,,11.768129795987411,3.959047061921955,3.5992495376167306,1.5065425426640882,-1.603961944947282,2.252972582484207,-1.094893672855424,-1.0814418246123607,-0.6563810651091619,1.4563114205585828,3.290512678618321,1.3363847343926083,6.307437902031068,8.122771828637811,1.95069433445928,65.33247617460317,6.738536626405578,4.494663934403032,0.5929775857200577,2.7152184695920094,3.5062633048119594,-0.5943503506759111,-1.3181061446858349,0.3282150068525672,2.056450779091261,30.66539212729932,11.586591233862444,3.245296197181561,2.565212932336886,0.7785071509754836,6.255050540657216,5.017218764671157,3.2185193651350916,0.5472747866043352,-1.1943071079367416,-1.4373671489939948,2.155557528849527,12.184480297159023,7.229427727851897,5.174105823428777,4.758757804107224,7.792649162089249,3.1834727647893004,-0.967903193889053,11.47018826519867,1.3204625457186263,-1.794764957343335,-0.1013702905701508,1.9683922174142776,1.2821177936002497,0.2898738972712378,5.288278776671903,1.102090845636072,6.433972847703894,4.714391728746759,-1.5124816661877938,15.494710149992564,0.2560327034932258,0.8061604488148477,10.40507118675776,0.2815730539556982,15.703521261597782,6.1445736675659255,-1.0588799855878857,,,,,,,,,,,,,,,,,,,,,,,,,,,,,,,,,,,,,,,,,,,,,,,,,,,,,,,,,,,,,,,
SRR6451691,-1.8756292180394176,57.8262752095355,,,,,,,,,,,,,,,,,,,,,,,,,,,,,,,,,,,,,,,,,,,,-1.1052543978227094,1.2958550205129862,,,,,,,,,,,,,,,,,,,,,,,,,-1.3805018576703063,,,,,,,,,,,,,,,,,,,,,,,,,,,,,,,,,,,,-0.8291926689907794,,,,,,,,,,,,,,,,,,,,,,,,,,,,,,,,,,,,,,,,,,,,,,,,,,,,,,,,,,,,,,,,,,,,,,,,,,,,,,,,,,,,,,,,,,,,,,,,,,,,,,,,,,,,,,,,,,,,,,,,,,,,,,,,,,,,,,,,,,,,,,,,,,,,,,,,,,,
SRR6451692,-4.2417885133837165,-3.5759716084223885,-1.2325534367549158,,,,,,,,,,,,,,,,,,,,,,,,,,,,,,,,,,,,,,,,,,,-1.3945430503928564,,9.870758237145331,31.789569833429457,14.328018086332364,-3.0937288752490995,48.619936701889216,47.02278793996718,108.5644697225662,55.35896488690285,60.93303382653461,41.21390243272764,0.832936640091346,3.0562032548636853,51.870320596053006,0.3033977903910321,59.96066884515749,38.26547167496485,8.776342035715231,16.025037396344043,3.3714696539937155,6.606995220393827,13.479492604214878,5.191903021113448,0.6037521572168142,,3.528335782254543,,,,,,,,,,,,,,,,,,,,,,,,,,,,,,,,,,,,,,,,,,,,,,,,,,,,,,,,,,,,,,,,,,,,,,,,,,,,,,,,,,,,,,,,,,,,,,,,,,,,,,,,,,,,,,,,,,,,,,,,,,,,,,,,,,,,,,,,,,,,,,,,,,,,,,,,,,,,,,,,,,,,,,,,,,,,,,,,,,,,,,,,,,,,,,,
SRR6456128,-1.844387173484726,-1.291065377224201,-1.3032386193486245,,,,,,,,,,,,,,,,,,,,,,,,,,,,,,,,,,,,,,,,,,,-1.122213921717251,,-7.6754931120175645,-7.678650445027286,-6.938442044078807,-0.9560883030231044,-7.644938644977891,-8.074629833866185,-8.117399818491645,-8.067101706389115,-7.707506026289206,-7.842738098884346,-7.861518898683119,-7.692587171819288,-6.905682520190702,-5.061301346571509,-7.25607249914912,-7.650869531475262,-7.9611226491581775,-7.912136394989401,-7.6754931120175645,-7.925496282489976,-7.692587171819288,,,-1.3167406643452435,0.7911653199990614,,,,,,,,,,,,,,,,,,,,,,,,,,,,,,,,,,,,,,,,,,,,,,,,,,,,,,,,,,,,,,,,,2.5611998866703787,-0.4238937510284219,0.396950389823232,-0.9081148090206208,4.148120439217785,4.226281602710016,4.816819967441127,1.6635772724671731,-0.2171473196128931,1.7683635102069943,-1.5933289293228972,1.4783723580463497,0.7708934650663486,13.099226583668178,3.002370615351371,45.94991770826608,7.468677753456054,4.241991330806389,-0.7537101409835432,14.169531923716209,7.274261737304218,3.1153465156768423,3.154524114448107,6.1229126363176505,5.846098048121432,12.782829511552247,2.37872600219535,1.9596584073885304,-1.10224935238003,2.379901179968395,5.710815967513778,7.30293243857352,1.3834861911920924,3.1590248511525205,-0.1833122197832724,-1.265942544694319,2.1039778583132955,1.6530573447219852,-0.0912462578093208,0.3420235725696898,1.8549795442196892,3.664242037700108,1.066007598657175,0.2557118077030074,11.1290883847491,8.03191904487755,0.371125543337376,5.303758048630195,2.1974087437489014,6.197797185636263,2.8098348897767065,22.39136580899223,22.94476064345979,1.406322833271064,7.560872093091439,3.3623418510450263,2.6821984439900897,1.4624802753553792,-1.0610564121704469,5.488938220271857,0.4746786621703796,-0.8083169148740819,0.3398907111036979,-1.2275263093734268,,,,,,,,,,,,,,,,,,,,,,,,,,,,,,,,,,,,,,,,,,,,,,,,,,,,,,,,,,,,,,,
SRR6456129,-1.7604319961528478,,-1.4767873421476037,,,,,,,,,,,,,,,,,,,,,,,,,,,,,,,,,,,,,,,,,,,-0.3002561719112219,-0.4281884445000977,,,,,,,,,,,,,,,,,,,,,,,,-1.1376103441511414,,,,,,,,,,,,,,,,,,,,,,,,,,,,,,,,,,,,,,,,,,,,,,,,,,,,,,,,,,,,,,,,,,,,,,,,,,,,,,,,,,,,,,,,,,,,,,,,,,,,,,,,,,,,,,,,,,,,,,,,,,,,,,,,,,,,,,,,,,,,,,,,,,,,,,,,,,,,,,,,,,,,,,,,,,,,,,,,,,,,,,,,,,,,,,,,
SRR6456130,,,,,,,,,,,,,,,,,,,,,,,,,,,,,,,,,,,,,,,,,,,,,,,,,,,,,,,,,,,,,,,,,,,,,,,2.713006513727959,,,,,,,,,,,,,,,,,,,,,,,,,,,,,,,,,,,,,,,,,,,-0.7449488388903753,,,,,,,,,,,,,,,,,,,,,,,,,,,,,,,,,,,,,,,,,,,,,,,,,,,,,,,,,,,,,,,,,,,,,,,,,,,,,,,,,,,,,,,,,,,,,,,,,,,,,,,,,,,,,,,,,,,,,,,,,,,,,,,,,,,,,,,,,,,,,,,,,,,,,
SRR6456131,-1.5184566288243848,-3.3940932829573756,-1.017889424024606,1.2295202201074786,2.344038872220978,2.341832910208138,-1.1805884552435513,-0.6760356265887623,1.828320608152021,0.9469997419512712,1.3986558917217085,-3.3161785022870727,1.793439544016696,1.0600630214540632,-1.6093545246699863,4.8049454717104245,-0.125807380807969,1.9335548828247149,1.2359557355179542,3.931736527178564,-3.316179751631157,-3.3832086852785,-1.6093545246699863,-1.6093545246699863,2.1671823928266103,2.706354257816634,2.1671823928266103,0.5533340480823672,2.1656195362863957,-0.74982772149247,-0.4079250697512396,2.791833782563147,-1.8009341299840265,-3.397739613761992,2.7115329218776756,0.793896241009666,-2.0372246647942975,-3.3613275669782405,-0.8594971927879577,-1.4353057833423986,1.8324315126514987,-1.6093545246699863,1.5663697014066973,1.1372177789639022,-0.1727243690029998,-0.4734342225208912,,,,,,,,,,,,,,,,,,,,,,,,,,-1.8403121105929048,,,,,,,,,,,,,,,,,,,,,,,,,,,,,,,,,,,,-1.4987894715949632,,,,,,0.7064158259940311,,,,,,,,,,,,,,,,,,,,,,,1.4815050456756,-0.5858249453226652,0.4090673356757604,-0.4754332713834059,-0.2870879833105277,3.9624343174286816,7.699361845438171,4.434368618476306,0.9897886407452732,2.531847072984044,2.4623828094490885,2.3456644682018517,2.5326088487216056,12.303246367116277,2.376578312883565,69.61594448371024,8.537661050691177,6.076640178259824,0.0526742855755309,7.3061618132905535,3.7699735315275538,0.6517725672382928,6.291739198897027,8.900726593107047,8.854954145732323,12.776292424019616,9.49117217250032,8.56046253419945,1.84601327648239,5.469234035471757,14.870799331013565,8.247610287723745,3.8606272536178303,7.297963255316699,4.643128200850166,1.7511871944875137,1.2935588932131414,8.555094243738683,0.4957126950094346,2.201559920391579,4.022512516005674,4.2827968043549856,0.1121779456165567,-0.6497019309141189,3.97136922144372,3.4312806154920295,0.4163345150715019,1.5585520257446668,4.109520185168049,3.369426281108621,2.747408478106153,4.95513970294757,0.7085791040399447,7.518069933165211,3.188954560498248,0.2314821166887251,19.83691567745482,5.539118366713379,4.566177654036241,4.593432425388947,-0.8190036143650059,3.6658167861349824,3.532138449634334,-0.1415664518198272,,,,,,,,,,,,,,,,,,,,,,,,,,,,,,,,,,,,,,,,,,,,,,,,,,,,,,,,,,,,,,,
SRR6456132,-1.7770858526877695,-1.7895839656055594,,,,,,,,,,,,,,,,,,,,,,,,,,,,,,,,,,,,,,,,,,,,-1.2805136949126177,,-4.0510372483405845,-5.158119041749061,0.3325999568537622,-4.230968755223177,5.5862908284811335,0.6762913313811656,1.2076757706646568,20.62886753308322,-0.7580001861743246,0.3700617066939327,0.7278311436663518,-0.1054282575030094,0.7967290922871487,0.2699209191629159,-0.86948395633145,-4.589082739888373,-4.746622843590337,-4.76645569314292,-4.189513976057149,-4.7664555441641525,-4.189513976057149,,,,-1.2467448134268375,,,,,,,,,,,,,,,,,,,,,,,,,,,,,,,,,,,,,,,,,,,,,,,,,,,,,,,,,,,,,,,,,,,,,,,,,,,,,,,,,,,,,,,,,,,,,,,,,,,,,,,,,,,,,,,,,,,,,,,,,,,,,,,,,,,,,,,,,,,,,,,,,,,,,,,,,,,,,,,,,,,,,,,,,,,,,,,,,,,,,,,,,,,,,,,
SRR6456133,,-1.9047008368393568,-1.2850794679564663,,,,,,,,,,,,,,,,,,,,,,,,,,,,,,,,,,,,,,,,,,,-1.3672500159778775,,-5.19752882758105,-6.224933825525055,-0.6957565730951328,-5.850708175894122,-5.850708175894122,-6.069862362641097,-6.4602370844616095,-6.230434676068983,-6.0384799688908215,-4.622708536914326,-5.983587080090462,-5.450486956711863,-5.74770562173939,-4.672839088708718,9.538963218480584,-3.055995824249855,-5.5374599079625275,12.877804535688666,-4.575433254937111,7.754026532799418,-5.2263186046211825,-1.7882211311394032,-1.7945488882609837,,41.82883439986358,,,,,,,,,,,,,,,,,,,,,,,,,,,,,,,,,,,,,,,,,,,,,,,,,,,,,,,,,,,,,,,,,10.626709638511246,9.996684112253783,2.946857085303022,7.368466913002871,9.34690749992391,1.9320025836554664,1.5274939971279684,6.934998838628707,0.1238480742304514,3.488016242083948,4.842142148027438,1.2663941444061049,-0.7170487709116501,16.143236256100607,2.5748416510679593,52.31776793173157,7.795214276175006,17.25670259030154,1.6847884388316086,6.523719235360026,3.717390667917559,3.216846365812499,0.753936302586438,14.23852040063724,3.870760983597159,22.67935898471976,11.098779081862228,2.2345031280584227,-0.3767558211858309,7.059117254650705,16.380770490361456,32.408999821188786,16.38551399213996,22.326599246338883,3.963969810668741,0.4862115595502214,9.383687933566478,41.195245213750866,9.356893447414588,13.676443416074706,18.99113196052201,11.937007908184972,4.767114998106033,12.200335517421836,69.15559425104168,94.65301166520774,4.848663231070894,11.248331948818787,27.201279742282836,9.712730879429522,14.681106666014747,12.782185479051517,1.120263806009094,0.1688865650664691,0.886148922427524,1.733703565319403,15.788778295612987,0.9648975579142204,8.07550475875618,14.296303102140213,-0.0909595845479932,15.163507836115691,2.924824682786064,-1.3314859096427267,,,,,,,,,,,,,,,,,,,,,,,,,,,,,,,,,,,,,,,,,,,,,,,,,,,,,,,,,,,,,,,
SRR6456134,-1.5886486523836645,,0.3958823010930258,,,,,,,,,,,,,,,,,,,,,,,,,,,,,,,,,,,,,,,,,,,,-2.090519403567707,-3.650997049220899,-5.47874663960308,-0.6316935540512923,-4.5313287412348116,-4.726001027902084,-3.796031571572766,-5.909979784475578,-5.489706081361352,-4.951777422045096,-5.418146187356391,-5.226239708069883,-3.383969644879766,-0.302328659559408,-4.405445578565002,-1.0921746532754042,-1.952710935173364,-4.5313287412348116,-4.3366555396036635,-2.9982778322050176,-3.276567317324001,-0.0610413556335504,3.85301620160452,20.484577445216047,-0.1334443645918137,-1.7927507682918693,,,,,,,,,,,,,,,,,,,,,,,,,,,,,,,,,,,,-0.5151849889639548,,,,,,,,,,,,,,,,,,,,,,,,,,,,,-0.658527075001225,-0.6239060484073474,-0.525516470176008,-0.8980462172786243,5.883445219661321,-0.2585591376227573,3.593113185797034,-0.499388309906928,0.0167648508135408,2.007685794608564,3.2469881232521383,2.12193049375718,0.9871202180294604,5.657773939926457,-0.058367503421481,25.836460889086496,1.2410537343758885,0.7536822126792717,-0.3947600380330687,0.7627587036152835,-0.3765045741193854,2.453492011754993,-0.41403132604749,1.337343527179942,0.6665787133146074,2.724410024333625,0.3915401533348675,0.2920693516118353,1.3407621846631663,0.9151400502691056,6.550020676658633,0.8444487926978244,-0.0570513458086877,5.202257552437791,0.4695500687338247,-1.460222867957364,0.2940885523430889,2.3534913819566747,-0.3137176707260827,-0.7369629938867053,-0.3778152588712996,-0.2087092598072114,-0.1217926486017018,-0.762436784675663,4.487334107987795,1.732176602611512,1.7399233357697554,0.1351776329055465,2.268014332516811,0.8925310257452312,1.2421356788341475,5.172466762181836,0.4601615293909115,0.7441944350493097,0.5193271938833767,-0.4537864597657691,3.4668769675578446,-0.6745283702103791,-0.5255164721648823,2.1876450757739883,-1.6263879252048643,-0.7199972202108889,-0.2679507494730887,-1.1428637902349847,,,,,,,,,,,,,,,,,,,,,,,,,,,,,,,,,,,,,,,,,,,,,,,,,,,,,,,,,,,,,,,
SRR6456135,-1.872652853114349,,-1.2121346911555324,0.7723647443455429,0.9207746235105212,1.5678453054237658,-0.5712681339429951,-1.165176189624621,3.1260552237768486,0.5307502098341778,0.4193079397069145,-1.612724195889437,-1.202616605244438,-1.8676300877029453,-1.6820964368643596,2.5695643028783355,-1.3499651865926448,0.2090958527010012,0.4967306053959338,-1.4314880367867169,1.872552265712196,-4.137980459449857,-1.6820964368643596,-1.6820964368643596,8.11291834296743,3.4431661523041615,-0.5861507272328309,6.381985990792454,-0.3824834167457881,4.357764007221191,4.054897795304407,1.491309317640402,2.8939856118935725,1.6703775602609268,-1.8306534677814343,-1.6820964368643596,-3.054420107489829,-3.1964253171642296,-1.1572805663386592,-0.863412481764359,-2.665298546170337,-1.6820964368643596,-0.0381778724170664,-0.5176541203808603,1.9039851442911435,,-1.3281526273942552,-5.414383431037758,-6.774159785342339,2.7622555146140058,7.097949617641777,-6.326073005338997,-6.774022455630545,-6.979329386211683,-6.792130844861987,-6.651993874541742,1.4719017911381815,1.1545344642608637,11.815704460768837,4.170764012458353,2.1465993068256983,138.04963978732806,131.7125045579642,-3.284692879819915,-5.927546511355217,-5.561840394813232,87.43639314335596,-5.598704635757101,,,,-1.5481531579284826,,,,,,,,,,,,,,,,,,,,,,,,,,,,,,,,,,,,,,,,,,,,,,,,,,,,,,,,,,,,,,,,,0.3314480201123551,14.142979821171537,10.22462334503632,4.115713861403458,-1.2906183807161935,13.447403196354598,1.8839401981180677,-0.8987111328808021,1.4733233610874523,7.519482410656297,3.0448702613276497,3.723167293975698,2.7621914903161664,15.773521391957646,-0.6189888618359249,68.27511839134164,8.435679464809692,1.4710736538718905,-0.677289863853257,8.422458819473732,4.671431175601822,-0.5422955142807137,-0.1814883376395594,6.933662663056912,2.4485619189739385,15.20512920906877,3.9145045497026265,12.320422191590064,2.674900055876722,2.7382456945444833,11.23849547572071,2.9116514236239177,3.735939158473864,3.166763836775275,-0.1196423458407774,0.7510549875318983,2.17070326514137,4.036961115126443,1.431080749776405,1.1800062414186558,6.26894806420033,1.1021755300607698,-0.9315907317926886,-0.9485642479116142,14.587463873287057,9.762648530857325,-0.6619248994798993,1.5414233794592993,2.846323394270299,0.7618696105543052,4.779959417991592,3.2663198668448845,-0.037755417503403,0.3020880325874768,2.2590841606100467,-0.548993605822209,1.8847086609130672,-0.6078833088894011,-1.4414592801248574,7.731258907180295,5.3396102291403755,3.733966274512622,12.661916438633504,-0.966987346339805,,,,,,,,,,,,,,,,,,,,,,,,,,,,,,,,,,,,,,,,,,,,,,,,,,,,,,,,,,,,,,,
SRR6456136,-1.921182890801602,-2.03233621102038,,,,,,,,,,,,,,,,,,,,,,,,,,,,,,,,,,,,,,,,,,,,,-1.2047274143218607,,,,,,,,,,,,,,,,,,,,,,-1.8587262635296653,8.421920303282985,0.8361899760165823,-1.1514100968331775,,,,,,,,,,,,,,,,,,,,,,,,,,,,,,,,,,,,-0.1339939588922889,,,,,,,,,,,,,,,,,,,,,,,,,,,,,,,,,,,,,,,,,,,,,,,,,,,,,,,,,,,,,,,,,,,,,,,,,,,,,,,,,,,,,,,,,,,,,,,,,,,,,,,,,,,,,,,,,,,,,,,,,,,,,,,,,,,,,,,,,,,,,,,,,,,,,,,,,,,
SRR6456137,-1.8141043837755615,8.938938916963943,,,,,,,,,,,,,,,,,,,,,,,,,,,,,,,,,,,,,,,,,,,,-1.5807352900217329,-1.559463053142859,,,,,,,,,,,,,,,,,,,,,,-1.6872534382562907,-1.4142666230006913,2.186327466639339,-1.6431435148789997,,,,,,,,,,,,,,,,,,,,,,,,,,,,,,,,,,,,,-2.306956025741795,0.5822978117508402,24.492445490845448,18.135818128149225,-2.9575952450795997,-0.0026626834056422,,,,,,,,,,,,,,,,,,,,,,,,,,,,,,,,,,,,,,,,,,,,,,,,,,,,,,,,,,,,,,,,,,,,,,,,,,,,,,,,,,,,,,,,,,,,,,,,,,,,,,,,,,,,,,,,,,,,,,,,,,,,,,,,,,,,,,,,,,,,,,,,,,,,,
SRR6456138,,,-1.3805448384693844,,,,,,,,,,,,,,,,,,,,,,,,,,,,,,,,,,,,,,,,,,,-0.0488060682586395,,,,,,,,,,,,,,,,,,,,,,,-1.5306003114139022,-1.5306003113671296,,-1.7001568028220764,,,,,,,,,,,,,,,,,,,,,,,,,,,,,,,,,,,,-1.5742444089560106,,,,,,,,-1.4699799882393083,3.892805147646824,-0.1575539662259563,-0.1096700211241659,0.50572805730372,0.8326936759908361,0.8798128498165408,1.1087721890744997,12.660253548028544,1.280116804489688,1.667304476816562,-1.1028491867061403,-1.8803375518882637,-1.970945241251575,-1.8939015843207816,-2.0143095548499708,-4.035370282782973,-1.8909622873494003,-0.7370646274980877,0.1642103548779675,-1.968191721931763,1.3796066161732816,1.206021957314946,0.2622369356911877,-1.288263851043007,1.4753585712697292,0.7772786323500553,2.008112130576635,0.079817820682258,3.5318024224868356,-1.1058503517421776,-0.913905367426146,0.7965568523206124,0.3908102705914926,13.80712884115151,0.146576225833984,94.22874739069314,9.376747929023589,5.989038024344126,1.1666740029405152,4.051570832474963,1.5391453881198442,-1.2407465719128203,3.0937103621562767,6.955506988114523,29.669214176029424,1.528025489370703,-0.5983693001290028,3.2144240424195183,-1.1103565091403558,1.8238657115417607,0.6145128446730692,11.826553719440046,7.174605758558083,12.920343566535877,-0.1821142168636721,-1.454146007140223,2.1775926368678804,21.46245210559256,5.1020655042145515,4.1456394881521295,11.0442344039143,16.11388347711431,9.834943133616669,9.62407778924824,41.75198824337533,10.271111497852656,2.0888516365741436,5.4256422176437376,3.2998568240565795,7.125264974145429,6.7306133458117685,9.955476961571716,1.5539803832125425,2.5530996019700885,6.311964868720186,9.19930384783791,10.966593399709495,0.3534576426644551,5.825862621689328,14.35077922196969,3.501852375283449,10.75331773791418,-0.056771894739198,33.33790996488538,,,,,,,,,,,,,,,,,,,,,,,,,,,,,,,,,,,,,,,,,,,,,,,,,,,,,,,,,,,,,,,
SRR6456139,,,-1.208103099583813,,,,,,,,,,,,,,,,,,,,,,,,,,,,,,,,,,,,,,,,,,,,,-8.585009580100165,-8.758040287220233,-8.781804646080332,0.1723274780788845,-8.64529751821565,-6.310428246880605,-8.56705884657341,-8.522617269615832,-8.784363036842052,-8.758040287220233,-8.784362879887242,-8.585009580100165,-8.666315574243455,-8.665771235168808,5.160577436082745,-7.911951787095342,-8.30837609773987,-4.222894906303468,-8.57006814604233,-8.160829276879374,-8.585009580100165,,,,-0.960486587975436,,,,,,,,,,,,,,,,,,,,,,,,,,,,,,,,,,,,,,,,,,,,,,,,,,,,,,,,,,,,,,,,,,,,,,,,,,,,,,,,,,,,,,,,,,,,,,,,,,,,,,,,,,,,,,,,,,,,,,,,,,,,,,,,,,,,,,,,,,,,,,,,,,,,,,,,,,,,,,,,,,,,,,,,,,,,,,,,,,,,,,,,,,,,,,,
SRR6456140,,-1.187010843999543,-1.6395837705258225,,,,,,,,,,,,,,,,,,,,,,,,,,,,,,,,,,,,,,,,,,,,-2.510132302899367,-4.186884478827144,-6.1618742975985015,-0.2395196553502601,-3.5327364046038645,-5.707412489392798,-4.618112191540168,-6.781786388699911,-6.211944103717607,-6.059447166795417,1.990820132412339,0.2796401076048254,0.0799774959478895,-1.5007144258417648,-5.658242748928618,-5.762519807810986,-2.316113509199236,-5.631108065365116,-4.181171002639812,-3.929003327283974,-4.612700269151946,-4.444765676247855,-1.9464946295393264,-2.026095888173798,-1.160686823129334,,,,,,,,,,,,,,,,,,,,,,,,,,,,,,,,,,,,,,,,,,,-0.4078633249587665,,,,,,,,,,,,,,,,,,,,,,,,,,,,,,,,,,,,,,,,,,,,,,,,,,,,,,,,,,,,,,,,,,,,,,,,,,,,,,,,,,,,,,,,,,,,,,,,,,,,,,,,,,,,,,,,,,,,,,,,,,,,,,,,,,,,,,,,,,,,,,,,,,,,,
SRR6456141,1.5129340246541307,5.80403470931475,,,,,,,,,,,,,,,,,,,,,,,,,,,,,,,,,,,,,,,,,,,,-1.4180264771336395,,,,,,,,,,,,,,,,,,,,,,,1.8056385963080912,-1.3282265484073692,,-1.4477175038662948,,,,,,,,,,,,,,,,,,,,,,,,,,,,,,,,,,,,,,,,,,,,-1.1556341560314731,18.631376944960447,7.342220078686427,6.37767538193821,6.496373881637426,8.154473625575177,1.1482795561927432,0.898297446934814,24.139103669188373,1.5579635074637366,1.244983726275649,-0.1436115886611968,7.141546577768632,1.9762261086339907,0.7621021167377373,1.4494239086046503,4.8587009252941336,4.46238366924752,0.4310963220310632,-0.944442580634445,4.622199616806721,,,,,,,,,,,,,,,,,,,,,,,,,,,,,,,,,,,,,,,,,,,,,,,,,,,,,,,,,,,,,,,,,,,,,,,,,,,,,,,,,,,,,,,,,,,,,,,,,,,,,,,,,,,,,,,,,,,,,,,,,,,,,,,
SRR6456142,-1.7265587234679836,-1.70227432923385,-0.6812936907869745,,,,,,,,,,,,,,,,,,,,,,,,,,,,,,,,,,,,,,,,,,,-5.745175881523273,,-7.782965250155581,-7.997672871741389,-8.004095417555556,-0.3437200771101391,-7.958810844081614,-6.243208250100598,-8.068272513342313,-7.720897739003644,-8.004095417555556,-8.036514037614626,-8.004095417555556,-7.126282087832212,-7.8251694025706735,-7.9927551384492,0.1061599136530366,-4.302641957452782,-7.841887706995871,-7.552438018429681,-7.768299789022317,-7.283674020263935,-7.782965250155581,,,,-1.9526798660553903,,,,,,,,,,,,,,,,,,,,,,,,,,,,,,,,,,,,,,,,,,,,-3.232354310449806,8.00254701861686,0.5569190706807879,4.209011183924616,2.270048392133001,2.417520182471084,7.0724534132664205,6.592347228126823,14.018274118647485,1.8497907017121331,1.0549994078987697,-1.1165097628784053,-2.056865581551692,-2.15246024746715,-2.15246024746715,-3.566090328102504,-4.130702214384239,0.3189878213613666,-2.671338772617968,-1.88773151321606,-2.15246024746715,,,,,,,,,,,,,,,,,,,,,,,,,,,,,,,,,,,,,,,,,,,,,,,,,,,,,,,,,,,,,,,,,,,,,,,,,,,,,,,,,,,,,,,,,,,,,,,,,,,,,,,,,,,,,,,,,,,,,,,,,,,,,,,
SRR6456143,-3.569566070316759,-1.9378245446416769,,,,,,,,,,,,,,,,,,,,,,,,,,,,,,,,,,,,,,,,,,,,-1.2019230236091354,-6.249377576443424,-2.9572529631950757,-2.5058011486143035,3.724217492458116,-4.9696959115023835,25.330599981030325,27.36713526872077,-6.000280263437412,-5.684319401496205,-5.320398482728219,-0.3593619030511087,1.542660688517432,-0.7275732106362832,7.009252678844816,6.531082266512715,29.656396691423364,31.240232290208095,-2.466627989945334,35.16811712206772,3.813521630386896,11.702643221355377,-4.1963428217466925,0.4915883767106403,-1.5948740304938376,,4.346220332906692,64.20291840552939,69.96505262474433,497.7929345212864,67.15506361438693,68.97841305189615,58.28520877499693,71.33039470577198,6.735106247873901,62.41847965638586,124.17746802474328,71.70929916602842,71.03736717499129,71.28072002649822,54.39335314098271,63.12330331748088,52.62271642086695,65.29731357055289,71.66041235824004,63.47141672550849,262.42594529609295,5.646709030696612,6.331722066585392,9.783074101547738,0.4960344692966423,-1.5361153983328673,-1.266009869735339,3.5869458076084273,-0.4192017986659635,1.4826399372378305,-1.6486598048888188,27.30220849280135,57.91039221888008,3.844899262124734,122.27637501630392,18.342145602187877,-1.631659043573052,,,,,,,,,,,,,,,,,,,,,,,,,,,,,,,,,,,,,,,,,,,,,,,,,,,,,,,,,,,,,,,,,,,,,,,,,,,,,,,,,,,,,,,,,,,,,,,,,,,,,,,,,,,,,,,,,,,,,,,,,,,,,,,,,,,,,,,,,,,,,,,,,,,,,,,,,,,
SRR6456144,-1.5035225084013073,,-1.6881726243563815,,,,,,,,,,,,,,,,,,,,,,,,,,,,,,,,,,,,,,,,,,,-1.3765331318635936,,,,,,,,,,,,,,,,,,,,,,,,,,-1.6911464316128535,,,,,,,,,,,,,,,,,,,,,,,,,,,,,,,,,,,,-1.704773769333968,,,,,,,,,,,,,,,,,,,,,,,,,,,,,,,,,,,,,,,,,,,,,,,,,,,,,,,,,,,,,,,,,,,,,,,,,,,,,,,,,,,,,,,,,,,,,,,,,,,,,,,,,,,,,,,,,,,,,,,,,,,,,,,,,,,,,,,,,,,,,,,,,,,,,,,,,,,
SRR6456145,-1.6909119799682193,-1.770835612452588,7.134838708792428,,,,,,,,,,,,,,,,,,,,,,,,,,,,,,,,,,,,,,,,,,,-1.3614937115269747,,,,,,,,,,,,,,,,,,,,,,,,,-1.283124987436094,3.528496234701703,,,,,,,,,,,,,,,,,,,,,,,,,,,,,,,,,,,,,,,,,,,,,,,,,,,,,,,,,,,,,,,,,,,,,,,,,,,,,,,,,,,,,,,,,,,,,,,,,,,,,,,,,,,,,,,,,,,,,,,,,,,,,,,,,,,,,,,,,,,,,,,,,,,,,,,,,,,,,,,,,,,,,,,,,,,,,,,,,,,,,,,,,,,,,,,
SRR6456146,-1.2149983284862182,9.062403093528143,-0.5968898107527414,,,,,,,,,,,,,,,,,,,,,,,,,,,,,,,,,,,,,,,,,,,-1.4241734016095136,,-6.05984828305026,-6.933578317148281,1.2759698344768506,-6.650920580989082,-6.7556929213998105,-6.120552776897124,-7.494230791655862,-7.231698625756124,1.2393869617970754,-0.9555851219527096,-0.5653680903394818,0.1174495936758694,-1.406974602369616,-6.790615850939286,-0.1019795887695413,-4.345598267315259,-6.5810723540485965,-4.276667927034565,-5.112770389670341,2.5515833184199077,-1.2595208092364156,12.365404612199615,-0.3287160569351868,,-0.6674607149566416,-0.0250391046940972,11.005457107358335,57.359115762499414,12.629058836468516,5.084755620096191,0.9349130081242852,15.14150994692527,1.215039650933234,-0.4545796532607785,-0.4364217089356985,1.7407834877476962,2.3963443879092585,2.0484594056152265,8.31553918131002,4.327360222598455,0.5992919538802769,-2.2212976727300635,-1.9590770265553508,-1.7500554258277818,4.2773987231317045,-1.9590770265553508,-1.9590770265553508,3.933630953915584,1.4047824840658971,2.055124215932301,-0.8001097549495265,15.29928058771542,8.453344504872037,19.435764109404452,11.672312580206752,141.72614090967676,243.75459570722887,12.576642696142097,90.63600586584904,0.6261752151317284,-1.6154033279775453,,,,,,-1.7952078638759736,,-4.661624805892852,6.4750099882949295,-3.0123558029571473,3.5218989744573888,0.1727853794800604,2.9817558031267164,1.110481954145628,0.928252872397642,14.548500061162878,1.378670168633285,4.488744509099136,1.1163646348782617,-4.9433386110062045,-3.977679403689331,-5.301536741714943,-1.578427332288086,-1.1701710370597866,-4.935508265259619,-4.650545182878732,-5.297231449999778,-5.318483408451595,,,,,,,,,,,,,,,,,,,,,,,,,,,,,,,,,,,,,,,,,,,,,,,,,,,,,,,,,,,,,,,,,,,,,,,,,,,,,,,,,,,,,,,,,,,,,,,,,,,,,,,,,,,,,,,,,,,,,,,,,,,,,,,
SRR6456147,-3.4922263441275936,,,,,,,,,,,,,,,,,,,,,,,,,,,,,,,,,,,,,,,,,,,,,9.84798113164396,19.319767325284012,,,,,,,,,,,,,,,,,,,,,,,,-1.1105319542336072,-1.89411314704115,,,,,,,,,,,,,,,,,,,,,,,,,,,,,,,,,,,,-1.7299111906350324,,,,,,,,,,,,,,,,,,,,,,,,,,,,,,,,,,,,,,,,,,,,,,,,,,,,,,,,,,,,,,,,,,,,,,,,,,,,,,,,,,,,,,,,,,,,,,,,,,,,,,,,,,,,,,,,,,,,,,,,,,,,,,,,,,,,,,,,,,,,,,,,,,,,,,,,,,,
SRR6456148,-1.645242350532658,-0.2106750527463614,,,,,,,,,,,,,,,,,,,,,,,,,,,,,,,,,,,,,,,,,,,,-1.4989751122683663,0.8659624003076376,,,,,,,,,,,,,,,,,,,,,,-0.171255875936845,0.7368865392998937,,7.31330753519529,,,,,,,,,,,,,,,,,,,,,,,,,,,,,,,,,,,,-1.7263463575833415,,,,,,-1.5379844852235582,,,,,,,,,,,,,,,,,,,,,,,,,,,,,,,,,,,,,,,,,,,,,,,,,,,,,,,,,,,,,,,,,,,,,,,,,,,,,,,,,,,,,,,,,,,,,,,,,,,,,,,,,,,,,,,,,,,,,,,,,,,,,,,,,,,,,,,,,,,,,,,,,,,,,
SRR6456149,-1.8045582627682812,-4.312171026574836,-1.1119230860968292,,,,,,,,,,,,,,,,,,,,,,,,,,,,,,,,,,,,,,,,,,,1.9341184062370351,1.5035972447397683,,,,,,,,,,,,,,,,,,,,,,-1.8479545207764216,-1.8333816877668871,,-1.4846647129409325,-1.1105299948511738,2.693126786672336,20.64805714169796,4.241314647549569,0.8718235308174047,1.5482591924281195,1.391967627821776,3.166771411487769,-1.7230837761464328,-0.8789103590135184,-1.0086414546847269,0.6927745175836787,-1.1859273317325871,-1.0472535992661471,0.1256072667292572,1.4741363387417397,-1.9048898223984312,-1.7230837761464328,-1.564900662399835,-1.814865467740104,2.4113590420873283,18.944220707573734,-1.182752536744401,-1.4166549550270753,-0.3283485221329864,22.805576172979237,41.599810326271594,19.0657954184456,63.923946373900634,7.600296277584048,15.913225415198758,34.61268903966412,15.415179217832264,44.379903430626115,22.378443649603984,,,,,,,-0.8550106472999982,,,,,,,,,,,,,,,,,,,,,,,,,,,,,,,,,,,,,,,,,,,,,,,,,,,,,,,,,,,,,,,,,,,,,,,,,,,,,,,,,,,,,,,,,,,,,,,,,,,,,,,,,,,,,,,,,,,,,,,,,,,,,,,,,,,,,,,,,,,,,,,,,,,,,
SRR6456150,-1.893498429340048,-1.7997493271937235,,,,,,,,,,,,,,,,,,,,,,,,,,,,,,,,,,,,,,,,,,,,-0.3857658833276335,,-1.1338904903079787,-0.7212402420023484,-0.296093269132921,-5.642893375005136,-5.613196163145237,-5.80417209598905,-6.054687687493116,-5.965798689751923,-5.83843360453033,-1.0476502341238954,0.4376839397730145,0.3146317041993719,1.8382116742064656,-3.948545664376993,-1.0417529416757532,6.614229435799964,7.409031237420556,0.1183657258860773,-5.401898842175311,-4.931300292109971,-5.401898842175311,,,,-1.0991716811056438,,,,,,,,,,,,,,,,,,,,,,,,,,,,,,,,,,,,,,,,,,,,,,,,,,,,,,,,,,,,,,,,,,,,,,,,,,,,,,,,,,,,,,,,,,,,,,,,,,,,,,,,,,,,,,,,,,,,,,,,,,,,,,,,,,,,,,,,,,,,,,,,,,,,,,,,,,,,,,,,,,,,,,,,,,,,,,,,,,,,,,,,,,,,,,,
SRR6456151,-1.724273076825833,-1.9010580576731904,,,,,,,,,,,,,,,,,,,,,,,,,,,,,,,,,,,,,,,,,,,,0.0031572747045876,-2.042462440136757,,,,,,,,,,,,,,,,,,,,,,,,,-0.2132062648584035,,,,,,,,,,,,,,,,,,,,,,,,,,,,,,,,,,,,-0.8239206224717206,,,,,,,,,,,,,,,,,,,,,,,,,,,,,,,,,,,,,,,,,,,,,,,,,,,,,,,,,,,,,,,,,,,,,,,,,,,,,,,,,,,,,,,,,,,,,,,,,,,,,,,,,,,,,,,,,,,,,,,,,,,,,,,,,,,,,,,,,,,,,,,,,,,,,,,,,,,
SRR6456152,-1.5769798085664724,,-1.239335814245731,,,,,,,,,,,,,,,,,,,,,,,,,,,,,,,,,,,,,,,,,,,-0.482748086859504,-1.8929908464244805,,,,,,,,,,,,,,,,,,,,,,,,,,-3.50528429460636,5.34953928896222,19.21971774516501,12.298965389128298,-2.028549083542368,-1.7255660159457773,3.0984438814344823,4.452647835278716,-1.9689068699685903,-0.558546096968339,-2.2458136977324084,-1.0856007552936886,-2.4030291344101538,-1.734543559558105,0.2527293654530525,-1.7255660159457773,-2.227897662601982,-1.9689068699685903,-1.7255660159457773,1.179841935590645,-1.0988255511724587,-0.3283636984796757,-1.3880935353843395,-1.6408589081718166,25.021531401609707,-1.7460844376614126,14.865583393256324,5.65228834074642,24.60046654162149,6.728748542428956,10.888575098561574,18.515175710883895,2.5020699843311,12.998125196130289,3.533966093619367,-1.1379453806137996,,,,,,,,-1.3557714485452286,29.438117059821984,5.088900914854126,5.587108192101295,2.040146219721616,2.419269408532985,1.2786888811887631,-0.7984278295681557,13.679884952018504,1.3987770653902574,1.0167455027882817,-0.214916165495362,-1.8195839783083456,-1.9563144264360053,2.366061369190511,7.092197917669654,-2.1331590861114025,4.704453600035343,-0.616561808914872,7.242001679454251,4.109538642599107,,,,,,,,,,,,,,,,,,,,,,,,,,,,,,,,,,,,,,,,,,,,,,,,,,,,,,,,,,,,,,,,,,,,,,,,,,,,,,,,,,,,,,,,,,,,,,,,,,,,,,,,,,,,,,,,,,,,,,,,,,,,,,,
SRR6456153,-1.7246240544831053,-1.6095590857422684,-1.4971195849731267,1.4052232554813162,2.7841021293936365,0.9633225896873546,-1.032795608438774,-1.0304902658813844,-0.6300601121423237,0.3870644890413516,1.0501335604899278,-1.833314200563766,1.1021027754651054,-1.7279834331252504,-1.5543443627681923,-0.7526244240832503,2.1352918818813107,0.409851372043405,0.0733672042431658,3.0275216747647833,0.7453815384063224,-3.826795366314307,-1.5820460248808903,-1.5820460248808903,-0.7961363507478385,2.001622485509983,-1.1017679094710149,1.0126945681593822,0.0879539651236059,4.51447125996696,0.4881445284503475,-1.7588855026358785,-1.588653810161388,-1.7806482947788953,-0.0791622511732978,-1.5820460248808903,-1.5356091273304755,-2.896405170506438,-1.315481237888111,-1.4754723328424293,-1.8985514586119865,-1.5820460248808903,-1.494722727754996,0.8630062946441602,0.9890880920631784,-1.3972047574460689,,,,,,,,,,,,,,,,,,,,,,,-1.591640238344157,-1.0443078231365703,,-0.9700049050967644,,,,,,,,,,,,,,,,,,,,,,,,,,,,,,,,,,,,-0.9473949922476133,,,,,,-1.5211895126880035,-1.5903060931299835,1.6512310617909298,38.10680485638835,0.0277459282914196,1.889137525792788,3.373872232157982,2.4690506594167676,4.455654522965114,3.721027864351497,7.02019097625085,3.8685322630935706,5.33993542865554,3.096035928618608,-1.8793669183560284,-2.000384405682139,1.0176485943338365,-2.0356116849837553,-4.092022867187185,-0.126579712927569,-2.133297229755564,0.2681568344289467,1.044466918137467,20.821937411942688,3.6597375153555887,2.3914151006760456,1.2236265672079043,4.5370759339935915,2.7196620695431717,1.4295944966720897,1.0446309601347568,2.619204818803835,3.812944809115473,3.34919115186568,1.9718514847640292,-0.567714250650306,10.307435974524482,-0.971142292802847,62.08365571862682,10.537547927302196,4.550189507384137,0.6625309759432296,1.9104094042104864,0.1563339740228004,0.6891055825078068,1.1412552146598942,5.430876631151599,0.8574204701459848,4.999745854046983,2.542788628190353,0.5969970554812398,0.5987116754988182,0.1219691319375596,3.645387942023965,4.801283047464547,3.205352461498596,0.9177930740369716,-0.0694848673504578,0.3560223099370363,1.5712929159875149,15.09874908670638,1.7336219842962886,2.0639777183846393,6.333296896208865,6.6673425271523605,4.269617336872919,8.01007562390375,32.82799571295809,2.7233483144330166,1.7993639432847033,2.0866876014181317,1.4191836975382104,3.65556446075132,4.947850632927168,10.772018961248502,5.356159791091266,0.2340149573212957,4.472260662461795,-0.1225041852701957,4.459020669898999,-0.7578187347503679,3.5590135011229265,10.359441256325,-0.9775623165703792,1.884244651917138,3.2617105662554113,36.01487714194957,,,,,,,,,,,,,,,,,,,,,,,,,,,,,,,,,,,,,,,,,,,,,,,,,,,,,,,,,,,,,,,
SRR6456154,-1.569375523217974,-0.2154565431514984,-1.256922433111356,,,,,,,,,,,,,,,,,,,,,,,,,,,,,,,,,,,,,,,,,,,,,-1.9628903818329972,-5.326917483189421,-4.847774800904742,15.889561996383604,-1.51398162965364,-3.709443641488477,-2.3293745948279865,-3.2066254783594057,0.2537260179477184,-5.0673252969031815,-4.822601852427469,-1.847930724144519,-2.0068113026253753,-1.5429462990780594,8.241656625134487,-4.782230893167879,-1.965120347776241,-1.7742539670320634,1.2168653509030454,4.123083055786291,-1.9628903818329972,4.9156624787747,-1.745148175618256,,-1.2828432144673776,,,,,,,,,,,,,,,,,,,,,,,,,,,,,,,,,,,,0.7440721285646594,,,,,,,,,,,,,,,,,,,,,,,,,,,,,2.41439709594903,5.516607227167276,2.6045772174631803,-0.4830830782654763,20.264663125998062,14.158753730955398,4.369529917944825,3.855691713223392,0.635219263137341,3.732593697243222,7.1348070660509215,-1.067286975191574,0.9615525092438352,20.591080400365776,6.702552252993592,106.99476552749884,2.3546431837849817,5.543266301274938,0.6186309687195579,3.4726510497830803,5.872711495814655,4.831800907388913,-1.6630126022711005,2.594652647514239,10.81106374018572,33.68076641336226,18.66198018427691,23.245598372847564,4.228567434249315,5.728958434054343,1.1192437841098222,8.573993989587665,13.931311547471868,11.300183948435922,-0.6064584346312974,5.562018559428875,11.803726474024428,15.76546515159465,4.340761822255667,5.869532744656501,3.743395344651,10.873037945216256,8.916569625118377,2.7517380389906205,2.268903355707161,2.137600536711979,-1.1246076936794454,8.234963197608481,13.596216003288609,10.889161135929903,4.179931347225044,10.90656363195312,1.3980964693581992,1.986256539667042,2.106728417691341,3.562212624520892,3.5242941395984166,0.7491347317184581,-0.2237323222570084,14.874417824056303,-0.1580656550012667,13.401415678357113,6.268577194552747,-1.1362743904652186,,,,,,,,,,,,,,,,,,,,,,,,,,,,,,,,,,,,,,,,,,,,,,,,,,,,,,,,,,,,,,,
SRR6456155,-1.6653257861818878,-4.000829277793729,0.3634041262753378,,,,,,,,,,,,,,,,,,,,,,,,,,,,,,,,,,,,,,,,,,,3.445497221229663,-1.4202145730540363,,,,,,,,,,,,,,,,,,,,,,-1.7133078210493182,-1.7272678670951915,,-1.4648495318945958,,,,,,,,,,,,,,,,,,,,,,,,,,,,,,,,,,,,0.2114142812377161,,,,,,0.5646310483626524,-1.6860248973220606,,,,,,,,,,,,,,,,,,,,,,6.3536697062478025,4.89369461722031,1.776303318739763,-0.9517648477335612,-0.6761422268015489,0.8629510741200078,1.1199249335764607,0.8409270470611778,16.41001337126354,0.2173958206682026,0.985100356829956,1.1282582959623826,1.7762718921007208,4.703520176714593,-1.1846054230084886,78.0461422135003,5.319863424974277,3.791309588711676,0.3951693683149353,1.763365250518915,0.1394518048454608,0.6071158997819113,0.5042910371970414,1.678730361823127,1.8542201529457791,1.7850574336304823,-0.7995166472760618,1.7762744460013495,-0.2389334362923282,0.6314284427744399,5.025173621791988,4.607352111052427,1.600293595137025,2.361665269945227,1.0702471689862836,-1.3813649765397935,1.0747771927429135,11.870470162325308,2.710362804408294,8.239408765382741,11.09617355754366,17.106618528308577,15.478430553970004,15.13950624389408,-0.3101303053037605,0.9578041042782665,-0.3387289221783222,21.986095838013288,14.646357387617275,5.546441762972894,1.9562754401408704,47.72868120301446,55.56887682202002,4.265329221332826,5.476252776554313,1.5729234872532984,41.07038239607052,4.504316690918999,0.4512278681364278,2.240415754604558,-1.706394317983601,1.8395023951888303,0.9601443437055174,-1.397495839942703,,,,,,,,,,,,,,,,,,,,,,,,,,,,,,,,,,,,,,,,,,,,,,,,,,,,,,,,,,,,,,,
SRR6456156,-3.5533569108871297,,,,,,,,,,,,,,,,,,,,,,,,,,,,,,,,,,,,,,,,,,,,,-1.4417398287602583,-2.69299456317397,,,,,,,,,,,,,,,,,,,,,,-1.1689420368343253,-1.7468913845156218,-1.1886130574417884,5.688871311518254,,,,,,,,,,,,,,,,,,,,,,,,,,,,,,,,,,,,-0.9524639970113588,,,,,,,-1.7166353890592123,,,,,,,,,,,,,,,,,,,,,,,,,,,,,,,,,,,,,,,,,,,,,,,,,,,,,,,,,,,,,,,,,,,,,,,,,,,,,,,,,,,,,,,,,,,,,,,,,,,,,,,,,,,,,,,,,,,,,,,,,,,,,,,,,,,,,,,,,,,,,,,,,,,,
SRR6456157,-1.7811898358908267,,,,,,,,,,,,,,,,,,,,,,,,,,,,,,,,,,,,,,,,,,,,,-1.438027929519126,-0.9136653467567472,,,,,,,,,,,,,,,,,,,,,,0.8329608120461728,-1.8006662813139145,,40.980219120609,,,,,,,,,,,,,,,,,,,,,,,,,,,,,,,,,,,,0.011640451218318,,,,,,6.046193748235897,14.236271261344674,,,,,,,,,,,,,,,,,,,,,,9.594677549537217,8.110181364472254,2.3491710377880115,0.6610405668938373,1.9900819783733965,13.08766071557183,2.6540455568463157,-0.2827878462079357,8.164840283516256,13.006994437549656,18.548411210609093,5.618174927342962,1.292314333409055,23.495058119694725,11.044704795446192,156.95955221788165,23.25318253994251,15.218523086531668,3.605214043957599,9.538811933170548,0.0462492634710837,2.9710100524632286,1.2785245061645525,15.73355614714917,3.6170642958897026,42.86245947839112,5.398880022444426,10.901613210865204,1.6061960015126984,3.2943557842694706,31.354794301439146,19.421991833776865,16.215589566846496,15.048050237518858,0.2523541740727074,-1.3807263330389783,12.204887991388508,23.65493520652139,6.981692237687439,9.431898121325547,9.447949123543784,6.4941592985543215,2.5182115684377764,-0.7217489987956128,65.9547006914759,61.522877064378775,2.9090235804167257,8.68982096139953,16.547478473156605,16.52865559432303,9.941850344936505,24.051921619174173,6.288982394437983,4.689270110150444,2.332530508990256,-0.3380516482234967,15.848488629955105,4.849882090242902,10.831764478267852,20.173115766152893,3.880029803698883,8.724144404156608,1.347103849659535,28.71776061004953,,,,,,,,,,,,,,,,,,,,,,,,,,,,,,,,,,,,,,,,,,,,,,,,,,,,,,,,,,,,,,,
SRR6456158,-1.5882372023188749,,-0.4296605490229304,,,,,,,,,,,,,,,,,,,,,,,,,,,,,,,,,,,,,,,,,,,-1.3245432125547263,-2.0655166572864765,-1.494354560976555,-4.215381104174887,0.7755202213497583,-3.609884013827154,-3.609884013827154,-2.454751634513993,-4.823999524563836,-4.3474393013502795,-2.3594273550101637,-4.215381104174887,-3.9041739626577394,-1.2809639125982497,-1.0628267575613033,-3.329950838580272,8.085971319698242,2.5928811351815972,-3.35812942061771,-2.853654540449956,0.1453117604156803,1.7417394918425102,4.373924905058813,-0.1613443430123242,3.086523628017566,-0.3323305667644441,-1.7562131361107962,,,,,,,,,,,,,,,,,,,,,,,,,,,,,,,,,,,,0.4088977613013934,,,,,,-0.3143105012142526,-1.92515957735447,,,,,,,,,,,,,,,,,,,,,,,,,,,,,,,,,,,,,,,,,,,,,,,,,,,,,,,,,,,,,,,,,,,,,,,,,,,,,,,,,,,,,,,,,,,,,,,,,,,,,,,,,,,,,,,,,,,,,,,,,,,,,,,,,,,,,,,,,,,,,,,,,,,,
SRR6456159,0.1422119541915505,-4.836857316500887,2.873709997356125,1.5000676898064047,1.1987231806751963,-0.7462378262463926,0.8621578850457841,-1.158369470911372,2.1706719246750263,12.66110866416851,-0.0805828398865902,-2.7988023911986963,0.0673728468776809,-0.2151290770809488,-1.713436444788733,1.7299682945107255,-1.68460889665333,19.694069114613495,0.9498801593884914,0.966420835404525,0.7003006614321685,-5.03702343699359,-1.7577275979940987,-1.7577275979940987,1.7301096280273596,1.93414207792453,0.1257045040574888,0.2699371048970257,0.7421094032091561,-1.395753775129419,-0.2939958895954556,-1.4455392003877945,-1.561734950193442,-3.709214240646704,0.3833624218703356,-1.7577275979940987,1.652692899253696,-3.5265497780665696,-1.3325593292318962,-1.040689356536117,-2.977293233514336,-1.7577275979940987,-1.4787006199123822,2.0788933506295053,0.1215223910791486,-1.1064127241923845,-1.2528393209541462,,,,,,,,,,,,,,,,,,,,,,6.106574541731221,12.322961125327891,,-0.2506425317292652,,,,,,,,,,,,,,,,,,,,,,,,,,,,,,,,,,,,0.1002553328954808,,,,,,,,3.7354708214306864,9.785463385832683,7.341364525230809,9.829761138318094,1.7254553198622156,3.372796420815802,0.5862537983675056,0.4448855102724416,27.53008187286774,9.272133645121134,14.315547675186576,2.3195755561407396,1.0743209625895676,-1.1964255610009382,-2.5070093807475087,8.74730655655205,2.6039795414956193,7.531273432648758,15.554896406498973,9.331725802940271,-2.5884694367478933,,,,,,,,,,,,,,,,,,,,,,,,,,,,,,,,,,,,,,,,,,,,,,,,,,,,,,,,,,,,,,,,,,,,,,,,,,,,,,,,,,,,,,,,,,,,,,,,,,,,,,,,,,,,,,,,,,,,,,,,,,,,,,,
SRR6456160,-1.668352820471374,-6.578634370374912,-0.978839273100178,,,,,,,,,,,,,,,,,,,,,,,,,,,,,,,,,,,,,,,,,,,-1.3748349589043112,,,,,,,,,,,,,,,,,,,,,,,,,0.1078124395786905,-1.912705956589093,,,,,,,,,,,,,,,,,,,,,,,,,,,,,,,,,,,,,,,,,,,,,,,,,,,,,,,,,,,,,,,,,,,,,,,,,,,,,,,,,,,,,,,,,,,,,,,,,,,,,,,,,,,,,,,,,,,,,,,,,,,,,,,,,,,,,,,,,,,,,,,,,,,,,,,,,,,,,,,,,,,,,,,,,,,,,,,,,,,,,,,,,,,,,,,
SRR6456161,-0.6337642573918475,-1.704907135274269,,,,,,,,,,,,,,,,,,,,,,,,,,,,,,,,,,,,,,,,,,,,20.646335968184996,2.695281756175313,0.0865593055327632,2.676272205234257,-2.503322199854359,0.3143326863449384,8.012343641735004,4.975364524429828,-15.28733552020791,-14.5456735606217,-13.57629773362371,-14.208753097159756,-13.297625361441623,-10.3538008149217,-12.381982916123947,-10.557549054794636,14.81394528186651,-0.3427416078993636,-1.3125665361859518,-2.7031818376901704,-1.1853733699918971,-1.093124264879607,-8.024789041698776,-1.9779427609649765,-1.7931204743723794,,-1.7368480307854413,,,,,,,,,,,,,,,,,,,,,,,,,,,,,,,,,,,,-1.6315811178915438,,,,,,,,,,,,,,,,,,,,,,,,,,,,,,,,,,,,,,,,,,,,,,,,,,,,,,,,,,,,,,,,,,,,,,,,,,,,,,,,,,,,,,,,,,,,,,,,,,,,,,,,,,,,,,,,,,,,,,,,,,,,,,,,,,,,,,,,,,,,,,,,,,,,,,,,,,,
SRR6456162,-0.954164939727494,19.115063963983907,0.2226228823268529,,,,,,,,,,,,,,,,,,,,,,,,,,,,,,,,,,,,,,,,,,,-1.429114288214028,6.396554919283266,-5.67952913292112,-6.329816219249306,-6.44712346891384,-6.196281639745304,-6.210254460992554,-3.635669558774979,-6.786189580542107,-6.7741735454621415,-4.8346502463331165,1.7161079893679745,2.4700438138722833,1.470303397672129,3.0024180403394944,1.2580323444045456,-3.422724932287381,-1.8592532284758303,-5.944770858788553,-4.733751185427365,-4.1408078178464995,-3.0149062737907477,-4.788541885834519,,,-1.040619827096098,-1.509425078601841,,,,,,,,,,,,,,,,,,,,,,,,,,,,,,,,,,,,-1.6499716468779713,,,,,,-1.0162985806389295,,11.390530419125872,22.031387161457356,-0.623979433786772,2.443257784700357,4.078040914501058,1.9633182476301387,9.960598584773754,6.4485023318260675,20.20799612881479,6.345628550900954,5.184101550744125,1.1165512371167756,-2.1437084264978696,-2.294060580451246,-2.294060580451246,-2.2916814417544287,-4.5040295346693595,-2.1199771519620256,-1.5841006481979114,-2.2754910060943083,-2.294060580451246,,,,,,,,,,,,,,,,,,,,,,,,,,,,,,,,,,,,,,,,,,,,,,,,,,,,,,,,,,,,,,,,,,,,,,,,,,,,,,,,,,,,,,,,,,,,,,,,,,,,,,,,,,,,,,,,,,,,,,,,,,,,,,,
SRR6456163,-1.671883615511478,13.467115698253265,-1.5507504472554814,,,,,,,,,,,,,,,,,,,,,,,,,,,,,,,,,,,,,,,,,,,-0.9662674262785014,,,,,,,,,,,,,,,,,,,,,,,5.041047247319356,-1.5454879701854376,,-1.5526144354888871,,,,,,,,,,,,,,,,,,,,,,,,,,,,,,,,,,,,-0.9779070350234432,,,,,,,2.8950639908588713,,,,,,,,,,,,,,,,,,,,,,1.0294569207839734,1.4292976857206352,1.5840637528666277,-0.3111086569932096,0.4317549675234497,2.794579297450492,6.588877937649295,1.525594736746557,-0.2008003215754715,4.194262943090465,4.464917050051265,1.3923476832194055,2.7451750398285384,11.500809204561325,-0.7542890944817086,39.11446231234958,6.098564305632738,3.436883696879275,0.234614925043262,3.387807192611475,1.272716821215158,4.966922598864136,8.04210017605004,11.246605729258784,4.018266188760628,7.439880971644429,2.3244909297522285,5.304309887108705,-1.5486008633489368,6.037916865284552,9.990500492110066,3.1013927192478254,1.9179576845029775,5.8850885731230385,0.5343398090816514,-0.900991241905838,0.3223958379213775,6.037042879209225,4.558958694673737,7.254650531663064,4.072638601544516,3.958612732358108,3.22441622787988,1.0226200322216263,6.2004980027481915,6.538839882505429,-1.2834207688389403,2.310926068741681,3.258556180813425,1.6929909119238795,2.6129552285706383,3.732486418721146,4.685298508198658,4.404070019387771,2.2927640823271007,0.5589110676914962,1.8652439943575752,-1.0152409850727333,2.856687610183698,8.778382041879999,-1.133915463186267,2.87193738489075,10.59239549683071,12.717320988970018,-1.5647405931016585,-1.670892221422033,-1.529140447409811,8.680346389819126,-0.4309781422067218,-1.4009865565368889,4.094818287515706,0.9798867431893086,2.600646122439949,14.47242787446032,2.2852410161816112,-0.2118962429183879,2.2136413844446468,1.6872802559402982,2.8190056849777485,9.522036824015965,-1.193192999392027,12.13207333425628,22.757470261561583,2.2784652628685356,3.2391120456079716,4.777608144141571,-2.175257392858295,-0.6598202946009248,-2.01081265364672,21.058321833534897,3.125535713913413,11.779685816928463,30.888882212172582,24.483564984716455,-2.2074858290175556,-3.521482078527936,4.413571005353913,0.7119682534462259,-2.2074858290175556,15.219194325526978,2.3758296408553568,11.348517490276896,5.488426776377115,0.875926384051825,5.480257859281372,2.17913470123975,10.982945768981908,1.798001082348851,2.614233481715816,10.163627332987684,1.7981692265417837,16.769785432320138,10.822511792490918,9.55907132737908,-0.5324969071794894,0.2500777049259016,-1.5536549025746218,0.570380668880234,30.413478120016624,0.1635395025955827,-1.414604124633587,10.981588408126177,0.4428109669159659,3.549136333285366,-0.202544770179899,,
SRR6456164,-1.5844331498491822,-6.092906039840323,-1.4633833872120972,0.1253402424975559,-0.4242992569098894,-0.5712755591645393,-0.4030892349172702,-1.5125095979807837,0.0689748429255451,-1.3613897958302767,-1.351211736456964,-1.9272269150538743,-1.534301401678525,-1.753099496348873,-1.6163951711517988,-1.753099496348873,-1.753099496348873,-1.6811889283847106,-0.0153198364603574,-1.879916592916849,-1.9677834004133925,-3.723534048811618,-1.6163951711517988,-1.6163951711517988,-1.2037465854526763,3.062530532668502,-0.0575005140662249,2.4220000301169957,-1.1578967425972182,6.126077147516221,-0.1822610226957176,1.337740824500118,-0.3933633350316747,1.458619503727529,1.6738479138696525,1.9140427287184711,1.5950863278191407,3.250772477601474,-0.7997825400592986,-1.3750515266096748,2.430727137676996,1.9828174930016584,2.555940528694884,2.853964507255361,1.624891522295102,0.9400107791795936,,,,,,,,,,,,,,,,,,,,,,,,,,4.255019576097247,,,,,,,,,,,,,,,,,,,,,,,,,,,,,,,,,,,,,,,,,,,,,,,,,,,,,,,,,,,,,,,,,0.2059209892204175,13.476979653822443,4.271726181709631,7.903971345300715,3.424603140724832,22.64657333331935,4.217976360754298,1.2815248695889,14.02649346760338,-1.4596158333399187,-1.466985059374194,-1.0387014054139978,2.6268574483134417,2.8243725771538277,-1.1377990840804109,53.42607393719214,1.223152458217635,1.1120097490389191,0.1299425396153117,-0.6591246364620748,-0.2261025170219502,-0.3631595521683912,2.8452354121687913,5.616849402841055,4.982064818542805,6.432318837044846,-0.0515914030956017,4.182379391822627,-0.8084366130683909,2.2653961552620347,3.7406160794505614,2.7714543726279475,2.0102652319589196,12.91454880703635,-0.4319534481854088,-1.1011248114265255,14.585455520067242,3.4457185086352613,-1.4586206499811651,0.040456183204442,3.297679800843972,4.176838952279313,2.810646762051811,-0.0890446828435383,2.401667665551302,-1.4674808762869966,9.009844503195144,3.3046712253178527,2.9586590800639727,10.40359672528394,2.8578645888279604,3.0276016561212815,-0.1520110279300849,17.36922308714578,15.195778923160397,4.0179845156171865,7.909138066088797,11.149631400132648,-0.5687451048880526,14.658696577318029,-1.450935334330294,4.636215166436008,7.940622538720106,-0.8791938521513916,,,,,,,,,,,,,,,,,,,,,,,,,,,,,,,,,,,,,,,,,,,,,,,,,,,,,,,,,,,,,,,
SRR6456165,-1.6521141816481284,-2.918038949558061,,,,,,,,,,,,,,,,,,,,,,,,,,,,,,,,,,,,,,,,,,,,,-5.129511730522757,,,,,,,,,,,,,,,,,,,,,,-0.8030641660815321,-1.8990189818088683,2.68854127331564,-2.0158240515393486,,,,,,,,,,,,,,,,,,,,,,,,,,,,,,,,,,,,,,,,,,-1.3094568255195556,-0.2204251254063128,,,,,,,,,,,,,,,,,,,,,,,,,,,,,,,,,,,,,,,,,,,,,,,,,,,,,,,,,,,,,,,,,,,,,,,,,,,,,,,,,,,,,,,,,,,,,,,,,,,,,,,,,,,,,,,,,,,,,,,,,,,,,,,,,,,,,,,,,,,,,,,,,,,,
SRR6456166,,,,,,,,,,,,,,,,,,,,,,,,,,,,,,,,,,,,,,,,,,,,,,,,,,,,,,,,,,,,,,,,,,,,,-1.6874704163071546,-1.751615978100459,2.5197135918203393,,,,,,,,,,,,,,,,,,,,,,,,,,,,,,,,,,,,,,,,,,,,,-1.735757791015898,-1.230473315145053,1.0156730020184828,-1.110222317226607,0.8846110806459095,1.366918733048966,1.4127329050835435,-0.7112980821650332,0.0578734087789157,1.8542538393518917,1.6210267648455758,-1.2879664666256214,-1.6390339895342438,-1.6764681324480148,-1.7513496424507289,1.8377995687788369,-1.8210327215314868,-1.6176619726149692,-1.7713352566636378,1.5762128684912904,-1.7351851130614808,,,,,,,,,,,,,,,,,,,,,,,,,,,,,,,,,,,,,,,,,,,,,,,,,,,,,,,,,,,,,,,,,,,,,,,,,,,,,,,,,,,,,,,,,,,,,,,,,,,,,,,,,,,,,,,,,,,,,,,,,,,,,,,
SRR6456167,-1.7615232093810629,,-0.9414447161789222,3.9146016744637273,4.756820770616769,1.6237816129351084,0.0525522578938656,7.53414306538111,16.7530911477488,6.315744170260172,7.516680418615995,40.3026800693996,22.4013022770462,-1.63023196804501,-1.635059884310899,5.4133722302955904,7.058949993378054,7.619868569555947,3.909446686742946,9.600926672350075,-2.7623762057720556,0.9582231684332536,-1.6659446667199234,-1.5709985884707265,12.196182757662804,5.28469405925081,26.153256245979275,1.3384632229428437,1.6253043565780638,-0.7689054537605556,0.6620371968412642,-1.1843302325780218,-0.7181379215777909,-3.0140565134445945,-1.63023196804501,-1.6659446667199234,1.847602675684236,1.5992661503421652,2.524553923912508,6.4392743178099785,1.1079879157352177,-1.4760525102215298,2.891467089241521,-0.8114299624771526,2.727681420856369,-1.430218070039715,,,,,,,,,,,,,,,,,,,,,,,,,,-0.9684332073232542,-2.7402353670710617,11.30044731271716,19.636600744398525,21.586127216447046,-2.3924341920743983,-1.4670486618987455,9.095852230394044,10.256426573297103,-2.070451327187147,10.302504302469233,2.732435546730571,5.77783822320722,4.251269366569298,4.432550472143545,7.339968277201917,1.2260376954915442,-2.35131319198779,-2.070451327187147,-1.841088433758508,-1.4832693694604746,3.6222442614114474,3.2748366760885568,1.2091706929306345,-0.8685850269231257,-0.6837473824322567,-1.9170003754759328,12.81121593207523,18.827410054298408,16.926683425451433,33.24381041682895,6.6988341571674175,20.332012994887805,-0.312661230199676,0.6872836652677193,1.8848756399953952,-1.7166439323345322,,,,,,0.331545474616401,,,,,,,,,,,,,,,,,,,,,,,2.2668665179755108,28.12595109058524,14.409307947989715,3.9886588159821934,3.0003026856417887,4.7078618882511485,24.532651827354336,20.776540470217768,-1.5658000968256718,11.644722674193586,15.381599510094226,5.93823180786272,14.45269373303777,46.355855006626086,4.887349679233102,113.48019850157446,23.75065620034147,27.559369259231502,14.10425226054774,5.475397670066023,4.932382099675926,3.9866364805452337,5.152098059615577,16.88258302926619,5.565350807239294,26.120785094848326,26.08432096744609,4.368437805505568,1.0660531398557989,12.729926901092748,117.18137941223311,16.109119383178673,17.789575922274327,27.699351784170855,6.78647606203781,9.006922431600339,3.5431894770458956,25.14132538330351,5.859753940900754,10.2126585729237,20.58081469408676,10.01395392306208,4.5464869447657685,0.834938215674445,97.70712039185908,2.3781212888169785,11.668541667420028,6.011991174900002,12.46813938846612,9.356153815264877,24.73401658248415,27.496743856329104,14.345117799362963,2.118850495022519,3.077756130312363,8.138565491962604,23.51673278704167,6.2283055444886815,0.7603034897389662,8.89212100433844,1.3448847927738274,57.75864080545128,12.014767299091949,12.499054408575525,,,,,,,,,,,,,,,,,,,,,,,,,,,,,,,,,,,,,,,,,,,,,,,,,,,,,,,,,,,,,,,
SRR6456168,-1.6750396472311937,16.743259174205615,-0.767042784564382,,,,,,,,,,,,,,,,,,,,,,,,,,,,,,,,,,,,,,,,,,,-0.3358385844099196,,,,,,,,,,,,,,,,,,,,,,,44.70422876668551,21.05146254910835,,,,,,,,,,,,,,,,,,,,,,,,,,,,,,,,,,,,,,-1.9127377381142756,,,,,,-1.39279754358867,,,,,,,,,,,,,,,,,,,,,,,-0.0928013672024661,45.98679305979814,39.633488347617,27.913612632248263,21.01279209889317,1.6094196884347085,3.611285190393239,2.3909281117279755,2.016881707258734,10.31211762749669,15.134557100625932,1.5352023225949312,1.7571782706912902,37.47161703285288,15.79051741579196,270.1332756467571,5.158538210113747,19.50565257157997,10.18851200445816,25.206896611485863,3.69020855531987,5.705679660298896,13.70096533078797,8.673108169936988,5.884310445259699,4.643710317763787,13.568156892062646,5.549381171404695,0.4370048494844946,14.37274612977621,71.90622522188369,37.72168809709424,22.453886070952535,36.767618753054585,6.300810451678381,-0.30222115131256,26.95628532601896,10.449253523646352,0.5264676825195871,3.686019973325616,7.569815553012363,1.258418849970361,3.885950235235524,0.0677011848184442,14.497574150034138,1.70153315230306,16.619165943822566,10.648712979993292,22.895171045824274,12.207358720146406,2.250346651803211,31.69128410530462,4.874841279658681,3.628691690538601,4.122004075869762,-1.037288611915814,24.747694276711265,1.5098238608582193,3.528698577977135,48.07654581406412,9.508356445276714,37.343811582692936,11.187986154634354,0.568721525484731,,,,,,,,,,,,,,,,,,,,,,,,,,,,,,,,,,,,,,,,,,,,,,,,,,,,,,,,,,,,,,,
SRR6456169,,-0.7564635830404532,-1.2618204622167042,,,,,,,,,,,,,,,,,,,,,,,,,,,,,,,,,,,,,,,,,,,,,-6.576841225884435,-7.361203428005871,1.845013682168658,1.2637759413762697,-7.1032859136083415,0.6173734740859926,-7.492120435672024,-7.350218567082527,-7.385040860019429,-7.361203428005871,-7.380121846823196,-6.988324325635243,-7.257847677189775,-7.245350622958736,-7.735139922211402,-7.385040860019429,-7.260253277758034,-7.255427900334239,-6.988324325635243,-7.260253277758034,-6.988324325635243,,,,-1.580533639129174,,,,,,,,,,,,,,,,,,,,,,,,,,,,,,,,,,,,,,,,,,,,,,,,,,,,,,,,,,,,,,,,,,,,,,,,,,,,,,,,,,,,,,,,,,,,,,,,,,,,,,,,,,,,,,,,,,,,,,,,,,,,,,,,,,,,,,,,,,,,,,,,,,,,,,,,,,,,,,,,,,,,,,,,,,,,,,,,,,,,,,,,,,,,,,,
SRR6456170,-3.3912711261556545,-3.6354717251163047,,,,,,,,,,,,,,,,,,,,,,,,,,,,,,,,,,,,,,,,,,,,-0.0337684494741003,-1.5609157082980156,,,,,,,,,,,,,,,,,,,,,,0.7088575312968607,-1.6653944645089598,,-1.5332533034022375,,,,,,,,,,,,,,,,,,,,,,,,,,,,,,,,,,,,2.2939854294312148,,,,,,,-1.4301997866669636,,,,,,,,,,,,,,,,,,,,,,3.610430191656995,2.9427974157251144,0.6318211778149642,-0.1149142153852543,14.715763279543008,3.2200016081154375,-1.0770806419339114,-0.2114704006645971,0.7834577112611769,7.639231069966847,10.27872922385791,0.6198350001612877,-0.0102062634242631,6.413793854820379,0.8937879231877138,50.93685350075952,6.183824993406152,6.2583647882216775,1.2950295433049168,4.40592258441368,2.656150729508956,1.420419543235956,3.925987789185444,7.535613670379218,4.431317054333815,2.8512543116843068,-0.4416799695644829,-0.0620184581448106,1.3621453326315858,2.6016865273722254,4.989750892102291,6.008568183609153,2.697746749490584,3.33372323132341,-0.4080848092519828,-1.362366411909791,1.762948895309363,2.0661236434466734,-0.3000822426684031,2.3967717402676905,2.6772736790079117,2.119809061923837,0.7739967951215712,1.6875798349809683,9.774985427811178,6.3764347656409965,-1.3854006938602317,2.082869352086495,0.457246314715567,1.9582836507314243,3.8167897218389775,2.903492215340905,-0.2624559039295203,2.6158627710641107,1.3483046907032163,-0.2551928928662483,3.2190707706823303,0.5406920944207118,-1.0106442379834106,5.952517452395204,-1.2143727747198092,4.491660648478838,2.9338834369764153,-0.8131937144152676,,,,,,,,,,,,,,,,,,,,,,,,,,,,,,,,,,,,,,,,,,,,,,,,,,,,,,,,,,,,,,,
SRR6456171,-2.038807405290608,,,0.3440164311547628,-1.142457322934681,-0.7499563350751063,-1.026115221024262,-0.5102128220315542,0.8249824952962056,-0.1163956056044147,-1.2174629539132231,0.0975917559195635,0.1729599337790693,-1.7756489260484676,-1.6214352502169112,5.203284404336209,-1.3967873568880975,-0.7112239588449862,-1.382696956518188,-1.6057802845216604,-2.0208746479184168,4.313793254829962,3.795876833899723,1.81131696150056,-0.8168839505956289,6.491826829414715,-0.7632473824067977,-1.5639764332456152,0.4176928215218076,1.618971065189705,1.322669699978895,1.8162688545985348,0.7114124005260126,-1.8711183724159792,2.559092272948226,2.5085947545056713,1.8150501474387293,-2.807616424212861,0.0045702647696841,0.0849687273812722,-1.92350119808958,-1.6214352502169112,2.8572336510082272,2.8304152743541846,-0.085099858439757,0.349829890252412,11.089663491103195,-4.993472652939659,-5.860002013663572,-5.710566654600334,-5.537174542900752,-5.4079405814963115,-5.381899216576296,-5.827704660257891,-2.725698477643382,-5.8095528449000025,-5.562814831580533,2.204667999904064,-4.993472652939659,13.452396211853673,32.9845485342992,8.134443926324575,-2.8129709021918528,-5.330400204653647,-5.417625568974687,-2.6804935992038086,12.471356341060025,-4.993472652939659,-1.2354285955753626,-1.7227440342602824,,22.054486667848252,,,,,,,,,,,,,,,,,,,,,,,,,,,,,,,,,,,,-1.569684149159754,,,,,,,,,,,,,,,,,,,,,,,,,,,,,,,,,,,,,,,,,,,,,,,,,,,,,,,,,,,,,,,,,,,,,,,,,,,,,,,,,,,,,,,,,,,,,-1.3187041525843202,3.4089325262296737,2.80414492972016,0.9240609472893831,1.1209631727238516,-1.4220048625069173,1.5412918503910038,0.9046382913507488,1.017677666581743,12.438069008502566,8.819358174812361,10.670342840018291,3.728003671330691,-1.0010578557953158,-2.3310290650750356,-1.9945041637410603,-1.4179935995968416,-1.8837421731016024,-3.5555017341038866,-1.5460704218016943,0.2167411790752815,-1.062636498084791,-0.1252228108044336,-0.5164421679280226,-3.556337005835746,35.67059754366983,-0.6265383524754966,9.670943039524664,27.73218311809836,18.67195448851877,14.19196739306018,15.979222205447918,34.06842144077606,4.225921767122184,12.835722456512316,10.052206480821187,24.941671865407272,14.493190827130118,14.969288243868206,-0.6528464771882582,0.1681441765990422,2.681850271547618,2.9114295766330267,1.6013270196569651,-0.256223380619548,6.442947705978908,-1.8764071746454036,-2.5640516636938058,-2.1675160549067236,0.7393703114964865,0.0674495865495548,-1.1723349293592442,-0.8633597657474443,0.4330628681886101,14.003078486127809,1.5417700015657585,0.223992885181466,6.196595285084636,-1.5142413644958823,8.016360859423088,-0.6903208249849693,,
SRR6456172,-1.9280499843865695,-4.007924712125897,-1.3628005551310554,,,,,,,,,,,,,,,,,,,,,,,,,,,,,,,,,,,,,,,,,,,2.7440720616716527,,0.1461641047788849,-1.91783901484937,-0.2142709097965739,10.127858242978563,-6.733705160560287,-4.203154372141323,-8.594032947436505,-7.95050520830253,-7.56082493502196,-7.858822498309872,-7.392544791184704,-4.636468162577991,1.6307358251342354,-3.373266074529506,0.9470214471983198,1.5314448988372469,9.480646718398283,28.81962930194986,20.158267912538857,10.495645025034198,-3.007605836273275,1.963237012967657,-1.685384494104964,,-1.7477425297242584,,,,,,,,,,,,,,,,,,,,,,,,,,,,,,,,,,,,,,,,,,-1.6964813020001543,,,,,,,,,,,,,,,,,,,,,,,-1.6930908444828254,-1.3016157801621948,-0.86775913552139,-1.492156119492937,4.160881232845409,1.0266034479019253,-0.8920521945818337,1.171750835931558,-1.0065924988957295,2.4692416365920744,1.8443679002286864,-0.2928477449113382,1.1865647855228014,7.8578414270912,-0.4288835672422501,22.197652992074392,5.651091046018019,3.5245643626193477,-0.2226483658958637,0.4783289370437214,0.2854365339057112,-0.8408548239622,-1.27210659267884,5.836103336774013,4.703876268229774,6.69161552144075,1.5893169994699532,2.732519689808305,-0.0327269505020434,0.1959542844412027,8.011382110338817,4.537901613780666,2.3144551561433833,2.858624868370493,-1.0889545985698796,-1.4371720186746757,1.8889048842196128,0.4479693046458904,3.272670558552948,1.2857556028224395,-0.4602162549874785,-0.5504243840948067,-0.6547187574793025,-1.204732787157679,8.277124471927031,-1.5081276053390955,-0.7484366627461638,2.6578855622857818,6.217351518473401,1.8511570671011452,1.4164242122317443,2.4130948892954134,-0.4451289644807347,-0.8223281520138946,-0.9384158885940388,-0.217872023178112,14.852658835372964,-1.3651882426953403,-1.2636139412572631,1.6018234710953785,-1.475330440783845,7.95209360250472,2.49502455863209,0.8704953772425568,,,,,,,,,,,,,,,,,,,,,,,,,,,,,,,,,,,,,,,,,,,,,,,,,,,,,,,,,,,,,,,
SRR6456173,-1.9826280176135824,3.0266137316825024,-0.6624126716767901,,,,,,,,,,,,,,,,,,,,,,,,,,,,,,,,,,,,,,,,,,,-1.3276465076116155,,,,,,,,,,,,,,,,,,,,,,,-1.540850928186043,-1.5025902563832223,4.441478945194162,-0.842283055369713,-2.260000364094911,3.938504770368733,10.052699281619288,7.682360883067474,-2.1368789371814634,-1.713051848871482,5.695366649899946,-1.870937372723797,-1.7743632222307892,2.3490994863258967,-0.1768595580103055,3.4285452997902843,0.2211517211187242,1.951771869679785,3.473991989458718,0.4618414282192593,1.9144032354665093,-1.88727640683414,-1.713051848871482,9.600463666106112,-1.4255190995419948,-1.3886957042416077,1.209932870095382,-1.6294021074449152,0.0752170392114638,-1.52239154495137,30.876915533190136,23.32779254589733,36.993638394200545,27.339876779591336,14.419112121056836,10.018091563727353,8.042578620295656,36.299589710741024,32.06690308222956,,,,,,,,,,,,,,,,,,,,,,,,,,,,,,,,,,,,,,,,,,,,,,,,,,,,,,,,,,,,,,,,,,,,,,,,,,,,,,,,,,,,,,,,,,,,,,,,,,,,,,,,,,,,,,,,,,,,,,,,,,,,,,,,,,,,,,,,,,,,,,,,,,,,,,,,,,,-0.7610246133195769,-6.703483233115318
SRR6456174,,,,,,,,,,,,,,,,,,,,,,,,,,,,,,,,,,,,,,,,,,,,,,,,,,,,,,,,,,,,,,,,,,,,,,,-0.5235320080538027,,,,,,,,,,,,,,,,,,,,,,,,,,,,,,,,,,,,,,,,,,,,,,,,,,,,,,,,,,,,,,,,,,,,,,,,,,,,,,,,,,,,,,,,,,,,,,,,,,,,,,,,,,,,,,,,,,,,,,,,,,,,,,,,,,,,,,,,,,,,,,,,,,,,,,,,,,,,,,,,,,,,,,,,,,,,,,,,,,,,,,,,,,,,,,,,
SRR6456175,0.2480701487985995,,,-0.3106123534567625,-0.0041520464502026,-1.1716552180993902,-1.4923936195409435,-1.562832958998235,-0.0625030885117277,-1.6784708006857405,-0.9861478079097478,-3.477195164298503,-1.492364950851521,-1.8439115712466616,-1.6784708006857405,1.3556862947916877,-1.829034607783083,-1.2942080455566605,-1.4923936946575789,-2.6891507556226704,-3.51404077161212,-4.379250233477268,-1.6784708006857405,-1.6784708006857405,1.531360574061999,6.109632792349486,-0.8414993616017871,2.605643371216918,1.7081883448920212,-0.628929997354956,0.1303096904497636,2.223428044921664,-0.0692254795359186,1.5853921566537963,0.7557616949094972,2.0895921174963887,2.3957503696125233,1.2103571659051584,0.2698477729663083,-1.503634863996759,2.1623732690024418,1.996553526923991,2.368707889213584,2.6478236609307784,1.8056297447033305,,,,,,,,,,,,,,,,,,,,,,,,,,,-1.7539494813030103,,,,,,,,,,,,,,,,,,,,,,,,,,,,,,,,,,,,-1.6892919432323483,,,,,,,,,,,,,,,,,,,,,,,,,,,,,,,,,,,,,,,,,,,,,,,,,,,,,,,,,,,,,,,,,,,,,,,,,,,,,,,,,,,,,,,,,,,,,,,,,,,,,,,,,,,,,,,,,,,,,,,,,,,,,,,,,,,,,,,,,,,,,,,,,,,,,,,,,,,
SRR6456176,-1.4081251696999837,,,,,,,,,,,,,,,,,,,,,,,,,,,,,,,,,,,,,,,,,,,,,-1.2976806284871312,,,,,,,,,,,,,,,,,,,,,,,-1.3736375508116176,-0.6900510349891938,,-0.4959558854063217,,,,,,,,,,,,,,,,,,,,,,,,,,,,,,,,,,,,,,,,,,-0.4708287909146559,0.0271567189177718,-1.96982379575887,21.084678776939175,-0.6149376803823081,1.1616812775262777,1.713081345150748,1.9165942561234777,4.3310544220818885,3.8697404648105302,7.843091164347503,2.2893543158481338,1.8276990394452972,1.2741565095690022,1.886718033242896,-0.1313574289773746,-2.2779684966072007,-3.483460313458123,1.7727473401768108,-0.5698004099388948,-1.2909075343944731,-0.6303502012943827,-1.0554835281530193,20.6800667827476,7.12734882546663,5.770288220594407,4.446350601239541,9.218871212744489,7.282967391062226,7.243237120653216,6.992771350704993,-1.6477755035312656,6.13137809064055,7.816357492436363,3.9661908304776623,15.480454467166044,13.409851178676078,2.826945587709703,125.10737726584718,10.558360599573698,12.988727877974917,2.447933958992302,10.05631346186847,1.5577465447526988,1.4579094247535196,35.2750817890626,11.46354968482466,5.864805263885421,33.65201725845535,17.72623367031778,3.403106089173927,1.7977765209361087,5.518971173305217,10.137646579066352,14.350171162544909,31.15843125921496,11.052441124364032,3.5968877556792003,-0.0746708924195259,8.297841483578345,36.594034592584016,22.071114949875003,7.8633762780482,8.664999774141885,24.008171825036246,20.496489502020545,49.43496304973359,110.6664735573916,50.48574172890016,3.669457044287623,6.160022779161649,8.5177299757476,6.2008494645028005,19.888216839211008,23.707521264379107,4.643998852825021,6.643643744241747,9.519386625011824,0.3734935645477786,31.677025325632368,6.251736815638219,7.816400240607927,11.095018996150094,0.3393308198250122,22.02917022593613,9.83980474214941,0.6964167647024592,,,,,,,,,,,,,,,,,,,,,,,,,,,,,,,,,,,,,,,,,,,,,,,,,,,,,,,,,,,,,,,
SRR6456177,-1.7845867615996407,4.121781458193586,-0.2610621354549244,,,,,,,,,,,,,,,,,,,,,,,,,,,,,,,,,,,,,,,,,,,12.564056128009028,,-2.645105303349788,-3.263391790973814,-0.5804495611922533,-0.2291476710487675,10.678343592752002,27.282623648280413,106.86478699386922,58.60980495776251,63.364029960905256,-0.2387984596006251,-0.0599219467296854,1.848429794411908,29.758584219110524,2.267850711641805,45.792787685670376,3.5084743629955097,-0.2723471544573095,-3.974384349212835,-3.7144974573522305,-0.27655940357537,-2.3546843553329704,-0.6037307951398156,-1.7473258543927286,,5.280700380772491,,,,,,,,,,,,,,,,,,,,,,,,,,,,,,,,,,,,13.871430863639558,,,,,,,,,,,,,,,,,,,,,,,,,,,,,,,,,,,,,,,,,,,,,,,,,,,,,,,,,,,,,,,,,,,,,,,,,,,,,,,,,,,,,,,,,,,,,,,,,,,,,,,,,,,,,,,,,,,,,,,,,,,,,,,,,,,,,,,,,,,,,,,,,,,,,,,,,,,
SRR6456178,-1.791409201573018,,,,,,,,,,,,,,,,,,,,,,,,,,,,,,,,,,,,,,,,,,,,,,4.096558289773999,,,,,,,,,,,,,,,,,,,,,,-2.016282596425563,-1.929753659343054,-1.104256986847444,0.0841898535752926,,,,,,,,,,,,,,,,,,,,,,,,,,,,,,,,,,,,,,,,,,-0.1296209993239527,,-1.5283883312096818,9.141471575788591,19.538569438872152,10.47126493021522,9.391097162239534,10.592562014889475,18.45389898413099,19.83011741068739,7.082547665166741,1.4847712284692791,3.395775523421547,7.221026424205131,-1.7648491264583646,211.5397232037421,18.421133655342008,5.597404331208405,9.511748771236949,16.5018711440809,9.725874376114817,19.70531949330148,22.180343474689764,,,,,,,,,,,,,,,,,,,,,,,,,,,,,,,,,,,,,,,,,,,,,,,,,,,,,,,,,,,,,,,,,,,,,,,,,,,,,,,,,,,,,,,,,,,,,,,,,,,,,,,,,,,,,,,,,,,,,,,,,,,,,,,
SRR6456179,-3.5612731183962647,,-1.6920760901479408,1.5657830871129943,1.9858556878162852,0.4842877564018531,-0.3677548825819717,1.5672482342700294,9.349379479476465,1.0447232530823718,-0.4814826637517717,-2.542020752175,2.4996536897805974,-1.8375848566723876,-1.453276158120102,-1.1435048532148842,-1.451981281784087,-0.4059230748571722,1.208375019537668,3.688956100084277,-3.0106037663151892,15.021456458252556,14.487531885563454,7.415155065123627,3.62893313094877,4.0566657785205535,1.3429123405035737,1.7786056934301055,-0.7414380055498491,-0.5522982504422911,-1.2163100133508384,-1.2386240969039597,-1.799024856480304,1.752587397388572,-1.4519848547515524,-1.6574899469557467,0.0224794295278748,-2.9728812441117953,-0.069632349070496,0.2380310138223507,1.5688213567303628,-1.514613647552922,0.6285308434894498,-1.0859847493444477,9.07489519768725,0.1972264578205582,,,,,,,,,,,,,,,,,,,,,,,,,,,,,,,,,,,,,,,,,,,,,,,,,,,,,,,,,,,,,,,,,,,,0.4312043112994339,,,,,,,,,,,,,,,,,,,,,,,3.388666715798359,4.758482153054357,1.0503890845181976,-0.9616170446478686,-1.0570388485176443,3.9536235547054166,6.552643394238234,7.023503997244075,6.229810953513438,5.459775268790305,4.960953563320387,0.9082015619864536,1.2904096951015656,33.19502750679357,4.771015502775775,118.05902194906086,4.912228738668453,7.264995798852318,0.6300616548246011,2.997205301698365,0.8145992391556676,0.3793298159724791,2.535250080354422,6.593163149483318,6.9145214246986,12.812314926378669,17.233170708270222,5.6811445814823855,4.830352239655442,11.940507362957415,45.880424246840825,14.415482756557292,4.270539041416933,12.440702432002146,10.271861701289737,3.132535032011154,8.329310455114413,19.30563694165979,5.523083212374119,6.783477479299598,9.815325466753784,8.104858657833093,5.266426952503796,1.9910578391822225,17.662521548770506,13.74564493565902,-0.123965972716826,6.455404389599535,19.160033746760497,3.212908066622549,11.779098999667273,10.588321404167472,1.2145647418990553,0.4132925208684965,1.3349464742475887,5.521933641822042,7.474927691474835,2.5259030742607904,6.4988550043528415,74.28214578921792,14.099435786546657,47.113999990241155,1.1286021537459865,0.0746006518073753,,,,,,,,,,,,,,,,,,,,,,,,,,,,,,,,,,,,,,,,,,,,,,,,,,,,,,,,,,,,,,,
SRR6456180,-0.7507463406688969,-2.7292220071414164,-1.3092009929115282,,,,,,,,,,,,,,,,,,,,,,,,,,,,,,,,,,,,,,,,,,,-1.1197018530834508,11.78790509940583,,,,,,,,,,,,,,,,,,,,,,,,,-1.6585753173521027,,,,,,,,,,,,,,,,,,,,,,,,,,,,,,,,,,,,-1.265961350364824,,,,,,-1.6432756314649046,,,,,,,,,,,,,,,,,,,,,,,,,,,,,,,,,,,,,,,,,,,,,,,,,,,,,,,,,,,,,,,,,,,,,,,,,,,,,,,,,,,,,,,,,,,,,,,,,,,,,,,,,,,,,,,,,,,,,,,,,,,,,,,,,,,,,,,,,,,,,,,,,,,,,
SRR6456181,-1.6827120262032464,,,,,,,,,,,,,,,,,,,,,,,,,,,,,,,,,,,,,,,,,,,,,,,,,,,,,,,,,,,,,,,,,,,,,,,,,,,,,,,,,,,,,,,,,,,,,,,,,,,,,,,,,,,,,,,,,,,,,,,,,,,,,,,,,,,,,,,,,,,,,,,,,,,,,,,,,,,,,,,,,,,,,,,,,,,,,,,,,,,,,,,,,,,,,,,,,,,,,,,,,,,,,,,,,,,,,,,,,,,,,,,,,,,,,,,,,,,,,,,,,,,,,,,,,,,,,,,,,,,,,7.356125082791117,-1.0447784642837428
SRR6456182,,-4.633530988434656,-1.0462244155890768,,,,,,,,,,,,,,,,,,,,,,,,,,,,,,,,,,,,,,,,,,,1.4229330612999207,7.305733954116724,,,,,,,,,,,,,,,,,,,,,,-1.79201445478734,-1.7988853314734246,,11.069674051782185,,,,,,,,,,,,,,,,,,,,,,,,,,,,,,,,,,,,,,,,,,,,-3.652847249926144,-4.603486759610394,-2.3958949448076376,-0.0640156302701839,0.5522328213635397,0.7259876917309687,0.8062290229995387,0.6018981719332228,7.129520834088754,1.5741749546535289,0.8407758125602984,-1.1378994145727184,-1.9235380170857337,-4.585178151146338,-4.605879894052287,1.0704615590163065,-5.0802778281206225,-1.9587875885470667,-3.523938347370258,-4.569713471719392,-4.579225903518524,,,,,,,,,,,,,,,,,,,,,,,,,,,,,,,,,,,,,,,,,,,,,,,,,,,,,,,,,,,,,,,,,,,,,,,,,,,,,,,,,,,,,,,,,,,,,,,,,,,,,,,,,,,,,,,,,,,,,,,,,,,,,,,
SRR6456183,-1.857471770822,,,0.1025876536774948,-0.1228193339930117,0.7052650968094195,-1.0300800090523254,0.1514445798724944,2.017020436578744,-1.2203103849183723,-1.2201459792177898,-3.608744148132253,-0.5314751184337693,-1.9222542909086728,-1.7646710302458235,1.4888951546246698,-0.4758094277260964,1.9657020928270816,1.431550863275248,2.5603887943512817,1.0115122665599805,-4.488620518248022,-1.7646710302458235,-1.7646710302458235,-1.691096397413567,4.4659137763087715,0.1850567398094797,5.908793683599743,7.542520023034632,5.637338879034061,5.6234172854675535,1.2770508006249466,3.308982450208258,1.845063681581775,0.2196302446587749,0.1482694233928469,-3.5416268928236363,-3.81602169050707,7.037343523373615,3.4705355220138077,-3.324994167884191,-1.7646710302458235,-1.1760739675877712,-1.028924701923258,-1.842925234035804,1.6490022735943328,,,,,,,,,,,,,,,,,,,,,,,,,,-0.5573771901428972,,,,,,,,,,,,,,,,,,,,,,,,,,,,,,,,,,,,,,,,,,-1.6015637998983945,,,,,,,,,,,,,,,,,,,,,,,,,,,,,,,,,,,,,,,,,,,,,,,,,,,,,,,,,,,,,,,,,,,,,,,,,,,,,,,,,,,,,,,,,,,,,,,,,,,,,,,,,,,,,,,,,,,,,,,,,,,,,,,,,,,,,,,,,,,,,,,,,,,,,
SRR6456184,-1.2036166967001096,95.2438977251417,,,,,,,,,,,,,,,,,,,,,,,,,,,,,,,,,,,,,,,,,,,,-1.4477074577149895,-3.6797954344013175,1.7834205364565905,1.0664553542912822,7.584534001471909,-1.2146313988679496,-4.63283687914447,7.113337712936154,-6.528826991886432,-3.88698396034071,-5.422163453742509,-0.7923093925946588,1.9701951320706144,0.6769391609849095,0.0356825699913726,2.0970370438690566,-6.696705802272369,-5.422163453742509,-4.537886726914567,-1.1205079213526972,-2.204907541252803,-3.8286610786366584,-2.60086912823834,,,2.018757436779755,-1.2153838905827128,,,,,,,,,,,,,,,,,,,,,,,,,,,,,,,,,,,,-0.6778997176190963,,,,,,-0.5413905062032777,,,,,,,,,,,,,,,,,,,,,,,,,,,,,,,,,,,,,,,,,,,,,,,,,,,,,,,,,,,,,,,,,,,,,,,,,,,,,,,,,,,,,,,,,,,,,,,,,,,,,,,,,,,,,,,,,,,,,,,,,,,,,,,,,,,,,,,,,,,,,,,,,,,,,
SRR6456185,-1.747556399753666,25.61755978766124,,,,,,,,,,,,,,,,,,,,,,,,,,,,,,,,,,,,,,,,,,,,-0.249975872993164,2.851037995179672,,,,,,,,,,,,,,,,,,,,,,-1.4843026504694723,-1.0460183045935196,,-0.2559767847433744,,,,,,,,,,,,,,,,,,,,,,,,,,,,,,,,,,,,-1.5732442064608034,,,,,,-1.5247629554671014,,,,,,,,,,,,,,,,,,,,,,,,,,,,,,,,,,,,,,,,,,,,,,,,,,,,,,,,,,,,,,,,,,,,,,,,,,,,,,,,,,,,,,,,,,,,,,,,,,,,,,,,,,,,,,,,,,,,,,,,,,,,,,,,,,,,,,,,,,,,,,,,,,,,,
SRR6456186,-1.4266371271253833,20.481920584035656,,1.1303832509457945,1.5303802770517427,0.2162532277078875,-0.7162070222493928,-1.46588126443808,0.4552915161785211,0.387200176543683,-0.2164575901878037,-3.709218562884314,0.3838100596579327,-1.8426984766311216,-1.675979459325443,1.3911414869120642,-1.754477684911789,-1.5359954657574986,-1.6759256472172652,0.6954159857279574,-3.7092255294160346,-4.236011569342405,-1.6249995515894538,-1.675979459325443,0.4651766655861074,2.260196167014838,-0.9622607535809596,1.022798354416188,-0.0360074598890261,1.3295945610481323,-0.2819585640956714,1.3744968406020734,2.7482190977791787,0.5870200525196477,1.9118445318893569,0.7200762042660539,1.6691188462252962,-3.6870170158694378,1.9475240450159936,-0.0896877020569269,1.4293063536239246,1.5357547280418826,2.1984935286097436,1.7906542667218293,-1.2123737379743988,-1.491202089872275,-4.950767979009414,,,,,,,,,,,,,,,,,,,,,,9.940307026289274,-1.731935431952645,,6.81025644593556,-8.659486864425686,6.481741017944772,-5.998743053923092,7.54954264259684,-6.63540275792086,-4.551510516960494,-5.624151497663467,-5.59051638838323,-5.0860702364325245,-5.998743053923092,-6.329834194555194,-4.443545398535027,-7.521091499000702,-5.644182759120689,-6.518567718986929,-4.586392690981067,-6.519281004834243,-5.644182759120689,-4.586392690981067,-1.1170346387574148,56.83020475208561,61.19388694420195,0.8115428991258752,-0.6795892006769112,-1.6756183909690237,-5.482430067269689,26.51133562669626,13.44088570291277,15.980128229528177,37.933929035284855,115.85734310860616,121.05092497700085,49.24339546407999,57.26460718902268,28.33779804846007,,,,,,,,5.6454577943071165,-0.9316049386410888,2.985990562606139,8.271141494692658,9.1342094066447,9.575167862812158,10.11694929955306,0.6684281452637515,0.6786829723542533,8.235170676991604,0.8523465286626273,0.7882649077771322,7.626535953979394,-2.172957499631912,-2.3171429411459803,-2.3171429411459803,0.8240360078158085,-0.7902370495425806,5.616850865746492,4.6359083033511475,-0.5513336881352294,9.072042890453782,,,,,,,,,,,,,,,,,,,,,,,,,,,,,,,,,,,,,,,,,,,,,,,,,,,,,,,,,,,,,,,,,,,,,,,,,,,,,,,,,,,,,,,,,,,,,,,,,,,,,,,,,,,,,,,,,,,,,,,,,,,,,,,
SRR6456187,-1.9595245476778451,,,,,,,,,,,,,,,,,,,,,,,,,,,,,,,,,,,,,,,,,,,,,,,9.248882606888024,16.88353679772404,2.5744510413286363,0.0404538069781077,-3.74794023524357,0.0126409842212437,-4.5251154195278405,-4.396418260183096,-3.641546553140736,-5.3639574851577665,-5.0487443444263285,-4.255377965554766,-3.3703735052494324,-3.3515456525597185,-5.324696771580348,-5.083657995057631,-4.870427358864807,-4.659961023185825,-4.132819463518375,-4.772491761272866,-4.132819463518375,,,,,,,,,,,,,,,,,,,,,,,,,,,,,,,,,,,,,,,,,,,,,,,,,,,,,,,,,,,,,,,,,,,,,,,,,,,,,,,,,,,,,,,,,,,,,,,,,,,,,,,,,,,,,,,,,,,,,,,,,,,,,,,,,,,,,,,,,,,,,,,,,,,,,,,,,,,,,,,,,,,,,,,,,,,,,,,,,,,,,,,,,,,,,,,,,,,
SRR6456188,-0.7225139186690548,-2.7322635375140796,-1.1439991883749725,,,,,,,,,,,,,,,,,,,,,,,,,,,,,,,,,,,,,,,,,,,,,,,,,,,,,,,,,,,,,,,,,,,,2.581455937021486,-1.3856109447477705,,,,,,,,,,,,,,,,,,,,,,,,,,,,,,,,,,,,-1.3733307424753862,,,,,,,,,,,,,,,,,,,,,,,,,,,,,,,,,,,,,,,,,,,,,,,,,,,,,,,,,,,,,,,,,,,,,,,,,,,,,,,,,,,,,,,,,,,,,,,,,,,,,,,,,,,,,,,,,,,,,,,,,,,,,,,,,,,,,,,,,,,,,,,,,,,,,,,,,,,
SRR6456189,-0.1598569221459149,,,,,,,,,,,,,,,,,,,,,,,,,,,,,,,,,,,,,,,,,,,,,-1.49915682603246,-3.5154971536926185,,,,,,,,,,,,,,,,,,,,,,-1.649212157655219,-1.6545131492373966,0.5074048994438997,-2.094454768145994,,,,,,,,,,,,,,,,,,,,,,,,,,,,,,,,,,,,-1.2572317849773698,,,,,,-1.3050683678530268,,,,,,,,,,,,,,,,,,,,,,,,,,,,,,,,,,,,,,,,,,,,,,,,,,,,,,,,,,,,,,,,,,,,,,,,,,,,,,,,,,,,,,,,,,,,,,,,,,,,,,,,,,,,,,,,,,,,,,,,,,,,,,,,,,,,,,,,,,,,,,,,,,,,,
SRR6456190,0.3514558169640856,-1.6214579690673772,,,,,,,,,,,,,,,,,,,,,,,,,,,,,,,,,,,,,,,,,,,,-1.3864482984973492,,5.632257263206583,12.977517090237026,-0.1948622656602083,-3.8443056062567327,-3.6521428978787447,10.314829868773888,-4.725042028629991,-1.1615077416533264,-4.05671132814882,-4.297267216693356,-4.043309114176023,-1.4414539044260832,-3.8210790010506126,-3.5636184907837456,-3.390601083771507,-3.6466034631057815,-3.796264929162236,-3.7421729369938976,-2.0491117861086643,-3.7892509481631422,-2.0491117861086643,0.5496042271984822,0.5740360584737626,,-1.4023854031236267,,,,,,,,,,,,,,,,,,,,,,,,,,,,,,,,,,,,,,,,,,,,,,,,,,,,,,,,,,,,,,,,,,,,,,,,,,,,,,,,,,,,,,,,,,,,,,,,,,,,,,,,,,,,,,,,,,,,,,,,,,,,,,,,,,,,,,,,,,,,,,,,,,,,,,,,,,,,,,,,,,,,,,,,,,,,,,,,,,,,,,,,,,,,,,,
SRR6456191,2.070884663002662,-1.7683035766875317,,,,,,,,,,,,,,,,,,,,,,,,,,,,,,,,,,,,,,,,,,,,-0.938314068884506,0.0875544363380807,,,,,,,,,,,,,,,,,,,,,,-1.076281982871307,-0.8250770658402883,2.879125052559809,-4.570144340995464,-2.212878043502943,5.808451083287197,26.375679195360423,21.375857470577248,2.770517043554481,3.593843753426364,10.979883743631913,0.5191017508505794,1.1084847802564186,4.2555139155105035,3.4931641366329025,1.917699394307505,1.697016105471337,1.4683185279775948,5.619679786328641,1.9667361495008884,-2.0665484682134796,-1.8818577439092183,-1.72912255084412,0.2863198375906396,-1.6645687523182573,-1.4044998940625744,-1.7948853250901795,-1.5199230017679877,-1.7846016514294742,-1.6118670523864425,1.6233154303214232,-0.2204789769948098,2.2100021277550934,-2.053178508943275,9.527898323774188,17.781156068405316,2.083618337723117,10.955916872943334,2.349879690686712,-1.818484168440816,,,,,,,,7.02256638755466,65.20878501914336,15.914066289521612,16.91412120571169,3.474543410266302,5.937845580858718,16.693779782192834,17.028076534699064,11.313682601437684,0.5623030095109363,0.7259027778899817,6.460715533599294,3.5125855846090133,0.1708193021971914,-2.161613820673318,19.36677589390116,-2.0083117581453527,16.60751016777843,-1.7438540469056485,19.670415887543847,3.062753226502943,,,,,,,,,,,,,,,,,,,,,,,,,,,,,,,,,,,,,,,,,,,,,,,,,,,,,,,,,,,,,,,,,,,,,,,,,,,,,,,,,,,,,,,,,,,,,,,,,,,,,,,,,,,,,,,,,,,,,,,,,,,,,,,
SRR6456192,-1.2858712490366162,,-1.429763193346732,,,,,,,,,,,,,,,,,,,,,,,,,,,,,,,,,,,,,,,,,,,-0.4500769473711232,-6.516471686800146,,,,,,,,,,,,,,,,,,,,,,,,-1.1787736553218915,,,,,,,,,,,,,,,,,,,,,,,,,,,,,,,,,,,,,-1.5736330617715053,,,,,,-1.5198346007162888,,,,,,,,,,,,,,,,,,,,,,,,,,,,,,,,,,,,,,,,,,,,,,,,,,,,,,,,,,,,,,,,,,,,,,,,,,,,,,,,,,,,,,,,,,,,,,,,,,,,,,,,,,,,,,,,,,,,,,,,,,,,,,,,,,,,,,,,,,,,,,,,,,,,,
SRR6456193,-1.514968004816032,,,,,,,,,,,,,,,,,,,,,,,,,,,,,,,,,,,,,,,,,,,,,,,,,,,,,,,,,,,,,,,,,,,,0.4955550177343878,-1.7459650409348242,,-1.855461669969921,,,,,,,,,,,,,,,,,,,,,,,,,,,,,,,,,,,,-1.3347452050296136,,,,,,,,-0.1192682469136544,3.0302203831688503,22.141521874861635,15.335113464078248,15.919509975427465,20.68778639869333,0.522808243160343,-1.233895237495563,20.40764678216815,1.0941268346481678,0.7743196934530131,9.245582635879272,-1.6794729144071523,-1.8719083601154676,-1.8944282377183783,1.326277011100243,25.96620374602172,16.8169791347912,6.5257076757709225,4.763981214536512,17.014300135223138,,,,,,,,,,,,,,,,,,,,,,,,,,,,,,,,,,,,,,,,,,,,,,,,,,,,,,,,,,,,,,,,,,,,,,,,,,,,,,,,,,,,,,,,,,,,,,,,,,,,,,,,,,,,,,,,,,,,,,,,,,,,,,,
SRR6456194,-1.461007408806122,,-1.226918701078928,9.463036345076643,4.317349460505936,1.682027884126451,1.605832588223409,-1.2982592438623646,1.357985773827736,5.516203941961485,3.951315897196216,-0.5394367135674993,1.3287034184683242,-1.90464278701489,-1.2179454273056198,8.41623539243209,1.854260686947602,13.377312234868388,2.848934791901508,0.054186020432133,1.716397609519837,-3.5481256566070085,-1.7489197281710869,-1.659459666400567,-0.8543191104658879,4.620433806540557,-1.033238332095935,-0.2428459837542751,-1.614729635515307,-0.2577475425295588,2.2244503703768115,-2.023688763892673,-1.2356630359401872,-3.1178782896692794,-0.7817694665657973,-1.7489197281710869,-2.073941340644607,-3.0747766069344165,-0.8639625600619747,-1.359215578632318,1.6849597663425924,-1.7489197281710869,-1.7489197281710869,3.171383669207507,13.982820151254186,,,1.7021140882775414,2.612199739333573,2.0767605190033387,1.37779604831559,-1.3410841976047818,-2.487460742601213,1.653496454280425,-1.349526539753247,-0.8695747353541289,-2.4263294399973026,-4.1407846355784494,7.617779051626723,-3.4753382160008055,-2.921033950568886,-4.603243999125325,-4.042551163123709,-3.3184516491832343,-3.689208046354194,-2.05473321699306,-3.689213975974504,-2.05473321699306,,,-1.228666725265601,,,,,,,,,,,,,,,,,,,,,,,,,,,,,,,,,,,,,,,,,,,,,,,,,,,,,,,,,,,,,,,,,,-1.7634204638508428,-1.1825667278748615,-1.3258839163467175,-1.4524769462163427,-1.5367196275713646,-0.8991685255134619,-1.4240823931283657,-0.9779575388530224,0.5375036454618607,2.2840772280578316,-1.1315098501574743,0.8665977217375855,0.855153966427373,4.153654799122145,1.783943621671319,0.5346828559632706,0.8715000466567083,0.4353604598922207,-0.8548552138509453,3.6404082123328094,3.314561907537857,4.043441315005079,3.269226768947883,0.8743793539942011,-0.9347141408218894,7.417633265897962,3.7669698156276543,0.2325655920805334,1.4602035171749224,-1.278672304907824,-0.9376764162957896,0.4162631473514034,-0.2108618060783456,4.4720528124986405,-1.2926742816360284,-1.0923074630885812,-0.4933914443429812,-0.3335301213468328,-1.4076917988991746,0.1681254532038037,0.4772394854512182,0.2122060349902938,-0.1097591188825317,-1.1827926218268656,-0.1546537469377121,1.60051070422562,-1.402307186591487,-0.8139467415979716,-0.3449829465533193,-1.1327344905229544,-0.994458305467976,-0.4882578630720098,-1.2959584534172963,-0.8995100098557942,1.4044883499623269,-1.2379071232722425,-1.4070240226560589,-1.444099051425623,-1.134115855153965,-0.1680088610527803,-1.5959333599215615,-1.5859152713301643,-1.444764441268134,-1.5453128247735717,,,,,,,,,,,,,,,,,,,,,,,,,,,,,,,,,,,,,,,,,,,,,,,,,,,,,,,,,,,,,,,
SRR6456195,0.1302509847768592,-4.894514823263269,-1.2864906415323278,,,,,,,,,,,,,,,,,,,,,,,,,,,,,,,,,,,,,,,,,,,10.909074604161797,-0.4292946813013982,,,,,,,,,,,,,,,,,,,,,,,,,,,,,,,,,,,,,,,,,,,,,,,,,,,,,,,,,,,,,,,,,,,,,,,,,,,,,,,,,,,,,,,,,,,,,,,,,,,,,,,,,,,,,,,,,,,,,,,,,,,,,,,,,,,,,,,,,,,,,,,,,,,,,,,,,,,,,,,,,,,,,,,,,,,,,,,,,,,,,,,,,,,,,,,,,,,,,,,,,,,,,,,,,,,,,,,,
SRR6456196,-1.8114466145259036,,-1.1608518134131307,2.119630451128286,0.1058237788336364,-1.1355547999453317,-1.3420852672782957,0.3837198280111044,2.294117932309916,3.5436946359226495,1.1007476897151418,0.7975461008837068,4.253618241886289,-1.928993524628744,-1.7231143118699608,3.048507135653616,-1.2486184589057203,5.882904214430657,1.321207903142392,2.3141733280136165,-3.400474300021804,-4.492913229652261,-1.7231143118699608,-1.7231143118699608,8.488456694558458,2.226868952421492,0.1058237788336364,2.1322844926250877,1.5130619744458889,8.754438621120231,2.892176681341487,2.0642373820675823,-0.6430797147343859,-3.125790931005222,2.6751945861324393,1.3251158393027012,1.8657280513521548,1.5190245836971523,4.222508488523149,4.212803750707622,2.0274586042549436,-1.7231143118699608,-1.7231143118699608,-1.5707028043113278,-1.6801184916146263,0.1798118352128268,,-4.06731872464148,-5.472843673112002,-0.0596361117606416,-3.418047335027173,10.697989156882828,8.142125439146794,21.37687937735083,8.66335344298558,11.936038050508452,-0.4382022045394507,0.7429664449713194,-0.0998081447619398,1.4670962560221774,-1.3138005137530244,14.709738836456117,-1.1578316336585164,-2.2872046533453325,-1.8911181607583325,-3.341242294827611,-2.1626135833632953,-3.4072492429925085,-1.690479199533454,-0.2747089853205072,-1.1559262361192504,-1.623873396783719,,,,,,,,,,,,,,,,,,,,,,,,,,,,,,,,,,,,,,,,,,,,,,,,,,,,,,,,,,,,,,,,,,,,,,,,,,,,,,,,,,,,,,,,,,,,,,,,,,,,,,,,,,,,,,,,,,,,,,,,,,,,,,,,,,,,,,,,,,,,,,,,,,,,,,,,,,,,,,,,,,,,,,,,,,,,,,,,,,,,,,,,,,,,,,,
SRR6456197,-1.6683812197302752,-1.80144197683922,-1.1856706169095952,,,,,,,,,,,,,,,,,,,,,,,,,,,,,,,,,,,,,,,,,,,1.62894007525775,0.5494024410977051,-0.0800593774404317,-0.6392758649964463,0.4308935120942473,1.2813073998333824,-6.25877357419551,8.987089738951328,-7.765078777361758,-7.4859089837051345,-7.414416428836033,-7.032039475881174,-7.185944289530634,-6.564382312361285,-6.235699133182643,-1.2439783316252515,-6.2765958584704356,-7.397305611080459,-7.130196887127639,-7.130196887127639,-6.565609134847203,-7.154750746889422,-6.565609134847203,,,,-1.4957839568204994,,,,,,,,,,,,,,,,,,,,,,,,,,,,,,,,,,,,,,,,,,-1.4315470258507654,,,,,,,,,,,,,,,,,,,,,,,,,,,,,,,,,,,,,,,,,,,,,,,,,,,,,,,,,,,,,,,,,,,,,,,,,,,,,,,,,,,,,,,,,,,,,,,,,,,,,,,,,,,,,,,,,,,,,,,,,,,,,,,,,,,,,,,,,,,,,,,,,,,,,
SRR6456198,,-1.751555357477483,0.8397078730992698,,,,,,,,,,,,,,,,,,,,,,,,,,,,,,,,,,,,,,,,,,,,,,,,,,,,,,,,,,,,,,,,,,,,,-1.7737091103844846,,,,,,,,,,,,,,,,,,,,,,,,,,,,,,,,,,,,,,,,,,-1.593089068866402,8.545374776658365,-2.2664464367844728,33.35953633870324,0.958025700347685,0.3147279437142679,-0.2210714454825358,1.212082687427947,0.9526566395891072,0.7720322397275399,11.079494199120422,1.229684483191558,0.5952267693334622,-1.6247133146796908,5.891914989872882,1.964933809596781,0.512399604941037,-2.2006621824610773,-4.852851527731122,-2.1189338019555843,-3.2902532198923446,-2.214506594629485,-2.207734377357267,,,,,,,,,,,,,,,,,,,,,,,,,,,,,,,,,,,,,,,,,,,,,,,,,,,,,,,,,,,,,,,,,,,,,,,,,,,,,,,,,,,,,,,,,,,,,,,,,,,,,,,,,,,,,,,,,,,,,,,,,,,,,,,
SRR6456199,,,,,,,,,,,,,,,,,,,,,,,,,,,,,,,,,,,,,,,,,,,,,,,,,,,,,,,,,,,,,,,,,,,,,,,,,,,,,,,,,,,,,,,,,,,,,,,,,,,,,,,,,,,,,,,,,,,,,,,,,,,,,,,,,,,,,,,,,,,,,,,,,,,,,,,,,,,,,,,,,,,,,,,,,,,,,,,,,,,,,,,,,,,,,,,,,,,,,,,,,,,,,,,,,,,,,,,,,,,,,,,,,,,,,,,,,,,,,,,,,,,,,,,,,,,,,,,,,,,,,,,
SRR6456200,-3.901671948051632,-1.7693832486562249,-1.313682651774691,,,,,,,,,,,,,,,,,,,,,,,,,,,,,,,,,,,,,,,,,,,0.1862419251965202,0.3514751749871214,-4.95578224588859,-5.620495127222753,-4.717266044796672,-3.35370275968141,-2.6958505901081606,-3.2806696609509753,-3.3499198514077793,-3.6896382941870383,-3.1247118343929534,1.392755795244477,0.8038385570035723,1.359397702564172,1.7181379721851149,-3.391114907604162,-3.493123026595324,-4.321376862549419,-4.253214909914219,-5.2265676097930065,-4.732439426651995,-5.163258954035388,-4.7076235578479295,,,,0.7784381134349437,,,,,,,,,,,,,,,,,,,,,,,,,,,,,,,,,,,,,,,,,,,,,,,,,,,,,,,,,,,,,,,,,,,,,,,,,,,,,,,,,,,,,,,,,,,,,,,,,,,,,,,,,,,,,,,,,,,,,,,,,,,,,,,,,,,,,,,,,,,,,,,,,,,,,,,,,,,,,,,,,,,,,,,,,,,,,,,,,,,,,,,,,,,,,,,
SRR6456201,,,-1.392087181668231,,,,,,,,,,,,,,,,,,,,,,,,,,,,,,,,,,,,,,,,,,,,,,,,,,,,,,,,,,,,,,,,,,,,,,,,,,,,,,,,,,,,,,,,,,,,,,,,,,,,,,,,,,,,,,,,,-4.37064905920973,-3.4224034264047125,-2.246281606831554,0.5781084888967319,0.0365855940740831,0.8338486692368094,0.5026794564083046,0.7825797512275275,4.701799837759007,1.2065236588989643,0.2616617676657757,-0.1017067022198198,-2.6692157608550695,-4.300764926785454,-5.196072546558895,1.445886287739932,-0.8690603773122993,-1.1358069749838693,-5.950508133819087,-5.602154564430378,-5.619872109598071,,,,,,,,,,,,,,,,,,,,,,,,,,,,,,,,,,,,,,,,,,,,,,,,,,,,,,,,,,,,,,,,,,,,,,,,,,,,,,,,,,,,,,,,,,,,,,,,,,,,,,,,,,,,,,,,,,,,,,,,,,,,,,,
SRR6456202,0.7405891040601488,-1.8699599754373268,-0.4336091542175415,-0.1068085762979149,0.1773923882332827,-0.7690055387126659,-0.0371355310040337,-1.4016832304104978,-0.8019651076725502,-1.2580967449636058,-1.633353931389636,-2.916163304012432,-1.5652494354416502,1.2103664113804855,-0.7153550139253747,4.161634688201602,-1.767572464009822,-0.8465161013573489,-0.0018743346232275,-2.257232131136203,-2.255400502273663,-4.676825917116035,-1.7662416806915626,-1.7662416806915626,-1.502862523532044,4.385579130347374,0.8296098004586363,1.029943475798868,2.2742043589614465,-1.8728032361440896,-0.2252578215453433,-1.9800419922316512,-1.8398185349439544,-3.7123335787781047,0.4024768001460259,-1.7662416806915626,-2.064537459553493,2.3801611846848516,-1.0316940245706696,-1.3503911696877284,0.5865922588381153,-1.7662416806915626,0.8800917555302693,1.8458153317818384,3.4427781797839563,-0.6910403723221259,-5.1039121775001455,-2.115165353566236,-5.848226953901742,-5.302077579282628,-3.515828734959971,-3.796430703316883,7.050600146932502,-3.508624492431714,1.1889384636318456,-3.740618459827876,-4.658319705351723,-5.192650995444172,-1.9831475913285477,-3.374048583714986,-3.119749852171773,6.847629699756112,-2.1995188518881124,-4.57845184689602,9.478970091882882,0.1763047953624342,-1.7499751741638825,1.2378574801865356,-0.7878179524909642,0.4074144036086708,,,,,,,,,,,,,,,,,,,,,,,,,,,,,,,,,,,,,,,,,,,,,,,,,,,,,,,,,,,,,,,,,,,,,,,,,,,,,,,,,,,,,,,,,,,,,,,,,,,,,,,,,,,,,,,,,,,,,,,,,,,,,,,,,,,,,,,,,,,,,,,,,,,,,,,,,,,,,,,,,,,,,,,,,,,,,,,,,,,,,,,,,,,,,,,,,
SRR6456203,-1.6142540799069132,-4.293389018873911,-1.2370512070910469,,,,,,,,,,,,,,,,,,,,,,,,,,,,,,,,,,,,,,,,,,,-1.4751672791629482,,,,,,,,,,,,,,,,,,,,,,,43.07122369917969,54.4272650545135,,-1.3638196665862954,,,,,,,,,,,,,,,,,,,,,,,,,,,,,,,,,,,,-1.622544633275114,,,,,,-1.6736768214732818,-0.7907713066807572,,,,,,,,,,,,,,,,,,,,,,5.380344802941531,-0.6071900437328218,0.2072976035291518,-1.2077320599834969,-0.5255407264005975,0.1154153640672783,0.825647147606786,0.3721936937440752,-0.3068888314403041,-0.5909564616930969,-0.1270256190875699,2.5404740189114188,2.95256110639717,10.794971599124157,1.7021958641602235,37.318532138132234,5.1602753184071295,3.0990362127719955,-0.2823145106228429,5.70782611921391,1.9368540751574452,11.183270900119108,15.176639563290587,5.8644664226633365,2.825003863941975,4.389745417319213,0.3290310739733769,-0.864529511084241,2.650838440999729,2.9801768408879696,6.875246213218319,13.844190774916704,15.680200804853513,7.121565655312035,-0.2703352114957393,-0.2598799871787016,-0.3429780167191907,8.5077257403898,3.2921927409890115,3.0637381394424867,7.736943747504969,5.293776664151024,2.532889444434137,1.3937269633194935,4.931598563453699,0.7994497353680636,0.8933794856389377,7.009542217402086,9.433618843666594,7.70587989344298,4.746541977828462,7.6211147532502,0.5207978095649397,4.33192798892596,2.972649779379681,3.598347980817647,15.319851331433464,3.1438268276679144,4.2597072007087045,11.973777504495676,0.8527459951939458,9.361111313911984,14.138529179267838,-0.540615911814026,,,,,,,,,,,,,,,,,,,,,,,,,,,,,,,,,,,,,,,,,,,,,,,,,,,,,,,,,,,,,,,
SRR6456204,-1.7332213429887031,-1.8492154132778067,-1.1365561975252327,,,,,,,,,,,,,,,,,,,,,,,,,,,,,,,,,,,,,,,,,,,,,,,,,,,,,,,,,,,,,,,,,,,,,1.699680705229229,,,,,,,,,,,,,,,,,,,,,,,,,,,,,,,,,,,,,,,,,,,-1.7256495289620928,,,,,,,,,,,,,,,,,,,,,,,,,,,,,,,,,,,,,,,,,,,,,,,,,,,,,,,,,,,,,,,,,,,,,,,,,,,,,,,,,,,,,,,,,,,,,,,,,,,,,,,,,,,,,,,,,,,,,,,,,,,,,,,,,,,,,,,,,,,,,,,,,,,,
SRR6456205,-3.5946103970536356,-5.402520026183485,,,,,,,,,,,,,,,,,,,,,,,,,,,,,,,,,,,,,,,,,,,,0.8855072250029634,-7.010069469762707,,,,,,,,,,,,,,,,,,,,,,-1.9177298220960215,0.0862714062322994,,-1.442848558881849,,,,,,,,,,,,,,,,,,,,,,,,,,,,,,,,,,,,,,,,,,,,,,,,,,,,,,,,,,,,,,,,,,,,,,,,,,,,,,,,,,,,,,,,,,,,,,,,,,,,,,,,,,,,,,,,,,,,,,,,,,,,,,,,,,,,,,,,,,,,,,,,,,,,,,,,,,,,,,,,,,,,,,,,,,,,,,,,,,,,,,,,,,,,,,,
SRR6456206,3.9869949945662064,-1.8324828084748632,5.0717120491187675,,,,,,,,,,,,,,,,,,,,,,,,,,,,,,,,,,,,,,,,,,,-1.3093231283844604,-1.5119293059611485,,,,,,,,,,,,,,,,,,,,,,,,,-1.5938134006425504,,,,,,,,,,,,,,,,,,,,,,,,,,,,,,,,,,,,-1.4895750197565385,,,,,,-0.902424347371958,,,,,,,,,,,,,,,,,,,,,,,5.792305542728159,8.036124238831446,5.458440037160128,1.7240419834711604,0.418931657585755,43.87818128531473,15.010960279921491,10.67733813842593,3.1743400485406923,14.680739935983633,6.881402111362339,14.045317585819244,10.046591625199916,23.705285389900464,12.603159090533872,122.4501145365887,12.537291401542667,14.166340679390231,5.885112761015699,54.50124332618733,47.34166844079541,12.326122262828076,0.1678521488748862,20.170663463775963,10.035767732305606,39.91729193144159,51.53606302129815,11.666187842624243,11.092220777422853,9.730426763140716,42.27143471753168,21.246604378519915,17.167943376743754,8.767428538227419,13.906179748414395,9.261430053048716,6.169470323386179,12.567585005613882,4.052827950817887,12.050061547034325,14.197467066606375,9.074551301634289,6.255692605704287,11.090472594943757,15.860083783574437,19.1621845933879,-0.2927962015297604,16.756210697431232,4.936560597659449,4.60743781008839,9.74225990140264,11.270117603313206,1.6624617100990895,4.85050572534481,35.52285304279383,1.0062093426490448,13.349701849444925,10.875031667814634,4.002036138733306,20.126725730303654,3.081700473193418,26.493129926111813,1.4337344414582995,-1.350096215773004,,,,,,,,,,,,,,,,,,,,,,,,,,,,,,,,,,,,,,,,,,,,,,,,,,,,,,,,,,,,,,,
SRR6456207,2.0585851219308684,41.61328046376847,6.344930236851654,,,,,,,,,,,,,,,,,,,,,,,,,,,,,,,,,,,,,,,,,,,3.808868101930453,-0.3641420812660597,-4.354898720621713,-5.951345337069657,-0.4719389911532831,-3.639725256384312,0.1768840140240805,0.1471206656194555,-6.603601272031992,-1.2188190094177371,-5.3343559061908365,-3.469191865016264,-1.3624893253533203,-1.8786408594790611,14.743522997080358,-1.01052619245403,13.795129610982483,8.88538658369303,13.37599107418644,29.51487440639344,10.725623283132558,10.885541564121777,5.54579202847166,-0.9800676749573668,-1.7991850884226368,-1.1301751781993812,-0.9121051288368148,,,,,,,,,,,,,,,,,,,,,,,,,,,,,,,,,,,,-1.4307137971070722,,,,,,,,,,,,,,,,,,,,,,,,,,,,,0.6513117229593632,0.8309863623961611,-1.0915817646186383,-1.5713078407939425,2.50372876271926,5.20409495684714,6.154633612442864,16.326644130383787,4.0734194200169975,-1.7058329803041052,-1.8937739747001072,6.103103450615962,2.208012000777723,19.402013658573633,3.0265246049697128,79.87405171564704,11.156383750308644,12.010031530661855,8.992746241512599,6.07606988077712,0.1097269367217665,5.264200985906714,7.589185330755111,23.732385133725103,22.165417780591618,20.61760799906953,9.17132415912669,8.541920938677347,29.927714095065756,3.683601376142715,7.3425046143287345,29.97554351795508,18.223888562724216,9.246057935752011,0.0086563237335954,-1.1672559822396995,10.905138051044377,31.658073786039964,9.518138037177447,16.152099004604395,11.113871928907711,10.5650006919585,5.478268527695987,5.766415860661047,68.64831135588409,45.343470390453405,3.709938429770628,14.343762700489618,15.968440017467165,13.142411041893428,11.285126136633265,25.548978027106504,6.868460362388635,7.615941981539791,3.632466204762916,7.066301710210712,20.09711423642059,2.194258693307027,14.970421072377976,31.98513637042919,-1.8100876786369977,10.328558837151991,7.149365901105377,1.4847703100887526,,,,,,,,,,,,,,,,,,,,,,,,,,,,,,,,,,,,,,,,,,,,,,,,,,,,,,,,,,,,,,,
SRR6456208,-1.6654454061311763,,,,,,,,,,,,,,,,,,,,,,,,,,,,,,,,,,,,,,,,,,,,,,,,,,,,,,,,,,,,,,,,,,,,,,,,,,,,,,,,,,,,,,,,,,,,,,,,,,,,,,,,,,,,,,,,,-0.5179668718364895,-1.846761761572169,,,,,,,,,,,,,,,,,,,,,,,,,,,,,,,,,,,,,,,,,,,,,,,,,,,,,,,,,,,,,,,,,,,,,,,,,,,,,,,,,,,,,,,,,,,,,,,,,,,,,,,,,,,,,,,,,,,,,,,,,,,,,,,,,,,,,,,,,,,,,,,,,,,,
SRR6456209,-1.9684279941286096,-4.745099502769409,-1.4776871840587698,,,,,,,,,,,,,,,,,,,,,,,,,,,,,,,,,,,,,,,,,,,,,,,,,,,,,,,,,,,,,,,,,,-1.627667032708536,-1.6865503283408143,,,,,,,,,,,,,,,,,,,,,,,,,,,,,,,,,,,,,,,,,,,,,,-3.300020043592632,0.4436179590241167,0.4272353261399304,0.562564910675407,0.4059844004953012,1.2416701283832243,0.8775541253943655,1.3488289943326597,4.309338425583034,2.4339946599575715,1.7875163760640622,4.427489156053834,-2.1262910527852457,-4.626419398771617,-4.626419398771617,-4.299364697993039,11.420110863475518,0.3132217097132451,-4.4119640108550415,-3.879707212264909,-4.619947698525468,,,,,,,,,,,,,,,,,,,,,,,,,,,,,,,,,,,,,,,,,,,,,,,,,,,,,,,,,,,,,,,,,,,,,,,,,,,,,,,,,,,,,,,,,,,,,,,,,,,,,,,,,,,,,,,,,,,,,,,,,,,,,,,
SRR6456210,,,,,,,,,,,,,,,,,,,,,,,,,,,,,,,,,,,,,,,,,,,,,,,,,,,,,,,,,,,,,,,,,,,,,-1.6217873975113637,-1.6654795570854135,2.6157923111736308,,,,,,,,,,,,,,,,,,,,,,,,,,,,,,,,,,,,,,,,,,,,,-1.7355714396208528,-1.793101112243533,1.017918972106683,-1.0932405473598703,0.638637134352413,1.362374663794398,1.4494010261861374,-0.8696112169264474,-0.7132071391732749,1.7838628175874796,1.5215559709500068,-1.532210257872178,-1.6700828257736744,-1.7277156264879696,-1.73081846418452,1.5911012411695644,-1.870959648717149,-1.6519442376176965,-1.7889162708214783,1.315747791485944,-1.7059924383954774,,,,,,,,,,,,,,,,,,,,,,,,,,,,,,,,,,,,,,,,,,,,,,,,,,,,,,,,,,,,,,,,,,,,,,,,,,,,,,,,,,,,,,,,,,,,,,,,,,,,,,,,,,,,,,,,,,,,,,,,,,,,,,,
SRR6456211,-1.783776770254717,,-1.100264498356938,0.8015014232286609,0.8435028446104401,1.3089548288242108,4.822777009104649,7.092961521090419,8.601101501659894,8.137624893900751,2.445655223167158,-1.485962287693677,1.0730601847189587,1.4844090467170443,-1.561241610605815,6.831782484046734,0.7166058784228821,-0.3918775612469288,-0.0599565176867383,-1.10758097315697,-3.0430884678372756,-4.059078886871745,-1.6818494333968388,-1.6818494333968388,-0.9931242806613872,9.883839568927064,-0.5339741788377528,5.930071264541704,3.2412499033109983,2.0644400668460823,2.980644034789848,0.2972272746174214,-1.8551383490099265,-2.9110493776688044,0.9312324842346628,2.6035515169570824,-2.0540190585069147,-3.3083786031111067,-0.7108882840346519,-0.0452843837896599,2.93787296299146,1.6087262963392075,1.1495761945155731,-1.3757493655144155,2.6112501925144884,,-0.3212150720906296,,,,,,,,,,,,,,,,,,,,,,-1.4641541671538325,-1.7525829325472642,,,,,,,,,,,,,,,,,,,,,,,,,,,,,,,,,,,,,,-1.5815149470506134,,,,,,,-1.6950507694072114,,,,,,,,,,,,,,,,,,,,,,,,,,,,,,,,,,,,,,,,,,,,,,,,,,,,,,,,,,,,,,,,,,,,,,,,,,,,,,,,,,,,,,,,,,,,,,,,,,,,,,,,,,,,,,,,,,,,,,,,,,,,,,,,,,,,,,,,,,,,,,,,,,,,
SRR6456212,-1.8038444887199965,9.601057732171917,34.00017981189923,,,,,,,,,,,,,,,,,,,,,,,,,,,,,,,,,,,,,,,,,,,-0.5488694546614253,-1.8446861462281317,,,,,,,,,,,,,,,,,,,,,,-1.8444257693497532,-1.3867937623361035,,19.91501732186773,,,,,,,,,,,,,,,,,,,,,,,,,,,,,,,,,,,,-1.6042915799394413,,,,,,,,,,,,,,,,,,,,,,,,,,,,,,,,,,,,,,,,,,,,,,,,,,,,,,,,,,,,,,,,,,,,,,,,,,,,,,,,,,,,,,,,,,,,,,,,,,,,,,,,,,,,,,,,,,,,,,,,,,,,,,,,,,,,,,,,,,,,,,,,,,,,,,,,,,,
SRR6456213,,,-1.3163859874507848,,,,,,,,,,,,,,,,,,,,,,,,,,,,,,,,,,,,,,,,,,,-1.3760739719132893,-1.153617314068075,,,,,,,,,,,,,,,,,,,,,,-0.094660232225752,-1.652234994703903,,-1.4992331711069808,,,,,,,,,,,,,,,,,,,,,,,,,,,,,,,,,,,,0.5188029090664495,,,,,,,,-3.384902359331277,4.72816926683071,0.3046424345467771,0.6072260515433522,0.1104234751151048,0.9346619212712296,1.0822950862251035,-2.7229034323770036,2.7408119550003582,1.6162318653308867,0.7975054590959074,1.4502176403342713,-1.86137155259038,-1.9355977250042455,-1.9407408326083264,-4.216206270585968,-4.901054774656448,-1.8699322468091677,-2.3915931727195514,1.1699246159250951,-1.9373963562424488,,,,,,,,,,,,,,,,,,,,,,,,,,,,,,,,,,,,,,,,,,,,,,,,,,,,,,,,,,,,,,,,,,,,,,,,,,,,,,,,,,,,,,,,,,,,,,,,,,,,,,,,,,,,,,,,,,,,,,,,,,,,,,,
SRR6456214,,,,,,,,,,,,,,,,,,,,,,,,,,,,,,,,,,,,,,,,,,,,,,,,-4.897682815538367,-6.144452656595245,14.358277697766272,-6.043269378210886,-6.043269378210886,-6.156350746419755,-6.109508173470181,-6.157033013063783,-6.039119349470639,-6.143131845377142,-6.039090438723325,-5.746787321773533,-6.040624798859032,-6.0417217886672185,-5.561390416630468,-6.038006501140275,-6.044932681462244,-6.044932681462244,-5.746787321773533,-6.043739997322088,-5.746787321773533,,,,,,,,,,,,,,,,,,,,,,,,,,,,,,,,,,,,,,,,,,,,,,,,,,,,,,,,,,,,,,,,,,,,,,,,,,,,,,,,,,,,,,,,,,,,,,,,,,,,,,,,,,,,,,,,,,,,,,,,,,,,,,,,,,,,,,,,,,,,,,,,,,,,,,,,,,,,,,,,,,,,,,,,,,,,,,,,,,,,,,,,,,,,,,,,,,,
SRR6456215,-3.760935997664196,-1.744526302947983,-1.3132698847530389,,,,,,,,,,,,,,,,,,,,,,,,,,,,,,,,,,,,,,,,,,,-1.3317186578388236,-1.6630820918736071,-2.1094342441955107,-5.520144035451205,-0.5549114647036733,-4.581934067273917,0.4871081458776062,3.805360159827485,13.983363979757332,5.188412555380993,5.961648049112587,-3.907874705114218,-2.747188103595489,-1.9748443656327377,-3.59067189906423,-4.149120240555312,6.710789149165734,8.209861081379197,-4.536267020308587,-4.027168275651026,-1.954341494786319,8.740503339998963,-2.1611318273313556,-1.347403957104244,-1.0657216018094593,,-1.7069858802940812,,,,,,,,,,,,,,,,,,,,,,,,,,,,,,,,,,,,,,,,,,-1.5841219195637235,,,,,,,,,,,,,,,,,,,,,,,,,,,,,,,,,,,,,,,,,,,,,,,,,,,,,,,,,,,,,,,,,,,,,,,,,,,,,,,,,,,,,,,,,,,,,,,,,,,,,,,,,,,,,,,,,,,,,,,,,,,,,,,,,,,,,,,,,,,,,,,,,,,,,
SRR6456216,-2.000354893426269,-4.726218610605895,,,,,,,,,,,,,,,,,,,,,,,,,,,,,,,,,,,,,,,,,,,,-1.3672072366952883,,-2.145004944464765,-5.282853855047286,1.1383252993285276,-1.0488450169607504,-4.678899905280189,6.073548582778607,-5.875351715244824,-5.122701921414739,-5.084933992827639,15.96830632152373,26.612202104216536,-1.0949145386638046,55.61129922906925,131.25097912935905,20.132770914101023,-1.528785825881258,-4.45600179810268,0.991136111690086,-2.145004944464765,-0.2846229352092896,-1.2528811412076108,-0.2562185667838259,-1.6062681475165173,,7.598625189440064,,,,,,,,,,,,,,,,,,,,,,,,,,,,,,,,,,,,-1.8252179815996117,,,,,,,,,,,,,,,,,,,,,,,,,,,,,,,,,,,,,,,,,,,,,,,,,,,,,,,,,,,,,,,,,,,,,,,,,,,,,,,,,,,,,,,,,,,,,,,,,,,,,,,,,,,,,,,,,,,,,,,,,,,,,,,,,,,,,,,,,,,,,,,,,,,,,,,,,,,
SRR6456217,-3.3807996802509,-1.333139461685705,-1.225260711791302,,,,,,,,,,,,,,,,,,,,,,,,,,,,,,,,,,,,,,,,,,,-1.269698084588193,-0.7407466438809678,-2.6456567485002425,-1.312322852904045,-2.230411136453347,-2.411820259201279,-3.044305007177786,15.721896433927157,-3.5113063865273935,-4.197060501870506,-3.0342319319792534,-3.344516595205904,-4.472504933400383,-3.3214879964801667,-1.7821206293987424,-3.121798406418036,30.095220459292257,6.800751919232384,-4.056280603940197,1.5162076381597582,3.5842898226571673,6.600835213859343,1.74594493280744,,,-1.248425483823446,-1.054162730206214,-1.256010299537659,10.458101618008545,16.458488421956446,28.05258579970508,0.306044947780095,0.3824537851750779,14.373464606524497,0.7523303762369926,-1.9704052999445496,-3.2245252836409533,-1.2857803168260928,-0.1642408424024197,0.293162402634626,6.281498909662031,7.765057586145489,-0.3801889525392415,-4.091262787075446,-2.019641005252465,-1.8328417862808024,8.83180642596233,-1.9802524410061328,-2.019641005252465,-4.414286986406064,-1.7057346633284158,-2.9390229845431337,-1.959259605689356,1.7613480038905662,-1.6804510071422487,2.3384083120604573,0.2478540530262311,17.37330507551635,37.48183989637376,1.860198990854418,9.649659888072224,1.2218403592199756,,,,,,,,,,,,,,,,,,,,,,,,,,,,,,,,,,,,,,,,,,,,,,,,,,,,,,,,,,,,,,,,,,,,,,,,,,,,,,,,,,,,,,,,,,,,,,,,,,,,,,,,,,,,,,,,,,,,,,,,,,,,,,,,,,,,,,,,,,,,,,,,,,,,,,,,,,,,
SRR6456218,19.388511223427436,40.97190598054827,-1.4792063887098963,,,,,,,,,,,,,,,,,,,,,,,,,,,,,,,,,,,,,,,,,,,-2.7289687331423145,1.5694662267306057,-1.8309017331989268,-5.839226729993582,0.8270505717093304,-4.975262100698477,-5.160149738442042,-5.572968870647643,-5.970537756097429,-5.670779685826358,-5.513913065963511,-5.832089722371863,-5.539119624342314,-1.9136590990909197,-4.9768487336455705,-4.703513872635619,-5.274171825460731,-4.981040995163464,-5.124365034362643,-5.082639078444732,-1.926106423191967,-4.95352252367916,-1.9664962267565589,,,2.233328048986639,-0.4055320477181748,3.7377754173148823,6.3187415117046655,8.904581206617234,6.264106855939038,-2.175899205035378,-1.6599100897589991,8.64125034086759,3.377840603676169,1.2037090030976838,1.7375710350320264,2.6669357071494293,2.5413442892272835,1.3360041193574157,7.521589926986792,7.34718143763019,1.3918904291028282,1.8239527969331544,1.6269163377122653,1.225428582619456,8.653107458933595,-1.828239903943801,-1.849429625193225,-2.051121232328965,-1.4379609611145026,36.36315159723244,12.212925148394795,19.08831168917047,12.169547237223604,34.01221802199849,3.874351971641868,18.816838094419268,15.73801104282394,34.2981726006489,69.44672792239669,10.767786313330468,-1.1176819249095211,,,,,,0.7016397286565825,,,,,,,,,,,,,,,,,,,,,,,,,,,,,,,,,,,,,,,,,,,,,,,,,,,,,,,,,,,,,,,,,,,,,,,,,,,,,,,,,,,,,,,,,,,,,,,,,,,,,,,,,,,,,,,,,,,,,,,,,,,,,,,,,,,,,,,,,,,,,,,,,,,,,
SRR6456219,-1.3208985520939092,-1.6773937338459095,-2.0803388849295,,,,,,,,,,,,,,,,,,,,,,,,,,,,,,,,,,,,,,,,,,,-1.5482690032259714,,,,,,,,,,,,,,,,,,,,,,,-1.7299831849116682,-1.73658386988486,,29.314686103417603,,,,,,,,,,,,,,,,,,,,,,,,,,,,,,,,,,,,,,,,,,,,,,,,,,,,,,,,,,,,,,,,,,,,,,,,,,,,,,,,,,,,,,,,,,,,,,,,,,,,,,,,,,,,,,,,,,,,,,,,,,,,,,,,,,,,,,,,,,,,,,,,,,,,,,,,,,,,,,,,,,,,,,,,,,,,,,,,,,,,,,,,,,,,,,,
SRR6456220,-1.8465135374817891,,-1.3957387073512135,,,,,,,,,,,,,,,,,,,,,,,,,,,,,,,,,,,,,,,,,,,-1.286600926223782,-4.181003055374328,20.113530691196537,57.916869058304904,-0.3807545133010856,-2.240516208939664,-2.156034429014413,1.0069094957473863,-4.497903741487237,3.8693069816737657,-3.7588348284846034,7.798117505989862,5.324046196899652,5.701945862710419,5.9499483600913905,3.193113224951696,-3.983415900461402,-3.9945148504741512,-2.367238878827542,-1.7334603709093377,-0.2982146031347129,-1.9494591661100429,-2.006315899871149,,,,,,,,,,,,,,,,,,,,,,,,,,,,,,,,,,,,,,,,,,,,,,-1.187834422098071,,,,,,,,,,,,,,,,,,,,,,,3.3529190618531466,7.611111376299863,4.198126871118109,0.3477214634815547,4.100254401545566,5.495952234186829,0.2401980433129344,0.7721506212099501,-0.3455679729323426,36.16461323374682,15.388903501330624,23.13687886974804,22.67612376539177,55.12690225465944,15.008051669594192,215.9933329935226,19.39924474176486,38.20353258578325,3.3148197447185552,53.11265643622887,3.295086925959248,-1.2541220499370198,0.1682136181352383,7.438558282298182,4.64504075575081,48.50843659081528,31.35473728926656,1.8517331783436493,3.9574169514154742,22.053679470183845,122.8629240916372,15.18358400579172,18.54087607806848,12.1573886822034,3.729336777542504,0.0070867369188011,3.5393793127182818,13.27434180833614,3.242424043341981,6.936931619246748,5.280744554548122,8.97068108469843,2.6591318097710435,1.8953074369693288,21.189197589358123,3.9201677764932583,2.9609508391298323,6.649860858314104,17.366625977954435,9.266384921628177,7.118091015975745,19.084930425158856,1.1846795766566114,7.376531566236359,6.576185188799126,4.275640996652846,111.87617303252068,126.50775571713956,-0.0367169103077184,44.404364105997665,-1.8195892346151117,23.564743329961704,5.671149057501611,46.43996603456369,,,,,,,,,,,,,,,,,,,,,,,,,,,,,,,,,,,,,,,,,,,,,,,,,,,,,,,,,,,,,,,
SRR6456221,15.44053089619899,-1.9871235487279864,-2.144254633836709,,,,,,,,,,,,,,,,,,,,,,,,,,,,,,,,,,,,,,,,,,,-1.4397837643348557,5.845747225140627,,,,,,,,,,,,,,,,,,,,,,,,,-1.737687737075119,-2.4996008965378893,7.013409241545569,11.413811846726206,6.470665745148319,-2.2310756280581496,-1.826136061509584,7.616102882651044,4.291567134856707,-2.0015081669583075,9.129813536398924,-2.3088874491600535,-0.8136592873893693,0.1657261960359119,2.400464005500885,9.434712012527283,4.205532891186322,-2.20574247248458,-2.0015081669583075,-1.826136061509584,2.7302047441775525,4.756992367175291,5.146235542019341,-2.2494167389074247,-1.678301038159194,10.63046240719014,-1.4848661588551757,3.3550292569973412,-0.6368552428559257,4.556534950136789,-0.9511489846827236,12.00963749289854,11.053420210243258,6.813783599646746,24.81187081512372,2.866455789063187,,,,,,,,,,,,,,,,,,,,,,,,,,,,,,,,,,,,,,,,,,,,,,,,,,,,,,,,,,,,,,,,,,,,,,,,,,,,,,,,,,,,,,,,,,,,,,,,,,,,,,,,,,,,,,,,,,,,,,,,,,,,,,,,,,,,,,,,,,,,,,,,,,,,,,,,,,,,
SRR6456222,-1.7067871486195176,-1.9723023808392968,,,,,,,,,,,,,,,,,,,,,,,,,,,,,,,,,,,,,,,,,,,,-1.4060266290122767,13.277238483165444,-0.52294925286214,0.7208867808515813,0.6154136907547363,2.6483263127420016,-5.826504142548837,-6.345397077024203,-6.5923962959868865,-6.444690846634408,-6.169201967006207,-3.3828169089186413,-5.869755879053696,-2.040400231127801,-5.274587027104729,-1.7776567701158152,-2.49345132050264,-5.50186272198054,-2.534237292816894,-5.810751669583612,-2.040283913975285,-5.779243293619095,-2.040283913975285,-1.6468242689922308,-1.6504178007703467,,-2.0899134402471793,,,,,,,,,,,,,,,,,,,,,,,,,,,,,,,,,,,,,,,,,,,,12.673298349359053,25.43707026663413,8.239770909386738,10.23415165935903,6.2502846579758105,3.709857113289536,14.35978897229332,14.20571638158154,3.5050809624141595,1.3524050054106649,12.448826011494695,6.989265918182359,-2.271130940966416,-2.407721605763547,-2.4076635725637696,9.880906326827253,36.72659001252878,9.545011283770512,-1.7257627503305828,-1.885524742897198,-2.0616533995397597,,,,,,,,,,,,,,,,,,,,,,,,,,,,,,,,,,,,,,,,,,,,,,,,,,,,,,,,,,,,,,,,,,,,,,,,,,,,,,,,,,,,,,,,,,,,,,,,,,,,,,,,,,,,,,,,,,,,,,,,,,,,,,,
SRR6456223,-1.977974489311644,-1.640473152048587,,,,,,,,,,,,,,,,,,,,,,,,,,,,,,,,,,,,,,,,,,,,-0.94041825007462,0.4035880837228483,,,,,,,,,,,,,,,,,,,,,,,,-1.1618851661095506,3.793891336454744,,,,,,,,,,,,,,,,,,,,,,,,,,,,,,,,,,,,-0.677887834864062,,,,,,-0.2895013589932621,,,,,,,,,,,,,,,,,,,,,,,,,,,,,,,,,,,,,,,,,,,,,,,,,,,,,,,,,,,,,,,,,,,,,,,,,,,,,,,,,,,,,,,,,,,,,,,,,,,,,,,,,,,,,,,,,,,,,,,,,,,,,,,,,,,,,,,,,,,,,,,,,,,,,
SRR6456224,-1.7278831908442134,-1.5385725332727211,2.2550051308709778,,,,,,,,,,,,,,,,,,,,,,,,,,,,,,,,,,,,,,,,,,,-1.4116004230610046,-3.0190891769935115,-1.4746874840731854,0.5198043143431101,-0.2161541021709431,2.683273479753507,-5.633546484460995,-5.659982703815132,-6.338048860728699,-6.205002331589381,-5.930750012200024,-1.6744334002863277,7.779159967894436,2.130768294748952,14.42076578814742,33.802705755746224,0.943279143606847,8.781294777449311,-5.609156983099662,-4.414189098664866,-1.2163270911192112,-2.071239204640645,-4.273571382672407,-0.3881101520340236,-1.821860121173124,,,,,,,,,,,,,,,,,,,,,,,,,,,,,,,,,,,,,,9.199052560865486,,,,,,,-1.7568071043943492,-1.632607898828858,-2.2283994525954225,1.5593665889156456,1.5364710044861,1.956666563726292,3.095327446460726,1.3276783241699357,-1.134509809726243,11.127390237351593,1.7860869713674887,1.1934225215490957,-0.4008196503141645,-1.8570358088479408,-1.9346285380811352,-1.9982935378394997,1.4299999088220898,1.4567039465077642,-0.9263818696903926,-1.2607220886119297,1.3744393010568945,-0.6446829364665881,,,,,,,,,,,,,,,,,,,,,,,,,,,,,,,,,,,,,,,,,,,,,,,,,,,,,,,,,,,,,,,,,,,,,,,,,,,,,,,,,,,,,,,,,,,,,,,,,,,,,,,,,,,,,,,,,,,,,,,,,,,,,,,
SRR6456225,-1.845995891885227,-5.137060224215978,-1.4493862961592696,1.1183683291052882,1.1072352031338768,0.6834909376594017,-0.0078259021509184,1.6715988584323611,1.9308349683960064,2.56945399648878,-0.0345583169523682,-1.5021163034120035,0.4102318493872119,-1.8355609064740313,-1.6411384581948154,5.625488548419455,-1.7278288560414228,2.2288497747936153,4.3289342388599055,7.744550999874296,1.001796891859294,-3.927922205043568,-1.6480625516898797,-1.6480625516898797,-1.1688798955100743,2.0066737950980027,0.3869041777738782,3.161013648562253,3.6170602291973704,-0.6071822284230705,0.0464441357927531,-1.7413396014857123,-1.6733641906222163,0.5622025854503587,1.1164195300273043,2.065603033703612,1.0122808101398333,-3.3829071662662953,0.9271769341835764,2.874433421923835,-3.238620771579595,1.5864203775238068,-1.5282668876449284,-1.1089820634875986,5.657927893875514,1.541683345358483,,-4.306899526502518,-6.012694497584444,-5.645286203438271,-0.297133676641356,-4.21627032689551,3.066559061044814,-6.544549351715711,-6.096830013793885,-5.82072489087043,-5.958035254768808,-5.124238824405636,-3.1546639710976745,39.373134397799305,-2.758753937818327,-5.411439797236634,-5.469847516006113,-5.26912491900496,-4.784588027052606,-1.919719155240303,-2.9491280046044177,-2.3289500760081236,-0.0815786955468831,-1.7269430206163052,,,,,,,,,,,,,,,,,,,,,,,,,,,,,,,,,,,,,,,,,,,,,,,,,,,,,,,,,,,,,,,,,,,-1.521004017692453,-1.197260153374361,0.3523514616010981,-1.127745979813465,0.0264145727134637,1.543696212146576,-0.0122474946320968,0.2315238641170633,-0.235886662183649,6.513003954184639,6.111052697955946,2.5248343305369048,2.484804832127541,5.297136717028903,2.970593504768558,60.40188647266935,3.831501939710843,5.849678842505677,0.4328621976009811,4.519079968667949,2.1340858506503544,-0.910395844853328,2.1128998863265855,5.203797897383691,1.666616309880494,8.044045981553401,2.106729410499856,5.6606514000944355,-1.391580801502736,2.0666753468111208,12.278592031437816,8.921758775735398,8.943790586379842,0.2622035480817133,1.374133082944623,-1.499274105322717,-1.0019509153588448,24.45890290165571,3.933924480844516,10.417977085512558,8.015046404300701,13.437326277101766,6.810414067340571,0.8175878885182256,5.162140472401584,2.7615184316755212,-0.0544422331796395,0.8884213528060021,2.5153788641698163,3.2959553594685027,1.51989012087526,17.577137563885007,16.01193708676823,2.2795600588561418,3.6522198163296378,1.4475546520612743,5.6197252262317265,2.100008666966175,-0.1490854562494128,8.971099604052622,7.668233615997993,10.507988906410572,1.1071223760032198,-1.4475484622297892,,,,,,,,,,,,,,,,,,,,,,,,,,,,,,,,,,,,,,,,,,,,,,,,,,,,,,,,,,,,,,,
SRR6456226,-1.6844931040820716,,,,,,,,,,,,,,,,,,,,,,,,,,,,,,,,,,,,,,,,,,,,,-1.0574735617871167,-1.3633818798437407,,,,,,,,,,,,,,,,,,,,,,-1.4090678175728886,-1.8304856010934591,,,,,,,,,,,,,,,,,,,,,,,,,,,,,,,,,,,,,,-0.8789664241572694,,,,,,,-1.1251228256934953,,,,,,,,,,,,,,,,,,,,,,,,,,,,,,,,,,,,,,,,,,,,,,,,,,,,,,,,,,,,,,,,,,,,,,,,,,,,,,,,,,,,,,,,,,,,,,,,,,,,,,,,,,,,,,,,,,,,,,,,,,,,,,,,,,,,,,,,,,,,,,,,,,,,
SRR6456227,,-1.7383158143927988,,,,,,,,,,,,,,,,,,,,,,,,,,,,,,,,,,,,,,,,,,,,,,,,,,,,,,,,,,,,,,,,,,,,,,-1.7058215378286632,,,,,,,,,,,,,,,,,,,,,,,,,,,,,,,,,,,,,,,,,,6.295873656431623,-1.664819000526415,,,,,,,,,,,,,,,,,,,,,,,,,,,,,,,,,,,,,,,,,,,,,,,,,,,,,,,,,,,,,,,,,,,,,,,,,,,,,,,,,,,,,,,,,,,,,,,,,,,,,,,,,,,,,,,,,,,,,,,,,,,,,,,,,,,,,,,,,,,,,,,,,,,,
SRR6456228,-1.8382902900997211,-1.6505704913516548,,,,,,,,,,,,,,,,,,,,,,,,,,,,,,,,,,,,,,,,,,,,,,,,,,,,,,,,,,,,,,,,,,,,,,-1.2071799680193285,,,,,,,,,,,,,,,,,,,,,,,,,,,,,,,,,,,,,,,,,,,,,,,,,,,,,,,,,,,,,,,,,,,,,,,,,,,,,,,,,,,,,,,,,,,,,,,,,,,,,,,,,,,,,,,,,,,,,,,,,,,,,,,,,,,,,,,,,,,,,,,,,,,,,,,,,,,,,,,,,,,,,,,,,,,,,,,,,,,,,,,,,,,,,,,
SRR6456229,,,,,,,,,,,,,,,,,,,,,,,,,,,,,,,,,,,,,,,,,,,,,,,,,,,,,,,,,,,,,,,,,,,,,-1.626712487267842,-1.6267124873940273,2.7092590865199417,,,,,,,,,,,,,,,,,,,,,,,,,,,,,,,,,,,,,,,,,,,,,-1.696271370990966,-1.7582132984633334,1.163693873694788,-1.0785312935552964,0.6391389799948531,1.525026029189393,1.5247618342039857,-0.8261197686215251,-0.6083038293062935,2.2204916838990427,1.643454471000559,-1.394568655353766,-1.637049317004739,-1.6899169707378932,-1.6899169707378932,2.230816072030833,-1.8169050189035956,-1.6248043784501416,-1.7487720894370264,1.7053682623572084,-1.6899169707378932,,,,,,,,,,,,,,,,,,,,,,,,,,,,,,,,,,,,,,,,,,,,,,,,,,,,,,,,,,,,,,,,,,,,,,,,,,,,,,,,,,,,,,,,,,,,,,,,,,,,,,,,,,,,,,,,,,,,,,,,,,,,,,,
SRR6456230,-1.3035042977169595,-0.8142421259274956,,,,,,,,,,,,,,,,,,,,,,,,,,,,,,,,,,,,,,,,,,,,-0.5013400355341362,,,,,,,,,,,,,,,,,,,,,,,-1.721576382296895,-1.6787975922004,,19.525439331197234,,,,,,,,,,,,,,,,,,,,,,,,,,,,,,,,,,,,,,,,,,,,2.564065575078332,9.41088562995801,9.7195756483719,8.797048853943544,1.595446683672166,3.1158894450847088,0.6613756767285193,0.3283016327831221,10.027641400985228,7.744784276989516,9.939447457548852,35.09986885540996,-2.1778343308977473,-2.445231051340748,-1.5536289836333244,7.87507080880556,22.754487261308824,9.65617861692841,13.408558377609276,10.041249963871028,-2.422490235869283,,,,,,,,,,,,,,,,,,,,,,,,,,,,,,,,,,,,,,,,,,,,,,,,,,,,,,,,,,,,,,,,,,,,,,,,,,,,,,,,,,,,,,,,,,,,,,,,,,,,,,,,,,,,,,,,,,,,,,,,,,,,,,,
SRR6456231,-2.030390510128759,-1.5897718083962509,,,,,,,,,,,,,,,,,,,,,,,,,,,,,,,,,,,,,,,,,,,,-0.6348517348520712,-4.212843898703803,,,,,,,,,,,,,,,,,,,,,,-2.1053718846529534,-0.6239418299600622,,,,,,,,,,,,,,,,,,,,,,,,,,,,,,,,,,,,,,-1.3831638602345335,,,,,,-1.571458744280058,,,,,,,,,,,,,,,,,,,,,,,0.046518975921002,0.4160853710761084,-0.3210080904150386,-0.9667777084767945,3.943765906669775,1.0247545525996624,4.483337216994649,4.00612048265874,12.9358769915757,3.786511493240805,4.8764749107631,5.009817988615107,7.417488018792728,9.075456209923995,1.994116795288133,101.05105659874567,3.1722897435898227,7.9870609174188205,3.7058383716215646,1.310939039343615,17.554308615768658,3.258067810335585,-1.598977550882663,6.419585980105619,0.667750592899642,1.9573648380128277,-0.2323617134954576,12.03572277723774,5.121756094179558,3.1853631376686105,17.2915114077796,13.474083421153283,6.360972175543627,7.5753319935587555,8.675049077682239,-1.3781952663565942,6.041263845730901,21.00616357891618,3.2482318252048765,5.653016750871803,13.91284356697102,7.256491133771169,2.975575251699998,9.812084956523051,20.589484049691855,14.325284789015097,4.370431576554377,6.527422633269665,32.42586300197449,13.263169182892444,9.431570974856976,20.80733575278009,5.491905028863222,19.357441535554287,8.252758389445779,9.803548117427535,21.409492515297053,1.048165104136909,2.72159900858929,37.918205773005134,1.6319539625191104,-0.7130661054809673,7.716184467022167,11.335888845369272,,,,,,,,,,,,,,,,,,,,,,,,,,,,,,,,,,,,,,,,,,,,,,,,,,,,,,,,,,,,,,,
SRR6456232,79.55516828693465,,,,,,,,,,,,,,,,,,,,,,,,,,,,,,,,,,,,,,,,,,,,,,,,,,,,,,,,,,,,,,,,,,,,,,-0.9496827373054924,,,,,,,,,,,,,,,,,,,,,,,,,,,,,,,,,,,,,,,,,,,0.6993641262711336,-1.102179791422515,,,,,,,,,,,,,,,,,,,,,,,,,,,,,,,,,,,,,,,,,,,,,,,,,,,,,,,,,,,,,,,,,,,,,,,,,,,,,,,,,,,,,,,,,,,,,,,,,,,,,,,,,,,,,,,,,,,,,,,,,,,,,,,,,,,,,,,,,,,,,,,,,,,,
SRR6456233,,-1.7727829884442194,-1.4291009748641836,-0.797621662620497,1.5375640043209216,0.5347387847376329,-1.2279839817966298,0.0090886885581765,2.8282975431044632,40.25714517741816,9.325713674997989,-2.542513279863983,-0.1409572327119243,1.4889211498578123,47.97415564162292,3.5086621754707417,-1.1553750716565678,-0.3461068877712192,1.0461820437675735,-0.8222710928240932,-2.7876206118929754,-4.341457752882505,-1.7814586095787417,-1.7814586095787417,-0.5960220156302541,6.960899513802239,0.5103854720550008,2.6621370524357677,1.8582801692403743,0.3629698715176225,0.4068542808094456,0.2105147724076002,-1.9919829724209677,-3.290370718207257,2.133500888497814,1.2216474284240932,-2.68540779759617,-2.349068229043836,7.0283527950256595,4.75423703300583,0.8515347542430808,1.4587347472137908,-1.7814586095787417,-1.3072839719993463,1.3599726645755428,4.102562625070051,,-2.071709092684829,-4.654243358005005,0.5407971934415085,-2.2601976782124615,-2.1055361615157704,-2.2946698352121873,-4.408371193887642,-4.482335752169808,-4.257813010413286,-4.019621833926499,-4.267443984657108,-1.8573857397375568,-2.2204683717490146,-2.217488600389677,-4.21253043284422,-4.023185719802837,-2.2329044693836337,-2.239459978244247,-2.190269982306534,-2.202563672554198,-2.190269982306534,,,,-0.2088637326298477,-4.611346698833123,1.3541936601135638,-2.032390167827958,-1.933826186724532,-2.140184373277913,-1.9239176375750724,-4.226930174056083,-1.9827099492261653,-2.0547543522516296,-2.032390167827958,-2.252054281795555,-2.1578657758438218,-2.377865794931393,-2.0547543522516296,-2.2348435266389948,-1.9239176375750724,-2.183034171741863,-2.0547543522516296,-1.9239176375750724,3.3557741324926655,-0.4428454188098952,-0.0721010282673183,-2.152985112058892,-1.4663314755985084,-1.349637007441573,-1.6833334137802551,-4.176752175483288,5.541384924341948,11.79032648168533,7.431293061309858,23.69280890016624,42.95648387139495,2.150768645763044,5.706623981078284,3.8242254704074976,,,,,,,,-1.639937422033249,,,,,,,,,,,,,,,,,,,,,,0.5466720505924043,2.132428503422424,-0.7198830262418341,-1.176914737982858,-0.049973537604629,2.6288506638724587,-0.8666133184424325,-0.6299734239514666,0.8873719143850515,1.9849823457455265,1.8503312853715528,-0.9154457434926628,-0.6300078476548074,10.028891887482294,0.6817989543573687,58.08428569577302,13.474263450331048,6.037966849884964,2.4471317073643033,6.318829992929092,2.571828191634258,-1.0578316262994685,6.190117478463714,3.234143598255481,2.190882423459692,7.795760339723736,3.986040499972821,0.885877984225903,0.199546755098333,1.3381201421123106,17.766661757753734,58.546820758950055,38.583864472159426,10.614195104422052,0.2359482123765155,-0.7775992448840212,7.068853655049095,33.41718898613469,2.0153087012608286,9.224531237208256,15.801737048006467,25.657200884336415,7.925024625101584,7.729198334665536,1.2457657660473735,30.2368459207366,12.681020942334952,4.222309897839114,3.616966252036676,2.328104328456704,4.240513835891737,1.741201044832578,-0.1896044879442432,11.07554139539438,3.2377609352065284,-0.4959544973496253,0.4100877233860153,-1.3404774478672696,-0.8654117630654417,-0.8774297659464708,-1.6590277157094035,-1.1091004341518251,2.5300864110000303,-1.2561437876436967,-1.6337421068923097,-0.7539358883967154,-1.4264772078894186,1.2102374687383688,-0.7096854413647481,-1.8310708231160864,18.731221326023693,14.126659573711825,19.583726951089368,133.59073004604664,26.124452075307055,261.1725565745477,47.2311391933796,0.0817882957557296,56.084440341832085,23.745694290508617,78.96718482484029,-1.4166615288183029,-3.3503224467985233,-1.8310892335914313,1.4621782935418566,-3.6549687328266818,-4.024244616299336,-1.9891992813095416,-2.1910187396789977,6.354278655304469,-1.1409191230797335,-1.6339332291941768,-1.8310892335914313,-1.8310892335914313,-2.098285680608549,-3.4807636557838557,0.5347828191756215,7.815176958660779,-1.8801129079551464,37.44310652582957,19.894721605832174,45.015102909667064,9.04248219295808,5.147407122864365,4.508593307401574,0.5008618015854418,-0.8736810573563865,8.002135743009323,13.995183926226892,25.245119784569443,2.554191947715891,-3.5350053274342357,-3.025803482154776,2.0838108698898954,2.175862359766539,-0.9718507839569068,2.672247516528312,2.112030854353657,62.402295279841766,-0.051193223379309,-1.714400815289566,2.020243568841782,0.3927625015638878,-1.1590354617945122,-0.7872729230472608,,
SRR6456234,-1.7061998904367202,,-1.2203123144074932,,,,,,,,,,,,,,,,,,,,,,,,,,,,,,,,,,,,,,,,,,,-1.3914740518312545,-1.2762224985273047,,,,,,,,,,,,,,,,,,,,,,,,0.8283764728325759,-0.3236279754051471,,,,,,,,,,,,,,,,,,,,,,,,,,,,,,,,,,,,-1.111129810016532,-2.9940018892169986,6.678678528126498,17.191944046961794,38.80273367308883,42.158059754564896,,,,,,,,,,,,,,,,,,,,,,,,3.533686137797827,5.080821526044767,3.5086213284259387,-1.0600515288311776,3.9926061567699898,5.642590686458089,2.981541481288521,6.338575484614987,1.6336686932959996,7.32897708302306,6.792441133533084,5.917737639813386,3.6117057639392303,16.96444502151471,4.681874873786877,102.13838274078576,9.044089013359583,8.342607161209804,4.3265860681469475,8.637247791488473,6.068653535114731,1.596503607763568,18.25560962264369,19.82960673190383,15.66809037424594,13.41276692668805,2.4998517082254836,0.4296824664912471,6.031995394013214,16.182808096925925,19.247950146231336,12.295044626378695,21.822084421344982,16.371977813433034,-0.0740076175462816,-1.82594391435878,4.571355848407926,14.591418198159824,0.8504772266467336,3.76148152329912,6.143671885015744,5.452710672992583,2.3434836140748883,2.3319011744750364,15.51786563877931,5.669552636565881,0.1107090538005629,10.200348678018242,28.4922621894937,18.27038292306526,10.470676396151742,17.365204181462,8.889889161761674,2.905698610741155,8.97932197179213,6.859800073743642,28.000883709097227,12.527811718144916,5.044640652439214,6.646211517135352,0.9923110415422324,32.75030818246779,5.071054649088261,7.402497796085285,,,,,,,,,,,,,,,,,,,,,,,,,,,,,,,,,,,,,,,,,,,,,,,,,,,,,,,,,,,,,,,
SRR6456235,-1.87909984783277,,,,,,,,,,,,,,,,,,,,,,,,,,,,,,,,,,,,,,,,,,,,,,,,,,,,,,,,,,,,,,,,,,,,,,1.3417686118311063,,,,,,,,,,,,,,,,,,,,,,,,,,,,,,,,,,,,,,,,,,,3.448785274238465,-1.3227461279629606,,,,,,,,,,,,,,,,,,,,,,-0.1451171993622909,0.014667284470033,-0.3584208286715142,-0.782646400088328,2.285601440781047,3.376221797974872,2.2829956270188383,0.0104197124662867,-0.5245560759325208,2.2768854747134664,0.2200291589812242,-0.3699943395547245,0.2568489277797688,17.335984419236286,1.2872915833559508,62.538273214487454,14.337310772778292,14.84706551208338,0.933317863593488,3.9631675576111287,1.909437681899434,0.1896171172434294,5.8676250827778444,1.3600746824589105,3.334268339539104,5.46530081130671,4.272473776270071,1.0949244112401888,1.6274154619606085,2.51584654263286,6.999308491442555,3.956880828109059,1.8256567180007743,13.49677448050423,3.905895019028829,-1.2844182683415657,1.1579706451911087,8.385426852005377,2.394406091870375,4.2078327016756445,0.3304253539614501,2.5164272655439626,3.117288622859105,-0.0791357853316316,28.25029546379894,24.283325442901862,-1.0859458023202584,9.383193788692786,5.2865274812605385,3.284521339166101,4.840329939745359,3.536166144354452,1.364519288676405,-0.3874098065205685,2.003696120854277,-1.0668753171606418,21.813648422616215,1.450127940881894,1.771644759594172,23.08632556831755,-1.9379432438483253,18.01094231776605,4.91777119015004,-0.604863289570571,,,,,,,,,,,,,,,,,,,,,,,,,,,,,,,,,,,,,,,,,,,,,,,,,,,,,,,,,,,,,,,
SRR6456236,-1.798403090975126,-2.0928173916684893,-1.6594342525151513,,,,,,,,,,,,,,,,,,,,,,,,,,,,,,,,,,,,,,,,,,,-0.5111102701749123,0.2332136544241786,,,,,,,,,,,,,,,,,,,,,,-1.827183463682084,-1.8078028767704089,,4.2713209770209115,,,,,,,,,,,,,,,,,,,,,,,,,,,,,,,,,,,,-1.0578305263286072,,,,,,0.927249065604916,-1.3620016179179355,,,,,,,,,,,,,,,,,,,,,,,,,,,,,,,,,,,,,,,,,,,,,,,,,,,,,,,,,,,,,,,,,,,,,,,,,,,,,,,,,,,,,,5.178509674830966,2.5101639135485825,6.93101519032422,14.569285843250029,4.300667539352771,7.80291453045924,6.220276275697468,11.926682442205571,23.350369965632307,28.002239902600422,21.792435981632657,7.409920693733768,17.790877851484847,-1.2666895086623238,-0.1069658746915094,-1.2777606026884694,-0.3202638664315984,-0.8046558973602227,-3.0321338442222507,-0.838585328418761,-0.043128916980081,-3.551656656814769,-4.02848185513263,-1.8472208757436193,0.2126035999183279,7.859815729847129,-0.5130766177558272,-0.6355875728522405,-1.7182422692070165,-1.7182422692070165,-1.9208166184282216,-2.0844943998948913,3.5596993755225155,8.145005195515644,-1.847211898088864,4.688187023755083,2.2629607624656325,15.91534773702974,12.874628014465458,-1.2934282645301425,0.0239137507653119,0.0988335957251027,5.387983847375174,1.0896359721110271,0.9041698705264464,2.685060143380649,-1.7182422692070165,-3.2838442950131346,-3.7053414871092025,1.8835386439084116,0.880450177238595,2.3358665309365283,4.219183217213386,0.8530626346355761,25.443229140485453,1.7206460252308242,1.483679290673676,11.488193468607722,8.18444086923854,11.699596669731749,1.0605941382046291,,
SRR6456237,-1.726200246535513,,,1.1071790531912715,-0.0126940948394607,1.0575355284661423,0.6614347519424842,0.7883676565378113,1.7933622870566726,4.154521334675999,0.9445168166595518,-2.4580238711190736,2.1600852687538077,6.758326131412014,-1.1376780704318636,0.3611226302085764,-0.8204017217102414,1.2006434538548645,-1.2619892662586054,0.903600902925171,-3.1507164107229753,-4.13375837171313,-1.7270303377063496,-1.7270303377063496,-1.240807405982933,4.986922274286544,0.4771802861064718,2.142649847146595,3.9089212727246583,-1.113332247783679,2.1318295988504676,1.316459933663456,-1.785874174774307,1.493588294868703,1.02988118054071,-1.7270303377063496,-3.282437722329723,-3.5854759378106933,-0.1195073786236028,0.6412654451707539,1.0417160569116606,-1.6622006134765608,-1.7270303377063496,-0.6897547500297277,-1.5923562931300248,-0.8637159341173343,,,,,,,,,,,,,,,,,,,,,,,1.1140675344645787,-1.8066300393966548,,-1.4629100481182102,,,,,,,,,,,,,,,,,,,,,,,,,,,,,,,,,,,,2.126710545943624,,,,,,47.230237389538615,-1.596555224160228,,,,,,,,,,,,,,,,,,,,,,11.698174456337036,21.71302990260417,7.778332295901864,1.0453991290316795,5.286757147481442,16.560342897810667,5.8880859752119425,4.268103386781595,0.4541341772901286,5.514815011724225,1.7644396174164303,3.282079227171898,2.722749172108745,19.584985729561637,6.674040979759582,136.0702112999452,8.554931943007668,12.901487495182826,0.3350221115998887,16.533717326316513,4.831812956967928,2.979742626245133,2.5598584107341265,12.401794450528383,6.654190413980585,26.47301659892647,38.4739434214107,5.946609610022805,6.93685212903361,4.88473044491972,8.782658917610998,22.402127597815312,25.98942773971881,9.576626719227558,-0.063371449991112,23.33498087765401,1.8127365318734183,19.665886579333083,3.005529939339594,10.66878154102395,9.025782224767442,15.227806580718797,1.490236533609748,2.9719592487315847,7.643496345860539,0.4901326054367722,2.4167879055847807,8.183726040404743,5.923982237259066,3.436203829532139,4.503261282153346,4.344448194816843,1.126683759748305,8.402808704976781,11.984357630204402,-0.2960068515381974,20.217374717043377,8.759074770085228,9.740890223273423,11.56049898278591,18.336747576821857,7.061053843215878,3.503153842911191,3.0759937800631336,10.8251349450731,8.816828493726618,2.247491511112036,17.474525645230536,7.960540414786998,2.1077193310474693,29.066446546435458,35.595635208644026,22.219819021182143,58.09467968113264,17.542081633899283,26.681351933481523,25.354657995943104,1.3494701984576192,15.959316794432878,14.393193228130066,14.44140253976743,5.560140676652468,23.667957557219054,0.3970342336296676,2.709566932084889,2.4557036617462127,1.5757230694611146,1.0697758401431865,1.5545429057149638,12.192226002783896,-0.2747484114865351,-0.7571058485290393,-1.7188892503279616,-1.7188892503279616,-1.9731659648781248,-2.141164922698859,8.764549829280293,6.203843876129001,-1.9731659648781248,3.5358052937955526,5.230703241457537,15.955888065214223,13.054766073540703,4.707225472561207,21.291001403915388,10.784501574874117,14.232809642766998,8.735842176363235,2.46170953151484,2.3991310742163945,-1.7188892503279616,10.914999072084562,11.1773544204487,3.533889678271858,8.311786301917724,4.105824734755911,1.8150421937996852,1.7435309961481589,25.400095637879392,3.0448945031057675,0.7520876728645203,9.02689581647416,2.4991717598316763,13.435346686177954,-0.9979818028494976,,
SRR6456238,-3.9319135077382943,-1.8703489079005449,-1.0672624592741518,,,,,,,,,,,,,,,,,,,,,,,,,,,,,,,,,,,,,,,,,,,-0.0095938912945198,2.0369201182851584,,,,,,,,,,,,,,,,,,,,,,-0.6758367737991012,-1.671101081246015,,9.333036042822943,-2.402499770301407,3.6688217319758105,3.026058836710748,10.791028355284585,-2.1362839572851677,-1.8459579902387593,1.4996668653111445,-1.9193034133873184,1.3271933753366056,4.516414599663723,2.208517270654008,1.4223365081281214,1.0369913638443675,0.8289300792254998,5.944234214302646,1.1890644293259345,0.0641897550298879,-2.020513145409887,-1.8459579902387593,1.6329001887329675,6.839315025933537,5.070880864313984,-0.6781117107561205,-0.7764738995350102,0.5258765874205807,17.658846229861098,4.169157720099041,23.962145448860248,59.94231866294056,3.5764465166569397,6.114767157033581,33.71573772278976,10.247686797516325,22.871890033880167,31.081360487890947,1.4074746230391355,,,,,,,-1.6045302851975938,6.69941619853168,7.876341921221285,9.9990899334448,6.112704485174268,6.465438407281631,8.108992989665893,15.478975665273342,13.468191993593836,9.29718391009926,15.500707377382083,7.593910097331259,4.0496009434564115,-2.329654193571653,-2.457183109505538,-2.065707669185027,9.377535168165842,1.6178502927478406,8.054071194548488,7.289881310394033,10.431291457773998,6.150279889392835,12.279747229762476,21.842751683352937,18.58830931201557,9.145845072682542,30.023470362486904,45.043735796537625,3.2686531606825295,1.2656160230549562,4.121572164296375,10.289199570001678,12.137005596006492,15.600885091973304,22.481281848142626,16.521445102276783,4.32238173557551,100.13908313888555,15.9048263881702,17.008399917771836,11.280886858612968,4.678177668848947,18.599796831641516,2.4602782350769488,-1.4473599716421557,10.147232789969488,4.874646484202002,18.340348600269333,15.414067881346243,0.300262724376323,1.0240797732766038,2.7683986309815247,29.08006842430502,25.96367781304726,16.191286246137057,14.6615470573857,2.4786305085123552,2.3901204890274537,11.387681952140062,7.852139397307925,1.1494735294847074,2.698107518446161,3.3660191218057403,3.4310047737553755,1.55015500658376,1.044454686993168,6.593537008072885,2.863514677674275,1.159272108122633,2.843271288554913,4.312626607863505,7.322826786918548,2.8923313825727224,10.921726882257603,4.298187951626931,7.030001494974065,2.498367268149304,-0.990653758274282,5.257308974661974,-1.1378716647530984,0.8012676962961969,78.22264676639433,-1.6744616066018392,24.577765287724617,2.207571236475567,-1.233499257841091,,,,,,,,,,,,,,,,,,,,,,,,,,,,,,,,,,,,,,,,,,,,,,,,,,,,,,,,,,,,,,,
SRR6456239,,-3.394807757812776,-1.290987069841952,,,,,,,,,,,,,,,,,,,,,,,,,,,,,,,,,,,,,,,,,,,-1.494108620606073,,-5.245396817056897,-5.531818593011267,-5.549166880233411,-5.46962060116939,-5.450479104220152,-4.953621789369349,-5.470645269661222,-5.556563953557931,-2.781841585710825,0.5605983075452653,1.4641595310924842,2.076937605762225,0.7502923148920377,0.3996109183885949,-5.291215583211194,-4.863831625369249,-5.464835226958309,-5.076718534531391,-5.227149251375448,-5.3426504664770444,-4.999054680357326,-1.711026689924574,-1.716911963180241,,-1.495632774497099,,,,,,,,,,,,,,,,,,,,,,,,,,,,,,,,,,,,,,,,,,-1.4500238234416063,,-3.655505708162638,-3.742741777686198,-1.5605118943609662,0.6704510717512229,-0.070348171401161,0.9145161370195058,1.0623441467381496,0.4940990700637859,0.6282892010725034,1.7490279026493771,0.7536566856451352,1.151412773580092,-1.881803328796798,-1.9501919979201336,-1.9513904021287591,-4.304692608582325,-5.038716586839251,-1.8748366023403136,-3.1384286934470995,-1.9483875632363672,-1.9513904021287591,,,,,,,,,,,,,,,,,,,,,,,,,,,,,,,,,,,,,,,,,,,,,,,,,,,,,,,,,,,,,,,,,,,,,,,,,,,,,,,,,,,,,,,,,,,,,,,,,,,,,,,,,,,,,,,,,,,,,,,,,,,,,,,
SRR6456240,-1.6928897270653092,294.8836020643057,-0.7910209101902959,,,,,,,,,,,,,,,,,,,,,,,,,,,,,,,,,,,,,,,,,,,-0.0487945215171004,-3.7226854942107512,-3.1051468427796527,-5.081520301334807,25.79447822273535,-1.9682904495535491,-1.3316002020068018,8.855404574736797,4.728205193875426,2.0011743694123636,1.543105428679555,-1.4414781896384243,1.3894699609275292,0.0057404232738009,6.017795558375363,3.264421698110552,90.7520886228465,29.698357745680916,9.01461632062784,8.591486138009952,3.079446925717528,121.38196098313716,9.275616258797342,,,,12.790013800525662,,,,,,,,,,,,,,,,,,,,,,,,,,,,,,,,,,,,-1.6672014685790386,,,,,,0.6093490774458801,,,,,,,,,,,,,,,,,,,,,,,,,,,,,,,,,,,,,,,,,,,,,,,,,,,,,,,,,,,,,,,,,,,,,,,,,,,,,,,,,,,,,,,0.1238398049794007,0.8492619566053909,4.378674410885168,12.640358252114842,-1.3804574638837994,-1.4846656766012385,8.347290522056076,10.099552336526498,5.8055350139622215,2.705130279762676,0.5133249805556616,-1.229568802522433,4.698432722209205,-0.1398275298165616,0.8442179798169914,-1.9702437021013264,-0.9406448008133784,-1.0103751049430982,4.779560523948732,7.604040097231302,3.518851964652308,3.681385120476768,1.681762888976983,3.855382999210657,6.895712505518476,19.98261730548124,-0.3893854184312948,0.6167073722893717,-1.6853356475264356,-1.6853356475264356,-2.0372926327559204,-3.2945904234329153,11.304749027503766,10.56783616856321,-1.8545218209615169,7.1495481594778925,5.592633595084032,6.334785271462683,0.0562873879564776,-1.247999767866156,0.561836426571607,2.482042334211709,5.662888369309028,4.101517083231213,1.8635894439956784,3.243574490382021,-1.7675514696627146,8.659982437255012,3.134035972254868,1.8212336978911952,9.66690012679227,3.855818188046435,1.8353081986164537,1.2744339493796024,17.11605445052943,7.152201499444233,7.013107575291603,19.258650687600017,-2.2865210787163006,1.1063712361207494,-0.5724132047718449,,
SRR6456241,-1.6862057958837704,-2.037954580158027,-0.8831940562119193,,,,,,,,,,,,,,,,,,,,,,,,,,,,,,,,,,,,,,,,,,,-0.644921685787175,0.0588456015205487,,,,,,,,,,,,,,,,,,,,,,0.0529462368206895,-1.6903145214776836,,-1.88682297646254,,,,,,,,,,,,,,,,,,,,,,,,,,,,,,,,,,,,-0.964607973383491,,,,,,-0.4915569403557836,,4.381098694227532,7.868156390665167,17.417267166072257,12.424525572847248,13.604323742637456,16.110144624658925,0.7288794836975858,-1.4446128426452398,10.180543990273776,0.9677963578282556,0.6904146586041984,6.413320248402171,-1.8610235643287072,-2.074137718954243,-1.9650120703890337,1.0322806560092992,12.810609219526972,12.6983360195695,6.316965021537311,3.97897704017777,12.539295697244125,2.2902316887208274,12.26464184823737,4.754272165315885,1.9620794865986355,4.657278167434481,2.3304165653998226,1.4536123548596402,0.74811620407,1.6303295546489422,6.3434101226354045,0.9853615949590931,1.615508975763,4.049531536815802,8.261554966727395,4.450414898522332,71.99680382083291,5.015313772896304,4.910942567317858,3.0670309193558407,10.600206401454134,10.199786139989838,4.084709161313173,8.17918498327718,13.08632378360408,6.8155769412800895,7.665940260998461,2.671673286103991,0.7571295980926965,-0.0367752931606894,4.4921248652872015,28.82711273313873,16.719725750621254,19.506634831494416,11.697147972055244,-0.8045410729455352,-1.0806597746447228,2.59858963215657,10.437091228026334,1.5625997444274269,6.385509427013857,7.83450757381893,8.6631281380742,4.59213119203492,1.5678183808110244,14.55686540485626,8.50960717098209,5.465540771727717,6.525348973654828,5.133538031006044,5.519094620297613,4.413383744962891,9.622766371269226,2.9523191075304047,9.399417265717004,7.671986666810422,0.8076723000015247,19.77196458242364,2.44600882837392,1.9126802302118224,15.478332460564832,2.0866206942846635,6.9403209579472955,3.789418427434467,-0.0155947647985073,-0.5680583625592126,-0.2539536787271126,-1.8706816965977229,20.38589252160511,0.7851902911378092,-1.7804537476660662,7.381048880330425,13.165822335226506,5.438540591119795,90.81172224420658,55.71593780415561,48.67260919430752,71.51955162409952,-0.8452707866706197,-1.0131145117968972,-2.163267536503302,-1.4800334450458033,-1.270329748650309,-2.30863980908295,-1.1758373191625846,9.176632174263432,-3.2157156910094145,-3.349773503302927,1.4050722846747574,1.9084985183621157,7.935043313253733,-1.080480916254308,-0.3941374667047581,0.9955512238674096,0.6481290512243676,-2.163267536503302,-3.6154296657821887,28.181336233185437,7.701826503320259,-2.163267536503302,15.310978710265054,9.237753001235596,10.907567145552925,7.864832486252798,1.9079781683479953,5.139885193553623,2.9808549867757126,4.164005038521216,4.364389491862745,0.403487492257366,0.9082944140609936,-0.6113039213307699,-2.486672654257721,-0.8897954501989318,3.893638657064789,2.487433015799414,-0.8793868821279986,-1.5261086480226804,0.8218401375458886,13.199822493508671,25.17096963806296,2.5247525570749434,16.49696460016439,5.026490302556018,17.81273053669985,6.61940224014174,,
SRR6456242,,-1.9107949413748195,5.11910963915756,,,,,,,,,,,,,,,,,,,,,,,,,,,,,,,,,,,,,,,,,,,1.2330284913449856,2.0219815165082498,0.6206107937881499,0.3442335300463062,-1.1139223404429766,0.7286892187611401,4.012120373121443,10.942946963846078,44.81421254833506,18.923378705393382,24.606028511418653,-5.3631835086566975,-5.168750089773331,17.583306275634172,-4.325684883024159,-3.691973836806154,2.488165150623795,2.5953494830908097,-4.363008368435271,-4.348320318312905,-3.8400305485353567,2.4883798284323775,7.898499299687134,-1.8697439526504491,-1.8270929791719308,,0.610993907295359,,,,,,,,,,,,,,,,,,,,,,,,,,,,,,,,,,,,,,,,,,6.5744194645027605,,0.4315742846374513,26.303660010433497,-0.3085699705837343,0.933553116445576,-0.4115545751697693,1.0326313064432242,1.0977690178876978,0.8883459297752944,18.320321462212217,1.2033813924915933,0.1766154233553906,10.6640681613937,3.089908223878248,0.4504078276433849,-1.836028735556277,-2.0798259312623686,-4.77351975464707,0.6327588128816153,-2.1613836605572,-2.067567501269435,-2.0675675012694894,1.190970247304718,1.342105537493595,0.4893215785373581,-0.3768208470664199,-1.155523595477919,0.5218071929049111,0.8197820394244866,-0.007994595310774,1.1661412041985753,2.188719504643308,3.1776002849281073,0.8744224370123823,0.4133139956018822,6.480374283282496,3.594864461704857,50.11182666969352,6.472664193143327,8.256151719192111,-0.3107371231502602,7.946207106076226,5.876735808718353,1.0212521372568537,-0.4012132182852147,9.51336005503716,2.585724805475348,3.607697180931273,0.9243754512216472,0.2689997573925096,-0.8468011519583091,6.363402213580181,7.082655468885195,2.899504501979677,11.636193901320116,3.598350155012999,1.6425839131276914,-0.7312680963539143,14.650353428548858,14.038372729151694,5.009099336727902,5.05944397655228,5.581796756509719,3.653471056861892,4.874160337072523,7.1973687348563855,13.162493014811457,5.498270252473125,0.7224715289477776,5.6072105898086635,2.9003740734130226,2.718451994760171,3.015096019471025,4.666892850758431,-0.660799752447278,0.0741228987740963,0.8693173576740055,-0.1443050865964383,7.924018589027916,-0.2338010088177506,-1.2823546638979102,4.441466737073216,-1.4520550149589233,-0.2880534835954845,2.594338535646399,-1.231630111420688,,,,,,,,,,,,,,,,,,,,,,,,,,,,,,,,,,,,,,,,,,,,,,,,,,,,,,,,,,,,,,,
SRR6456243,-2.099511126030346,3.589950185836074,,,,,,,,,,,,,,,,,,,,,,,,,,,,,,,,,,,,,,,,,,,,-1.2906447184852947,,,,,,,,,,,,,,,,,,,,,,,-1.859051828454628,-1.9176345587944592,,-0.2769646645371456,,,,,,,,,,,,,,,,,,,,,,,,,,,,,,,,,,,,,,,,,,,,-3.885212483339932,58.0909874397316,2.0177156923926285,2.5889715679852494,0.8058420573348396,1.4217102027935469,3.8847664098668626,3.3455192169166796,14.835570860197132,2.1999311780078035,0.4993450779799696,-1.0952907089985184,-2.785414811521956,-4.0281239718711195,53.328637012978234,-3.0471358027974347,6.4403735262602,-2.0800070209035173,-3.636331055697921,-2.595532761368713,-3.5151004487058044,,,,,,,,,,,,,,,,,,,,,,,,,,,,,,,,,,,,,,,,,,,,,,,,,,,,,,,,,,,,,,,,,,,,,,,,,,,,,,,,,,,,,,,,,,,,,,,,,,,,,,,,,,,,,,,,,,,,,,,,,,,,,,,
SRR6456244,-1.7079634710910887,49.26108344402799,-1.588603383654098,3.810688260167697,4.089601373745021,7.536301496079302,-0.8991458540550875,1.8709864648998935,6.032387018730319,23.99622196593608,5.294406304591974,11.142523792787532,9.463911875433174,0.8243156006214727,-1.27058821953946,3.9874265871818704,0.302848734843156,12.421944317658118,3.196243621613014,15.935175390775402,1.1551348546704212,-3.737665355467833,-1.5935835655324182,-1.5935835655324182,16.502423275491577,7.559942922945067,-0.727745917715498,-0.8487623684423626,5.778782272606772,4.233549224944965,1.502821937307022,1.8486432505176729,-0.4635071867681347,2.471136152273266,2.655590382314334,1.6965994964719449,-2.002432287060242,-3.261083745276642,1.508030953949253,1.8234286645575193,-2.002432287060242,-1.5935835655324182,2.3026858499990643,2.9087722035261843,1.0383607049751835,-1.05256772771609,-1.4154913203318489,-4.854722666880709,-5.966105572578055,-3.936236009361721,-0.2768413811577903,-4.052666253884238,7.104865462939862,-5.11971488229084,-5.551395998935587,-5.297333070809761,-4.7775229723746335,-3.968978827401268,-4.03839268122226,-0.510539314417744,4.490503480621289,4.408868044008094,-2.4950744148873256,-3.843947009333169,-4.70223301570508,-4.584598732435717,-3.086253124815046,-3.4703375028501293,-1.9210730216929528,-1.8622945942975848,3.074198286326837,0.2017891573121981,,,,,,,,,,,,,,,,,,,,,,,,,,,,,,,,,,,,-1.445289953162023,,,,,,,,-0.3710693261266857,75.27840656815405,21.494463620852382,12.440362172503134,11.485866695570994,4.502258365981821,25.650009336186624,23.109719223670712,14.619073360572711,0.3076146333991473,3.9444397537222473,6.756836048103399,6.963225836415164,1.8480722464638988,2.430618177052593,20.872893841196746,21.27826018947517,0.3325147852324941,0.2208662073378958,24.91377393151468,12.26101816810788,1.4947262435279478,2.560021430434684,7.008178455884316,-0.969902803796032,3.943760319234575,5.983607912120094,7.066667178915054,10.662574844652283,7.130902264706023,1.822326125151463,2.5763296249535106,3.5488458289420777,1.287267998272764,12.482164329194791,1.2053818854073195,70.23702650098264,14.896803674852082,15.78447511360618,5.389143355101809,16.97791151189147,5.366378583289757,6.7708573870645745,17.883561276036513,15.434410937309783,7.635228767574709,7.200231551187245,3.640272316715734,2.321368256689467,4.195745280299662,15.469725418602156,21.778613484730528,67.22425156125861,41.14581349524086,24.24827171769211,5.482553279639599,0.77697889679112,11.86822477459394,21.537235423737897,11.913103930379515,12.410434108516744,16.25983636617343,6.714311579961992,9.621475090754767,3.414109619931354,25.779859609629295,10.81439020290466,3.969692237986033,13.830928929906117,5.55602949099836,7.6805083560854435,13.21309849436818,21.21705772971994,5.621176758011889,3.393362358760922,8.75397226160207,1.7419022207298809,33.17028021865384,13.21054802396918,4.988346321088339,23.83580357510969,-0.4461550730247908,11.327983109026327,4.049325130930106,-1.2050804684072969,-0.48034520131002,-0.139974305670702,-1.950166557835927,24.090631569074407,0.4282084443455168,12.997557960433852,2.5502531752155373,3.7601485872693257,55.96034379026245,29.407179377574536,38.74183252129149,18.601950888982625,17.124847982651097,-1.095703840051927,-0.1432722442418078,-2.493635180452465,-2.131454606474959,6.233456521489512,14.20512210484446,-1.2430922772295865,42.77837695133668,-2.9217801147091182,-3.8878410525568663,-2.280175448224188,-3.771392575687845,20.61695800346574,0.0669574930368017,1.0923066936096708,-1.869762860901042,-1.9836886129976077,-3.4318035261690985,-3.8117289674413097,-1.5279856046113445,5.631170933829552,-3.0356793486145808,4.575206837262381,3.975053253965484,12.2137657027218,12.51151626478619,10.549832503827266,15.408988356982006,3.096808594155734,41.24320295791456,11.673378123788291,0.8314558290908273,4.874415244696102,-1.9836886129976077,-2.3826355645899513,0.3926036398816686,3.807417983138621,18.673528413105252,2.959051399514252,6.251336824564045,1.6619354540925002,22.16583885759593,17.8884080998032,0.8442240212586877,58.62503678461718,-0.1635699530382457,23.936609560134244,11.569796504513,,
SRR6456245,-0.897628962577451,-1.555481413577912,,2.5189423432792437,0.0815613033465129,0.3982121242788761,1.4267981220209736,-1.157471647782048,4.453540392143915,3.260357264051413,-0.8384103061690938,-2.31517976185095,-0.0354852902795991,-1.958740782761144,-1.7490809935324816,6.360421001963038,-1.867796359980572,2.313360342212621,0.3429653205162582,-2.0265061684125913,-3.115540721667693,-4.015690598528663,-1.7490809935324816,-1.7490809935324816,0.355286493904442,4.485293212888402,-0.6968983420560361,2.5239331182888973,0.4955776597335702,1.376735929454745,1.740531579606539,-2.981744818248991,-1.958740782761144,-3.329692618400274,-1.958740782761144,-1.7490809935324816,1.2107858528410511,0.7984707634920036,0.097482306009882,0.4182599204847432,0.933851877302292,-1.7490809935324816,-0.276023752326635,-1.2580619131305326,-1.4626439790849313,-1.3414670632682075,,-1.3798118133390636,-2.848804041673693,-2.0421600807663376,-1.9459519824237064,17.11083266540995,16.586590385964048,-4.787494899412403,-4.488603478784811,-2.0421600807663376,-4.579261956667759,-2.0229692287963017,1.0220340626546447,-0.4785757412359107,-1.742231595691825,-5.77377527647322,-2.0325399591108364,-1.974038621550968,-1.974038621550968,-1.8532201965180015,-1.373850860286321,-0.1354129135570612,,,,-1.6758982918055267,-5.335869495956663,6.022922087672455,-1.4113194854912614,-2.217665346333678,-2.4705634507792813,-1.9246845071579353,-4.866117188457368,-2.074534361734752,-2.1638928205812022,-1.9695589276129344,-2.487162042814945,-2.333373859121169,-2.581493790588842,-1.7171005263560222,-1.7070282171387448,2.7957405751125597,-2.3815522893459993,-2.1638928205812022,-1.9246845071579353,-2.279691951013864,-2.1638928205812022,-2.1638928205812022,45.557649308541386,37.629222216694835,278.4217075291662,4.403953904528946,-6.131598504100581,4.590479110732187,7.724682786255878,-1.958932432569645,88.26565988474202,25.15242076757248,29.019911309102447,54.6920251716819,11.67788387558798,,,,,,,-1.5949935990702029,-0.8220755202837553,,,,,,,,,,,,,,,,,,,,,,,,,,,,,,,,,,,,,,,,,,,,,,,,,,,,,,,,,,,,,,,,,,,,,,,,,,,,,,,,,,,,,,,,,,,,,,,,,,,,,,,,,,,,,,,,,,,,,,,,,,,,,,,,,,,,,,,,,,,,,,,,,,,,
SRR6456246,,-2.619586001423082,,4.388930061033902,3.567511392459957,1.0518999411296095,0.8087766241815744,0.8409447616354467,5.908921309025836,5.915937942895902,0.0343248079797598,2.200105591486415,11.968189663749865,-1.9880591126562277,-1.8168576972731163,-1.942252296440824,0.5544940060177934,1.277313052261339,2.188426738385429,1.678640166878388,-3.495328235796397,-4.547376575261364,-1.8168576972731163,-1.8168576972731163,0.6163408869893867,4.265672998613508,-0.3344934852356713,0.5033380824450036,2.767238271510988,0.8233932470227847,-0.4795195442060112,-3.5768560198522037,-1.8735311565385464,2.4424866567476045,1.4245486953913202,-1.8168576972731163,1.360913398382193,-3.943980386510991,-1.7984556581189688,-1.4867853204937282,-3.5898174954632065,-1.8168576972731163,-1.731482308351625,-1.09116689144044,-0.2703035045786027,-0.919585039672361,,,,,,,,,,,,,,,,,,,,,,,,,,-1.7330248492536309,,,,,,,,,,,,,,,,,,,,,,,,,,,,,,,,,,,,0.5349731694088692,14.934854350225418,26.55710593620345,5.9948254080960615,3.862211519176811,5.331321300775137,20.082499278982137,-0.7187116058192881,-1.292898882892969,-0.2021185629919692,1.0401487630570043,0.5679539509317593,0.2858602394760174,1.0289778005967405,1.3068900260510032,0.989167869213008,-0.3323585719911607,2.0430450209198687,0.7065361568977198,0.2341378573786343,-1.88856320403424,-1.9514704834413783,-1.9211360169362712,1.2677583505385497,-0.4318614493303508,0.375423665393105,-4.418547228919856,-1.9435933116067,-1.9494094553276071,4.609295398710325,-1.0163167096761558,-1.3329948782021654,-1.461234301394916,2.693725372426212,15.01066701648531,8.594372633772757,5.328448759027947,0.9634590937357508,5.395587914359429,4.3672614403518955,6.637220755435731,7.781704354597728,7.128102852234164,-0.7850159808826156,59.70926081474207,4.611844218057,4.421140914602329,-0.1699716970913972,-0.2783649257473658,-0.5662870739734851,0.3425053815839127,3.037649332784752,3.428382814517469,3.9051191672762,5.989829300697527,17.14230501699618,1.8329315096397512,5.882941109903503,1.8502930108006876,4.34677628553047,2.3355570650379516,10.021284229505538,2.626277750359025,2.7362533600596284,12.256825812984768,1.0703386829310948,-1.332907162356963,-1.0789333240573185,-1.1171460246306393,-0.2357766734690949,-0.5560827047925159,-0.3950966975981821,-1.3350982456020506,-1.5216399746016358,-1.537167137522975,8.672488685954468,1.6786441484247234,8.979562408008409,1.1523589715807,4.6884566497168105,2.4699104201885356,-0.276007978875439,13.681818867041518,8.41734877395602,2.0148088033883287,1.7235775706695589,-1.17776143175122,-1.101327137029003,4.369662787325016,-1.8301285462951409,1.2005517548887117,1.28235037919316,4.919017769380805,0.3023616104757393,0.7493651180943708,2.1908341531733497,7.418896925201467,-1.09031758730063,-1.5874631510034662,3.493318565473255,5.620821266459608,1.9667382232740176,4.379439843257946,4.240403006153582,0.7669925928357013,-0.1778077121034206,4.791302463380051,10.814914627092458,11.335184941460136,-0.8910727569555708,0.7864832940985398,-3.8601426320614176,-0.5717244694915355,8.751764566718853,9.631086504192062,21.234916749936925,12.817665741286229,5.182487817300882,21.732163991971827,1.1566643437594224,-0.5273600253206097,-1.8889420307835671,-1.4699937214103496,-2.139528789085413,-3.532241936697054,1.357907357871624,-0.120284800967161,3.5401354930370124,2.5499334870014914,-0.7802585035905273,12.632805710030407,-2.4727374073251416,-1.485814895947037,-1.5748056118790286,-0.2115254489792968,1.8853882399497364,3.127668601193332,2.299811614521761,5.202172077332415,-1.88893787100268,1.2908855371160737,17.719741468191224,8.50648434622446,3.8719763805977454,4.831838157910304,5.347800045562287,2.0910669082620013,17.811987395535123,5.034843674910375,-0.9211203793955248,3.4742075888672947,8.160676391184342,1.1267379106581972,0.013534462831248,,
SRR6456247,-3.772369598593055,,-1.340585369499163,5.315750512990522,2.2283770429914465,4.728034007019061,-0.2357776579857291,-0.7981790371119714,3.716841293693636,3.608780184013614,0.0590422364670681,-0.3243536101961576,2.8575626169272996,-0.2052768189963679,-1.6659794710713005,12.862335590352483,-1.437641348578469,0.6943766366180261,0.6649700574002452,3.398841137886783,-3.1963082439853596,-3.870301485613747,-1.6659794710713005,-1.5258649364060544,4.499060054199519,5.118879058098954,-0.2659863976645042,1.22250999242897,0.9231243843530198,0.2194504178775676,0.4046659516842251,1.0604670309442044,3.692717638717954,1.932548321492616,2.4912146305518075,2.1171129648903384,-2.0224888986353737,2.319099796581684,2.4734413241941433,0.7969307264283488,1.5452195921311234,0.2956240142421419,2.3272847668882073,1.1363112222336174,0.7941221098571518,3.725710264690654,-0.1949668413245449,,,,,,,,,,,,,,,,,,,,,,-1.5655457055222743,-1.5239625153456835,,-1.921905124001522,,,,,,,,,,,,,,,,,,,,,,,,,,,,,,,,,,,,-1.557369908894852,,,,,,4.431064292845292,-1.6919627036320288,,,,,,,,,,,,,,,,,,,,,,7.271267224162727,18.14926044408419,6.417860861524374,1.57438408188824,2.919755847987406,0.9657384572775212,7.494564802376237,7.594547928344911,-0.8314005510600109,2.571625541582723,1.943842198865722,1.0078174979107262,3.282801353991702,9.816588717529616,2.242960861396275,61.799421826248846,10.585546605484952,6.53522912076684,5.141485345464761,2.1704649067200545,1.5864735717952918,-0.5570291338206353,14.295583228761917,8.807307064010638,9.796073320023885,4.39058175226397,5.922547498580654,2.768718992844122,2.333579874617073,6.44507154717045,12.104389550879684,13.90509520461358,31.248459777038335,25.93871709923812,6.654982831042123,2.4753026657993824,8.284591436250013,16.310365110400593,4.855825820611946,5.845052698689062,12.291882339240813,9.27509318751606,7.75589090107576,2.7942210483456464,15.035388103284294,7.58313513862668,-0.8165128868088031,4.222992222221194,5.355183192960946,6.263759634135485,6.257853510658229,13.239577648704262,8.885564669977082,2.4443829234403016,3.9997275126267033,1.707742035862238,25.628589181030993,16.36375311860676,13.605327603201951,34.883690167358075,-0.069462282927614,8.776765973975284,7.574842097228215,-1.4804566149268803,-0.4239593696087199,-0.1092759479708705,1.8919427306660552,7.361866894838647,0.1311585644740236,-1.1817409395137344,4.29730091656287,5.20733139844795,3.08535325487865,2.5658223338248027,12.095171439384451,16.903848279060934,3.779851417955697,-0.2341633051288492,2.462666623570388,3.8072758523174817,1.349047520110218,-1.091270695065528,-3.7903643361092407,-1.3755951214824076,-0.8997782149664597,14.82647962583904,26.529569399043304,9.273141831320906,4.947169999231245,8.780948899239545,-1.2649733005144084,-0.1067477263588749,-1.851412895316265,-1.851412895316265,-2.150950959025769,-3.3199709912470574,-1.1376862352882418,1.0556993729172426,-2.150950959025769,5.0688907637578975,0.794982558651288,8.920386697016138,-1.220352647697552,0.9176182749123916,5.847958170443747,1.1994525026156668,4.718118836689434,5.417124810605989,1.9858915788514848,4.2360092866751735,-0.2257780252101823,3.5204634382903,24.63717622408964,6.499648638862088,6.556578933052909,1.8769827629391125,2.430851775115281,1.6379174425985152,18.98044309716985,2.7178995024646655,2.2559308730299743,4.94335833707289,0.6167509386065608,-1.4256615795592704,-0.6477642714029788,,
SRR6456248,-1.716768023969877,,-1.4584611091648434,5.038244718462359,4.568355956231806,2.9168113808676073,0.6341044003241987,1.0498308311308926,4.06875038886529,6.821051847520657,4.010599844242043,2.397111769695628,9.954922097479114,-0.9065485706917596,-1.4819316668595164,5.668610972796704,7.679535025893255,14.262904241623616,4.58571808171353,15.230131799795332,-3.5649835545389843,-5.230156801853321,-1.8040255359034572,-1.8040255359034572,6.134838764367023,1.908161377144686,-0.7768818286196129,4.902835008955575,1.5687115876909516,3.224318260168845,0.4995685681217347,0.6760554843514355,-1.6320689961847716,-3.5378764092337645,0.7259048332088245,1.3208465822881146,-3.598491572759124,-3.850234084331121,-1.1282066859734343,0.9557405600190382,1.964075621261352,-0.8750095007654223,-0.6216414911823219,0.4762865503444465,13.014651290349333,-0.7626746807408483,8.853663670829874,,,,,,,,,,,,,,,,,,,,,,-1.4658641102773362,-1.696040077140814,,18.863488419251983,,,,,,,,,,,,,,,,,,,,,,,,,,,,,,,,,,,,0.9385603884563428,,,,,,,,12.319461281698908,4.693215793259008,8.665246016703756,3.1135535715679654,6.194278093265986,3.807681253743006,14.30874824992572,14.333337338346716,9.277445259936512,0.942780997013241,3.658696958174207,18.18183767380337,-2.0245027640159203,-2.16948671042699,-2.169284821110138,-2.206174940958945,-2.6464449399641654,10.661687024799804,-1.6095643252673946,12.263283930132674,9.546613681054245,-0.7612304543631724,-0.4265335502231105,-1.1553965040657694,-1.5652417775686849,0.977277343870979,1.702339454927564,4.565793763226731,4.82431747534065,-0.1536674680687862,0.2652902025648539,1.0528571621425986,2.0326439355006687,3.4745025761323314,17.851381382249325,2.1846443604474195,75.40221907555943,6.275073259965851,3.971838386054142,0.4324327713510365,3.9340181780748553,3.909075381159303,2.9430115703360284,8.067702546361165,5.546174907186968,6.868987174903967,4.8580114024767305,3.0441054707523647,1.2523941560633294,0.0863544778942473,4.334877516317673,7.093972650812101,14.133105562230822,14.790428787398552,10.745045022766773,1.8377250012725903,1.0095809225493888,3.870477913218053,4.656323914827356,0.0770511315748866,0.0998058036689826,2.2677270664976947,2.018466965233712,0.2703730070646793,0.1667665390563661,30.377891326702816,1.1264305927197025,0.1554283787485323,6.9814088295477355,7.805259367346768,4.229669437136138,7.346762961591584,10.204596593368224,0.2607752362844957,5.069730740476356,3.859592222470048,2.6796791449954136,10.10063804493612,6.7404545898684365,1.330823582754051,20.562584061339283,-1.542997589056005,1.2510860713857157,3.272287994456668,-1.489855717532642,1.6443615444865904,-0.4723798641131395,-1.0059138395381575,7.312369672460373,2.558003101116411,4.834163754075028,14.28094954848579,6.494603900227982,13.090883849509307,88.9092205277536,58.20892210428989,0.6090765086897966,3.652739961964983,9.613808755631334,24.901006344010643,-3.1614641452048717,5.044947658047342,6.0562676508231466,7.414979386078633,5.735105417887471,12.012539652421871,-3.6998448434887448,-4.626942250519893,-2.7313453087879775,3.4203345938582994,45.36066516077345,10.65376374498638,0.3057757174481542,-0.418124644911642,-1.2626750676647376,-3.2860669283402113,-3.9689383264398495,6.338276503897865,21.12284058204727,-3.2860669283402113,7.71056005699265,5.175609850630472,12.209957614423685,4.03983380799477,4.3337846642259175,16.6688932651303,3.6600298245442744,13.37979616066765,3.3657822127671113,2.415688917975143,4.769996279047062,-2.107225490417833,-3.96716461770595,-3.401362793713517,4.32137109270823,18.845318974619,18.155447535324164,3.64510350878682,17.800034474476565,67.4321142870832,16.933798396177497,12.634881542105592,21.375252110795305,1.2323731199500303,4.70663981706607,-1.5094482270162184,,
SRR6456249,-4.386054990402945,20.956551826702547,,,,,,,,,,,,,,,,,,,,,,,,,,,,,,,,,,,,,,,,,,,,-0.1710609504514134,8.898905148185262,,,,,,,,,,,,,,,,,,,,,,0.5714377288213738,-1.6015668340315945,-1.179872339003254,-1.095036999076856,,,,,,,,,,,,,,,,,,,,,,,,,,,,,,,,,,,,-1.1952243088334706,,,,,,,,59.92600733185058,14.685272540977618,24.400813362977807,19.26419921350121,17.759940059872513,3.714471279300102,32.169581901588366,32.367790563468986,23.07853568169593,18.618981946617417,32.74848657677452,56.09908772815053,-2.0776060440941975,55.593555365972094,-2.07300804401783,33.78404785771239,-1.9710154854888515,10.989269859843017,-1.69155206017426,19.890911262204018,-2.1268546700857174,,,,,,,,,,,,,,,,,,,,,,,,,,,,,,,,,,,,,,,,,,,,,,,,,,,,,,,,,,,,,,,,,,,,,,,,,,,,,,,,,,,,,,,,,,,,,,,,,,,,,,,,,,,,,,,,,,,,,,,,,,,,,,,
SRR6456250,-1.7382611216829875,-5.348003936550893,-0.6266958830900466,,,,,,,,,,,,,,,,,,,,,,,,,,,,,,,,,,,,,,,,,,,-0.7278429635788302,-3.555062356706584,,,,,,,,,,,,,,,,,,,,,,,,,5.541911475604682,,,,,,,,,,,,,,,,,,,,,,,,,,,,,,,,,,,,-1.3800559479318515,,,,,,,-1.6425023507661258,,,,,,,,,,,,,,,,,,,,,,,,,,,,,,,,,,,,,,,,,,,,,,,,,,,,,,,,,,,,,,,,,,,,,,,,,,,,,,,,,,,,,,,,,,,,,,,,,,,,,,,,,,,,,,,,,,,,,,,,,,,,,,,,,,,,,,,,,,,,,,,,,,,,
SRR6456251,-1.5712843694614702,-4.492897585767527,-1.450927822235467,,,,,,,,,,,,,,,,,,,,,,,,,,,,,,,,,,,,,,,,,,,-1.2964135618305777,,-4.090269012295095,-5.216961339684491,-5.0928492067565525,19.968635795063985,-4.765359790188437,-1.8468965871726584,-5.674696653413636,-2.3557882213720385,-5.044827239776666,-1.5259251055848806,0.3839784795406808,0.8999495817830274,-1.0565665362554528,-4.695674170648908,-6.526036561043845,-5.0928492067565525,-4.765359790188437,-4.765359790188437,-4.090269012295095,-4.765357937059136,-4.090269012295095,,,,1.4491159776795832,,,,,,,,,,,,,,,,,,,,,,,,,,,,,,,,,,,,,,,,,,-1.5805474477072978,,,,,,,,,,,,,,,,,,,,,,,,,,,,,,,,,,,,,,,,,,,,,,,,,,,,,,,,,,,,,,,,,,,,,,,,,,,,,,,,,,,,,,,,,,,,,,,,,,,,,,,,,,,,,,,,,,,,,,,,,,,,,,,,,,,,,,,,,,,,,,,,,,,,,
SRR6456252,-1.7625123262396862,-1.9155070004584045,-1.396697667357582,,,,,,,,,,,,,,,,,,,,,,,,,,,,,,,,,,,,,,,,,,,,,-2.2422444953496594,-2.402177575219382,8.467921708202956,-2.3813223748681094,-0.7969016082441055,34.39680564621225,-3.9854527809671487,-2.648571676143184,-2.490426715621195,4.408317192531583,5.037880037450556,6.431372896825806,13.261586789384712,7.462672208984024,-0.508810373487646,-2.513256608170829,-2.397916788525246,-2.4145112021823825,-2.2422444953496594,-2.4145112021823825,-2.2422444953496594,,,,-1.5066658262153831,,,,,,,,,,,,,,,,,,,,,,,,,,,,,,,,,,,,,,,,,,,-1.5065539499830654,,,,,,,,,,,,,,,,,,,,,,5.998255631621388,5.478446126879624,2.656390191491901,2.54102929699242,20.232399070115672,30.856217685080143,8.808335414698194,0.7635867952191534,14.65466673033287,2.971315702370669,-1.0464058683933035,8.04314680376149,12.671545408925445,29.55045018778413,-0.591787780824288,77.32663474586683,33.41377772900947,19.171371656057172,12.684888338115218,-0.6776147599037673,1.978347086692868,1.845951271269161,-1.6078679008147188,5.726531941154052,3.500898964065496,0.8492632955823267,4.884095251764138,1.8732635229968029,9.120646142790678,3.3473549384128134,3.156866520597464,16.55378438298938,8.811281903014335,8.37431715339849,3.2688113103704644,3.632548863397248,20.697835184505784,1.545799646893141,-0.5691726184608158,-0.0161724580343693,1.088453971919047,1.2998611941140463,-0.010239698827671,-0.0012404765314306,27.225059943714836,1.1740029186220644,-0.3395234789394935,4.6735524980340575,5.350561501630076,6.617047521474782,10.214543977361904,10.934898362091923,17.65267015590873,8.653070420686156,4.247536489651673,-0.787968314269631,0.8597944594858318,0.4557952093202397,-0.9343608526286816,7.083043531573691,-1.3639285290422176,8.512363275795424,6.928623530908531,-0.7706887493766907,,,,,,,,,,,,,,,,,,,,,,,,,,,,,,,,,,,,,,,,,,,,,,,,,,,,,,,,,,,,,,,
SRR6456253,-1.788436409772902,-3.535390730719125,-1.2522466623428834,,,,,,,,,,,,,,,,,,,,,,,,,,,,,,,,,,,,,,,,,,,11.723376434561704,,1.1113972819548628,0.2236102933251383,0.928589202777784,-3.970179922003373,-2.805047354990885,10.7538267939429,-5.058977753138326,-0.2141191464151469,-4.465043941849947,-2.9478433086274927,-0.1444051231379751,1.3828992008658525,15.476289057577585,-0.7611296509728749,2.3898513524388263,-4.465043941849947,-3.970179922003373,-4.097946355335648,-3.43006386955641,-3.9701800748494898,-3.43006386955641,,,,-1.388530899711938,,,,,,,,,,,,,,,,,,,,,,,,,,,,,,,,,,,,,,,,,,-1.4318033781747306,,,,,,,,,,,,,,,,,,,,,,,1.0754755712566595,6.5153308828174294,3.343445480803631,3.4067741864708596,0.4706647119867777,1.6956902263624067,13.341398264020471,5.091125873637441,-0.4802113840731277,1.3856975321316412,-1.057047887650976,4.926483904933239,2.562775352065084,11.268366811547276,2.2494369596181727,66.37642047468513,9.243087572172763,3.1352248917920944,7.398346070962222,4.4873118093953375,11.132297069297588,2.711427090067462,2.402642669821548,7.465788884642088,7.33700636761152,24.483345971805058,10.26249372673938,2.8120451743360446,21.001372964527736,5.995959070333363,11.628488348327204,6.785004834448216,1.456258161025294,-0.4631368424037122,-1.0919419952433456,-1.5506992376997342,0.5003850530686842,2.025517450414642,0.1123832618696457,-0.6334205048948103,2.371480333995039,2.371924914266163,2.7709896943227235,0.7450398903762679,9.058760175770812,-1.487401335237373,17.477884744206772,5.831075762028277,2.6113421754586112,4.020484252442797,8.641626209764977,8.984346270411928,-0.6081430815817681,3.849992828441791,12.14212741640814,5.666693045469853,2.7504370801782985,-1.5161803297965646,-0.9751522538438484,1.9559927619645476,-1.7398920006715486,0.3754649715679007,1.1777538993856536,-1.4816579782391048,-0.2219150805367187,-0.4306266028898488,-1.8493962701557456,-0.087531781189422,-1.854862173468971,-1.803163734903216,0.9360999305417022,0.5445243967727764,-0.0441576814210323,-3.5320821549548764,-0.0054193466580155,-1.5141050594870096,4.866998102180191,-1.6384413519174352,-2.499766638138125,-2.0085978585265987,-1.9303789025158768,0.5850035754438775,3.65342018845548,-0.921161980493622,0.9743987986804236,-2.2877368206076287,-3.816604685153021,-1.5094435044669423,4.270735364233877,8.020061515709438,-1.4739285255648074,-1.270853995177008,-1.8305379053734805,-1.854871988425501,-2.061767194519318,17.0613088039378,6.078039086533192,3.049837869812116,16.14873038298711,3.3870558842539147,2.3503784707079247,2.3492982215705323,-0.7375435611782271,1.4485140143945257,-0.9779794182581124,0.2135218408182407,1.5102731249786598,3.42529303589109,0.0110759796356102,1.8904790992083664,0.0187617314980763,0.9981659056620896,-0.5357128168889987,1.1856389178488025,2.008450473872158,-1.1770659908893584,-0.2943377920045094,0.8948793964528191,8.766139063364273,2.6614356302373787,-0.3725774149619121,4.020706091404455,6.441805483407186,3.2479066532776337,2.7491822790048532,,
SRR6456254,,,,,,,,,,,,,,,,,,,,,,,,,,,,,,,,,,,,,,,,,,,,,,4.876471643543056,-1.171129268431668,,,,,,,,,,,,,,,,,,,,,,,,-1.11978992084809,0.2987641246396791,,,,,,,,,,,,,,,,,,,,,,,,,,,,,,,,,,,,,,,,,,,,,,,,,,,,,,,,,,,,,,,,,,,,,,,,,,,,,,,,,,,,,,,,,,,,,,,,,,,,,,,,,,,,,,,,,,,,,,,,,,,,,,,,,,,,,,,,,,,,,,,,,,,,,,,,,,,,,,,,,,,,,,,,,,,,,,,,,,,,,,,,,,,,,,,
SRR6456255,-1.695323044053772,,-1.420052417843714,,,,,,,,,,,,,,,,,,,,,,,,,,,,,,,,,,,,,,,,,,,-0.2917996938192737,-2.0546146495920388,-3.9342285298115343,-5.362361718867387,-5.551249729343964,18.22499145725649,-5.037352517314204,0.6514259279443909,-6.320163883881931,18.449891507545217,-2.85034912217545,-5.763116434153809,-5.1328128946451335,-4.024567115649156,-0.1048344192664833,-3.1623918060551963,4.6380204022307,-0.0650453710329191,-4.863752935414423,-1.680620818812981,-0.1693076454205933,56.18908804583761,-3.4738157623935666,-1.6258643484503117,12.427821186950837,,-1.4302600082178265,,,,,,,,,,,,,,,,,,,,,,,,,,,,,,,,,,,,-0.2505660394864827,,,,,,-0.8067746997376785,,,,,,,,,,,,,,,,,,,,,,,,,,,,,,,,,,,,,,,,,,,,,,,,,,,,,,,,,,,,,,,,,,,,,,,,,,,,,,,,,,,,,,,,,,,,,,,,,,,,,,,,,,,,,,,,,,,,,,,,,,,,,,,,,,,,,,,,,,,,,,,,,,,,,
SRR6456352,-1.8691379578003913,1.8536171133774708,-1.5531797590967822,1.447403738581572,0.9702001137490625,1.5071055541875764,-1.6340336445681467,0.7081406095669096,3.127875598998506,2.1373101735566356,0.1950414708890722,-1.9904601907276496,3.341744263265874,-1.7642928608507218,-1.634282813048984,0.7013408064423097,-0.932956812549656,5.608796202636993,1.9983093221104304,12.170418896844971,1.3438550641983458,-0.4441792934975456,-1.2870359806809837,2.011808926815018,-1.4606593968649837,2.8667300792591144,0.1887276706468221,5.968576193810862,2.2105111869782705,3.85407624588162,3.3531037107978383,0.74464049011456,6.332673686609944,-0.421303496376269,-0.0573157065709307,-0.0716720673929831,-2.1283126398266003,-3.65506182135127,5.506464765816247,2.9689146532082193,-1.8124149707931747,-1.634282813048984,-0.4189188997609833,-1.3738476887729838,1.1755011270755849,-0.9867866538310632,0.0175287768518346,,,,,,,,,,,,,,,,,,,,,,-1.7139437194978453,-1.7047119483750763,,24.234450335898448,,,,,,,,,,,,,,,,,,,,,,,,,,,,,,,,,,,,,,,,,,,,,,,,,,,,,,,,,,,,,,,,,15.155757998850094,4.315512883942581,1.4491676133433564,-1.274230821852232,1.4187080821191993,16.305085725773488,4.879903289082926,2.078291823572002,0.3307602912650814,1.9156562169740337,2.7192822159499563,-0.1789311512806259,0.4389270665397877,13.006052854584174,6.061482984298863,96.93497848064818,3.384429329863756,11.985915646818915,0.9720326207076412,2.6885414535021135,1.5282660641898227,0.8087152085121034,4.42439712307988,9.04207567749661,2.292382209659251,11.361453329676058,13.858776954915754,27.82727962392634,-1.266352751042337,9.87008022886195,32.6439114784788,7.056699649945994,12.032433128347666,11.288322011002274,1.1065591588364383,15.419775730171663,5.204052539572171,36.91820705150544,8.84596872030697,11.519817478442183,16.880418651089805,10.129906920218245,13.592639651602482,1.5817767780947984,48.45367305577056,16.865676123758675,0.7883777181693221,4.417936575330893,8.818062950300153,11.146538248510028,7.20669741712643,22.00589196184741,12.737258885610691,7.5104975774485485,5.674416720033668,1.350911973206452,13.55239177510382,1.6942904153830558,11.711092937374795,23.039949885176483,-1.6126938500921846,3.604070107416074,9.560927035463958,2.7630542644083804,,,,,,,,,,,,,,,,,,,,,,,,,,,,,,,,,,,,,,,,,,,,,,,,,,,,,,,,,,,,,,,
SRR6456353,,,,,,,,,,,,,,,,,,,,,,,,,,,,,,,,,,,,,,,,,,,,,,,,,,,,,,,,,,,,,,,,,,,,,,,,,,,,,,,,,,,,,,,,,,,,,,,,,,,,,,,,,,,,,,,,,,,,,,,,,,,,,,,,,,,,,,,,,,,,,,,,,,,,,,,,,,,,,,,,,,,,,,,,,,,,,,,,,,,,,,,,,,,,,,,,,,,,,,,,,3.939535093118149,0.4671536525229262,1.9193844591787643,5.810917802962736,-1.5573466674147267,-1.778969260272332,-0.0408871540002661,-0.1333409958975889,-0.6998539371966224,2.5461868607319262,6.743511712556598,0.5132231269936239,6.765631104300999,2.885416530201072,6.932145340075273,-3.5640946404578235,-3.283231905635275,-2.475071722320597,-4.589454102894411,-1.9386923597605483,-1.593867726888127,-2.761847474531374,-5.112628755897795,0.6849495696142056,-5.033646076432117,40.45616057649915,-0.1638066332121451,-0.2148220025313806,-2.1178012915355615,-2.1178012915355615,-3.595566050827312,-3.917103590331356,3.389435958990154,-1.5486393800107694,-3.595566050827312,15.204523555106276,0.1549868959861987,19.42555015206839,21.47391502822405,-2.74603257045905,-0.2229730221600889,4.021970066551648,2.0039906756363473,2.9470893137403595,1.0496528456825682,13.999973148177537,7.04903686850108,-1.3609986789826618,3.8317001887970576,8.467911520291437,9.295121152870568,1.6136714266160774,2.779535799605351,-0.1924340108960373,36.75739282662415,18.0795636266631,3.860415425537634,15.204939910967925,21.528494260215073,7.135914688722582,6.33639451009598,,
SRR6456354,-1.3503925465705,-1.9324290776596904,-1.1166170488439309,3.469784005236931,3.3024763527350007,3.750930892615883,-0.0466524667026365,3.1455482315843053,6.327900174734729,10.635376298131886,3.437572192017995,22.723877184226712,5.082881195189633,-1.8437449673079536,-1.633009967298386,2.031538652356856,-1.0458330680057284,0.6730473957110169,4.015674553357957,7.372823027732215,-2.159227262501287,-4.361450806412682,-1.633009967298386,-1.633009967298386,6.882591869805807,2.173681940579671,-0.2137566139897765,4.359165815108388,0.6842651837774596,-1.798153395673287,1.2518875782254708,2.7595905619110876,-0.7495186692392565,-2.159227262501287,0.9829324964475544,1.4559828559648995,1.3133075029195442,-3.105465200613419,5.476162290714876,2.1447753331836052,1.213575712482225,2.791763536294969,-1.2990647972158686,1.038551393361753,11.241036195560286,-1.2946539265859027,,0.5357917360698691,-0.4565880233051519,-2.4713874850953346,-1.2545820619017976,18.571941612179007,27.592848099600527,-5.119798598643851,-4.839583485882064,4.957264204156167,-1.5491440286379552,-3.854423537481358,-1.2940085005543722,-1.5320532008309131,-1.1590903160937829,15.088379979426408,11.739946181298844,8.859172712770313,-2.1395635447172787,1.2171774534913875,4.149109866210573,5.879772824741724,,,,3.1640724816013392,7.605341168134408,21.97845646803376,47.87160969366529,61.00236288304431,-5.352426582327481,-1.8374370223811545,23.19373414035898,-1.6146150059785362,-2.0683089429370782,-1.487366150747427,-5.471852201360712,7.954062559946247,-4.46376796009226,-2.0683089429370782,26.85268201696705,-1.8374370223811545,-2.3193971280238777,-2.0683089429370782,-1.8374370223811545,7.371937205942035,-1.9548790605819668,-1.9548842425753044,-4.68860100045547,-1.5225907375684709,-2.159756274956803,-2.0683089429370782,-6.375402289758089,-2.294976452196874,-5.401581722371794,-1.6427021785168634,43.877013090872275,69.3835197248668,7.969449790519955,88.47218630214337,16.726811782338984,2.3940046218209052,,,,,,-0.5024316002165011,,,,,,,,,,,,,,,,,,,,,,,3.6598879751102262,4.274666388632852,0.2904850687549717,-0.152874121708102,0.0267030993989402,13.379538661944464,8.910497401747206,4.132544653258068,5.968574574902787,4.676926730496029,8.359834176577877,1.9543413124690223,1.2782595647305106,14.08427031429054,3.021927842887277,114.45555430002652,8.243855964325114,2.7872905009240925,1.4843277974113358,5.113952845290044,3.892003236433976,26.273488626112844,0.2488390675931467,8.726797416070463,7.025593116393462,22.552575279426343,5.925253893294499,2.3584869613793584,-1.8827953042721484,2.4056864765979116,19.27602718920713,10.230347385068404,7.3700307324052705,7.170356104379021,0.5655523474370522,-1.7332678665955057,5.963978262416639,16.60350110866597,6.742813185741921,5.965833651647792,7.604756260810845,9.374254935055957,1.9255690235680345,0.1238390856771027,4.854368970196315,-1.1543462640844908,5.557389944339312,6.414435617538693,4.384123225734269,8.768125002031368,4.606715696286302,12.962996992519685,2.1742549855504087,12.24204108278959,6.915384989360032,0.0020072938828984,24.62853797963084,6.108257807903301,1.1678569923362658,20.100805883847052,9.269719504034647,20.214905992701784,2.509335058564392,0.9963958930713368,,,,,,,,,,,,,,,,,,,,,,,,,,,,,,,,,,,,,,,,,,,,,,,,,,,,,,,,,,,,,,,
SRR6456355,,-1.7416373731031058,,,,,,,,,,,,,,,,,,,,,,,,,,,,,,,,,,,,,,,,,,,,,,,,,,,,,,,,,,,,,,,,,,,-1.5123966748189606,-1.520563891763284,,-0.6152903101405708,,,,,,,,,,,,,,,,,,,,,,,,,,,,,,,,,,,,,,,,,,-1.451535764483517,,,,,,,,,,,,,,,,,,,,,,,1.726453611260795,1.5637927551330266,0.0709238393097337,-0.9280487980158744,4.371346690275441,3.1374918176997943,2.5697862406775713,3.0402583116485866,3.532690738013894,2.2117396803411564,2.483516433307155,2.3293556082067517,0.3802774276670498,12.162966830381436,2.826898590584944,55.39760900371908,4.628045220954588,1.9083503642915036,-0.001631045665045,7.294435878751315,3.9995956889039745,10.47512293943028,2.4198583400598475,4.745669876834373,2.0809209480072917,12.157323877961742,2.826910891606579,4.009805553610612,3.591545362659208,0.6793607344422993,2.652700698659193,1.733458782605498,-0.0979278092350787,6.946900717195404,1.451980124453438,-1.4984625315517877,-1.1460445797338408,-1.5134123968638484,-1.5393125154141194,-1.6916517603880148,-0.8874190739509658,-1.0278299353459028,-1.2113504823949712,-1.217711145254381,-0.9287999044520224,-1.3788438829185288,-1.482772835852871,0.8073446491068875,0.5334888631355088,1.8167779086926397,2.313155304804286,4.32867478231637,3.311324415400001,2.4679389993031653,1.8642122076873664,1.5672698422280362,2.4942278765389427,-1.5602004352852772,-0.8843036515603094,3.6450574738769888,-1.74655898806914,-1.5975514310467416,3.377026260693005,4.310727914685188,,,,,,,,,,,,,,,,,,,,,,,,,,,,,,,,,,,,,,,,,,,,,,,,,,,,,,,,,,,,,,,
SRR6456356,-1.9360194265849984,11.651143581247355,,,,,,,,,,,,,,,,,,,,,,,,,,,,,,,,,,,,,,,,,,,,-1.3347304513402618,,-1.9628599032686176,-4.694407575767091,-4.451410906953511,-4.2255614952613865,-4.048779683923347,0.2001455501718166,-5.194146282333684,-2.8650094746014574,-4.451410906953511,-1.0968375763887486,-4.312305271028278,-1.8550204547773104,-3.517686084100081,1.2307792445052723,-0.3248043835461067,-2.549122512666725,-4.026681957506092,-3.98941056923637,-1.7544133665632615,-3.406231509849804,-1.3375246873339954,,,-1.1297725831058074,18.776548772643157,,,,,,,,,,,,,,,,,,,,,,,,,,,,,,,,,,,,-0.7600085022637536,,,,,,,,22.206638393404138,63.51677896616242,5.461276038807337,2.863444528723089,6.639035231220476,4.259230772351737,16.743098810104012,14.464971106545374,57.01166538212698,1.0563964757630495,5.222797372240398,-0.3190548717942385,1.451181988713578,-0.4035955039928968,75.23227242289633,-1.4800976780334432,-1.6078271446059724,0.6293447510996399,9.404654074692436,10.114422037978096,13.615250492547364,,,,,,,,,,,,,,,,,,,,,,,,,,,,,,,,,,,,,,,,,,,,,,,,,,,,,,,,,,,,,,,,,,,,,,,,,,,,,,,,,,,,,,,,,,,,,,,,,,,,,,,,,,,,,,,,,,,,,,,,,,,,,,,
SRR6456357,-1.872493746384834,,,,,,,,,,,,,,,,,,,,,,,,,,,,,,,,,,,,,,,,,,,,,1.317416501304446,-1.9150603865321187,,,,,,,,,,,,,,,,,,,,,,0.028546483291267,-1.8010107335886856,,,,,,,,,,,,,,,,,,,,,,,,,,,,,,,,,,,,,,,,,,,,-1.4691737606709192,,,,,,,,,,,,,,,,,,,,,,,8.92993247216141,9.066342261224309,2.3185962856243636,-0.8172774810917836,7.329870281012257,5.630386485191402,10.61969941665804,11.238869066000984,3.211444153518532,1.3326716603825193,0.8564175633308143,1.5713996098936025,0.905399568873912,25.096077040840974,7.872409275759581,113.86543246590108,19.48504779259773,18.710897302189416,19.29752770062928,1.1572439138644963,-0.4124863203131859,0.4385343079965074,1.8744227845648125,19.089845855490893,5.942284747802212,18.202454398845024,4.932729210801848,4.365034918016192,0.3361508146476578,8.259867058878113,29.35825528823325,20.661199201182487,13.909868968727103,18.650088518604527,6.856417291160314,-1.035461522789755,11.597234805300348,4.954764085761229,0.2345166271200049,0.5352405802499345,1.1776043261029818,1.7541219772200851,0.2213530205031698,0.10507280723635,21.11176679438096,8.505977728170643,4.219064367548926,12.848506397855903,25.556183645760093,15.390415975808851,7.0259239838136,25.850222951337503,22.43858766218774,3.6972167161240512,4.8657561320479825,9.02732583638997,42.81458492344135,3.7937918895687694,5.7179404323871115,12.357583808188496,2.8435843996027312,63.3605121723372,1.1355553096437807,1.8819131947306815,,,,,,,,,,,,,,,,,,,,,,,,,,,,,,,,,,,,,,,,,,,,,,,,,,,,,,,,,,,,,,,
SRR6456358,-1.7082145415531724,-1.906629596460008,,,,,,,,,,,,,,,,,,,,,,,,,,,,,,,,,,,,,,,,,,,,-1.3603370941687505,2.267576304225249,,,,,,,,,,,,,,,,,,,,,,-1.059357100715209,-1.5829986198629,,-1.1944158866498291,,,,,,,,,,,,,,,,,,,,,,,,,,,,,,,,,,,,,,,,,,-0.7019441070686798,,20.92212236970956,65.29749339447362,2.225391266490596,5.241112143305073,8.398061738511569,8.857620785242794,10.800472126846664,8.43215484804531,42.01633258287697,10.005136436682168,1.7750981533023342,25.632153131580107,18.715996640696183,10.94426369132403,-0.2948586499815115,4.807525822042625,15.56646299170197,2.8770718133906463,9.825198011157944,3.0890493416390257,8.185772284733641,-0.7831433747224011,20.355072600625437,10.086459328867608,20.427549331560645,1.5943764697790883,2.093862742030625,2.0817466736583534,4.0915654007355355,0.709704790535937,-1.3144795365527042,-0.8032698603795851,0.5491344683438666,-0.5885481983673864,7.0378996230608575,-0.6738157233971814,63.53962001040079,6.976175820987857,2.2989589915433006,7.003925087752903,1.9056171011618608,-0.3749651532822363,1.5372554092498096,1.723313722181531,9.925080949323412,3.604200425317355,3.8236849139193247,1.2316272651169016,10.239150035602668,-0.8620138638091049,1.6714963126310496,24.876914681037395,13.636967550366013,10.234728896843087,7.344679162114332,1.4453226214152777,1.0471662476502896,2.350486020429128,21.465225884054213,4.073584909242274,8.397628562396127,17.855874207644263,24.403469372074102,12.80086955018349,4.713505967208507,93.20162805442884,31.293927512108176,6.741178896525236,7.543270659125207,29.52782668860654,27.75595485968388,14.365353553475837,14.494604588738149,6.489908598743561,7.837222927997923,10.46963228410038,8.679880207596483,33.45825224483816,4.598934522855536,0.2329559182457135,26.838393001338055,-0.3712595928878493,4.003006736043377,1.4249198238026086,-0.7762289281041967,,,,,,,,,,,,,,,,,,,,,,,,,,,,,,,,,,,,,,,,,,,,,,,,,,,,,,,,,,,,,,,
SRR6456359,-1.7423472692595203,3.3486320625598616,-1.2864567401764226,,,,,,,,,,,,,,,,,,,,,,,,,,,,,,,,,,,,,,,,,,,-1.6032076244629263,-1.1829888803543984,,,,,,,,,,,,,,,,,,,,,,-1.5658420269043631,-1.5658355918839058,0.9508258978587308,-1.3569145827256304,,,,,,,,,,,,,,,,,,,,,,,,,,,,,,,,,,,,,,,,,,-0.9479800883376248,,,,,,,,,,,,,,,,,,,,,,,,,,,,,,,,,,,,,,,,,,,,,,,,,,,,,,,,,,,,,,,,,,,,,,,,,,,,,,,,,,,,,,,,,,,,,,,,,,,,,,,,,,,,,,,,,,,,,,,,,,,,,,,,,,,,,,,,,,,,,,,,,,,,,
SRR6456360,-1.6972963780755828,,,,,,,,,,,,,,,,,,,,,,,,,,,,,,,,,,,,,,,,,,,,,-1.0334430022951926,-0.8511613169613783,-1.8186540878020616,-3.1093777223374084,1.6253098309343423,-1.918822645020838,-0.5659610519759964,5.444954881540519,-0.0276694023292814,1.199520004777926,1.0070509578963056,3.632074096194103,0.4816163335152885,1.0034567742815594,-0.1708844571760044,0.8010973530177499,12.689748299590905,2.202351445769843,-1.860002575758019,-0.9777013525225038,-1.6012000693768458,-1.9068321905305123,1.8780642254266036,-0.9327016167703152,-1.834653089686264,,0.204417039835383,,,,,,,,,,,,,,,,,,,,,,,,,,,,,,,,,,,,,,,,,,0.4476902102791052,,,,,,,,,,,,,,,,,,,,,,,,,,,,,,,,,,,,,,,,,,,,,,,,,,,,,,,,,,,,,,,,,,,,,,,,,,,,,,,,,,,,,,,,,,,,,,,,,,,,,,,,,,,,,,,,,,,,,,,,,,,,,,,,,,,,,,,,,,,,,,,,,,,,,
SRR6456361,-1.8053359418638604,6.363757404770829,-0.2749051452452787,0.1002908398994228,-0.3558299538975934,0.1703990117993927,-0.2213730629012377,-1.1948463524121695,0.8353127009484764,0.1800856660459776,-0.5866372729670442,-1.7645369532981514,1.9608807792063792,-1.6548658683854356,-1.5713005907156272,-1.582953437503543,0.1243511326283092,0.271878429517899,0.3332718619639715,-0.5312521497899241,-1.9163652977316796,-3.675618546180576,-1.5713005907156272,-1.5713005907156272,-1.436258353136878,2.3470741856909982,-0.7610471652431327,1.87849481472904,2.019814887938439,-1.0436059334635308,-0.7718797607172831,-1.7993997722470965,-1.0795835693736229,-1.9970856390427616,1.8328870293863488,1.1295441608593544,1.9757576153156735,1.231635163113315,1.329034108634841,0.1511040497176471,1.012388093520715,-1.5713005907156272,-1.436258353136878,-1.5037794719262527,-1.1874350676531344,-1.164898756864968,4.77307390255363,,,,,,,,,,,,,,,,,,,,,,-0.5433810009449395,-1.7649293404411706,,-1.2893969810230292,,,,,,,,,,,,,,,,,,,,,,,,,,,,,,,,,,,,29.155599188693937,,,,,,-1.4371528302824974,,,,,,,,,,,,,,,,,,,,,,,,,,,,,,,,,,,,,,,,,,,,,,,,,,,,,,,,,,,,,,,,,,,,,,,,,,,,,,,,,,,,,,,,,,,,,,,,,,,,,,,,,,,,,,,,,,,,,,,,,,,,,,,,,,,,,,,,,,,,,,,,,,,,,
SRR6456362,-1.4708846098571065,,1.428311191533051,2.0592832079727983,4.280312814071698,0.6374270289291109,-0.8341518550538223,-1.6721091462226674,2.0311316215094775,-0.2736486259504931,0.8321303917817433,-3.2549048975579473,-0.0219314765649866,-0.8566290230785618,-1.421559082808742,3.3522070062930247,-1.5101745321048436,-1.4948152954893217,1.4366249715761583,-0.7812639680692238,1.391398314959283,-4.540002571334559,-1.7537069603146986,-1.7537069603146986,0.0177483863837376,3.527600871549897,-0.1028869771097071,6.083328760731926,0.6218333940582942,5.509285413202105,5.5742955192049575,1.1218661126591454,1.9460939720173531,2.568073651588173,3.3225673159453373,1.1802659576545864,0.8282626193416706,-3.860654008240284,-1.5639033150122492,-0.6762559949571548,-3.002481051828618,-1.7537069603146986,-0.5911893890438499,-1.144769184887111,-1.538341901075368,6.935402870237997,-2.091113052268803,0.3685090539091474,-4.248021413147493,0.906259999926593,-2.2239897487846605,-2.1215942102170473,14.207100932843238,-2.9469351921876137,-4.519406389656065,-4.037749323516448,-4.160445303644506,-3.686903328459747,5.829530731591932,-0.1900960466077508,2.7291910830555843,152.78996060501203,77.8410989616678,0.1311076382704422,9.389104036946264,51.986047436804704,4.467383707369576,35.690716161596704,-2.0456830465347022,-2.0456830288287984,0.8190081817919894,-0.8887573349834943,,,,,,,,,,,,,,,,,,,,,,,,,,,,,,,,,,,,,,,,,,,,,,,,,,,,,,,,,,,,,,,,,2.079301184574576,1.1948469697769024,1.0505614868994917,0.5087410298090675,-0.0244398316366772,3.248608722773989,18.73241626582588,1.4431531579889931,1.2340160176722648,3.1998983052188787,2.6574544663563953,2.008121544170023,4.1884866921041155,17.375321139781537,-0.7989766935205974,66.68618792527425,10.123319549878904,5.733675080220417,-1.3379189728449454,2.941957355003455,2.4859393005738353,-1.4135141669122262,-1.411375554707045,9.706114093528036,6.769800813415567,6.9407782298983784,2.4140019048935857,3.106943307832745,9.452803935770614,1.61078961012161,4.143930552123592,7.302330313046031,2.8895170194406816,4.572453641119737,-0.0489338775709604,-1.5017680537161,-0.9944176592005765,3.299784487426904,-0.8093768284606218,-0.5469440290491254,0.1550919684816444,-0.7177080875999219,-0.9702947937471326,-1.0839847313203848,-1.970015403757912,-1.7895386459083085,1.428542285274079,0.9817667211109008,0.7382126202913321,0.8772019239622114,3.4012425531444346,6.499916451667761,5.215869813418411,20.147754393169823,9.23080650338066,2.979586345286421,-1.5772301496530263,-1.193827858715507,-1.4135141669122262,5.853992955048714,-1.533618077310798,7.029065451252426,10.371842542417786,0.3536123540318754,,,,,,,,,,,,,,,,,,,,,,,,,,,,,,,,,,,,,,,,,,,,,,,,,,,,,,,,,,,,,,,
SRR6456363,-1.673330993579646,-1.6854702720281889,-1.1886528534694278,,,,,,,,,,,,,,,,,,,,,,,,,,,,,,,,,,,,,,,,,,,-1.9890069188356785,5.472561678127927,,,,,,,,,,,,,,,,,,,,,,-1.0699934876995791,1.2270527661958543,,-1.7855571942379591,,,,,,,,,,,,,,,,,,,,,,,,,,,,,,,,,,,,-0.5495564464432574,,,,,,-1.3085624271694811,,,,,,,,,,,,,,,,,,,,,,,,,,,,,,,,,,,,,,,,,,,,,,,,,,,,,,,,,,,,,,,,,,,,,,,,,,,,,,,,,,,,,,,,,,,,,,,,,,,,,,,,,,,,,,,,,,,,,,,,,,,,,,,,,,,,,,,,,,,,,,,,,,,,,
SRR6456364,-0.0844409136550557,,,0.0486972995147939,1.354352147049344,3.3436197428327183,0.996168779844674,-0.2638214485809288,4.877688107475876,3.2949472012132848,-0.2674527413206239,-2.817962855247294,0.0305482111471619,0.4257306961648989,-1.6308323610783508,3.423402291236878,2.1981721376939007,2.5354134753675304,6.26937052324374,6.097515699214844,0.8535490150961615,-4.244790695284534,-1.6308323610783508,-1.6308323610783508,6.882989307912294,3.2324085964948193,0.7199989952292035,2.1141251383013335,1.6857216480443604,-0.5435487225432539,-0.6688946141559985,1.115274817963089,2.84749257454191,-0.2524183425329857,-1.725141013293527,-1.6308323610783508,-1.9804459319747376,-3.4832982975746236,0.0576120663610045,-1.2148645329717551,-1.9804459319747376,-1.6308323610783508,1.8636466821640785,-1.5037603958695354,4.371818163124058,-1.452105332014988,-1.890602816188807,,,,,,,,,,,,,,,,,,,,,,1.179743524377607,-1.6320583697132685,,,-5.276094821114246,1.3249123169800825,-1.3049961026322054,4.0171559237639345,-4.690864395336393,-2.1246577903879063,-4.135680007343854,-2.2458799091766593,-1.5861572673184088,-2.263487936769899,-4.036367874102467,-3.486555327980315,-4.059297651590804,-1.484056995580878,-2.945540338712589,-2.1246577903879063,-4.783650802536621,-2.277297568310924,-2.1246577903879063,0.3008981107037544,-0.6980895708741003,-2.277297568310924,-1.3008544465636904,-1.0425747813759796,4.4207314328745415,22.78439220972449,55.72547883211226,20.133845292330346,56.28668491259298,-2.6355924359108434,8.564648403065855,13.22007668016379,3.828253212157608,17.24075252739531,9.726375060553025,,,,,,,-1.6411925864231818,,,,,,,,,,,,,,,,,,,,,,,-0.6515741812003512,0.508734815449141,-0.5900971780944123,-1.4978225640437572,-0.8762834468584891,-0.0722165694180932,0.4029227737720779,-0.6060858165754373,-0.3237654166217897,-0.3823397930539725,-0.3071802452717995,-0.3764940335102813,-0.2171812208054436,3.125469986107416,-0.0801623358245893,22.853467500072576,2.211457491409596,2.3719133795537677,-0.6026284969297364,-0.0201115491978349,-0.6801339514024004,0.1969665626891574,2.458685701302897,4.631688279740993,-0.1363793240722804,1.2567577201274982,0.0329348279023968,0.6156327909239416,-0.6277074121600194,1.0062778275485504,7.928517355495731,5.372057484868381,3.1918306493601993,3.573956772649949,-0.3627030405405312,-1.0185942010480924,-0.0404794069998978,24.045232295554683,5.551323876543029,4.921659124541928,4.402125257938911,8.660573877369863,6.617985107810109,5.934936122618684,14.317176261224418,-0.5282804582028225,5.640564291204584,1.7040870706483524,2.3838026266864447,4.211239101682557,0.4947266070622679,8.072134531550814,2.4160777793190427,0.9322187996833244,1.7004928458976398,0.3448806052850754,6.957232404330377,3.17630001404322,-0.2334427299955126,11.342701850600172,4.858708217325133,-0.2615162815557378,2.7111332486624895,3.7967495830384057,,,,,,,,,,,,,,,,,,,,,,,,,,,,,,,,,,,,,,,,,,,,,,,,,,,,,,,,,,,,,,,
SRR6456365,,,,-0.1533047522683234,0.9689546727267776,-0.2151847592516305,13.757472387474634,-0.3707268798323299,1.9475226666224403,0.6799832393432701,0.6663366337923579,-1.9553995180314412,0.6038176770489171,0.2469614540514864,-1.9216991539060704,0.6805375482245732,0.8707749090118482,0.6496749339259944,-0.158221645934478,-2.0790998823140128,1.0367548782852496,-5.599864168997413,-1.9216991539060704,-1.9216991539060704,-1.4112970165158376,3.4065094963650036,-1.403144003322051,5.265093208409471,-0.2877791306883362,-0.2229003086875428,-1.0260655050067211,-3.161191909447439,-0.8634287337291362,1.8138205226544193,-1.4447391584373352,-1.4031087469320371,0.6771744312909705,-3.602686806608568,-1.4204687149182786,-1.8450635860471476,1.156916424640608,1.9540817824261776,-1.5627800038161472,2.4180837255082075,-0.1422209841204532,,,,,,,,,,,,,,,,,,,,,,,,,,,,,,,,,,,,,,,,,,,,,,,,,,,,,,,,,,,,,,,,,,,,,,,,,,,,,,,,,,,,,,,,,,,,,,,,,,,,,,,,,,,,,,,,,,,,,,,,,,,,,,,,,,,,,,,,,,,,,,,,,,,,,,,,,,,,,,,,,,,,,,,,,,,,,,,,,,,,,,,,,,,,,,,,,,,,,,,,,,,,,,,,,,,,,,,,,,
SRR6456366,-1.7697087798963946,,,0.5507350657017639,0.709430068994199,1.2762929868626345,-1.2523849308016368,-1.292056844992103,-0.4918310721636519,0.100662266935111,0.1030360314070853,-0.7456120147579948,1.563643868665245,3.4980483258438397,-1.0647194367682524,-1.6158783199958218,-1.4325521555393472,2.8432940804463227,1.8709603149911451,-0.4620351036255531,-1.8692377840974264,-3.247917693866681,-1.448050154858342,-1.448050154858342,1.494274132082022,3.768889109081381,-0.4018904083906571,1.5056742657567084,7.783564428554164,-1.6158783199958218,-0.216802380854607,1.8599248926241807,1.2961710195035636,-1.6446382698292117,3.071887772023868,2.736588831012398,-1.7964165718863725,-1.947178508465362,8.916423769070581,4.654069545832996,-1.7964165718863725,-1.448050154858342,2.0173540053158643,4.305828450713926,1.4737856951989736,0.6993175473012114,,,,,,,,,,,,,,,,,,,,,,,,,,-1.7770226669333322,,,,,,,,,,,,,,,,,,,,,,,,,,,,,,,,,,,,1.04397984148363,,,,,,,3.172171854029144,,,,,,,,,,,,,,,,,,,,,,,,,,,,,,,,,,,,,,,,,,,,,,,,,,,,,,,,,,,,,,,,,,,,,,,,,,,,,,,,,,,,,,,,,,,,,,,,,,,,,,,,,,,,,,,,,,,,,,,,,,,,,,,,,,,,,,,,,,,,,,,,,,,,
SRR6456367,,,,0.7830698836611478,0.5307426535204969,-0.0655155223872209,1.571606907154708,0.1982601592987988,1.8389193785485396,0.2349512913043996,0.0892289047945637,-2.281029067574803,0.0278235946998952,-1.8887887174123552,-1.742320697041305,1.6993739777832508,-1.5650717036330597,-0.7995178690693505,1.0100782631858856,2.3560212024443428,-3.933629207626535,-3.230447332762997,-1.742320697041305,-1.4175973614075632,-0.1836486859993441,2.551204668380715,0.2384916503245203,1.5456987674567888,1.9937546456114332,-1.540879473925742,-1.2888815781593,-2.0078268860424644,-1.837036370847034,-3.9676463267937936,2.285900572190225,2.219303997690346,-3.571196010222831,-4.339912399116821,1.5269683094359572,1.3232220137845097,1.0572324450402153,0.7580489873385072,1.602329659986236,-0.6057890223232085,1.3198567696375616,-1.347912846312692,,,,,,,,,,,,,,,,,,,,,,,,,,-1.1076752208953384,,,,,,,,,,,,,,,,,,,,,,,,,,,,,,,,,,,,,,,,,,,,-3.855109205956627,-2.1216317007550214,1.8873205355206304,0.6687028719752494,0.3260652034074289,0.8539487754757932,1.13446823875847,0.6624749510975982,3.1269369959369517,1.8317496103065087,0.4788279182723066,0.1856610227195739,-1.9495963885089975,-2.0372830857658597,0.9718940365731904,-4.245450282966114,-4.245244692935566,-1.902901714626767,-4.352263418646642,1.6037093458147005,0.5903818250796936,3.8402234272726976,0.5258147926861932,0.4833974845390707,0.1917259044789145,-1.4839782924887783,3.4943576127188596,7.015608615883072,1.5928530868830963,1.1056363807977732,2.171918014806915,-0.6502163557841547,2.035781832562761,0.5896424107150909,10.35189553630553,-0.4258014296408615,55.46059684976488,6.4805865545405315,9.258237509881427,0.0303948446536513,7.943773813146425,1.8388122271651264,9.8130417212873,-0.1565473846854102,10.043305610353697,6.43754508842166,22.119348186576605,10.673225977126153,6.1968082942096805,-0.318808482854914,2.175201039459088,12.41272060239997,10.895558223650792,7.5234059848356925,7.301559343570029,-0.2835347264755182,1.2719493072054413,2.399506665778886,8.568682292218627,5.147056916693441,3.269223156253455,5.422285934181878,6.391524822139959,0.4629380289272309,1.2113578147821418,7.499828814658765,12.203257906515496,-0.5715107056264925,1.7420937209819292,2.518674586110735,1.819573084597815,2.265060523708297,3.3026043828473637,0.8178664226955802,4.84499453960332,1.7104335465418097,4.398866790189842,4.105835138017069,2.629938472814375,2.2551944617173625,0.7518646520709527,1.4311125450884463,26.904296078113692,7.006858935235714,1.5003048844553502,,,,,,,,,,,,,,,,,,,,,,,,,,,,,,,,,,,,,,,,,,,,,,,,,,,,,,,,,,,,,,,
SRR6456368,-0.5944898996301299,,,0.2301719623232129,1.54926772956428,1.629471042310032,-1.4113118037554782,1.6123521742628557,1.3237077235059902,1.2484438971343608,-1.0533875839116458,-0.5608921511818514,2.1486443120233853,-0.9484662039812776,-1.66058254260559,2.0617407364065397,-1.489664193999937,2.084464875936557,2.6903986000562727,8.599302702043685,3.1548376286358795,-1.4108328648355106,0.1192322559067213,-0.5481159811755907,1.0725868803100242,5.4379311159934325,-0.7387833690036473,3.3304616978840516,1.2088104595302975,3.856549038329448,3.4162914521048395,2.080271383321993,1.8000091543509975,1.408756687964447,0.0723912420419447,-0.643451443615921,-2.437418857476116,-3.705369058884073,0.1781960495798648,0.8679382707166036,-3.3806287771943886,-1.7874769928998844,-0.2621095938545998,-1.5014706055788936,0.3341477544583388,,,,,,,,,,,,,,,,,,,,,,,,,,-0.9070808808808618,,,,,,,,,,,,,,,,,,,,,,,,,,,,,,,,,,,,,,,,,,,,,,,,,,,,,,,,,,,,,,,,,,,,,,,,,,,,,,,,,,,,,,,,,,,,,,,,,,,,,,,,,,,,,,,,,,,,,,,,,,,,,,,,,,,,,,,,,,,,,,,,,,,,,,,,,,,,,,,,,,,,,,,,,,,,,,,,,,,,,,,,,,,,,,,,
SRR6456369,-1.817877023134125,,,,,,,,,,,,,,,,,,,,,,,,,,,,,,,,,,,,,,,,,,,,,-1.530234175115228,,,,,,,,,,,,,,,,,,,,,,,,,-1.2031522996447277,,,,,,,,,,,,,,,,,,,,,,,,,,,,,,,,,,,,,,,,,,,-1.450739776228955,,,,,,,,,,,,,,,,,,,,,,,,,,,,,,,,,,,,,,,,,,,,,,,,,,,,,,,,,,,,,,,,,,,,,,,,,,,,,,,,,,,,,,,,,,,,,,,,,,,,,,,,,,,,,,,,,,,,,,,,,,,,,,,,,,,,,,,,,,,,,,,,,,,,,
SRR6456370,-1.893410576275574,-1.9415645890540565,-1.3299062331973115,,,,,,,,,,,,,,,,,,,,,,,,,,,,,,,,,,,,,,,,,,,-0.108287841196343,,,,,,,,,,,,,,,,,,,,,,,,,,,6.051838068629364,26.481384686237742,36.835493764098736,93.4068235180078,-4.90663423151568,-1.9766369534713135,-5.5951704024544915,-2.235152720904105,-2.2956616571608106,-2.3817582680244938,-5.055471956790914,-2.577247324891545,-5.554791112038085,12.46851878947538,15.372505837234934,1.466084066754646,-2.577247324891545,-2.2956616571608106,-1.9766369534713135,11.229523454434627,7.838587263340264,8.988295591673456,39.23331616123277,13.515607637545504,-1.2331830251859413,13.194626024555848,36.69573819090427,9.882812237121012,41.840721462601266,14.166997134496825,43.300788593127486,28.42193007624193,-0.3455216875924114,1.220821354665159,0.6690136873962106,,,,,,,,,-1.7438650145993733,5.159235715292936,1.5573789142624097,-1.4421363054566392,0.2788384120052348,1.29694983872473,1.671984788795247,-1.03298815841275,14.632237674131064,1.2238904952118714,1.186022394070423,5.609294008559054,-1.8174449211669752,-1.9164497625631185,-1.924333007121087,2.033756110469752,-1.5553319999135742,-1.4367483800000946,-2.1057456684012252,1.5729829573331335,-1.6565160228584328,-0.5482119678554782,0.4596730397903383,-0.6275785049796019,0.0621113030623068,5.735738708644676,5.846340665130126,13.343824134442572,5.494382697695538,2.4623590645714413,2.4311688757844228,8.78958659848133,6.547730243137935,-0.3579070898372161,21.747206503836686,-0.0968311028529424,57.555899237142114,13.568288564942796,11.435677991343386,3.742604385922963,4.62226707257317,7.397257771108026,4.220612079075258,7.892108600439784,31.97429818348197,7.683457577517146,23.53857402651872,11.26051517485364,7.871594646856389,5.028832032109426,5.555062750735983,7.263860819076808,52.76598515329783,63.341837138264715,22.25831525627475,14.416089163079654,5.438419163100425,2.922413997106692,23.54052050646064,8.855375608407478,13.472132917244062,19.095732797629584,23.440348035069192,13.424350828581751,1.4902795605165446,64.92820281890388,46.00490781304448,25.2857280035341,22.41158396176594,18.389789257214307,18.513710780663803,17.534115589673778,62.47794885042393,8.920399937366906,59.964265726884186,15.59249796510882,7.443542051043821,29.04288836938091,11.593952612226564,20.33706686455685,61.74439767679838,1.950868287999792,22.09628987446636,9.801183238388331,-0.9980911400155436,,,,,,,,,,,,,,,,,,,,,,,,,,,,,,,,,,,,,,,,,,,,,,,,,,,,,,,,,,,,,,,
SRR6456371,-2.9939815285912608,,-1.3195938304657604,,,,,,,,,,,,,,,,,,,,,,,,,,,,,,,,,,,,,,,,,,,24.02296652817046,,,,,,,,,,,,,,,,,,,,,,,,,,,,,,,,,,,,,,,,,,,,,,,,,,,,,,,,,,,,,,,,,,,,1.9879248677778276,2.4291580575657186,,,,,,,,,,,,,,,,,,,,,,2.9255511265028527,11.782307145522577,-0.7072903849631613,0.1112611492147131,2.865030892260281,7.599953210907691,22.029906624204383,2.73451827338265,19.874177172899664,0.002276888059138,1.5365819982798246,3.3056432964330233,2.4849324759630034,11.637439224220396,3.791607129252446,114.40395319779483,14.04374353445898,15.880689129997734,0.1864575314971085,10.118983460750266,13.516786229340903,7.018865846326435,6.775887994291499,9.092257999368446,7.327081180473865,16.91432089902724,6.632047450903782,26.397446423980547,-0.3864028225467015,6.995054734227708,8.387379656273055,32.75152768795673,31.34361088582231,17.346130391845033,3.7459086434829985,-0.4438053545116724,8.834122182240698,14.741703551702251,4.057691926016726,6.830837829818983,11.89379696662312,4.514884413858243,6.971532681347554,3.992277046866372,28.91559739202382,31.860873892991407,2.664513737344827,10.149946057528778,16.177031538567036,15.704976178212142,20.64901938618684,26.03044308567454,6.728471750618656,6.356173189414259,3.8779142188911546,16.16363171303999,24.03822809272515,11.391511618733835,11.609487403052968,65.54629132084519,2.366889317119076,39.776831336255974,6.5716932742042,-0.0684818032542677,,,,,,,,,,,,,,,,,,,,,,,,,,,,,,,,,,,,,,,,,,,,,,,,,,,,,,,,,,,,,,,
SRR6456372,0.163066998941135,,,,,,,,,,,,,,,,,,,,,,,,,,,,,,,,,,,,,,,,,,,,,,-1.9945639739665044,,,,,,,,,,,,,,,,,,,,,,,,-1.101080102399662,,,,,,,,,,,,,,,,,,,,,,,,,,,,,,,,,,,,,-0.3503465336319499,,,,,,56.62717897645617,,,,,,,,,,,,,,,,,,,,,,,1.2730088706490783,1.9381914962323157,0.7071521621484506,0.3893242439659095,-1.1439038624601077,13.217646045463448,5.610495986363369,3.624268986105297,6.297456007449971,0.7911577574982108,-1.2362319305788678,3.837764673147598,4.131313714911186,19.75849796676912,2.539588932971777,178.15005042511123,15.270666171307344,11.02897909749148,3.5366670947330134,6.562670397301187,13.74667208496876,1.480523324836049,3.012148949485273,7.215922373892885,2.7931032598303647,10.29672508090821,3.642086076484956,1.3660490748307088,1.3558297294299189,4.6172425336059275,19.211357881549592,21.99882521556082,37.62143743133872,18.76932960071182,25.354369466972425,-0.1541091016431608,7.952657179370935,34.807258867026405,11.602890277894431,25.220738190711497,19.97653078283846,9.281187907823083,4.543423242940411,6.824764420864828,33.83042834749306,41.10606662281447,4.081855378282517,12.490588975911054,23.81407229398566,4.346380122354238,5.116557398165458,14.958109402943972,4.284196868095305,1.1229647356182222,-0.3279917492118291,-0.926603204359591,22.14945312124015,1.4036002529786002,2.0160427484589896,17.50982205673056,1.0119980490859943,12.585122222124507,0.6713060798095203,-1.5024585032560318,,,,,,,,,,,,,,,,,,,,,,,,,,,,,,,,,,,,,,,,,,,,,,,,,,,,,,,,,,,,,,,
SRR6456373,-1.6096913464347544,,,,,,,,,,,,,,,,,,,,,,,,,,,,,,,,,,,,,,,,,,,,,1.7139961655245404,-0.9983846266887132,,,,,,,,,,,,,,,,,,,,,,12.92471632116609,-1.6896457786559522,,0.3882170407551116,,,,,,,,,,,,,,,,,,,,,,,,,,,,,,,,,,,,-0.7347878803652477,,,,,,,,,,,,,,,,,,,,,,,,,,,,,,,,,,,,,,,,,,,,,,,,,,,,,,,,,,,,,,,,,,,,,,,,,,,,,,,,,,,,,,,,,,,,,,,,,,,,,,,,,,,,,,,,,,,,,,,,,,,,,,,,,,,,,,,,,,,,,,,,,,,,,,,,,,,
SRR6456374,-1.546259171557902,,-1.5227017552089324,4.973383827493369,4.014572688316101,-0.023494987277696,-0.8808958875605258,-1.3687638824047896,1.1030766081537102,4.278305558561682,1.8471057560877149,-2.525052460201965,1.2924768155374533,-1.9504499445803392,-1.7251137476613911,-1.9504499445803392,-1.3605008368680231,0.1156856273861758,0.053261741391675,0.0656185385257936,-3.6258004399852264,8.343145524703681,4.599380337706287,4.522252361055462,7.067475590532698,3.0376082552988497,-0.1054262379940589,2.8266346075162265,-1.4103170731289465,5.740213124679318,1.0577051307353724,1.40044579250873,-0.8945106790874296,1.396922751394245,2.949108984998095,2.9025648513881297,-3.4383287167610685,2.134591814791604,0.6617802193553036,3.8593418211004713,1.3249973559841457,2.5169249681340027,1.5913892483240986,3.750972594547208,0.6682798281253757,0.7692178188948746,,,,,,,,,,,,,,,,,,,,,,,2.627086449786129,-1.8400209912802448,,,,,,,,,,,,,,,,,,,,,,,,,,,,,,,,,,,,,,-1.6571607350426787,,,,,,,-0.0159605459098079,,,,,,,,,,,,,,,,,,,,,,,,,,,,,,,,,,,,,,,,,,,,,,,,,,,,,,,,,,,,,,,,,,,,,,,,,,,,,,,,,,,,,,,,,,,,,,,,,,,,,,,,,,,,,,,,,,,,,,,,,,,,,,,,,,,,,,,,,,,,,,,,,,,,
SRR6456375,-1.5988613225314847,,2.2055590933299105,2.4273115685149853,2.6535347956486204,0.7602142970737887,0.4708616348378197,3.6895628197287023,5.946695120553821,6.9588256686835175,3.212753158973045,1.7699320388486446,8.093780276380995,-1.490315547192455,-1.6423443409693208,-1.824264312785746,-0.5011157524059974,4.5730357680078715,1.8090610837348735,6.470424057662115,-2.06529071924394,-3.941311981494755,-1.6423443409693208,-1.6423443409693208,0.6148031247889383,1.503330305313637,-1.1326739179672864,1.995047049998528,0.5802677334892067,-0.7831999895281638,1.4286440276843926,-1.7345041404371977,-1.824264312785746,1.6139322100693916,0.768749631820983,-1.6423443409693208,-1.972564332851269,1.2106580284701554,0.0759288424053307,7.188610319589809,-2.0150711381310766,-1.6423443409693208,-1.6423443409693208,1.415726419090256,0.729461541751184,-1.4316733697324766,-0.498640741827556,,,,,,,,,,,,,,,,,,,,,,-0.582628743657877,3.259332595780937,,,,,,,,,,,,,,,,,,,,,,,,,,,,,,,,,,,,,,0.7229252069489842,,,,,,-1.672581117504234,,-2.018077274307474,1.639668711335601,-0.2485859903260875,0.611983670914548,2.308072740936,2.3618576006273635,5.245521091150003,0.9948036437509244,5.286235679057296,4.264425884537784,3.483339191796258,1.171117152215251,-1.8921630858363423,-1.997856045274384,-2.000864525388135,1.521835134405907,-3.974931297873338,-1.915448928679485,-2.0932748905393597,-1.9673598723529484,-2.000864525388135,12.425986984490384,-1.51429418100044,-1.7027171075642742,-1.6396085216548917,0.8525675800915123,70.11213525453473,5.256711418752298,4.723952989688103,4.4330942662403885,2.5715154245617105,3.649538254550202,6.192221046697362,6.028123995780747,34.330467081013616,6.021477613034322,228.27564980444137,19.564473164046344,15.662663904644551,0.7118288530377828,20.04748796382392,9.392226625425872,8.996399837143722,8.347759042414866,17.46099062438971,21.00439084096669,41.76393075832379,117.3626362378527,10.863208384736888,4.7128841242010955,3.668327282497815,32.85777504304762,12.247030310967835,5.2438057949845875,16.483795607966645,9.010142656835,92.72520379684428,12.653452540226493,15.2781324067136,1.54702332566777,8.24577899185847,10.340672447476631,6.523555146030617,3.761614228703551,7.488977968558169,14.425349793790264,7.205046606255685,4.912068184994695,10.61629993165702,6.952847164678933,5.17545439417172,3.4073796725650873,11.569917097442472,13.9742706202087,7.057346418360653,3.9001969655413142,-0.3728341102240152,26.371123178003707,7.824098237460029,6.173286496263414,28.400058019639943,-0.924548525946976,36.239246939690034,2.2330927002196344,94.79209251904405,,,,,,,,,,,,,,,,,,,,,,,,,,,,,,,,,,,,,,,,,,,,,,,,,,,,,,,,,,,,,,,
SRR6456376,-1.5931060974883575,-1.9194134848717923,-1.0970501805129194,0.852690633002202,0.8175719893521868,2.475661685809599,-1.3030918768252853,1.0257517882361968,6.907457537991319,7.118471828772882,1.7077738954858572,1.2931342088701976,3.486300108981393,-0.153122558249251,-1.458128797978644,6.432689593040179,-1.3039304214543392,1.464843086844162,1.6837805481286516,8.69302446000849,2.280695113823709,-3.8892504343531904,-1.4820874228080383,-1.3315757433236064,3.1837746412093537,0.8872928852611875,-0.7061319619437136,-1.6440848712415774,2.6908246982465704,0.7536067598629519,-0.8342814879305915,1.7492160544602218,0.7371932289668093,-1.9447677979295217,-1.6480615128364222,-1.4820874228080383,-1.865790614826248,-3.159437454580503,-0.378615960025596,4.933955354110291,1.738829167493673,-1.4820874228080383,1.0013552886850896,2.3559604040449775,13.018501744329608,-1.463189946399606,,,,,,,,,,,,,,,,,,,,,,,-0.0590403324142564,2.9371238972039504,,-0.0025376293342125,,,,,,,,,,,,,,,,,,,,,,,,,,,,,,,,,,,,,,,,,,0.5126211508637337,-1.5644742376116438,,,,,,,,,,,,,,,,,,,,,,0.0617134244840901,3.760543254113976,-0.8672646734175603,-0.0227706054049982,13.691813734748234,5.074814809390946,4.3193212912553545,9.00629111458874,1.9546366149555137,-0.3235871038456319,0.4297261919191751,1.0718553198188974,3.887152410316691,17.12572915267373,1.5106119908802271,79.63936471495184,9.093573759405512,3.120967206435445,2.3194578970418465,16.46941120798179,10.330598591843597,10.321846200741335,0.0033740847545042,19.451782861333832,8.065625947134784,13.940131480590646,16.808869968867025,1.3701758451295445,0.3882966156995597,4.308584786156187,22.173090526884245,27.527041767455604,26.999837437092676,22.346660179984497,2.8774861301374863,6.416299955653594,15.88520768551336,27.00089195386188,9.971896772493364,14.067988059619656,20.60290522369503,12.902738473731622,2.9624124560321037,7.286089082356862,11.810489852187873,8.378553279444501,0.7960684668676661,11.505053128511983,13.38235905145277,10.131833452879029,3.994851987398958,16.794442510202863,7.883219020765742,4.178393688734322,1.9873663842761125,0.4195613170731347,17.764476414881536,6.804676791209355,5.642459851798216,34.91219574531358,13.101680756478505,24.91858947644841,10.499495019008082,11.11626857726398,,,,,,,,,,,,,,,,,,,,,,,,,,,,,,,,,,,,,,,,,,,,,,,,,,,,,,,,,,,,,,,
SRR6456377,-1.6568615372330702,,,,,,,,,,,,,,,,,,,,,,,,,,,,,,,,,,,,,,,,,,,,,,,,,,,,,,,,,,,,,,,,,,,,,,-1.170127255238844,,,,,,,,,,,,,,,,,,,,,,,,,,,,,,,,,,,,,,,,,,,-1.5723066098091243,,,,,,,,,,,,,,,,,,,,,,,,,,,,,,,,,,,,,,,,,,,,,,,,,,,,,,,,,,,,,,,,,,,,,,,,,,,,,,,,,,,,,,,,,,,,,,,,,,,,,,,,,,,,,,,,,,,,,,,,,,,,,,,,,,,,,,,,,,,,,,,,,,,,,
