Site	genome_id	genome_name	accession	feature_type	patric_id	start	end	strand	gene	product	global_start	global_end
ADLE01000001:182930-182954-183130-183154	742726.3	Barnesiella intestinihominis YIT 11860	ADLE01000001	CDS	fig|742726.3.peg.150	183060	183209	+		hypothetical protein	183060	183209
ADLE01000001:406621-406636-406979-406994	742726.3	Barnesiella intestinihominis YIT 11860	ADLE01000001	CDS	fig|742726.3.peg.381	405882	407210	+		AmpG protein, beta-lactamase induction signal transducer	405882	407210
ADLE01000001:198042-198059-198221-198238	742726.3	Barnesiella intestinihominis YIT 11860	ADLE01000001	-1	-1	-1	-1	+	-1	-1	-1	-1
ADLE01000001:263937-263950-264056-264069	742726.3	Barnesiella intestinihominis YIT 11860	ADLE01000001	-1	-1	-1	-1	+	-1	-1	-1	-1
ADLE01000008:111712-111725-111995-112008	742726.3	Barnesiella intestinihominis YIT 11860	ADLE01000008	CDS	fig|742726.3.peg.1131	109699	112248	+		Protein O-GlcNAcase (EC 3.2.1.169)	1323849	1326398
ADLE01000008:333697-333718-334424-334445	742726.3	Barnesiella intestinihominis YIT 11860	ADLE01000008	CDS	fig|742726.3.peg.1329	333167	334450	+		Type I restriction-modification system, specificity subunit S	1547317	1548600
ADLE01000008:513878-513891-514209-514222	742726.3	Barnesiella intestinihominis YIT 11860	ADLE01000008	CDS	fig|742726.3.peg.1485	512671	514563	+		Putative sulfatase	1726821	1728713
ADLE01000014:72565-72579-72684-72698	742726.3	Barnesiella intestinihominis YIT 11860	ADLE01000014	-1	-1	-1	-1	+	-1	-1	-1	-1
ADLE01000014:133082-133095-133152-133165	742726.3	Barnesiella intestinihominis YIT 11860	ADLE01000014	CDS	fig|742726.3.peg.2020	132245	134557	-		Acylphosphate phosphohydrolase (EC 3.6.1.7) / [NiFe] hydrogenase metallocenter assembly protein HypF	2322992	2325304
ADLE01000014:58228-58242-58603-58617	742726.3	Barnesiella intestinihominis YIT 11860	ADLE01000014	CDS	fig|742726.3.peg.1953	57921	58925	-		Conjugative transposon protein TraJ	2248668	2249672
ADLE01000014:64997-65010-65336-65349	742726.3	Barnesiella intestinihominis YIT 11860	ADLE01000014	CDS	fig|742726.3.peg.1958	64992	65324	-		Conjugative transposon protein TraF	2255739	2256071
ADLE01000014:64997-65010-65336-65349	742726.3	Barnesiella intestinihominis YIT 11860	ADLE01000014	CDS	fig|742726.3.peg.1959	65335	65652	-		Conjugative transposon protein TraE	2256082	2256399
ADLE01000014:74058-74069-74273-74284	742726.3	Barnesiella intestinihominis YIT 11860	ADLE01000014	CDS	fig|742726.3.peg.1968	72704	75958	-		FIG00404088: hypothetical protein	2263451	2266705
ADLE01000014:87414-87428-87604-87618	742726.3	Barnesiella intestinihominis YIT 11860	ADLE01000014	CDS	fig|742726.3.peg.1976	85169	90985	-		Putative DNA methylase	2275916	2281732
AFZZ01000016:11282-11296-11472-11486	1002367.3	Prevotella stercorea DSM 18206	AFZZ01000016	CDS	fig|1002367.3.peg.54	7916	13732	+		Putative DNA methylase	71112	76928
AFZZ01000016:24616-24627-24831-24842	1002367.3	Prevotella stercorea DSM 18206	AFZZ01000016	CDS	fig|1002367.3.peg.61	22943	26197	+		FIG00404088: hypothetical protein	86139	89393
AFZZ01000016:33551-33564-33890-33903	1002367.3	Prevotella stercorea DSM 18206	AFZZ01000016	CDS	fig|1002367.3.peg.69	33249	33566	+		Conjugative transposon protein TraE	96445	96762
AFZZ01000016:33551-33564-33890-33903	1002367.3	Prevotella stercorea DSM 18206	AFZZ01000016	CDS	fig|1002367.3.peg.70	33577	33909	+		Conjugative transposon protein TraF	96773	97105
AFZZ01000036:1622-1637-1806-1821	1002367.3	Prevotella stercorea DSM 18206	AFZZ01000036	CDS	fig|1002367.3.peg.202	1172	2809	-		Bis-ABC ATPase YheS.2	262606	264243
AFZZ01000044:19087-19105-19156-19174	1002367.3	Prevotella stercorea DSM 18206	AFZZ01000044	-1	-1	-1	-1	+	-1	-1	-1	-1
AFZZ01000053:51410-51423-52026-52039	1002367.3	Prevotella stercorea DSM 18206	AFZZ01000053	CDS	fig|1002367.3.peg.382	51913	52032	+		hypothetical protein	474562	474681
AFZZ01000053:13877-13891-14026-14040	1002367.3	Prevotella stercorea DSM 18206	AFZZ01000053	-1	-1	-1	-1	+	-1	-1	-1	-1
AFZZ01000053:68273-68300-68465-68492	1002367.3	Prevotella stercorea DSM 18206	AFZZ01000053	-1	-1	-1	-1	+	-1	-1	-1	-1
AFZZ01000053:92037-92053-92173-92189	1002367.3	Prevotella stercorea DSM 18206	AFZZ01000053	-1	-1	-1	-1	+	-1	-1	-1	-1
AFZZ01000053:25163-25174-25272-25283	1002367.3	Prevotella stercorea DSM 18206	AFZZ01000053	CDS	fig|1002367.3.peg.351	25041	25247	-		hypothetical protein	447690	447896
AFZZ01000053:25163-25174-25272-25283	1002367.3	Prevotella stercorea DSM 18206	AFZZ01000053	CDS	fig|1002367.3.peg.352	25244	25513	-		Uncharacterized protein YneG	447893	448162
AFZZ01000053:42797-42812-43078-43093	1002367.3	Prevotella stercorea DSM 18206	AFZZ01000053	CDS	fig|1002367.3.peg.372	41319	42875	-		putative hemagglutinin	463968	465524
AFZZ01000053:42797-42812-43078-43093	1002367.3	Prevotella stercorea DSM 18206	AFZZ01000053	CDS	fig|1002367.3.peg.373	42880	45336	-		DNA mismatch repair protein MutS	465529	467985
AFZZ01000053:51410-51423-52026-52039	1002367.3	Prevotella stercorea DSM 18206	AFZZ01000053	CDS	fig|1002367.3.peg.381	50991	51926	-		hypothetical protein	473640	474575
AFZZ01000058:4055-4075-4142-4162	1002367.3	Prevotella stercorea DSM 18206	AFZZ01000058	-1	-1	-1	-1	+	-1	-1	-1	-1
AFZZ01000075:36581-36594-36870-36883	1002367.3	Prevotella stercorea DSM 18206	AFZZ01000075	CDS	fig|1002367.3.peg.653	35406	38006	-		hypothetical protein	816630	819230
AFZZ01000080:9462-9479-9557-9574	1002367.3	Prevotella stercorea DSM 18206	AFZZ01000080	-1	-1	-1	-1	+	-1	-1	-1	-1
AFZZ01000093:25726-25738-25814-25826	1002367.3	Prevotella stercorea DSM 18206	AFZZ01000093	CDS	fig|1002367.3.peg.839	24889	25842	+		hypothetical protein	1054533	1055486
AFZZ01000096:741-754-1054-1067	1002367.3	Prevotella stercorea DSM 18206	AFZZ01000096	-1	-1	-1	-1	+	-1	-1	-1	-1
AFZZ01000122:7267-7279-7372-7384	1002367.3	Prevotella stercorea DSM 18206	AFZZ01000122	-1	-1	-1	-1	+	-1	-1	-1	-1
AFZZ01000126:8061-8072-8531-8542	1002367.3	Prevotella stercorea DSM 18206	AFZZ01000126	CDS	fig|1002367.3.peg.1132	7721	8521	+		hypothetical protein	1425919	1426719
AFZZ01000128:1422-1438-1551-1567	1002367.3	Prevotella stercorea DSM 18206	AFZZ01000128	-1	-1	-1	-1	-	-1	-1	-1	-1
AFZZ01000166:717-747-818-848	1002367.3	Prevotella stercorea DSM 18206	AFZZ01000166	-1	-1	-1	-1	+	-1	-1	-1	-1
AFZZ01000171:4646-4665-4820-4839	1002367.3	Prevotella stercorea DSM 18206	AFZZ01000171	-1	-1	-1	-1	+	-1	-1	-1	-1
AFZZ01000179:11669-11692-11761-11784	1002367.3	Prevotella stercorea DSM 18206	AFZZ01000179	-1	-1	-1	-1	+	-1	-1	-1	-1
AFZZ01000189:6960-6976-7233-7249	1002367.3	Prevotella stercorea DSM 18206	AFZZ01000189	-1	-1	-1	-1	+	-1	-1	-1	-1
AFZZ01000199:18649-18676-18715-18742	1002367.3	Prevotella stercorea DSM 18206	AFZZ01000199	-1	-1	-1	-1	+	-1	-1	-1	-1
AFZZ01000201:16793-16804-16940-16951	1002367.3	Prevotella stercorea DSM 18206	AFZZ01000201	CDS	fig|1002367.3.peg.1940	16781	18184	-		Aminopeptidase C (EC 3.4.22.40)	2409116	2410519
AFZZ01000222:10646-10664-11111-11129	1002367.3	Prevotella stercorea DSM 18206	AFZZ01000222	CDS	fig|1002367.3.peg.2110	10720	11097	+		RidA/YER057c/UK114 superfamily protein	2622514	2622891
AFZZ01000251:6905-6916-7083-7094	1002367.3	Prevotella stercorea DSM 18206	AFZZ01000251	-1	-1	-1	-1	+	-1	-1	-1	-1
AFZZ01000258:8809-8822-9048-9061	1002367.3	Prevotella stercorea DSM 18206	AFZZ01000258	CDS	fig|1002367.3.peg.2422	6745	9864	+		RND efflux system, inner membrane transporter	3014729	3017848
AP021898:1185997-1186014-1186164-1186181	239935.2189	Akkermansia muciniphila strain JCM 30893	AP021898	CDS	fig|239935.2189.peg.1189	1186040	1186258	+		hypothetical protein	1186040	1186258
AP021898:1735929-1735949-1736184-1736204	239935.2189	Akkermansia muciniphila strain JCM 30893	AP021898	CDS	fig|239935.2189.peg.1713	1735922	1736146	+		hypothetical protein	1735922	1736146
AP021898:2117718-2117733-2117922-2117937	239935.2189	Akkermansia muciniphila strain JCM 30893	AP021898	CDS	fig|239935.2189.peg.2103	2117724	2117897	+		hypothetical protein	2117724	2117897
AP021898:2312530-2312545-2312684-2312699	239935.2189	Akkermansia muciniphila strain JCM 30893	AP021898	CDS	fig|239935.2189.peg.2261	2312523	2312651	+		hypothetical protein	2312523	2312651
AP021898:24602-24617-24848-24863	239935.2189	Akkermansia muciniphila strain JCM 30893	AP021898	CDS	fig|239935.2189.peg.16	24591	24833	+		hypothetical protein	24591	24833
AP021898:2586477-2586495-2586698-2586716	239935.2189	Akkermansia muciniphila strain JCM 30893	AP021898	CDS	fig|239935.2189.peg.2526	2586527	2586619	+		hypothetical protein	2586527	2586619
AP021898:578294-578311-578447-578464	239935.2189	Akkermansia muciniphila strain JCM 30893	AP021898	CDS	fig|239935.2189.peg.583	578283	578423	+		hypothetical protein	578283	578423
AP021898:1040689-1040706-1040855-1040872	239935.2189	Akkermansia muciniphila strain JCM 30893	AP021898	-1	-1	-1	-1	+	-1	-1	-1	-1
AP021898:1074407-1074424-1074640-1074657	239935.2189	Akkermansia muciniphila strain JCM 30893	AP021898	-1	-1	-1	-1	+	-1	-1	-1	-1
AP021898:1110732-1110749-1110901-1110918	239935.2189	Akkermansia muciniphila strain JCM 30893	AP021898	-1	-1	-1	-1	+	-1	-1	-1	-1
AP021898:2051477-2051495-2051631-2051649	239935.2189	Akkermansia muciniphila strain JCM 30893	AP021898	-1	-1	-1	-1	+	-1	-1	-1	-1
AP021898:2659269-2659284-2659434-2659449	239935.2189	Akkermansia muciniphila strain JCM 30893	AP021898	-1	-1	-1	-1	+	-1	-1	-1	-1
AP021898:2766279-2766291-2766441-2766453	239935.2189	Akkermansia muciniphila strain JCM 30893	AP021898	-1	-1	-1	-1	+	-1	-1	-1	-1
AP021898:866585-866602-866752-866769	239935.2189	Akkermansia muciniphila strain JCM 30893	AP021898	-1	-1	-1	-1	+	-1	-1	-1	-1
AP021898:1152352-1152365-1152547-1152560	239935.2189	Akkermansia muciniphila strain JCM 30893	AP021898	CDS	fig|239935.2189.peg.1156	1151807	1152472	-		Phosphoglycolate phosphatase	1151807	1152472
AP021898:1185997-1186014-1186164-1186181	239935.2189	Akkermansia muciniphila strain JCM 30893	AP021898	CDS	fig|239935.2189.peg.1188	1185225	1186022	-		hypothetical protein	1185225	1186022
AP021898:1237323-1237341-1237575-1237593	239935.2189	Akkermansia muciniphila strain JCM 30893	AP021898	CDS	fig|239935.2189.peg.1240	1237427	1237588	-		hypothetical protein	1237427	1237588
AP021898:1633871-1633886-1634158-1634173	239935.2189	Akkermansia muciniphila strain JCM 30893	AP021898	CDS	fig|239935.2189.peg.1626	1633879	1634088	-		hypothetical protein	1633879	1634088
AP021898:2267227-2267243-2267401-2267417	239935.2189	Akkermansia muciniphila strain JCM 30893	AP021898	CDS	fig|239935.2189.peg.2224	2267232	2267378	-		hypothetical protein	2267232	2267378
AP021898:2820511-2820526-2820782-2820797	239935.2189	Akkermansia muciniphila strain JCM 30893	AP021898	CDS	fig|239935.2189.peg.2752	2819808	2820536	-		hypothetical protein	2819808	2820536
AP021898:612404-612420-612561-612577	239935.2189	Akkermansia muciniphila strain JCM 30893	AP021898	CDS	fig|239935.2189.peg.617	612433	612561	-		hypothetical protein	612433	612561
BA000007:1834555-1834571-1834647-1834663	386585.154	Escherichia coli O157:H7 str. Sakai	BA000007	-1	-1	-1	-1	+	-1	-1	-1	-1
BA000007:1313636-1313648-1314155-1314167	386585.154	Escherichia coli O157:H7 str. Sakai	BA000007	CDS	fig|386585.154.peg.1298	1313133	1313828	-	rutB	Peroxyureidoacrylate/ureidoacrylate amidohydrolase RutB (EC 3.5.1.110)	1409160	1409855
BA000007:1313636-1313648-1314155-1314167	386585.154	Escherichia coli O157:H7 str. Sakai	BA000007	CDS	fig|386585.154.peg.1299	1313825	1314916	-	rutA	Pyrimidine monooxygenase RutA (EC 1.14.99.46)	1409852	1410943
BA000007:2277266-2277277-2277462-2277473	386585.154	Escherichia coli O157:H7 str. Sakai	BA000007	CDS	fig|386585.154.peg.2393	2276309	2277895	-	pntA	NAD(P) transhydrogenase N-domain of subunit alpha (EC 1.6.1.2) / NAD(P) transhydrogenase C-domain of subunit alpha (EC 1.6.1.2)	2372336	2373922
BA000007:4290050-4290063-4290343-4290356	386585.154	Escherichia coli O157:H7 str. Sakai	BA000007	CDS	fig|386585.154.peg.4470	4289703	4290806	-	asd	Aspartate-semialdehyde dehydrogenase (EC 1.2.1.11)	4385730	4386833
BA000007:4502731-4502745-4502967-4502981	386585.154	Escherichia coli O157:H7 str. Sakai	BA000007	CDS	fig|386585.154.peg.4679	4502683	4504074	-	selA	L-seryl-tRNA(Sec) selenium transferase (EC 2.9.1.1)	4598710	4600101
BA000007:72199-72210-72241-72252	386585.154	Escherichia coli O157:H7 str. Sakai	BA000007	CDS	fig|386585.154.peg.66	71682	73184	-	araA	L-arabinose isomerase (EC 5.3.1.4)	167709	169211
CP001104:423268-423282-423773-423787	515620.21	[Eubacterium] eligens ATCC 27750	CP001104	CDS	fig|515620.21.peg.381	423242	423580	+		hypothetical protein	423242	423580
CP001104:423268-423282-423773-423787	515620.21	[Eubacterium] eligens ATCC 27750	CP001104	CDS	fig|515620.21.peg.382	423610	424035	+		hypothetical protein	423610	424035
CP001104:436803-436827-437527-437551	515620.21	[Eubacterium] eligens ATCC 27750	CP001104	CDS	fig|515620.21.peg.399	436851	437414	+		Phage integrase	436851	437414
CP001104:1616450-1616472-1616724-1616746	515620.21	[Eubacterium] eligens ATCC 27750	CP001104	-1	-1	-1	-1	+	-1	-1	-1	-1
CP001104:1895987-1896017-1896051-1896081	515620.21	[Eubacterium] eligens ATCC 27750	CP001104	-1	-1	-1	-1	+	-1	-1	-1	-1
CP001106:6575-6586-6713-6724	515620.21	[Eubacterium] eligens ATCC 27750	CP001106	CDS	fig|515620.21.peg.2121	6395	6985	-		NAD(P)H nitroreductase (EC 1.-.-.-)	2211040	2211630
CP012938:1410308-1410334-1410568-1410594	28116.7	Bacteroides ovatus strain ATCC 8483	CP012938	CDS	fig|28116.7.peg.1198	1410418	1410513	+		hypothetical protein	1410418	1410513
CP012938:1964173-1964225-1964301-1964353	28116.7	Bacteroides ovatus strain ATCC 8483	CP012938	repeat_region	fig|28116.7.repeat.30	1964100	1964380	+		repeat region	1964100	1964380
CP012938:3752880-3752893-3753209-3753222	28116.7	Bacteroides ovatus strain ATCC 8483	CP012938	CDS	fig|28116.7.peg.3078	3753192	3754169	+	eglS	hypothetical protein	3753192	3754169
CP012938:4048307-4048318-4048489-4048500	28116.7	Bacteroides ovatus strain ATCC 8483	CP012938	CDS	fig|28116.7.peg.3255	4048447	4048656	+		hypothetical protein	4048447	4048656
CP012938:4048307-4048318-4048489-4048500	28116.7	Bacteroides ovatus strain ATCC 8483	CP012938	repeat_region	fig|28116.7.repeat.59	4048458	4048558	+		repeat region	4048458	4048558
CP012938:4496478-4496490-4496586-4496598	28116.7	Bacteroides ovatus strain ATCC 8483	CP012938	CDS	fig|28116.7.peg.3592	4496120	4499185	+	infB_1	Translation initiation factor 2	4496120	4499185
CP012938:4859713-4859759-4860238-4860284	28116.7	Bacteroides ovatus strain ATCC 8483	CP012938	CDS	fig|28116.7.peg.3839	4860142	4860264	+		hypothetical protein	4860142	4860264
CP012938:508310-508323-508367-508380	28116.7	Bacteroides ovatus strain ATCC 8483	CP012938	CDS	fig|28116.7.peg.427	508251	508793	+		hypothetical protein	508251	508793
CP012938:5164149-5164162-5164809-5164822	28116.7	Bacteroides ovatus strain ATCC 8483	CP012938	CDS	fig|28116.7.peg.4040	5164562	5164681	+		hypothetical protein	5164562	5164681
CP012938:5164149-5164162-5164809-5164822	28116.7	Bacteroides ovatus strain ATCC 8483	CP012938	CDS	fig|28116.7.peg.4041	5164755	5167976	+	carB_2	Carbamoyl-phosphate synthase large chain (EC 6.3.5.5)	5164755	5167976
CP012938:5343829-5343842-5344063-5344076	28116.7	Bacteroides ovatus strain ATCC 8483	CP012938	CDS	fig|28116.7.peg.4187	5343597	5344397	+		hypothetical protein	5343597	5344397
CP012938:6220735-6220748-6220821-6220834	28116.7	Bacteroides ovatus strain ATCC 8483	CP012938	CDS	fig|28116.7.peg.4898	6220701	6221339	+		hypothetical protein	6220701	6221339
CP012938:851298-851349-851427-851478	28116.7	Bacteroides ovatus strain ATCC 8483	CP012938	repeat_region	fig|28116.7.repeat.10	851281	851556	+		repeat region	851281	851556
CP012938:1113559-1113590-1113835-1113866	28116.7	Bacteroides ovatus strain ATCC 8483	CP012938	-1	-1	-1	-1	+	-1	-1	-1	-1
CP012938:1195056-1195086-1195133-1195163	28116.7	Bacteroides ovatus strain ATCC 8483	CP012938	-1	-1	-1	-1	+	-1	-1	-1	-1
CP012938:1670988-1671008-1671259-1671279	28116.7	Bacteroides ovatus strain ATCC 8483	CP012938	-1	-1	-1	-1	+	-1	-1	-1	-1
CP012938:2310968-2310985-2311253-2311270	28116.7	Bacteroides ovatus strain ATCC 8483	CP012938	-1	-1	-1	-1	+	-1	-1	-1	-1
CP012938:2380981-2381001-2381261-2381281	28116.7	Bacteroides ovatus strain ATCC 8483	CP012938	-1	-1	-1	-1	+	-1	-1	-1	-1
CP012938:2601662-2601684-2601723-2601745	28116.7	Bacteroides ovatus strain ATCC 8483	CP012938	-1	-1	-1	-1	+	-1	-1	-1	-1
CP012938:2756819-2756838-2757143-2757162	28116.7	Bacteroides ovatus strain ATCC 8483	CP012938	-1	-1	-1	-1	+	-1	-1	-1	-1
CP012938:2831493-2831518-2831552-2831577	28116.7	Bacteroides ovatus strain ATCC 8483	CP012938	-1	-1	-1	-1	+	-1	-1	-1	-1
CP012938:3025076-3025089-3025139-3025152	28116.7	Bacteroides ovatus strain ATCC 8483	CP012938	-1	-1	-1	-1	+	-1	-1	-1	-1
CP012938:4375129-4375151-4375191-4375213	28116.7	Bacteroides ovatus strain ATCC 8483	CP012938	-1	-1	-1	-1	+	-1	-1	-1	-1
CP012938:4437640-4437655-4437702-4437717	28116.7	Bacteroides ovatus strain ATCC 8483	CP012938	-1	-1	-1	-1	+	-1	-1	-1	-1
CP012938:4698368-4698388-4698447-4698467	28116.7	Bacteroides ovatus strain ATCC 8483	CP012938	-1	-1	-1	-1	+	-1	-1	-1	-1
CP012938:5376154-5376171-5376332-5376349	28116.7	Bacteroides ovatus strain ATCC 8483	CP012938	-1	-1	-1	-1	+	-1	-1	-1	-1
CP012938:5495271-5495303-5495347-5495379	28116.7	Bacteroides ovatus strain ATCC 8483	CP012938	-1	-1	-1	-1	+	-1	-1	-1	-1
CP012938:5530389-5530402-5530488-5530501	28116.7	Bacteroides ovatus strain ATCC 8483	CP012938	-1	-1	-1	-1	+	-1	-1	-1	-1
CP012938:1963919-1963962-1964015-1964058	28116.7	Bacteroides ovatus strain ATCC 8483	CP012938	CDS	fig|28116.7.peg.1647	1963925	1964062	-		hypothetical protein	1963925	1964062
CP012938:2089175-2089188-2089530-2089543	28116.7	Bacteroides ovatus strain ATCC 8483	CP012938	CDS	fig|28116.7.peg.1744	2087649	2089871	-	xynA	Endo-1,4-beta-xylanase (EC 3.2.1.8)	2087649	2089871
CP012938:3201828-3201841-3201936-3201949	28116.7	Bacteroides ovatus strain ATCC 8483	CP012938	CDS	fig|28116.7.peg.2632	3201106	3202662	-		hypothetical protein	3201106	3202662
CP012938:3752880-3752893-3753209-3753222	28116.7	Bacteroides ovatus strain ATCC 8483	CP012938	CDS	fig|28116.7.peg.3077	3752981	3753115	-		hypothetical protein	3752981	3753115
CP012938:4560247-4560258-4560528-4560539	28116.7	Bacteroides ovatus strain ATCC 8483	CP012938	CDS	fig|28116.7.peg.3640	4560033	4562159	-	spoVD_2	Cell division protein FtsI [Peptidoglycan synthetase] (EC 2.4.1.129)	4560033	4562159
CP012938:4793097-4793111-4793203-4793217	28116.7	Bacteroides ovatus strain ATCC 8483	CP012938	CDS	fig|28116.7.peg.3793	4790864	4793299	-		Putative large secreted protein SCO0341	4790864	4793299
CP012938:5164149-5164162-5164809-5164822	28116.7	Bacteroides ovatus strain ATCC 8483	CP012938	CDS	fig|28116.7.peg.4039	5163233	5164327	-	trpS2	Tryptophanyl-tRNA synthetase (EC 6.1.1.2)	5163233	5164327
CP012938:6249061-6249074-6249496-6249509	28116.7	Bacteroides ovatus strain ATCC 8483	CP012938	CDS	fig|28116.7.peg.4923	6248896	6249606	-		hypothetical protein	6248896	6249606
CP012938:6328632-6328649-6328833-6328850	28116.7	Bacteroides ovatus strain ATCC 8483	CP012938	CDS	fig|28116.7.peg.4972	6328721	6332245	-	todS_25	hypothetical protein	6328721	6332245
CP027002:1545412-1545423-1545689-1545700	411470.47	[Ruminococcus] gnavus ATCC 29149	CP027002	CDS	fig|411470.47.peg.1636	1545345	1545659	+		FIG00533143: hypothetical protein	1545345	1545659
CP027002:1885346-1885358-1885572-1885584	411470.47	[Ruminococcus] gnavus ATCC 29149	CP027002	CDS	fig|411470.47.peg.1973	1885061	1885747	+		hypothetical protein	1885061	1885747
CP027002:2557576-2557589-2557781-2557794	411470.47	[Ruminococcus] gnavus ATCC 29149	CP027002	CDS	fig|411470.47.peg.2625	2557537	2558574	+		AIR Synthase, TMP kinase, hydrogenase maturation protein HypE superfamily	2557537	2558574
CP027002:306041-306054-306140-306153	411470.47	[Ruminococcus] gnavus ATCC 29149	CP027002	CDS	fig|411470.47.peg.315	305535	306230	+		hypothetical protein	305535	306230
CP027002:3140685-3140696-3140827-3140838	411470.47	[Ruminococcus] gnavus ATCC 29149	CP027002	CDS	fig|411470.47.peg.3201	3140557	3141849	+		tRNA t(6)A37-methylthiotransferase (EC 2.8.4.5)	3140557	3141849
CP027002:3389783-3389796-3390187-3390200	411470.47	[Ruminococcus] gnavus ATCC 29149	CP027002	CDS	fig|411470.47.peg.3520	3389827	3392262	+		beta-glucosidase (EC 3.2.1.21)	3389827	3392262
CP027002:46177-46190-46419-46432	411470.47	[Ruminococcus] gnavus ATCC 29149	CP027002	CDS	fig|411470.47.peg.43	46174	47565	+		Phosphate regulon sensor protein PhoR (SphS) (EC 2.7.13.3)	46174	47565
CP027002:4888-4900-5060-5072	411470.47	[Ruminococcus] gnavus ATCC 29149	CP027002	repeat_region	fig|411470.47.repeat.1	1	7039	+		repeat region	1	7039
CP027002:512402-512422-512571-512591	411470.47	[Ruminococcus] gnavus ATCC 29149	CP027002	CDS	fig|411470.47.peg.558	512421	513884	+		hypothetical protein	512421	513884
CP027002:55928-55939-56029-56040	411470.47	[Ruminococcus] gnavus ATCC 29149	CP027002	CDS	fig|411470.47.peg.52	54024	55967	+		Type II restriction-modification system restriction subunit	54024	55967
CP027002:55928-55939-56029-56040	411470.47	[Ruminococcus] gnavus ATCC 29149	CP027002	CDS	fig|411470.47.peg.53	55967	57448	+		hypothetical protein	55967	57448
CP027002:627605-627617-627777-627789	411470.47	[Ruminococcus] gnavus ATCC 29149	CP027002	repeat_region	fig|411470.47.repeat.15	625639	632677	+		repeat region	625639	632677
CP027002:627605-627617-627777-627789	411470.47	[Ruminococcus] gnavus ATCC 29149	CP027002	CDS	fig|411470.47.peg.682	625924	628968	+		FIG01032097: hypothetical protein	625924	628968
CP027002:682940-682951-682996-683007	411470.47	[Ruminococcus] gnavus ATCC 29149	CP027002	CDS	fig|411470.47.peg.745	682455	683387	+		FIGfam003972: membrane protein	682455	683387
CP027002:3443561-3443574-3443610-3443623	411470.47	[Ruminococcus] gnavus ATCC 29149	CP027002	-1	-1	-1	-1	+	-1	-1	-1	-1
CP027002:1176402-1176415-1176497-1176510	411470.47	[Ruminococcus] gnavus ATCC 29149	CP027002	CDS	fig|411470.47.peg.1229	1176180	1176566	-		hypothetical protein	1176180	1176566
CP027002:1474985-1475000-1475132-1475147	411470.47	[Ruminococcus] gnavus ATCC 29149	CP027002	CDS	fig|411470.47.peg.1565	1474860	1475183	-		Transcriptional regulator, PadR family	1474860	1475183
CP027002:2205549-2205563-2205691-2205705	411470.47	[Ruminococcus] gnavus ATCC 29149	CP027002	CDS	fig|411470.47.peg.2294	2205490	2206878	-	hydA	Dihydropyrimidinase (EC 3.5.2.2)	2205490	2206878
CP027002:2233706-2233731-2233836-2233861	411470.47	[Ruminococcus] gnavus ATCC 29149	CP027002	CDS	fig|411470.47.peg.2323	2232976	2233773	-		hypothetical protein	2232976	2233773
CP027002:4888-4900-5060-5072	411470.47	[Ruminococcus] gnavus ATCC 29149	CP027002	CDS	fig|411470.47.peg.7	3710	6754	-		FIG01032097: hypothetical protein	3710	6754
CP040530:1513135-1513146-1513553-1513564	818.1357	Bacteroides thetaiotaomicron strain DSM 2079	CP040530	CDS	fig|818.1357.peg.1267	1513317	1515521	+		Peptidase, S41 family	1546353	1548557
CP040530:1555314-1555326-1555494-1555506	818.1357	Bacteroides thetaiotaomicron strain DSM 2079	CP040530	CDS	fig|818.1357.peg.1289	1554309	1555844	+		Cell surface glycan-binding lipoprotein, utilization system for glycans and polysaccharides (PUL), SusD family	1587345	1588880
CP040530:2901530-2901545-2901948-2901963	818.1357	Bacteroides thetaiotaomicron strain DSM 2079	CP040530	CDS	fig|818.1357.peg.2286	2901737	2901970	+		hypothetical protein	2934773	2935006
CP040530:3143007-3143020-3143201-3143214	818.1357	Bacteroides thetaiotaomicron strain DSM 2079	CP040530	CDS	fig|818.1357.peg.2484	3142950	3143411	+		hypothetical protein	3175986	3176447
CP040530:3235091-3235104-3235303-3235316	818.1357	Bacteroides thetaiotaomicron strain DSM 2079	CP040530	CDS	fig|818.1357.peg.2575	3233812	3235551	+		hypothetical protein	3266848	3268587
CP040530:3496509-3496521-3496626-3496638	818.1357	Bacteroides thetaiotaomicron strain DSM 2079	CP040530	CDS	fig|818.1357.peg.2789	3496278	3496826	+		RNA polymerase ECF-type sigma factor	3529314	3529862
CP040530:365518-365537-365798-365817	818.1357	Bacteroides thetaiotaomicron strain DSM 2079	CP040530	CDS	fig|818.1357.peg.329	365672	365809	+		hypothetical protein	398708	398845
CP040530:3911761-3911772-3911966-3911977	818.1357	Bacteroides thetaiotaomicron strain DSM 2079	CP040530	CDS	fig|818.1357.peg.3181	3910523	3912046	+		hypothetical protein	3943559	3945082
CP040530:414186-414210-414471-414495	818.1357	Bacteroides thetaiotaomicron strain DSM 2079	CP040530	CDS	fig|818.1357.peg.384	414346	414534	+		hypothetical protein	447382	447570
CP040530:4245879-4245893-4246000-4246014	818.1357	Bacteroides thetaiotaomicron strain DSM 2079	CP040530	CDS	fig|818.1357.peg.3440	4245385	4245963	+		hypothetical protein	4278421	4278999
CP040530:4313961-4313981-4314228-4314248	818.1357	Bacteroides thetaiotaomicron strain DSM 2079	CP040530	CDS	fig|818.1357.peg.3497	4313952	4314080	+		hypothetical protein	4346988	4347116
CP040530:4742425-4742440-4742590-4742605	818.1357	Bacteroides thetaiotaomicron strain DSM 2079	CP040530	CDS	fig|818.1357.peg.3896	4742373	4743785	+		Efflux transport system, outer membrane factor (OMF) lipoprotein BT_0954	4775409	4776821
CP040530:5030382-5030393-5030828-5030839	818.1357	Bacteroides thetaiotaomicron strain DSM 2079	CP040530	CDS	fig|818.1357.peg.4133	5029101	5031329	+		Tyrosine-protein kinase EpsD (EC 2.7.10.2)	5062137	5064365
CP040530:5297727-5297744-5298376-5298393	818.1357	Bacteroides thetaiotaomicron strain DSM 2079	CP040530	CDS	fig|818.1357.peg.4380	5297893	5298090	+		hypothetical protein	5330929	5331126
CP040530:5439785-5439804-5440067-5440086	818.1357	Bacteroides thetaiotaomicron strain DSM 2079	CP040530	repeat_region	fig|818.1357.repeat.70	5439783	5440088	+		repeat region	5472819	5473124
CP040530:5439785-5439804-5440067-5440086	818.1357	Bacteroides thetaiotaomicron strain DSM 2079	CP040530	CDS	fig|818.1357.peg.4507	5439857	5440117	+		hypothetical protein	5472893	5473153
CP040530:5607064-5607078-5607252-5607266	818.1357	Bacteroides thetaiotaomicron strain DSM 2079	CP040530	CDS	fig|818.1357.peg.4648	5606604	5608451	+		hypothetical protein	5639640	5641487
CP040530:5626143-5626162-5626403-5626422	818.1357	Bacteroides thetaiotaomicron strain DSM 2079	CP040530	repeat_region	fig|818.1357.repeat.75	5622735	5627504	+		repeat region	5655771	5660540
CP040530:5702382-5702401-5702643-5702662	818.1357	Bacteroides thetaiotaomicron strain DSM 2079	CP040530	repeat_region	fig|818.1357.repeat.76	5698974	5703744	+		repeat region	5732010	5736780
CP040530:1279058-1279075-1279109-1279126	818.1357	Bacteroides thetaiotaomicron strain DSM 2079	CP040530	-1	-1	-1	-1	+	-1	-1	-1	-1
CP040530:1450727-1450747-1450785-1450805	818.1357	Bacteroides thetaiotaomicron strain DSM 2079	CP040530	-1	-1	-1	-1	+	-1	-1	-1	-1
CP040530:1917943-1917964-1918002-1918023	818.1357	Bacteroides thetaiotaomicron strain DSM 2079	CP040530	-1	-1	-1	-1	+	-1	-1	-1	-1
CP040530:2392329-2392353-2392601-2392625	818.1357	Bacteroides thetaiotaomicron strain DSM 2079	CP040530	-1	-1	-1	-1	+	-1	-1	-1	-1
CP040530:2534549-2534567-2534727-2534745	818.1357	Bacteroides thetaiotaomicron strain DSM 2079	CP040530	-1	-1	-1	-1	+	-1	-1	-1	-1
CP040530:2713900-2713922-2713960-2713982	818.1357	Bacteroides thetaiotaomicron strain DSM 2079	CP040530	-1	-1	-1	-1	+	-1	-1	-1	-1
CP040530:3918840-3918863-3919107-3919130	818.1357	Bacteroides thetaiotaomicron strain DSM 2079	CP040530	-1	-1	-1	-1	+	-1	-1	-1	-1
CP040530:4646602-4646624-4646861-4646883	818.1357	Bacteroides thetaiotaomicron strain DSM 2079	CP040530	-1	-1	-1	-1	+	-1	-1	-1	-1
CP040530:4783859-4783878-4783912-4783931	818.1357	Bacteroides thetaiotaomicron strain DSM 2079	CP040530	-1	-1	-1	-1	+	-1	-1	-1	-1
CP040530:5725229-5725246-5725285-5725302	818.1357	Bacteroides thetaiotaomicron strain DSM 2079	CP040530	-1	-1	-1	-1	+	-1	-1	-1	-1
CP040530:5868380-5868400-5868660-5868680	818.1357	Bacteroides thetaiotaomicron strain DSM 2079	CP040530	-1	-1	-1	-1	+	-1	-1	-1	-1
CP040530:5956136-5956176-5956222-5956262	818.1357	Bacteroides thetaiotaomicron strain DSM 2079	CP040530	-1	-1	-1	-1	+	-1	-1	-1	-1
CP040530:701942-701959-702020-702037	818.1357	Bacteroides thetaiotaomicron strain DSM 2079	CP040530	-1	-1	-1	-1	+	-1	-1	-1	-1
CP040530:772902-772933-772984-773015	818.1357	Bacteroides thetaiotaomicron strain DSM 2079	CP040530	-1	-1	-1	-1	+	-1	-1	-1	-1
CP040530:820465-820481-820551-820567	818.1357	Bacteroides thetaiotaomicron strain DSM 2079	CP040530	-1	-1	-1	-1	+	-1	-1	-1	-1
CP040530:1304709-1304723-1304821-1304835	818.1357	Bacteroides thetaiotaomicron strain DSM 2079	CP040530	CDS	fig|818.1357.peg.1094	1300918	1304733	-		Periplasmic ligand-binding sensor domain COG3292 / BaeS-type histidine kinase / OmpR-type DNA-binding response regulator	1333954	1337769
CP040530:1590661-1590675-1590793-1590807	818.1357	Bacteroides thetaiotaomicron strain DSM 2079	CP040530	CDS	fig|818.1357.peg.1312	1590567	1592102	-		Arylsulfatase (EC 3.1.6.1)	1623603	1625138
CP040530:2523059-2523070-2523223-2523234	818.1357	Bacteroides thetaiotaomicron strain DSM 2079	CP040530	CDS	fig|818.1357.peg.2024	2521201	2523345	-	hflB	Cell division-associated, ATP-dependent zinc metalloprotease FtsH	2554237	2556381
CP040530:3194758-3194777-3195041-3195060	818.1357	Bacteroides thetaiotaomicron strain DSM 2079	CP040530	CDS	fig|818.1357.peg.2535	3194767	3194965	-		hypothetical protein	3227803	3228001
CP040530:381017-381030-381258-381271	818.1357	Bacteroides thetaiotaomicron strain DSM 2079	CP040530	CDS	fig|818.1357.peg.348	379324	381186	-		beta-glycosyl hydrolase	412360	414222
CP040530:3913377-3913389-3913482-3913494	818.1357	Bacteroides thetaiotaomicron strain DSM 2079	CP040530	CDS	fig|818.1357.peg.3183	3912304	3914994	-		hypothetical protein	3945340	3948030
CP040530:4010079-4010092-4010129-4010142	818.1357	Bacteroides thetaiotaomicron strain DSM 2079	CP040530	CDS	fig|818.1357.peg.3252	4010110	4012035	-		Arabinan endo-1,5-alpha-L-arabinosidase (EC 3.2.1.99)	4043146	4045071
CP040530:4365410-4365421-4365584-4365595	818.1357	Bacteroides thetaiotaomicron strain DSM 2079	CP040530	CDS	fig|818.1357.peg.3551	4364637	4365560	-	map	Methionine aminopeptidase (EC 3.4.11.18)	4397673	4398596
CP040530:4365410-4365421-4365584-4365595	818.1357	Bacteroides thetaiotaomicron strain DSM 2079	CP040530	CDS	fig|818.1357.peg.3552	4365573	4366199	-		hypothetical protein	4398609	4399235
CP040530:4982632-4982646-4982754-4982768	818.1357	Bacteroides thetaiotaomicron strain DSM 2079	CP040530	CDS	fig|818.1357.peg.4077	4982063	4983679	-		Cell surface glycan-binding lipoprotein, utilization system for glycans and polysaccharides (PUL), SusD family	5015099	5016715
CP040530:5290719-5290731-5290850-5290862	818.1357	Bacteroides thetaiotaomicron strain DSM 2079	CP040530	CDS	fig|818.1357.peg.4370	5290699	5291577	-		Transcriptional regulator, AraC family	5323735	5324613
CP040530:5297727-5297744-5298376-5298393	818.1357	Bacteroides thetaiotaomicron strain DSM 2079	CP040530	CDS	fig|818.1357.peg.4379	5297488	5297841	-		hypothetical protein	5330524	5330877
CP040530:5383064-5383075-5383359-5383370	818.1357	Bacteroides thetaiotaomicron strain DSM 2079	CP040530	CDS	fig|818.1357.peg.4460	5382188	5384608	-		Acidobacterial duplicated orphan permease (function unknown)	5415224	5417644
CP040530:5596288-5596302-5596606-5596620	818.1357	Bacteroides thetaiotaomicron strain DSM 2079	CP040530	CDS	fig|818.1357.peg.4641	5595555	5597219	-		Chitinase (EC 3.2.1.14)	5628591	5630255
CP040530:5634024-5634035-5634108-5634119	818.1357	Bacteroides thetaiotaomicron strain DSM 2079	CP040530	CDS	fig|818.1357.peg.4674	5633779	5635785	-	pulA	Pullulanase (EC 3.2.1.41)	5666815	5668821
CP040530:5878699-5878712-5878814-5878827	818.1357	Bacteroides thetaiotaomicron strain DSM 2079	CP040530	CDS	fig|818.1357.peg.4861	5876102	5878813	-		Two-component system sensor histidine kinase	5909138	5911849
CP040530:6025969-6025980-6026639-6026650	818.1357	Bacteroides thetaiotaomicron strain DSM 2079	CP040530	CDS	fig|818.1357.peg.4993	6025871	6027928	-		Outer membrane vitamin B12 receptor BtuB	6058907	6060964
CP040530:6115212-6115236-6115619-6115643	818.1357	Bacteroides thetaiotaomicron strain DSM 2079	CP040530	CDS	fig|818.1357.peg.5074	6115255	6115422	-		hypothetical protein	6148291	6148458
CP040530:830313-830326-830646-830659	818.1357	Bacteroides thetaiotaomicron strain DSM 2079	CP040530	CDS	fig|818.1357.peg.762	829826	831619	-		Arginyl-tRNA synthetase (EC 6.1.1.19)	862862	864655
CP042285:1293249-1293272-1293444-1293467	823.3647	Parabacteroides distasonis strain APCS2/PD	CP042285	repeat_region	fig|823.3647.repeat.16	1293247	1293466	+		repeat region	1297395	1297614
CP042285:1348267-1348289-1348461-1348483	823.3647	Parabacteroides distasonis strain APCS2/PD	CP042285	repeat_region	fig|823.3647.repeat.17	1348264	1348487	+		repeat region	1352412	1352635
CP042285:1371823-1371843-1372019-1372039	823.3647	Parabacteroides distasonis strain APCS2/PD	CP042285	repeat_region	fig|823.3647.repeat.19	1371880	1372040	+		repeat region	1376028	1376188
CP042285:1468842-1468864-1469036-1469058	823.3647	Parabacteroides distasonis strain APCS2/PD	CP042285	repeat_region	fig|823.3647.repeat.21	1468839	1469062	+		repeat region	1472987	1473210
CP042285:1814999-1815010-1815555-1815566	823.3647	Parabacteroides distasonis strain APCS2/PD	CP042285	CDS	fig|823.3647.peg.1594	1814443	1817718	+		Outer membrane TonB-dependent transporter, utilization system for glycans and polysaccharides (PUL), SusC family	1818591	1821866
CP042285:2030510-2030538-2030586-2030614	823.3647	Parabacteroides distasonis strain APCS2/PD	CP042285	CDS	fig|823.3647.peg.1768	2027704	2030550	+		alpha-xylosidase (EC 3.2.1.177)	2031852	2034698
CP042285:2229492-2229510-2229763-2229781	823.3647	Parabacteroides distasonis strain APCS2/PD	CP042285	CDS	fig|823.3647.peg.1924	2229563	2230120	+		Glucose-6-phosphate isomerase, archaeal (EC 5.3.1.9)	2233711	2234268
CP042285:2254695-2254717-2254889-2254911	823.3647	Parabacteroides distasonis strain APCS2/PD	CP042285	repeat_region	fig|823.3647.repeat.38	2254695	2254855	+		repeat region	2258843	2259003
CP042285:2278506-2278528-2278700-2278722	823.3647	Parabacteroides distasonis strain APCS2/PD	CP042285	repeat_region	fig|823.3647.repeat.40	2278506	2278666	+		repeat region	2282654	2282814
CP042285:2981580-2981606-2981922-2981948	823.3647	Parabacteroides distasonis strain APCS2/PD	CP042285	CDS	fig|823.3647.peg.2553	2981684	2981964	+		hypothetical protein	2985832	2986112
CP042285:3031751-3031762-3032237-3032248	823.3647	Parabacteroides distasonis strain APCS2/PD	CP042285	CDS	fig|823.3647.peg.2609	3030655	3031809	+		hypothetical protein	3034803	3035957
CP042285:3031751-3031762-3032237-3032248	823.3647	Parabacteroides distasonis strain APCS2/PD	CP042285	CDS	fig|823.3647.peg.2610	3031929	3032783	+		hypothetical protein	3036077	3036931
CP042285:3113977-3113989-3114258-3114270	823.3647	Parabacteroides distasonis strain APCS2/PD	CP042285	CDS	fig|823.3647.peg.2691	3113719	3113994	+		hypothetical protein	3117867	3118142
CP042285:3113977-3113989-3114258-3114270	823.3647	Parabacteroides distasonis strain APCS2/PD	CP042285	CDS	fig|823.3647.peg.2692	3114067	3115839	+		DNA topoisomerase III, Bacteroidales-type (EC 5.99.1.2)	3118215	3119987
CP042285:4207713-4207733-4208045-4208065	823.3647	Parabacteroides distasonis strain APCS2/PD	CP042285	CDS	fig|823.3647.peg.3709	4207841	4208020	+		hypothetical protein	4211989	4212168
CP042285:484133-484147-484517-484531	823.3647	Parabacteroides distasonis strain APCS2/PD	CP042285	CDS	fig|823.3647.peg.420	483750	484733	+	bioB	Biotin synthase (EC 2.8.1.6)	487898	488881
CP042285:4920869-4920882-4921167-4921180	823.3647	Parabacteroides distasonis strain APCS2/PD	CP042285	CDS	fig|823.3647.peg.4337	4920678	4921433	+		hypothetical protein	4924826	4925581
CP042285:492637-492648-492728-492739	823.3647	Parabacteroides distasonis strain APCS2/PD	CP042285	CDS	fig|823.3647.peg.427	490204	493290	+		Outer membrane TonB-dependent transporter, utilization system for glycans and polysaccharides (PUL), SusC family	494352	497438
CP042285:5159775-5159804-5159999-5160028	823.3647	Parabacteroides distasonis strain APCS2/PD	CP042285	repeat_region	fig|823.3647.repeat.101	5159570	5160028	+		repeat region	5163718	5164176
CP042285:5159775-5159804-5159999-5160028	823.3647	Parabacteroides distasonis strain APCS2/PD	CP042285	CDS	fig|823.3647.peg.4534	5159849	5160142	+		hypothetical protein	5163997	5164290
CP042285:5327446-5327468-5327789-5327811	823.3647	Parabacteroides distasonis strain APCS2/PD	CP042285	repeat_region	fig|823.3647.repeat.105	5325099	5327811	+		repeat region	5329247	5331959
CP042285:734231-734247-734953-734969	823.3647	Parabacteroides distasonis strain APCS2/PD	CP042285	CDS	fig|823.3647.peg.662	733756	734982	+		Type I restriction-modification system, specificity subunit S	737904	739130
CP042285:1050494-1050516-1050654-1050676	823.3647	Parabacteroides distasonis strain APCS2/PD	CP042285	-1	-1	-1	-1	+	-1	-1	-1	-1
CP042285:1195708-1195724-1196063-1196079	823.3647	Parabacteroides distasonis strain APCS2/PD	CP042285	-1	-1	-1	-1	+	-1	-1	-1	-1
CP042285:1486396-1486418-1486590-1486612	823.3647	Parabacteroides distasonis strain APCS2/PD	CP042285	-1	-1	-1	-1	+	-1	-1	-1	-1
CP042285:1627397-1627411-1627443-1627457	823.3647	Parabacteroides distasonis strain APCS2/PD	CP042285	-1	-1	-1	-1	+	-1	-1	-1	-1
CP042285:2055251-2055272-2055425-2055446	823.3647	Parabacteroides distasonis strain APCS2/PD	CP042285	-1	-1	-1	-1	+	-1	-1	-1	-1
CP042285:2077271-2077303-2077535-2077567	823.3647	Parabacteroides distasonis strain APCS2/PD	CP042285	-1	-1	-1	-1	+	-1	-1	-1	-1
CP042285:2309994-2310011-2310245-2310262	823.3647	Parabacteroides distasonis strain APCS2/PD	CP042285	-1	-1	-1	-1	+	-1	-1	-1	-1
CP042285:2360880-2360902-2361074-2361096	823.3647	Parabacteroides distasonis strain APCS2/PD	CP042285	-1	-1	-1	-1	+	-1	-1	-1	-1
CP042285:2603142-2603186-2603305-2603349	823.3647	Parabacteroides distasonis strain APCS2/PD	CP042285	-1	-1	-1	-1	+	-1	-1	-1	-1
CP042285:2733133-2733158-2733322-2733347	823.3647	Parabacteroides distasonis strain APCS2/PD	CP042285	-1	-1	-1	-1	+	-1	-1	-1	-1
CP042285:2765988-2766006-2766324-2766342	823.3647	Parabacteroides distasonis strain APCS2/PD	CP042285	-1	-1	-1	-1	+	-1	-1	-1	-1
CP042285:34-55-227-248	823.3647	Parabacteroides distasonis strain APCS2/PD	CP042285	-1	-1	-1	-1	+	-1	-1	-1	-1
CP042285:3530292-3530306-3530525-3530539	823.3647	Parabacteroides distasonis strain APCS2/PD	CP042285	-1	-1	-1	-1	+	-1	-1	-1	-1
CP042285:4280754-4280771-4281183-4281200	823.3647	Parabacteroides distasonis strain APCS2/PD	CP042285	-1	-1	-1	-1	+	-1	-1	-1	-1
CP042285:4360731-4360761-4360799-4360829	823.3647	Parabacteroides distasonis strain APCS2/PD	CP042285	-1	-1	-1	-1	+	-1	-1	-1	-1
CP042285:4529386-4529405-4529448-4529467	823.3647	Parabacteroides distasonis strain APCS2/PD	CP042285	-1	-1	-1	-1	+	-1	-1	-1	-1
CP042285:4928435-4928454-4928529-4928548	823.3647	Parabacteroides distasonis strain APCS2/PD	CP042285	-1	-1	-1	-1	+	-1	-1	-1	-1
CP042285:1118344-1118356-1118603-1118615	823.3647	Parabacteroides distasonis strain APCS2/PD	CP042285	CDS	fig|823.3647.peg.1024	1117374	1118789	-		hypothetical protein	1121522	1122937
CP042285:1358591-1358602-1358832-1358843	823.3647	Parabacteroides distasonis strain APCS2/PD	CP042285	CDS	fig|823.3647.peg.1220	1356948	1358606	-		Myo-inositol 2-dehydrogenase (EC 1.1.1.18)	1361096	1362754
CP042285:1358591-1358602-1358832-1358843	823.3647	Parabacteroides distasonis strain APCS2/PD	CP042285	CDS	fig|823.3647.peg.1221	1358612	1359118	-		FIG00899032: hypothetical protein	1362760	1363266
CP042285:1663188-1663202-1663563-1663577	823.3647	Parabacteroides distasonis strain APCS2/PD	CP042285	CDS	fig|823.3647.peg.1471	1662881	1663885	-	traJ	Conjugative transposon protein TraJ	1667029	1668033
CP042285:1667469-1667482-1667808-1667821	823.3647	Parabacteroides distasonis strain APCS2/PD	CP042285	CDS	fig|823.3647.peg.1475	1667464	1667796	-		Conjugative transposon protein TraF	1671612	1671944
CP042285:1667469-1667482-1667808-1667821	823.3647	Parabacteroides distasonis strain APCS2/PD	CP042285	CDS	fig|823.3647.peg.1476	1667807	1668124	-		Conjugative transposon protein TraE	1671955	1672272
CP042285:1676530-1676541-1676745-1676756	823.3647	Parabacteroides distasonis strain APCS2/PD	CP042285	CDS	fig|823.3647.peg.1486	1675176	1678430	-		FIG00404088: hypothetical protein	1679324	1682578
CP042285:1689886-1689900-1690076-1690090	823.3647	Parabacteroides distasonis strain APCS2/PD	CP042285	CDS	fig|823.3647.peg.1493	1687641	1693457	-		Putative DNA methylase	1691789	1697605
CP042285:2844397-2844414-2844593-2844610	823.3647	Parabacteroides distasonis strain APCS2/PD	CP042285	tRNA	fig|823.3647.rna.40	2844368	2844440	-		tRNA-Gly	2848516	2848588
CP042285:2844397-2844414-2844593-2844610	823.3647	Parabacteroides distasonis strain APCS2/PD	CP042285	tRNA	fig|823.3647.rna.41	2844453	2844540	-		tRNA-Leu	2848601	2848688
CP042285:2844397-2844414-2844593-2844610	823.3647	Parabacteroides distasonis strain APCS2/PD	CP042285	tRNA	fig|823.3647.rna.42	2844561	2844636	-		tRNA-Gly	2848709	2848784
CP042285:3240832-3240844-3241124-3241136	823.3647	Parabacteroides distasonis strain APCS2/PD	CP042285	CDS	fig|823.3647.peg.2830	3240762	3241511	-		Cobalamin synthase (EC 2.7.8.26)	3244910	3245659
CP042285:3275313-3275336-3275630-3275653	823.3647	Parabacteroides distasonis strain APCS2/PD	CP042285	CDS	fig|823.3647.peg.2858	3275435	3275701	-		hypothetical protein	3279583	3279849
CP042285:3468077-3468092-3468190-3468205	823.3647	Parabacteroides distasonis strain APCS2/PD	CP042285	CDS	fig|823.3647.peg.3046	3467207	3468235	-		FAD:protein FMN transferase (EC 2.7.1.180)	3471355	3472383
CP042285:389554-389568-389929-389943	823.3647	Parabacteroides distasonis strain APCS2/PD	CP042285	CDS	fig|823.3647.peg.337	389247	390251	-	traJ	Conjugative transposon protein TraJ	393395	394399
CP042285:425913-425926-426109-426122	823.3647	Parabacteroides distasonis strain APCS2/PD	CP042285	CDS	fig|823.3647.peg.365	420449	426289	-		Putative DNA methylase	424597	430437
CP042285:4555490-4555501-4555870-4555881	823.3647	Parabacteroides distasonis strain APCS2/PD	CP042285	CDS	fig|823.3647.peg.3998	4554656	4555957	-		hypothetical protein	4558804	4560105
CP046176:1172507-1172520-1172907-1172920	357276.1035	Bacteroides dorei strain DSM 17855	CP046176	CDS	fig|357276.1035.peg.939	1171554	1173587	+		hypothetical protein	1171554	1173587
CP046176:1350483-1350494-1350625-1350636	357276.1035	Bacteroides dorei strain DSM 17855	CP046176	CDS	fig|357276.1035.peg.1107	1349307	1350764	+	pepD	Cytosol nonspecific dipeptidase (EC 3.4.13.18)	1349307	1350764
CP046176:1441360-1441373-1441976-1441989	357276.1035	Bacteroides dorei strain DSM 17855	CP046176	CDS	fig|357276.1035.peg.1203	1441267	1442409	+		FIG00899363: hypothetical protein	1441267	1442409
CP046176:1448826-1448838-1449547-1449559	357276.1035	Bacteroides dorei strain DSM 17855	CP046176	CDS	fig|357276.1035.peg.1211	1448064	1450520	+		DNA mismatch repair protein MutS	1448064	1450520
CP046176:1450306-1450321-1450587-1450602	357276.1035	Bacteroides dorei strain DSM 17855	CP046176	CDS	fig|357276.1035.peg.1211	1448064	1450520	+		DNA mismatch repair protein MutS	1448064	1450520
CP046176:1450306-1450321-1450587-1450602	357276.1035	Bacteroides dorei strain DSM 17855	CP046176	CDS	fig|357276.1035.peg.1212	1450525	1452081	+		putative hemagglutinin	1450525	1452081
CP046176:1468116-1468127-1468225-1468236	357276.1035	Bacteroides dorei strain DSM 17855	CP046176	CDS	fig|357276.1035.peg.1234	1467719	1468156	+		Uncharacterized protein YneG	1467719	1468156
CP046176:1468116-1468127-1468225-1468236	357276.1035	Bacteroides dorei strain DSM 17855	CP046176	CDS	fig|357276.1035.peg.1235	1468153	1468359	+		hypothetical protein	1468153	1468359
CP046176:1621121-1621132-1621403-1621414	357276.1035	Bacteroides dorei strain DSM 17855	CP046176	CDS	fig|357276.1035.peg.1393	1620016	1622769	+	metH	5-methyltetrahydrofolate--homocysteine methyltransferase (EC 2.1.1.13)	1620016	1622769
CP046176:1713283-1713297-1713405-1713419	357276.1035	Bacteroides dorei strain DSM 17855	CP046176	CDS	fig|357276.1035.peg.1486	1712373	1713989	+		Cell surface glycan-binding lipoprotein, utilization system for glycans and polysaccharides (PUL), SusD family	1712373	1713989
CP046176:1862159-1862172-1862367-1862380	357276.1035	Bacteroides dorei strain DSM 17855	CP046176	CDS	fig|357276.1035.peg.1632	1860016	1863090	+		Outer membrane TonB-dependent transporter, utilization system for glycans and polysaccharides (PUL), SusC family	1860016	1863090
CP046176:1953811-1953825-1953946-1953960	357276.1035	Bacteroides dorei strain DSM 17855	CP046176	CDS	fig|357276.1035.peg.1711	1953482	1954831	+		Small-conductance mechanosensitive channel	1953482	1954831
CP046176:195765-195779-195987-196001	357276.1035	Bacteroides dorei strain DSM 17855	CP046176	CDS	fig|357276.1035.peg.165	195643	198081	+	topA	DNA topoisomerase I (EC 5.99.1.2)	195643	198081
CP046176:206917-206934-207105-207122	357276.1035	Bacteroides dorei strain DSM 17855	CP046176	repeat_region	fig|357276.1035.repeat.5	206910	207015	+		repeat region	206910	207015
CP046176:2212593-2212604-2212745-2212756	357276.1035	Bacteroides dorei strain DSM 17855	CP046176	CDS	fig|357276.1035.peg.1934	2211489	2215472	+		Periplasmic ligand-binding sensor domain COG3292 / BaeS-type histidine kinase / OmpR-type DNA-binding response regulator	2211489	2215472
CP046176:22260-22272-22481-22493	357276.1035	Bacteroides dorei strain DSM 17855	CP046176	CDS	fig|357276.1035.peg.19	19673	22600	+		hypothetical protein	19673	22600
CP046176:2603412-2603426-2603536-2603550	357276.1035	Bacteroides dorei strain DSM 17855	CP046176	CDS	fig|357276.1035.peg.2330	2603117	2603737	+		Haloacid dehalogenase-like hydrolase	2603117	2603737
CP046176:2768150-2768163-2768405-2768418	357276.1035	Bacteroides dorei strain DSM 17855	CP046176	CDS	fig|357276.1035.peg.2482	2766236	2768545	+		putative patatin-like phospholipase	2766236	2768545
CP046176:2906182-2906195-2906389-2906402	357276.1035	Bacteroides dorei strain DSM 17855	CP046176	CDS	fig|357276.1035.peg.2609	2905947	2907803	+		Dipeptidase / Glutamine amidotransferase, class I	2905947	2907803
CP046176:2997784-2997795-2997994-2998005	357276.1035	Bacteroides dorei strain DSM 17855	CP046176	CDS	fig|357276.1035.peg.2679	2997497	2998114	+		Superoxide dismutase [Mn/Fe] (EC 1.15.1.1)	2997497	2998114
CP046176:3129809-3129820-3130100-3130111	357276.1035	Bacteroides dorei strain DSM 17855	CP046176	CDS	fig|357276.1035.peg.2805	3129484	3130701	+		N-acetyl glucosamine transporter, NagP	3129484	3130701
CP046176:3325992-3326005-3326360-3326373	357276.1035	Bacteroides dorei strain DSM 17855	CP046176	CDS	fig|357276.1035.peg.3018	3324913	3326829	+		Sialic acid-specific 9-O-acetylesterase	3324913	3326829
CP046176:3525174-3525187-3525290-3525303	357276.1035	Bacteroides dorei strain DSM 17855	CP046176	CDS	fig|357276.1035.peg.3236	3525058	3526191	+		hypothetical protein	3525058	3526191
CP046176:3538103-3538116-3538357-3538370	357276.1035	Bacteroides dorei strain DSM 17855	CP046176	CDS	fig|357276.1035.peg.3248	3537866	3538753	+	fabD	Malonyl CoA-acyl carrier protein transacylase (EC 2.3.1.39)	3537866	3538753
CP046176:4011472-4011485-4011750-4011763	357276.1035	Bacteroides dorei strain DSM 17855	CP046176	CDS	fig|357276.1035.peg.3634	4011281	4012627	+		Periplasmic beta-glucosidase	4011281	4012627
CP046176:403322-403339-403509-403526	357276.1035	Bacteroides dorei strain DSM 17855	CP046176	repeat_region	fig|357276.1035.repeat.8	403315	403420	+		repeat region	403315	403420
CP046176:4106805-4106817-4106856-4106868	357276.1035	Bacteroides dorei strain DSM 17855	CP046176	CDS	fig|357276.1035.peg.3688	4106779	4107912	+		Rhamnogalacturonides degradation protein RhiN	4106779	4107912
CP046176:4118380-4118394-4118692-4118706	357276.1035	Bacteroides dorei strain DSM 17855	CP046176	CDS	fig|357276.1035.peg.3694	4118330	4119028	+		hypothetical protein	4118330	4119028
CP046176:4119956-4119967-4120241-4120252	357276.1035	Bacteroides dorei strain DSM 17855	CP046176	CDS	fig|357276.1035.peg.3696	4119844	4121271	+		Polygalacturonase	4119844	4121271
CP046176:4171493-4171508-4172226-4172241	357276.1035	Bacteroides dorei strain DSM 17855	CP046176	CDS	fig|357276.1035.peg.3739	4171565	4171708	+		hypothetical protein	4171565	4171708
CP046176:4171493-4171508-4172226-4172241	357276.1035	Bacteroides dorei strain DSM 17855	CP046176	CDS	fig|357276.1035.peg.3740	4171887	4172327	+		hypothetical protein	4171887	4172327
CP046176:4212822-4212833-4213063-4213074	357276.1035	Bacteroides dorei strain DSM 17855	CP046176	CDS	fig|357276.1035.peg.3771	4211916	4213379	+		Efflux transport system, outer membrane factor (OMF) lipoprotein BT_3905	4211916	4213379
CP046176:4727331-4727345-4727456-4727470	357276.1035	Bacteroides dorei strain DSM 17855	CP046176	CDS	fig|357276.1035.peg.4148	4727431	4728015	+		hypothetical protein	4727431	4728015
CP046176:4949563-4949575-4949770-4949782	357276.1035	Bacteroides dorei strain DSM 17855	CP046176	CDS	fig|357276.1035.peg.4375	4946822	4951006	+		Two-component system sensor histidine kinase/response regulator hybrid	4946822	4951006
CP046176:5086485-5086497-5086605-5086617	357276.1035	Bacteroides dorei strain DSM 17855	CP046176	repeat_region	fig|357276.1035.repeat.93	5085767	5086908	+		repeat region	5085767	5086908
CP046176:5086485-5086497-5086605-5086617	357276.1035	Bacteroides dorei strain DSM 17855	CP046176	CDS	fig|357276.1035.peg.4473	5086306	5086677	+		hypothetical protein	5086306	5086677
CP046176:5137965-5137979-5138155-5138169	357276.1035	Bacteroides dorei strain DSM 17855	CP046176	CDS	fig|357276.1035.peg.4537	5135250	5140415	+		Putative DNA methylase	5135250	5140415
CP046176:5151299-5151310-5151514-5151525	357276.1035	Bacteroides dorei strain DSM 17855	CP046176	CDS	fig|357276.1035.peg.4544	5149626	5152880	+		FIG00404088: hypothetical protein	5149626	5152880
CP046176:5160234-5160247-5160573-5160586	357276.1035	Bacteroides dorei strain DSM 17855	CP046176	CDS	fig|357276.1035.peg.4553	5159932	5160249	+		Conjugative transposon protein TraE	5159932	5160249
CP046176:5160234-5160247-5160573-5160586	357276.1035	Bacteroides dorei strain DSM 17855	CP046176	CDS	fig|357276.1035.peg.4554	5160260	5160592	+		Conjugative transposon protein TraF	5160260	5160592
CP046176:5295652-5295663-5295715-5295726	357276.1035	Bacteroides dorei strain DSM 17855	CP046176	CDS	fig|357276.1035.peg.4665	5294877	5296952	+		Raffinose synthase (Sip1 seed imbibition) protein homolog	5294877	5296952
CP046176:5296409-5296420-5296604-5296615	357276.1035	Bacteroides dorei strain DSM 17855	CP046176	CDS	fig|357276.1035.peg.4665	5294877	5296952	+		Raffinose synthase (Sip1 seed imbibition) protein homolog	5294877	5296952
CP046176:5325756-5325767-5325992-5326003	357276.1035	Bacteroides dorei strain DSM 17855	CP046176	CDS	fig|357276.1035.peg.4694	5325677	5326576	+		Glycosyl transferase	5325677	5326576
CP046176:5544163-5544176-5544728-5544741	357276.1035	Bacteroides dorei strain DSM 17855	CP046176	CDS	fig|357276.1035.peg.4891	5543747	5544757	+		Putative anti-sigma factor	5543747	5544757
CP046176:5591346-5591365-5591539-5591558	357276.1035	Bacteroides dorei strain DSM 17855	CP046176	CDS	fig|357276.1035.peg.4933	5591290	5591427	+		hypothetical protein	5591290	5591427
CP046176:685163-685176-685292-685305	357276.1035	Bacteroides dorei strain DSM 17855	CP046176	CDS	fig|357276.1035.peg.567	685216	685779	+		RNA polymerase ECF-type sigma factor	685216	685779
CP046176:689874-689889-690017-690032	357276.1035	Bacteroides dorei strain DSM 17855	CP046176	CDS	fig|357276.1035.peg.569	686838	690137	+		Outer membrane TonB-dependent transporter, utilization system for glycans and polysaccharides (PUL), SusC family	686838	690137
CP046176:859673-859686-859986-859999	357276.1035	Bacteroides dorei strain DSM 17855	CP046176	CDS	fig|357276.1035.peg.703	859013	859951	+		Toxin HigB / Protein kinase domain of HipA	859013	859951
CP046176:94406-94417-94547-94558	357276.1035	Bacteroides dorei strain DSM 17855	CP046176	CDS	fig|357276.1035.peg.74	93463	95073	+		hypothetical protein	93463	95073
CP046176:96130-96143-96371-96384	357276.1035	Bacteroides dorei strain DSM 17855	CP046176	CDS	fig|357276.1035.peg.75	95371	96366	+		hypothetical protein	95371	96366
CP046176:96130-96143-96371-96384	357276.1035	Bacteroides dorei strain DSM 17855	CP046176	CDS	fig|357276.1035.peg.76	96363	97679	+		hypothetical protein	96363	97679
CP046176:999893-999904-999935-999946	357276.1035	Bacteroides dorei strain DSM 17855	CP046176	CDS	fig|357276.1035.peg.815	997420	1000503	+		CzcABC family efflux RND transporter, transmembrane protein	997420	1000503
CP046176:1218739-1218768-1218912-1218941	357276.1035	Bacteroides dorei strain DSM 17855	CP046176	-1	-1	-1	-1	+	-1	-1	-1	-1
CP046176:1380513-1380529-1380649-1380665	357276.1035	Bacteroides dorei strain DSM 17855	CP046176	-1	-1	-1	-1	+	-1	-1	-1	-1
CP046176:1631576-1631590-1631629-1631643	357276.1035	Bacteroides dorei strain DSM 17855	CP046176	-1	-1	-1	-1	+	-1	-1	-1	-1
CP046176:1923697-1923717-1923891-1923911	357276.1035	Bacteroides dorei strain DSM 17855	CP046176	-1	-1	-1	-1	+	-1	-1	-1	-1
CP046176:1930217-1930238-1930509-1930530	357276.1035	Bacteroides dorei strain DSM 17855	CP046176	-1	-1	-1	-1	+	-1	-1	-1	-1
CP046176:2199977-2199994-2200088-2200105	357276.1035	Bacteroides dorei strain DSM 17855	CP046176	-1	-1	-1	-1	+	-1	-1	-1	-1
CP046176:278604-278629-278801-278826	357276.1035	Bacteroides dorei strain DSM 17855	CP046176	-1	-1	-1	-1	+	-1	-1	-1	-1
CP046176:287507-287531-287575-287599	357276.1035	Bacteroides dorei strain DSM 17855	CP046176	-1	-1	-1	-1	+	-1	-1	-1	-1
CP046176:2945125-2945143-2945193-2945211	357276.1035	Bacteroides dorei strain DSM 17855	CP046176	-1	-1	-1	-1	+	-1	-1	-1	-1
CP046176:3592868-3592885-3592944-3592961	357276.1035	Bacteroides dorei strain DSM 17855	CP046176	-1	-1	-1	-1	+	-1	-1	-1	-1
CP046176:3657496-3657516-3657578-3657598	357276.1035	Bacteroides dorei strain DSM 17855	CP046176	-1	-1	-1	-1	+	-1	-1	-1	-1
CP046176:3691184-3691208-3691326-3691350	357276.1035	Bacteroides dorei strain DSM 17855	CP046176	-1	-1	-1	-1	+	-1	-1	-1	-1
CP046176:4256600-4256613-4256771-4256784	357276.1035	Bacteroides dorei strain DSM 17855	CP046176	-1	-1	-1	-1	+	-1	-1	-1	-1
CP046176:4410484-4410501-4410741-4410758	357276.1035	Bacteroides dorei strain DSM 17855	CP046176	-1	-1	-1	-1	+	-1	-1	-1	-1
CP046176:4610931-4610952-4611001-4611022	357276.1035	Bacteroides dorei strain DSM 17855	CP046176	-1	-1	-1	-1	+	-1	-1	-1	-1
CP046176:5391755-5391776-5392039-5392060	357276.1035	Bacteroides dorei strain DSM 17855	CP046176	-1	-1	-1	-1	+	-1	-1	-1	-1
CP046176:722604-722620-722652-722668	357276.1035	Bacteroides dorei strain DSM 17855	CP046176	-1	-1	-1	-1	+	-1	-1	-1	-1
CP046176:852128-852148-852216-852236	357276.1035	Bacteroides dorei strain DSM 17855	CP046176	-1	-1	-1	-1	+	-1	-1	-1	-1
CP046176:1033376-1033387-1033615-1033626	357276.1035	Bacteroides dorei strain DSM 17855	CP046176	CDS	fig|357276.1035.peg.843	1033377	1034519	-		hypothetical protein	1033377	1034519
CP046176:1282778-1282789-1282830-1282841	357276.1035	Bacteroides dorei strain DSM 17855	CP046176	CDS	fig|357276.1035.peg.1038	1282210	1283028	-		Transglycosylase	1282210	1283028
CP046176:1415212-1415239-1415404-1415431	357276.1035	Bacteroides dorei strain DSM 17855	CP046176	CDS	fig|357276.1035.peg.1173	1415142	1415282	-		hypothetical protein	1415142	1415282
CP046176:1746155-1746169-1746235-1746249	357276.1035	Bacteroides dorei strain DSM 17855	CP046176	CDS	fig|357276.1035.peg.1532	1745628	1746902	-		AmpG protein, beta-lactamase induction signal transducer	1745628	1746902
CP046176:1981917-1981930-1982106-1982119	357276.1035	Bacteroides dorei strain DSM 17855	CP046176	CDS	fig|357276.1035.peg.1728	1980270	1983407	-		Two-component system sensor histidine kinase	1980270	1983407
CP046176:2009256-2009269-2009312-2009325	357276.1035	Bacteroides dorei strain DSM 17855	CP046176	CDS	fig|357276.1035.peg.1756	2008555	2010384	-		hypothetical protein	2008555	2010384
CP046176:2479191-2479204-2479389-2479402	357276.1035	Bacteroides dorei strain DSM 17855	CP046176	CDS	fig|357276.1035.peg.2223	2478585	2479805	-		Mobile element protein	2478585	2479805
CP046176:2815878-2815891-2816067-2816080	357276.1035	Bacteroides dorei strain DSM 17855	CP046176	CDS	fig|357276.1035.peg.2531	2815959	2817734	-		Pyruvate:Oxaloacetate transcarboxylase domain protein / Biotin carboxyl carrier protein	2815959	2817734
CP046176:2943208-2943222-2943373-2943387	357276.1035	Bacteroides dorei strain DSM 17855	CP046176	CDS	fig|357276.1035.peg.2635	2942477	2943304	-		4-diphosphocytidyl-2-C-methyl-D-erythritol kinase (EC 2.7.1.148)	2942477	2943304
CP046176:3035701-3035714-3035928-3035941	357276.1035	Bacteroides dorei strain DSM 17855	CP046176	CDS	fig|357276.1035.peg.2714	3035470	3036660	-		Efflux ABC transporter, permease protein	3035470	3036660
CP046176:3076692-3076704-3076775-3076787	357276.1035	Bacteroides dorei strain DSM 17855	CP046176	CDS	fig|357276.1035.peg.2756	3076581	3079097	-		hypothetical protein	3076581	3079097
CP046176:3089422-3089434-3089546-3089558	357276.1035	Bacteroides dorei strain DSM 17855	CP046176	CDS	fig|357276.1035.peg.2767	3088903	3092337	-		Proline dehydrogenase (EC 1.5.5.2) / Delta-1-pyrroline-5-carboxylate dehydrogenase (EC 1.2.1.88)	3088903	3092337
CP046176:3633000-3633061-3633326-3633387	357276.1035	Bacteroides dorei strain DSM 17855	CP046176	CDS	fig|357276.1035.peg.3334	3633224	3633394	-		hypothetical protein	3633224	3633394
CP046176:3645762-3645775-3646299-3646312	357276.1035	Bacteroides dorei strain DSM 17855	CP046176	CDS	fig|357276.1035.peg.3347	3645539	3646861	-		Two-component system response regulator protein	3645539	3646861
CP046176:3738109-3738122-3738324-3738337	357276.1035	Bacteroides dorei strain DSM 17855	CP046176	CDS	fig|357276.1035.peg.3415	3737085	3738170	-		hypothetical protein	3737085	3738170
CP046176:3738109-3738122-3738324-3738337	357276.1035	Bacteroides dorei strain DSM 17855	CP046176	CDS	fig|357276.1035.peg.3416	3738208	3738477	-		hypothetical protein	3738208	3738477
CP046176:4005938-4005952-4006078-4006092	357276.1035	Bacteroides dorei strain DSM 17855	CP046176	CDS	fig|357276.1035.peg.3631	4003745	4006558	-		DNA-binding response regulator, AraC family	4003745	4006558
CP046176:4015961-4015972-4016143-4016154	357276.1035	Bacteroides dorei strain DSM 17855	CP046176	CDS	fig|357276.1035.peg.3638	4015606	4017558	-		Two-component system sensor histidine kinase/response regulator hybrid	4015606	4017558
CP046176:4017500-4017511-4018080-4018091	357276.1035	Bacteroides dorei strain DSM 17855	CP046176	CDS	fig|357276.1035.peg.3638	4015606	4017558	-		Two-component system sensor histidine kinase/response regulator hybrid	4015606	4017558
CP046176:4017500-4017511-4018080-4018091	357276.1035	Bacteroides dorei strain DSM 17855	CP046176	tRNA	fig|357276.1035.rna.73	4017731	4017804	-		tRNA-Met	4017731	4017804
CP046176:4017500-4017511-4018080-4018091	357276.1035	Bacteroides dorei strain DSM 17855	CP046176	tRNA	fig|357276.1035.rna.74	4017863	4017939	-		tRNA-Met-CAT	4017863	4017939
CP046176:4035872-4035885-4036166-4036179	357276.1035	Bacteroides dorei strain DSM 17855	CP046176	CDS	fig|357276.1035.peg.3652	4035326	4037233	-		Rhamnogalacturonan endolyase (EC 4.2.2.23)	4035326	4037233
CP046176:4126888-4126902-4127054-4127068	357276.1035	Bacteroides dorei strain DSM 17855	CP046176	CDS	fig|357276.1035.peg.3704	4126696	4127085	-		L-fucose mutarotase (EC 5.1.3.29)	4126696	4127085
CP046176:4133945-4133957-4133995-4134007	357276.1035	Bacteroides dorei strain DSM 17855	CP046176	CDS	fig|357276.1035.peg.3711	4133942	4134043	-		hypothetical protein	4133942	4134043
CP046176:4156825-4156838-4157156-4157169	357276.1035	Bacteroides dorei strain DSM 17855	CP046176	CDS	fig|357276.1035.peg.3730	4154644	4157715	-		Outer membrane TonB-dependent transporter, utilization system for glycans and polysaccharides (PUL), SusC family	4154644	4157715
CP046176:4434829-4434842-4434960-4434973	357276.1035	Bacteroides dorei strain DSM 17855	CP046176	CDS	fig|357276.1035.peg.3940	4434704	4436260	-		Transporter, sodium/sulfate symporter family	4434704	4436260
CP046176:4478105-4478119-4478280-4478294	357276.1035	Bacteroides dorei strain DSM 17855	CP046176	CDS	fig|357276.1035.peg.3980	4477800	4479896	-	recG	ATP-dependent DNA helicase RecG (EC 3.6.4.12)	4477800	4479896
CP046176:4555272-4555283-4555449-4555460	357276.1035	Bacteroides dorei strain DSM 17855	CP046176	CDS	fig|357276.1035.peg.4024	4555063	4556361	-	murF	UDP-N-acetylmuramoyl-tripeptide--D-alanyl-D-alanine ligase (EC 6.3.2.10)	4555063	4556361
CP046176:4617334-4617345-4617520-4617531	357276.1035	Bacteroides dorei strain DSM 17855	CP046176	CDS	fig|357276.1035.peg.4070	4616402	4618387	-		Cell surface glycan-binding lipoprotein, utilization system for glycans and polysaccharides (PUL), SusD family	4616402	4618387
CP046176:4716280-4716293-4716448-4716461	357276.1035	Bacteroides dorei strain DSM 17855	CP046176	CDS	fig|357276.1035.peg.4138	4716248	4717240	-		Putative anti-sigma factor	4716248	4717240
CP046176:4745230-4745249-4745428-4745447	357276.1035	Bacteroides dorei strain DSM 17855	CP046176	CDS	fig|357276.1035.peg.4174	4743822	4745636	-		DNA topoisomerase III, Bacteroidales-type (EC 5.99.1.2)	4743822	4745636
CP046176:4760461-4760480-4760560-4760579	357276.1035	Bacteroides dorei strain DSM 17855	CP046176	CDS	fig|357276.1035.peg.4190	4759861	4764189	-		T6SS PAAR-repeat protein / RhaS protein	4759861	4764189
CP046176:4911036-4911049-4911111-4911124	357276.1035	Bacteroides dorei strain DSM 17855	CP046176	CDS	fig|357276.1035.peg.4340	4910958	4911689	-	rpsC	SSU ribosomal protein S3p (S3e)	4910958	4911689
CP046176:4971635-4971649-4971779-4971793	357276.1035	Bacteroides dorei strain DSM 17855	CP046176	CDS	fig|357276.1035.peg.4387	4969096	4973136	-		Periplasmic ligand-binding sensor domain COG3292 / BaeS-type histidine kinase / OmpR-type DNA-binding response regulator	4969096	4973136
CP046176:5022956-5022967-5023152-5023163	357276.1035	Bacteroides dorei strain DSM 17855	CP046176	CDS	fig|357276.1035.peg.4413	5020591	5023218	-		beta-galactosidase (EC 3.2.1.23)	5020591	5023218
CP046176:5180741-5180754-5181074-5181087	357276.1035	Bacteroides dorei strain DSM 17855	CP046176	CDS	fig|357276.1035.peg.4585	5179154	5181979	-		hypothetical protein	5179154	5181979
CP046176:5187066-5187077-5187144-5187155	357276.1035	Bacteroides dorei strain DSM 17855	CP046176	CDS	fig|357276.1035.peg.4591	5186945	5188405	-		Immunoreactive 53 kDa antigen PG123	5186945	5188405
CP046176:5272945-5272958-5273390-5273403	357276.1035	Bacteroides dorei strain DSM 17855	CP046176	CDS	fig|357276.1035.peg.4653	5272415	5274838	-		Two-component system sensor histidine kinase	5272415	5274838
CP046176:5508491-5508507-5508693-5508709	357276.1035	Bacteroides dorei strain DSM 17855	CP046176	CDS	fig|357276.1035.peg.4855	5508433	5508672	-		hypothetical protein	5508433	5508672
CP046176:562294-562307-562539-562552	357276.1035	Bacteroides dorei strain DSM 17855	CP046176	CDS	fig|357276.1035.peg.500	561855	562931	-	nuoH	NADH-ubiquinone oxidoreductase chain H (EC 1.6.5.3)	561855	562931
CP072255:1065564-1065577-1065629-1065642	997890.6	Bacteroides uniformis CL03T12C37	CP072255	repeat_region	fig|997890.6.repeat.10	1065489	1067096	+		repeat region	1065489	1067096
CP072255:1093572-1093585-1093637-1093650	997890.6	Bacteroides uniformis CL03T12C37	CP072255	repeat_region	fig|997890.6.repeat.12	1093498	1096345	+		repeat region	1093498	1096345
CP072255:1118835-1118858-1118908-1118931	997890.6	Bacteroides uniformis CL03T12C37	CP072255	repeat_region	fig|997890.6.repeat.13	1118823	1118951	+		repeat region	1118823	1118951
CP072255:1205615-1205628-1205680-1205693	997890.6	Bacteroides uniformis CL03T12C37	CP072255	repeat_region	fig|997890.6.repeat.14	1204160	1205765	+		repeat region	1204160	1205765
CP072255:1364315-1364328-1364380-1364393	997890.6	Bacteroides uniformis CL03T12C37	CP072255	repeat_region	fig|997890.6.repeat.15	1364246	1365844	+		repeat region	1364246	1365844
CP072255:1420616-1420627-1421083-1421094	997890.6	Bacteroides uniformis CL03T12C37	CP072255	CDS	fig|997890.6.peg.1297	1420428	1421450	+	pseB	UDP-N-acetylglucosamine 4,6-dehydratase (inverting) (EC 4.2.1.115)	1420428	1421450
CP072255:149183-149196-149248-149261	997890.6	Bacteroides uniformis CL03T12C37	CP072255	repeat_region	fig|997890.6.repeat.1	149105	150716	+		repeat region	149105	150716
CP072255:1577898-1577911-1577963-1577976	997890.6	Bacteroides uniformis CL03T12C37	CP072255	repeat_region	fig|997890.6.repeat.18	1576446	1578053	+		repeat region	1576446	1578053
CP072255:1646398-1646411-1646463-1646476	997890.6	Bacteroides uniformis CL03T12C37	CP072255	repeat_region	fig|997890.6.repeat.19	1644943	1646554	+		repeat region	1644943	1646554
CP072255:1772148-1772161-1772213-1772226	997890.6	Bacteroides uniformis CL03T12C37	CP072255	repeat_region	fig|997890.6.repeat.22	1772078	1773677	+		repeat region	1772078	1773677
CP072255:1864727-1864740-1865031-1865044	997890.6	Bacteroides uniformis CL03T12C37	CP072255	CDS	fig|997890.6.peg.1737	1864996	1866177	+		Outer membrane protein/protective antigen OMA87	1864996	1866177
CP072255:1911006-1911019-1911071-1911084	997890.6	Bacteroides uniformis CL03T12C37	CP072255	repeat_region	fig|997890.6.repeat.24	1910935	1912539	+		repeat region	1910935	1912539
CP072255:1932177-1932190-1932288-1932301	997890.6	Bacteroides uniformis CL03T12C37	CP072255	CDS	fig|997890.6.peg.1796	1931313	1932407	+		GTP cyclohydrolase 1 type 2 homolog YbgI	1931313	1932407
CP072255:2142471-2142495-2142552-2142576	997890.6	Bacteroides uniformis CL03T12C37	CP072255	CDS	fig|997890.6.peg.1974	2142400	2142588	+		hypothetical protein	2142400	2142588
CP072255:2175805-2175818-2175870-2175883	997890.6	Bacteroides uniformis CL03T12C37	CP072255	repeat_region	fig|997890.6.repeat.28	2174353	2175958	+		repeat region	2174353	2175958
CP072255:222006-222020-222172-222186	997890.6	Bacteroides uniformis CL03T12C37	CP072255	CDS	fig|997890.6.peg.187	221221	222111	+		Signal peptidase I (EC 3.4.21.89)	221221	222111
CP072255:222006-222020-222172-222186	997890.6	Bacteroides uniformis CL03T12C37	CP072255	CDS	fig|997890.6.peg.188	222113	224032	+		hypothetical protein	222113	224032
CP072255:2243979-2243992-2244248-2244261	997890.6	Bacteroides uniformis CL03T12C37	CP072255	CDS	fig|997890.6.peg.2069	2243643	2244572	+		hypothetical protein	2243643	2244572
CP072255:2268692-2268705-2268757-2268770	997890.6	Bacteroides uniformis CL03T12C37	CP072255	repeat_region	fig|997890.6.repeat.29	2267236	2268845	+		repeat region	2267236	2268845
CP072255:2322534-2322547-2322599-2322612	997890.6	Bacteroides uniformis CL03T12C37	CP072255	repeat_region	fig|997890.6.repeat.31	2321083	2322681	+		repeat region	2321083	2322681
CP072255:232823-232836-233034-233047	997890.6	Bacteroides uniformis CL03T12C37	CP072255	CDS	fig|997890.6.peg.193	232077	233549	+		Efflux transport system, outer membrane factor (OMF) lipoprotein	232077	233549
CP072255:2388010-2388023-2388075-2388088	997890.6	Bacteroides uniformis CL03T12C37	CP072255	repeat_region	fig|997890.6.repeat.32	2386550	2388161	+		repeat region	2386550	2388161
CP072255:275656-275669-275818-275831	997890.6	Bacteroides uniformis CL03T12C37	CP072255	CDS	fig|997890.6.peg.228	275436	276152	+		FIG00896915: hypothetical protein	275436	276152
CP072255:2947095-2947108-2947160-2947173	997890.6	Bacteroides uniformis CL03T12C37	CP072255	repeat_region	fig|997890.6.repeat.39	2945642	2947249	+		repeat region	2945642	2947249
CP072255:2981967-2981983-2982119-2982135	997890.6	Bacteroides uniformis CL03T12C37	CP072255	CDS	fig|997890.6.peg.2764	2980837	2982471	+		Bis-ABC ATPase YheS.2	2980837	2982471
CP072255:3001569-3001582-3001634-3001647	997890.6	Bacteroides uniformis CL03T12C37	CP072255	repeat_region	fig|997890.6.repeat.40	3000116	3001722	+		repeat region	3000116	3001722
CP072255:3067677-3067688-3067987-3067998	997890.6	Bacteroides uniformis CL03T12C37	CP072255	CDS	fig|997890.6.peg.2842	3067607	3068578	+		Uncharacterized glycosyltransferase YkoT	3067607	3068578
CP072255:3180190-3180203-3180255-3180268	997890.6	Bacteroides uniformis CL03T12C37	CP072255	repeat_region	fig|997890.6.repeat.42	3178735	3180343	+		repeat region	3178735	3180343
CP072255:320371-320384-320436-320449	997890.6	Bacteroides uniformis CL03T12C37	CP072255	repeat_region	fig|997890.6.repeat.2	320297	321906	+		repeat region	320297	321906
CP072255:3216304-3216315-3216669-3216680	997890.6	Bacteroides uniformis CL03T12C37	CP072255	CDS	fig|997890.6.peg.2959	3216030	3216803	+		Prephenate and/or arogenate dehydrogenase (unknown specificity) (EC 1.3.1.12)(EC 1.3.1.43)	3216030	3216803
CP072255:3270098-3270111-3270163-3270176	997890.6	Bacteroides uniformis CL03T12C37	CP072255	repeat_region	fig|997890.6.repeat.43	3270021	3273206	+		repeat region	3270021	3273206
CP072255:3271672-3271685-3271737-3271750	997890.6	Bacteroides uniformis CL03T12C37	CP072255	repeat_region	fig|997890.6.repeat.43	3270021	3273206	+		repeat region	3270021	3273206
CP072255:3427676-3427689-3427741-3427754	997890.6	Bacteroides uniformis CL03T12C37	CP072255	repeat_region	fig|997890.6.repeat.48	3426218	3427824	+		repeat region	3426218	3427824
CP072255:349025-349036-349284-349295	997890.6	Bacteroides uniformis CL03T12C37	CP072255	CDS	fig|997890.6.peg.296	348718	349188	+	msrC	Free methionine-(R)-sulfoxide reductase, contains GAF domain	348718	349188
CP072255:349025-349036-349284-349295	997890.6	Bacteroides uniformis CL03T12C37	CP072255	CDS	fig|997890.6.peg.297	349185	349844	+		hypothetical protein	349185	349844
CP072255:3607730-3607743-3607795-3607808	997890.6	Bacteroides uniformis CL03T12C37	CP072255	repeat_region	fig|997890.6.repeat.52	3606280	3607879	+		repeat region	3606280	3607879
CP072255:3624520-3624533-3624585-3624598	997890.6	Bacteroides uniformis CL03T12C37	CP072255	repeat_region	fig|997890.6.repeat.53	3624450	3626050	+		repeat region	3624450	3626050
CP072255:364333-364346-364398-364411	997890.6	Bacteroides uniformis CL03T12C37	CP072255	repeat_region	fig|997890.6.repeat.3	364262	365866	+		repeat region	364262	365866
CP072255:3728892-3728905-3729243-3729256	997890.6	Bacteroides uniformis CL03T12C37	CP072255	CDS	fig|997890.6.peg.3349	3728081	3729394	+		Cell division protein FtsZ	3728081	3729394
CP072255:3793722-3793735-3793787-3793800	997890.6	Bacteroides uniformis CL03T12C37	CP072255	repeat_region	fig|997890.6.repeat.54	3792268	3793877	+		repeat region	3792268	3793877
CP072255:3820117-3820137-3820487-3820507	997890.6	Bacteroides uniformis CL03T12C37	CP072255	CDS	fig|997890.6.peg.3421	3819152	3820285	+		Modification methylase EcoRI (EC 2.1.1.72)	3819152	3820285
CP072255:3883192-3883205-3883608-3883621	997890.6	Bacteroides uniformis CL03T12C37	CP072255	CDS	fig|997890.6.peg.3467	3883256	3883423	+		FIG00418218: hypothetical protein	3883256	3883423
CP072255:3883192-3883205-3883608-3883621	997890.6	Bacteroides uniformis CL03T12C37	CP072255	CDS	fig|997890.6.peg.3468	3883534	3886902	+	susC_13	Outer membrane TonB-dependent transporter, utilization system for glycans and polysaccharides (PUL), SusC family	3883534	3886902
CP072255:4015272-4015285-4015337-4015350	997890.6	Bacteroides uniformis CL03T12C37	CP072255	repeat_region	fig|997890.6.repeat.56	4015194	4016809	+		repeat region	4015194	4016809
CP072255:4179563-4179574-4179696-4179707	997890.6	Bacteroides uniformis CL03T12C37	CP072255	CDS	fig|997890.6.peg.3742	4177739	4179658	+		hypothetical protein	4177739	4179658
CP072255:4462199-4462212-4462264-4462277	997890.6	Bacteroides uniformis CL03T12C37	CP072255	repeat_region	fig|997890.6.repeat.57	4460748	4462348	+		repeat region	4460748	4462348
CP072255:4466909-4466922-4466974-4466987	997890.6	Bacteroides uniformis CL03T12C37	CP072255	repeat_region	fig|997890.6.repeat.58	4465454	4468640	+		repeat region	4465454	4468640
CP072255:4468483-4468496-4468548-4468561	997890.6	Bacteroides uniformis CL03T12C37	CP072255	repeat_region	fig|997890.6.repeat.58	4465454	4468640	+		repeat region	4465454	4468640
CP072255:4515947-4515960-4516012-4516025	997890.6	Bacteroides uniformis CL03T12C37	CP072255	repeat_region	fig|997890.6.repeat.59	4515873	4517477	+		repeat region	4515873	4517477
CP072255:4576098-4576111-4576169-4576182	997890.6	Bacteroides uniformis CL03T12C37	CP072255	CDS	fig|997890.6.peg.4025	4575033	4577003	+		hypothetical protein	4575033	4577003
CP072255:458502-458515-459043-459056	997890.6	Bacteroides uniformis CL03T12C37	CP072255	CDS	fig|997890.6.peg.390	458306	460333	+		Dipeptidyl-peptidase III (EC 3.4.14.4)	458306	460333
CP072255:4753973-4753986-4754038-4754051	997890.6	Bacteroides uniformis CL03T12C37	CP072255	repeat_region	fig|997890.6.repeat.68	4752513	4754124	+		repeat region	4752513	4754124
CP072255:4823443-4823457-4823558-4823572	997890.6	Bacteroides uniformis CL03T12C37	CP072255	CDS	fig|997890.6.peg.4233	4823084	4823626	+	csh	Carbonic anhydrase, beta class (EC 4.2.1.1)	4823084	4823626
CP072255:742534-742547-742599-742612	997890.6	Bacteroides uniformis CL03T12C37	CP072255	repeat_region	fig|997890.6.repeat.6	742456	745638	+		repeat region	742456	745638
CP072255:744108-744121-744173-744186	997890.6	Bacteroides uniformis CL03T12C37	CP072255	repeat_region	fig|997890.6.repeat.6	742456	745638	+		repeat region	742456	745638
CP072255:913114-913127-913179-913192	997890.6	Bacteroides uniformis CL03T12C37	CP072255	repeat_region	fig|997890.6.repeat.8	913040	914645	+		repeat region	913040	914645
CP072255:934809-934828-935112-935131	997890.6	Bacteroides uniformis CL03T12C37	CP072255	CDS	fig|997890.6.peg.824	934785	934916	+		hypothetical protein	934785	934916
CP072255:934809-934828-935112-935131	997890.6	Bacteroides uniformis CL03T12C37	CP072255	CDS	fig|997890.6.peg.825	934929	937397	+		Polysialic acid transport protein KpsD precursor	934929	937397
CP072255:937660-937680-938181-938201	997890.6	Bacteroides uniformis CL03T12C37	CP072255	CDS	fig|997890.6.peg.826	937406	938512	+		putative protein involved in capsular polysaccharide biosynthesis	937406	938512
CP072255:1140788-1140823-1140895-1140930	997890.6	Bacteroides uniformis CL03T12C37	CP072255	-1	-1	-1	-1	+	-1	-1	-1	-1
CP072255:1184576-1184607-1184780-1184811	997890.6	Bacteroides uniformis CL03T12C37	CP072255	-1	-1	-1	-1	+	-1	-1	-1	-1
CP072255:1505103-1505122-1505362-1505381	997890.6	Bacteroides uniformis CL03T12C37	CP072255	-1	-1	-1	-1	+	-1	-1	-1	-1
CP072255:1615249-1615261-1615339-1615351	997890.6	Bacteroides uniformis CL03T12C37	CP072255	-1	-1	-1	-1	+	-1	-1	-1	-1
CP072255:1618825-1618845-1618997-1619017	997890.6	Bacteroides uniformis CL03T12C37	CP072255	-1	-1	-1	-1	+	-1	-1	-1	-1
CP072255:1733265-1733283-1733333-1733351	997890.6	Bacteroides uniformis CL03T12C37	CP072255	-1	-1	-1	-1	+	-1	-1	-1	-1
CP072255:2049913-2049940-2050016-2050043	997890.6	Bacteroides uniformis CL03T12C37	CP072255	-1	-1	-1	-1	+	-1	-1	-1	-1
CP072255:2402703-2402724-2402897-2402918	997890.6	Bacteroides uniformis CL03T12C37	CP072255	-1	-1	-1	-1	+	-1	-1	-1	-1
CP072255:2457687-2457703-2457787-2457803	997890.6	Bacteroides uniformis CL03T12C37	CP072255	-1	-1	-1	-1	+	-1	-1	-1	-1
CP072255:2685522-2685545-2685595-2685618	997890.6	Bacteroides uniformis CL03T12C37	CP072255	-1	-1	-1	-1	+	-1	-1	-1	-1
CP072255:288865-288884-288916-288935	997890.6	Bacteroides uniformis CL03T12C37	CP072255	-1	-1	-1	-1	+	-1	-1	-1	-1
CP072255:2921787-2921805-2921860-2921878	997890.6	Bacteroides uniformis CL03T12C37	CP072255	-1	-1	-1	-1	+	-1	-1	-1	-1
CP072255:3181233-3181275-3181343-3181385	997890.6	Bacteroides uniformis CL03T12C37	CP072255	-1	-1	-1	-1	+	-1	-1	-1	-1
CP072255:3593497-3593533-3593568-3593604	997890.6	Bacteroides uniformis CL03T12C37	CP072255	-1	-1	-1	-1	+	-1	-1	-1	-1
CP072255:3888655-3888687-3888727-3888759	997890.6	Bacteroides uniformis CL03T12C37	CP072255	-1	-1	-1	-1	+	-1	-1	-1	-1
CP072255:3914191-3914207-3914283-3914299	997890.6	Bacteroides uniformis CL03T12C37	CP072255	-1	-1	-1	-1	+	-1	-1	-1	-1
CP072255:3947302-3947321-3947353-3947372	997890.6	Bacteroides uniformis CL03T12C37	CP072255	-1	-1	-1	-1	+	-1	-1	-1	-1
CP072255:4197279-4197308-4197340-4197369	997890.6	Bacteroides uniformis CL03T12C37	CP072255	-1	-1	-1	-1	+	-1	-1	-1	-1
CP072255:4524633-4524665-4524709-4524741	997890.6	Bacteroides uniformis CL03T12C37	CP072255	-1	-1	-1	-1	+	-1	-1	-1	-1
CP072255:4605575-4605591-4605714-4605730	997890.6	Bacteroides uniformis CL03T12C37	CP072255	-1	-1	-1	-1	+	-1	-1	-1	-1
CP072255:4787472-4787486-4787547-4787561	997890.6	Bacteroides uniformis CL03T12C37	CP072255	-1	-1	-1	-1	+	-1	-1	-1	-1
CP072255:985544-985566-985849-985871	997890.6	Bacteroides uniformis CL03T12C37	CP072255	-1	-1	-1	-1	+	-1	-1	-1	-1
CP072255:1693910-1693923-1693959-1693972	997890.6	Bacteroides uniformis CL03T12C37	CP072255	CDS	fig|997890.6.peg.1569	1693781	1694104	-		hypothetical protein	1693781	1694104
CP072255:1823653-1823666-1823825-1823838	997890.6	Bacteroides uniformis CL03T12C37	CP072255	CDS	fig|997890.6.peg.1697	1823292	1825301	-	glgB	1,4-alpha-glucan (glycogen) branching enzyme, GH-13-type (EC 2.4.1.18)	1823292	1825301
CP072255:1864727-1864740-1865031-1865044	997890.6	Bacteroides uniformis CL03T12C37	CP072255	CDS	fig|997890.6.peg.1736	1863489	1864763	-		NADH dehydrogenase (EC 1.6.99.3)	1863489	1864763
CP072255:1930623-1930634-1930730-1930741	997890.6	Bacteroides uniformis CL03T12C37	CP072255	CDS	fig|997890.6.peg.1795	1930348	1931124	-		hypothetical protein	1930348	1931124
CP072255:2705693-2705706-2705777-2705790	997890.6	Bacteroides uniformis CL03T12C37	CP072255	CDS	fig|997890.6.peg.2545	2704322	2707609	-		Outer membrane TonB-dependent transporter, utilization system for glycans and polysaccharides (PUL), SusC family	2704322	2707609
CP072255:2918179-2918190-2918498-2918509	997890.6	Bacteroides uniformis CL03T12C37	CP072255	CDS	fig|997890.6.peg.2719	2916364	2918568	-		Protein O-GlcNAcase (EC 3.2.1.169)	2916364	2918568
CP072255:3122812-3122825-3122988-3123001	997890.6	Bacteroides uniformis CL03T12C37	CP072255	CDS	fig|997890.6.peg.2891	3121982	3126118	-		Periplasmic ligand-binding sensor domain COG3292 / BaeS-type histidine kinase / OmpR-type DNA-binding response regulator	3121982	3126118
CP072255:3172548-3172561-3172847-3172860	997890.6	Bacteroides uniformis CL03T12C37	CP072255	CDS	fig|997890.6.peg.2925	3172096	3173451	-	alsT_2	Sodium:alanine symporter	3172096	3173451
CP072255:3735174-3735185-3735308-3735319	997890.6	Bacteroides uniformis CL03T12C37	CP072255	CDS	fig|997890.6.peg.3355	3734606	3736120	-	gpmI	2,3-bisphosphoglycerate-independent phosphoglycerate mutase (EC 5.4.2.12)	3734606	3736120
CP072255:3786727-3786741-3787082-3787096	997890.6	Bacteroides uniformis CL03T12C37	CP072255	CDS	fig|997890.6.peg.3399	3786484	3788211	-		Arabinan endo-1,5-alpha-L-arabinosidase A	3786484	3788211
CP072255:3820117-3820137-3820487-3820507	997890.6	Bacteroides uniformis CL03T12C37	CP072255	CDS	fig|997890.6.peg.3422	3820280	3820516	-		Modification methylase EcoRI (EC 2.1.1.72)	3820280	3820516
CP072255:3923625-3923638-3923875-3923888	997890.6	Bacteroides uniformis CL03T12C37	CP072255	CDS	fig|997890.6.peg.3502	3923063	3924082	-		two-component sensor kinase	3923063	3924082
CP072255:427324-427337-427514-427527	997890.6	Bacteroides uniformis CL03T12C37	CP072255	CDS	fig|997890.6.peg.362	427167	428084	-	miaA_2	tRNA dimethylallyltransferase (EC 2.5.1.75)	427167	428084
CP072255:4341914-4341927-4342228-4342241	997890.6	Bacteroides uniformis CL03T12C37	CP072255	CDS	fig|997890.6.peg.3852	4341572	4342954	-		FIG00415543: hypothetical protein	4341572	4342954
CP072255:4491488-4491499-4491534-4491545	997890.6	Bacteroides uniformis CL03T12C37	CP072255	CDS	fig|997890.6.peg.3964	4488891	4492937	-		Periplasmic ligand-binding sensor domain COG3292 / BaeS-type histidine kinase / OmpR-type DNA-binding response regulator	4488891	4492937
CP072255:4561357-4561377-4561870-4561890	997890.6	Bacteroides uniformis CL03T12C37	CP072255	CDS	fig|997890.6.peg.4012	4560640	4561581	-		hypothetical protein	4560640	4561581
CP072255:4561357-4561377-4561870-4561890	997890.6	Bacteroides uniformis CL03T12C37	CP072255	CDS	fig|997890.6.peg.4013	4561587	4562204	-		hypothetical protein	4561587	4562204
CP072255:4689354-4689367-4689531-4689544	997890.6	Bacteroides uniformis CL03T12C37	CP072255	CDS	fig|997890.6.peg.4125	4688229	4690127	-		MutS-related protein, family 1	4688229	4690127
CP072255:557430-557444-557552-557566	997890.6	Bacteroides uniformis CL03T12C37	CP072255	CDS	fig|997890.6.peg.483	556861	558477	-	susD_1	Cell surface glycan-binding lipoprotein, utilization system for glycans and polysaccharides (PUL), SusD family	556861	558477
CP072255:821771-821784-821932-821945	997890.6	Bacteroides uniformis CL03T12C37	CP072255	CDS	fig|997890.6.peg.718	821599	821895	-		Thioredoxin	821599	821895
CP072258:1035013-1035032-1035381-1035400	997873.77	Bacteroides caccae CL03T12C61	CP072258	CDS	fig|997873.77.peg.938	1035109	1035240	+		Modification methylase EcoRI (EC 2.1.1.72)	1035109	1035240
CP072258:1085613-1085624-1085717-1085728	997873.77	Bacteroides caccae CL03T12C61	CP072258	repeat_region	fig|997873.77.repeat.22	1084395	1086237	+		repeat region	1084395	1086237
CP072258:1199625-1199636-1199729-1199740	997873.77	Bacteroides caccae CL03T12C61	CP072258	repeat_region	fig|997873.77.repeat.23	1199112	1200962	+		repeat region	1199112	1200962
CP072258:1199625-1199636-1199729-1199740	997873.77	Bacteroides caccae CL03T12C61	CP072258	CDS	fig|997873.77.peg.1046	1199417	1200889	+		ISNCY family transposase	1199417	1200889
CP072258:1247170-1247181-1247521-1247532	997873.77	Bacteroides caccae CL03T12C61	CP072258	CDS	fig|997873.77.peg.1097	1246385	1247188	+	kduD	2-dehydro-3-deoxy-D-gluconate 5-dehydrogenase (EC 1.1.1.127) @ 2-deoxy-D-gluconate 3-dehydrogenase (EC 1.1.1.125)	1246385	1247188
CP072258:1247170-1247181-1247521-1247532	997873.77	Bacteroides caccae CL03T12C61	CP072258	CDS	fig|997873.77.peg.1098	1247283	1248524	+		hypothetical protein	1247283	1248524
CP072258:1311516-1311527-1311620-1311631	997873.77	Bacteroides caccae CL03T12C61	CP072258	repeat_region	fig|997873.77.repeat.30	1310297	1312145	+		repeat region	1310297	1312145
CP072258:2112694-2112705-2113022-2113033	997873.77	Bacteroides caccae CL03T12C61	CP072258	CDS	fig|997873.77.peg.1799	2112200	2113096	+		Transcriptional regulator, AraC family	2112200	2113096
CP072258:2769157-2769170-2769275-2769288	997873.77	Bacteroides caccae CL03T12C61	CP072258	CDS	fig|997873.77.peg.2374	2769153	2770100	+		Putative anti-sigma factor	2769153	2770100
CP072258:284855-284868-285233-285246	997873.77	Bacteroides caccae CL03T12C61	CP072258	CDS	fig|997873.77.peg.240	284893	285849	+	pta_1	Branched-chain phosphotransacylase (EC 2.3.1.- )	284893	285849
CP072258:2932445-2932458-2932558-2932571	997873.77	Bacteroides caccae CL03T12C61	CP072258	CDS	fig|997873.77.peg.2526	2932229	2933314	+	gcvT	Aminomethyltransferase (glycine cleavage system T protein) (EC 2.1.2.10)	2932229	2933314
CP072258:304684-304696-304797-304809	997873.77	Bacteroides caccae CL03T12C61	CP072258	CDS	fig|997873.77.peg.264	304703	304822	+		hypothetical protein	304703	304822
CP072258:3147375-3147387-3147487-3147499	997873.77	Bacteroides caccae CL03T12C61	CP072258	repeat_region	fig|997873.77.repeat.58	3145910	3149432	+		repeat region	3145910	3149432
CP072258:323008-323020-323120-323132	997873.77	Bacteroides caccae CL03T12C61	CP072258	repeat_region	fig|997873.77.repeat.8	321508	325039	+		repeat region	321508	325039
CP072258:3261744-3261755-3262058-3262069	997873.77	Bacteroides caccae CL03T12C61	CP072258	CDS	fig|997873.77.peg.2856	3261842	3262273	+	perR	Peroxide stress regulator; Ferric uptake regulation protein; Fe2+/Zn2+ uptake regulation proteins	3261842	3262273
CP072258:3354811-3354823-3354923-3354935	997873.77	Bacteroides caccae CL03T12C61	CP072258	repeat_region	fig|997873.77.repeat.61	3352900	3356436	+		repeat region	3352900	3356436
CP072258:3354811-3354823-3354923-3354935	997873.77	Bacteroides caccae CL03T12C61	CP072258	CDS	fig|997873.77.peg.2939	3354279	3355277	+		Integrase/recombinase, RitB	3354279	3355277
CP072258:3644994-3645007-3645582-3645595	997873.77	Bacteroides caccae CL03T12C61	CP072258	CDS	fig|997873.77.peg.3193	3644717	3646381	+	dtpA	Di-tripeptide/cation symporter	3644717	3646381
CP072258:4376954-4376974-4377222-4377242	997873.77	Bacteroides caccae CL03T12C61	CP072258	CDS	fig|997873.77.peg.3907	4377102	4377236	+		hypothetical protein	4377102	4377236
CP072258:4564817-4564839-4565088-4565110	997873.77	Bacteroides caccae CL03T12C61	CP072258	CDS	fig|997873.77.peg.4073	4564842	4564964	+		hypothetical protein	4564842	4564964
CP072258:4574600-4574613-4574666-4574679	997873.77	Bacteroides caccae CL03T12C61	CP072258	CDS	fig|997873.77.peg.4085	4574396	4574851	+		FIG00899057: hypothetical protein	4574396	4574851
CP072258:4922068-4922079-4922172-4922183	997873.77	Bacteroides caccae CL03T12C61	CP072258	repeat_region	fig|997873.77.repeat.83	4921559	4923401	+		repeat region	4921559	4923401
CP072258:4922068-4922079-4922172-4922183	997873.77	Bacteroides caccae CL03T12C61	CP072258	CDS	fig|997873.77.peg.4419	4921860	4923332	+		ISNCY family transposase	4921860	4923332
CP072258:5115012-5115023-5115116-5115127	997873.77	Bacteroides caccae CL03T12C61	CP072258	repeat_region	fig|997873.77.repeat.84	5113794	5115637	+		repeat region	5113794	5115637
CP072258:5289269-5289281-5289436-5289448	997873.77	Bacteroides caccae CL03T12C61	CP072258	CDS	fig|997873.77.peg.4712	5288713	5289594	+		hypothetical protein	5288713	5289594
CP072258:5298174-5298185-5298278-5298289	997873.77	Bacteroides caccae CL03T12C61	CP072258	repeat_region	fig|997873.77.repeat.91	5296953	5298798	+		repeat region	5296953	5298798
CP072258:547255-547284-547396-547425	997873.77	Bacteroides caccae CL03T12C61	CP072258	repeat_region	fig|997873.77.repeat.12	547229	547424	+		repeat region	547229	547424
CP072258:693925-693937-694037-694049	997873.77	Bacteroides caccae CL03T12C61	CP072258	repeat_region	fig|997873.77.repeat.15	691993	695517	+		repeat region	691993	695517
CP072258:693925-693937-694037-694049	997873.77	Bacteroides caccae CL03T12C61	CP072258	CDS	fig|997873.77.peg.640	693393	694391	+		Integrase/recombinase, RitB	693393	694391
CP072258:95529-95542-95724-95737	997873.77	Bacteroides caccae CL03T12C61	CP072258	CDS	fig|997873.77.peg.86	95162	98335	+		Outer membrane TonB-dependent transporter, utilization system for glycans and polysaccharides (PUL), SusC family	95162	98335
CP072258:1262219-1262239-1262275-1262295	997873.77	Bacteroides caccae CL03T12C61	CP072258	-1	-1	-1	-1	+	-1	-1	-1	-1
CP072258:1532354-1532373-1532417-1532436	997873.77	Bacteroides caccae CL03T12C61	CP072258	-1	-1	-1	-1	+	-1	-1	-1	-1
CP072258:2600756-2600775-2601025-2601044	997873.77	Bacteroides caccae CL03T12C61	CP072258	-1	-1	-1	-1	+	-1	-1	-1	-1
CP072258:302081-302105-302160-302184	997873.77	Bacteroides caccae CL03T12C61	CP072258	-1	-1	-1	-1	+	-1	-1	-1	-1
CP072258:41077-41096-41410-41429	997873.77	Bacteroides caccae CL03T12C61	CP072258	-1	-1	-1	-1	+	-1	-1	-1	-1
CP072258:4891589-4891613-4892000-4892024	997873.77	Bacteroides caccae CL03T12C61	CP072258	-1	-1	-1	-1	+	-1	-1	-1	-1
CP072258:4986481-4986503-4986761-4986783	997873.77	Bacteroides caccae CL03T12C61	CP072258	-1	-1	-1	-1	+	-1	-1	-1	-1
CP072258:5134468-5134487-5134751-5134770	997873.77	Bacteroides caccae CL03T12C61	CP072258	-1	-1	-1	-1	+	-1	-1	-1	-1
CP072258:5470050-5470070-5470245-5470265	997873.77	Bacteroides caccae CL03T12C61	CP072258	-1	-1	-1	-1	+	-1	-1	-1	-1
CP072258:1035013-1035032-1035381-1035400	997873.77	Bacteroides caccae CL03T12C61	CP072258	CDS	fig|997873.77.peg.939	1035309	1036367	-		Modification methylase EcoRI (EC 2.1.1.72)	1035309	1036367
CP072258:1085613-1085624-1085717-1085728	997873.77	Bacteroides caccae CL03T12C61	CP072258	CDS	fig|997873.77.peg.973	1084465	1086120	-		ISNCY family transposase	1084465	1086120
CP072258:1311516-1311527-1311620-1311631	997873.77	Bacteroides caccae CL03T12C61	CP072258	CDS	fig|997873.77.peg.1146	1310368	1311840	-		ISNCY family transposase	1310368	1311840
CP072258:190769-190781-191141-191153	997873.77	Bacteroides caccae CL03T12C61	CP072258	CDS	fig|997873.77.peg.166	190225	191445	-		hypothetical protein	190225	191445
CP072258:2055809-2055820-2055945-2055956	997873.77	Bacteroides caccae CL03T12C61	CP072258	CDS	fig|997873.77.peg.1760	2055475	2056869	-		Cell surface glycan-binding lipoprotein, utilization system for glycans and polysaccharides (PUL), SusD family	2055475	2056869
CP072258:2403292-2403311-2403719-2403738	997873.77	Bacteroides caccae CL03T12C61	CP072258	CDS	fig|997873.77.peg.2059	2402585	2403523	-		Putative anti-sigma factor	2402585	2403523
CP072258:3006685-3006698-3006835-3006848	997873.77	Bacteroides caccae CL03T12C61	CP072258	CDS	fig|997873.77.peg.2590	3004285	3006789	-	mutS2	Recombination inhibitory protein MutS2	3004285	3006789
CP072258:3147375-3147387-3147487-3147499	997873.77	Bacteroides caccae CL03T12C61	CP072258	CDS	fig|997873.77.peg.2750	3147034	3148032	-		Integrase/recombinase, RitB	3147034	3148032
CP072258:323008-323020-323120-323132	997873.77	Bacteroides caccae CL03T12C61	CP072258	CDS	fig|997873.77.peg.290	322667	323665	-		Integrase/recombinase, RitB	322667	323665
CP072258:3289775-3289788-3289899-3289912	997873.77	Bacteroides caccae CL03T12C61	CP072258	CDS	fig|997873.77.peg.2878	3289448	3290023	-		hypothetical protein	3289448	3290023
CP072258:3363286-3363308-3363555-3363577	997873.77	Bacteroides caccae CL03T12C61	CP072258	CDS	fig|997873.77.peg.2954	3363309	3363503	-		hypothetical protein	3363309	3363503
CP072258:353856-353869-354343-354356	997873.77	Bacteroides caccae CL03T12C61	CP072258	CDS	fig|997873.77.peg.331	353501	355678	-	lagD	Bacteriocin/lantibiotic efflux ABC transporter, permease/ATP-binding protein	353501	355678
CP072258:3574179-3574190-3574382-3574393	997873.77	Bacteroides caccae CL03T12C61	CP072258	CDS	fig|997873.77.peg.3129	3574154	3575464	-		hypothetical protein	3574154	3575464
CP072258:3984652-3984676-3984927-3984951	997873.77	Bacteroides caccae CL03T12C61	CP072258	CDS	fig|997873.77.peg.3525	3984825	3984956	-		hypothetical protein	3984825	3984956
CP072258:4588924-4588938-4589460-4589474	997873.77	Bacteroides caccae CL03T12C61	CP072258	CDS	fig|997873.77.peg.4105	4588373	4590034	-	ltrA_4	Retron-type RNA-directed DNA polymerase (EC 2.7.7.49)	4588373	4590034
CP072258:4801137-4801150-4801378-4801391	997873.77	Bacteroides caccae CL03T12C61	CP072258	CDS	fig|997873.77.peg.4317	4799444	4801306	-		beta-glycosyl hydrolase	4799444	4801306
CP072258:4816955-4816966-4817625-4817636	997873.77	Bacteroides caccae CL03T12C61	CP072258	CDS	fig|997873.77.peg.4334	4816857	4818914	-		Outer membrane vitamin B12 receptor BtuB	4816857	4818914
CP072258:499227-499238-499340-499351	997873.77	Bacteroides caccae CL03T12C61	CP072258	CDS	fig|997873.77.peg.474	498652	499257	-	rpsD	SSU ribosomal protein S4p (S9e) @ SSU ribosomal protein S4p (S9e), zinc-independent	498652	499257
CP072258:5115012-5115023-5115116-5115127	997873.77	Bacteroides caccae CL03T12C61	CP072258	CDS	fig|997873.77.peg.4570	5113864	5115336	-		ISNCY family transposase	5113864	5115336
CP072258:5298174-5298185-5298278-5298289	997873.77	Bacteroides caccae CL03T12C61	CP072258	CDS	fig|997873.77.peg.4720	5297026	5298498	-		ISNCY family transposase	5297026	5298498
CP072258:5398163-5398186-5398493-5398516	997873.77	Bacteroides caccae CL03T12C61	CP072258	CDS	fig|997873.77.peg.4816	5398296	5398520	-		hypothetical protein	5398296	5398520
CP072258:5440270-5440283-5440321-5440334	997873.77	Bacteroides caccae CL03T12C61	CP072258	CDS	fig|997873.77.peg.4844	5440173	5440958	-		Polysaccharide export outer membrane protein	5440173	5440958
CP072258:561382-561395-561581-561594	997873.77	Bacteroides caccae CL03T12C61	CP072258	CDS	fig|997873.77.peg.542	560944	564294	-		Outer membrane TonB-dependent transporter, utilization system for glycans and polysaccharides (PUL), SusC family	560944	564294
CP073280:1652430-1652462-1652525-1652557	39488.252	Anaerobutyricum hallii strain EHAL	CP073280	repeat_region	fig|39488.252.repeat.153	1652349	1652590	+		repeat region	1652349	1652590
CP073280:2235508-2235541-2235604-2235637	39488.252	Anaerobutyricum hallii strain EHAL	CP073280	repeat_region	fig|39488.252.repeat.201	2235490	2235651	+		repeat region	2235490	2235651
CP073280:2316498-2316530-2316593-2316625	39488.252	Anaerobutyricum hallii strain EHAL	CP073280	repeat_region	fig|39488.252.repeat.209	2314234	2316657	+		repeat region	2314234	2316657
CP073280:242770-242803-242864-242897	39488.252	Anaerobutyricum hallii strain EHAL	CP073280	repeat_region	fig|39488.252.repeat.19	242724	243107	+		repeat region	242724	243107
CP073280:2745849-2745881-2745944-2745976	39488.252	Anaerobutyricum hallii strain EHAL	CP073280	repeat_region	fig|39488.252.repeat.246	2745742	2746005	+		repeat region	2745742	2746005
CP073280:2861936-2861966-2862023-2862053	39488.252	Anaerobutyricum hallii strain EHAL	CP073280	repeat_region	fig|39488.252.repeat.264	2861937	2862053	+		repeat region	2861937	2862053
CP073280:2906636-2906668-2906731-2906763	39488.252	Anaerobutyricum hallii strain EHAL	CP073280	repeat_region	fig|39488.252.repeat.274	2906650	2906750	+		repeat region	2906650	2906750
CP073280:2982053-2982085-2982149-2982181	39488.252	Anaerobutyricum hallii strain EHAL	CP073280	repeat_region	fig|39488.252.repeat.284	2981953	2982215	+		repeat region	2981953	2982215
CP073280:3105324-3105348-3105474-3105498	39488.252	Anaerobutyricum hallii strain EHAL	CP073280	repeat_region	fig|39488.252.repeat.301	3105328	3105496	+		repeat region	3105328	3105496
CP073280:395584-395617-395679-395712	39488.252	Anaerobutyricum hallii strain EHAL	CP073280	repeat_region	fig|39488.252.repeat.34	395555	395749	+		repeat region	395555	395749
CP073280:421997-422010-422307-422320	39488.252	Anaerobutyricum hallii strain EHAL	CP073280	CDS	fig|39488.252.peg.387	421707	422720	+		ATP:Cob(I)alamin adenosyltransferase (EC 2.5.1.17)	421707	422720
CP073280:632839-632857-632938-632956	39488.252	Anaerobutyricum hallii strain EHAL	CP073280	CDS	fig|39488.252.peg.570	632784	632939	+		hypothetical protein	632784	632939
CP073280:1918407-1918440-1918502-1918535	39488.252	Anaerobutyricum hallii strain EHAL	CP073280	-1	-1	-1	-1	+	-1	-1	-1	-1
CP073280:2083089-2083121-2083174-2083206	39488.252	Anaerobutyricum hallii strain EHAL	CP073280	-1	-1	-1	-1	+	-1	-1	-1	-1
CP073280:2902271-2902303-2902365-2902397	39488.252	Anaerobutyricum hallii strain EHAL	CP073280	-1	-1	-1	-1	+	-1	-1	-1	-1
CP073280:3084138-3084168-3084229-3084259	39488.252	Anaerobutyricum hallii strain EHAL	CP073280	-1	-1	-1	-1	+	-1	-1	-1	-1
CP073280:3176320-3176352-3176405-3176437	39488.252	Anaerobutyricum hallii strain EHAL	CP073280	-1	-1	-1	-1	+	-1	-1	-1	-1
CP073280:549486-549518-549578-549610	39488.252	Anaerobutyricum hallii strain EHAL	CP073280	-1	-1	-1	-1	+	-1	-1	-1	-1
CP073280:2299309-2299322-2299541-2299554	39488.252	Anaerobutyricum hallii strain EHAL	CP073280	CDS	fig|39488.252.peg.2135	2299065	2300306	-	hisS	Histidyl-tRNA synthetase (EC 6.1.1.21)	2299065	2300306
CP073280:2998368-2998398-2998625-2998655	39488.252	Anaerobutyricum hallii strain EHAL	CP073280	CDS	fig|39488.252.peg.2787	2998410	2998604	-		hypothetical protein	2998410	2998604
CP073280:3100484-3100496-3100529-3100541	39488.252	Anaerobutyricum hallii strain EHAL	CP073280	CDS	fig|39488.252.peg.2860	3100381	3101094	-		RNA pseudouridylate synthase, group 1	3100381	3101094
CP085932:1042627-1042638-1042693-1042704	537011.437	Prevotella copri DSM 18205 strain FDAARGOS_1573	CP085932	repeat_region	fig|537011.437.repeat.52	1041394	1042790	+		repeat region	1041394	1042790
CP085932:1058726-1058737-1058792-1058803	537011.437	Prevotella copri DSM 18205 strain FDAARGOS_1573	CP085932	repeat_region	fig|537011.437.repeat.57	1058287	1058888	+		repeat region	1058287	1058888
CP085932:1112058-1112072-1112208-1112222	537011.437	Prevotella copri DSM 18205 strain FDAARGOS_1573	CP085932	CDS	fig|537011.437.peg.951	1111539	1112153	+	ruvA	Holliday junction ATP-dependent DNA helicase RuvA (EC 3.6.4.12)	1111539	1112153
CP085932:1112058-1112072-1112208-1112222	537011.437	Prevotella copri DSM 18205 strain FDAARGOS_1573	CP085932	CDS	fig|537011.437.peg.952	1112172	1119710	+	sprA	hypothetical protein	1112172	1119710
CP085932:1234007-1234018-1234199-1234210	537011.437	Prevotella copri DSM 18205 strain FDAARGOS_1573	CP085932	repeat_region	fig|537011.437.repeat.84	1230132	1235732	+		repeat region	1230132	1235732
CP085932:1234007-1234018-1234199-1234210	537011.437	Prevotella copri DSM 18205 strain FDAARGOS_1573	CP085932	rRNA	fig|537011.437.rna.30	1232563	1235466	+		LSU rRNA ## 23S rRNA, large subunit ribosomal RNA	1232563	1235466
CP085932:162628-162639-162820-162831	537011.437	Prevotella copri DSM 18205 strain FDAARGOS_1573	CP085932	repeat_region	fig|537011.437.repeat.7	161005	166498	+		repeat region	161005	166498
CP085932:1852072-1852120-1852222-1852270	537011.437	Prevotella copri DSM 18205 strain FDAARGOS_1573	CP085932	repeat_region	fig|537011.437.repeat.121	1852070	1852278	+		repeat region	1852070	1852278
CP085932:1855400-1855448-1855552-1855600	537011.437	Prevotella copri DSM 18205 strain FDAARGOS_1573	CP085932	repeat_region	fig|537011.437.repeat.123	1855345	1855603	+		repeat region	1855345	1855603
CP085932:1855400-1855448-1855552-1855600	537011.437	Prevotella copri DSM 18205 strain FDAARGOS_1573	CP085932	CDS	fig|537011.437.peg.1627	1855356	1855550	+		hypothetical protein	1855356	1855550
CP085932:1897554-1897565-1897746-1897757	537011.437	Prevotella copri DSM 18205 strain FDAARGOS_1573	CP085932	repeat_region	fig|537011.437.repeat.124	1893835	1899279	+		repeat region	1893835	1899279
CP085932:1897554-1897565-1897746-1897757	537011.437	Prevotella copri DSM 18205 strain FDAARGOS_1573	CP085932	rRNA	fig|537011.437.rna.43	1896110	1899013	+		LSU rRNA ## 23S rRNA, large subunit ribosomal RNA	1896110	1899013
CP085932:2320016-2320030-2320193-2320207	537011.437	Prevotella copri DSM 18205 strain FDAARGOS_1573	CP085932	CDS	fig|537011.437.peg.2077	2319751	2320308	+		Acyltransferase family protein	2319751	2320308
CP085932:2332569-2332606-2332694-2332731	537011.437	Prevotella copri DSM 18205 strain FDAARGOS_1573	CP085932	repeat_region	fig|537011.437.repeat.172	2331731	2332630	+		repeat region	2331731	2332630
CP085932:2332569-2332606-2332694-2332731	537011.437	Prevotella copri DSM 18205 strain FDAARGOS_1573	CP085932	repeat_region	fig|537011.437.repeat.173	2332669	2333510	+		repeat region	2332669	2333510
CP085932:3001880-3001910-3002014-3002044	537011.437	Prevotella copri DSM 18205 strain FDAARGOS_1573	CP085932	repeat_region	fig|537011.437.repeat.209	3001839	3002062	+		repeat region	3001839	3002062
CP085932:3001880-3001910-3002014-3002044	537011.437	Prevotella copri DSM 18205 strain FDAARGOS_1573	CP085932	CDS	fig|537011.437.peg.2664	3001851	3001973	+		hypothetical protein	3001851	3001973
CP085932:3284414-3284425-3284606-3284617	537011.437	Prevotella copri DSM 18205 strain FDAARGOS_1573	CP085932	repeat_region	fig|537011.437.repeat.237	3282879	3287991	+		repeat region	3282879	3287991
CP085932:630645-630656-630837-630848	537011.437	Prevotella copri DSM 18205 strain FDAARGOS_1573	CP085932	repeat_region	fig|537011.437.repeat.23	626760	632467	+		repeat region	626760	632467
CP085932:630645-630656-630837-630848	537011.437	Prevotella copri DSM 18205 strain FDAARGOS_1573	CP085932	rRNA	fig|537011.437.rna.20	629200	632104	+		LSU rRNA ## 23S rRNA, large subunit ribosomal RNA	629200	632104
CP085932:957157-957179-957630-957652	537011.437	Prevotella copri DSM 18205 strain FDAARGOS_1573	CP085932	CDS	fig|537011.437.peg.814	957263	957535	+		hypothetical protein	957263	957535
CP085932:1453614-1453625-1453756-1453767	537011.437	Prevotella copri DSM 18205 strain FDAARGOS_1573	CP085932	-1	-1	-1	-1	+	-1	-1	-1	-1
CP085932:2655864-2655884-2655998-2656018	537011.437	Prevotella copri DSM 18205 strain FDAARGOS_1573	CP085932	-1	-1	-1	-1	+	-1	-1	-1	-1
CP085932:2733253-2733264-2733487-2733498	537011.437	Prevotella copri DSM 18205 strain FDAARGOS_1573	CP085932	-1	-1	-1	-1	+	-1	-1	-1	-1
CP085932:1042627-1042638-1042693-1042704	537011.437	Prevotella copri DSM 18205 strain FDAARGOS_1573	CP085932	CDS	fig|537011.437.peg.887	1041425	1042648	-		hypothetical protein	1041425	1042648
CP085932:1058726-1058737-1058792-1058803	537011.437	Prevotella copri DSM 18205 strain FDAARGOS_1573	CP085932	CDS	fig|537011.437.peg.899	1057995	1058747	-		hypothetical protein	1057995	1058747
CP085932:162628-162639-162820-162831	537011.437	Prevotella copri DSM 18205 strain FDAARGOS_1573	CP085932	rRNA	fig|537011.437.rna.8	161373	164277	-		LSU rRNA ## 23S rRNA, large subunit ribosomal RNA	161373	164277
CP085932:2928809-2928822-2929296-2929309	537011.437	Prevotella copri DSM 18205 strain FDAARGOS_1573	CP085932	CDS	fig|537011.437.peg.2594	2927600	2929144	-		Phosphotransferase involved in threonylcarbamoyladenosine t(6)A37 formation in tRNA	2927600	2929144
CP085932:2928809-2928822-2929296-2929309	537011.437	Prevotella copri DSM 18205 strain FDAARGOS_1573	CP085932	CDS	fig|537011.437.peg.2595	2929125	2929340	-		FIG00937457: hypothetical protein	2929125	2929340
CP085932:3284414-3284425-3284606-3284617	537011.437	Prevotella copri DSM 18205 strain FDAARGOS_1573	CP085932	rRNA	fig|537011.437.rna.80	3283159	3286061	-		LSU rRNA ## 23S rRNA, large subunit ribosomal RNA	3283159	3286061
CP085932:598535-598548-598718-598731	537011.437	Prevotella copri DSM 18205 strain FDAARGOS_1573	CP085932	CDS	fig|537011.437.peg.519	597843	598739	-		glycosyl transferase, family 2	597843	598739
CP085934:11935-11946-12127-12138	537011.437	Prevotella copri DSM 18205 strain FDAARGOS_1573	CP085934	repeat_region	fig|537011.437.repeat.271	10413	15865	+		repeat region	3503074	3508526
CP085934:23547-23572-23736-23761	537011.437	Prevotella copri DSM 18205 strain FDAARGOS_1573	CP085934	-1	-1	-1	-1	+	-1	-1	-1	-1
CP085934:11935-11946-12127-12138	537011.437	Prevotella copri DSM 18205 strain FDAARGOS_1573	CP085934	rRNA	fig|537011.437.rna.83	10680	13584	-		LSU rRNA ## 23S rRNA, large subunit ribosomal RNA	3503341	3506245
CP092643:1508169-1508180-1508662-1508673	39491.2717	[Eubacterium] rectale VPI 0990	CP092643	CDS	fig|39491.2717.peg.1480	1508464	1509375	+	gpr	Spore germination endopeptidase Gpr (EC 3.4.24.78)	1508464	1509375
CP092643:2411855-2411868-2412096-2412109	39491.2717	[Eubacterium] rectale VPI 0990	CP092643	CDS	fig|39491.2717.peg.2344	2412096	2413928	+	typA	GTP-binding protein TypA/BipA	2412096	2413928
CP092643:35370-35381-35552-35563	39491.2717	[Eubacterium] rectale VPI 0990	CP092643	CDS	fig|39491.2717.peg.21	35259	38399	+		hypothetical protein	35259	38399
CP092643:470486-470497-471062-471073	39491.2717	[Eubacterium] rectale VPI 0990	CP092643	CDS	fig|39491.2717.peg.463	470136	470576	+		hypothetical protein	470136	470576
CP092643:470486-470497-471062-471073	39491.2717	[Eubacterium] rectale VPI 0990	CP092643	CDS	fig|39491.2717.peg.464	470573	471349	+		FIG00647252: hypothetical protein	470573	471349
CP092643:607392-607405-607451-607464	39491.2717	[Eubacterium] rectale VPI 0990	CP092643	CDS	fig|39491.2717.peg.613	607202	607654	+		hypothetical protein	607202	607654
CP092643:612146-612157-612281-612292	39491.2717	[Eubacterium] rectale VPI 0990	CP092643	CDS	fig|39491.2717.peg.616	611344	612942	+		Ribulokinase (EC 2.7.1.16)	611344	612942
CP092643:743697-743710-743829-743842	39491.2717	[Eubacterium] rectale VPI 0990	CP092643	CDS	fig|39491.2717.peg.757	741314	744238	+		hypothetical protein	741314	744238
CP092643:820531-820545-820965-820979	39491.2717	[Eubacterium] rectale VPI 0990	CP092643	CDS	fig|39491.2717.peg.838	820134	821006	+		Sugar:proton symporter	820134	821006
CP092643:946451-946466-946825-946840	39491.2717	[Eubacterium] rectale VPI 0990	CP092643	CDS	fig|39491.2717.peg.959	946016	947611	+		DNA-binding response regulator, AraC family	946016	947611
CP092643:1222374-1222394-1222430-1222450	39491.2717	[Eubacterium] rectale VPI 0990	CP092643	-1	-1	-1	-1	+	-1	-1	-1	-1
CP092643:201992-202005-202042-202055	39491.2717	[Eubacterium] rectale VPI 0990	CP092643	-1	-1	-1	-1	+	-1	-1	-1	-1
CP092643:3001079-3001115-3001297-3001333	39491.2717	[Eubacterium] rectale VPI 0990	CP092643	-1	-1	-1	-1	+	-1	-1	-1	-1
CP092643:3394769-3394781-3395308-3395320	39491.2717	[Eubacterium] rectale VPI 0990	CP092643	-1	-1	-1	-1	+	-1	-1	-1	-1
CP092643:471371-471408-471594-471631	39491.2717	[Eubacterium] rectale VPI 0990	CP092643	-1	-1	-1	-1	+	-1	-1	-1	-1
CP092643:512017-512062-512243-512288	39491.2717	[Eubacterium] rectale VPI 0990	CP092643	-1	-1	-1	-1	+	-1	-1	-1	-1
CP092643:968318-968364-968535-968581	39491.2717	[Eubacterium] rectale VPI 0990	CP092643	-1	-1	-1	-1	+	-1	-1	-1	-1
CP092643:1508169-1508180-1508662-1508673	39491.2717	[Eubacterium] rectale VPI 0990	CP092643	CDS	fig|39491.2717.peg.1479	1508020	1508283	-	rpsT	SSU ribosomal protein S20p	1508020	1508283
CP092643:1550737-1550748-1550878-1550889	39491.2717	[Eubacterium] rectale VPI 0990	CP092643	CDS	fig|39491.2717.peg.1523	1550579	1550764	-	rpmB	LSU ribosomal protein L28p @ LSU ribosomal protein L28p, zinc-dependent	1550579	1550764
CP092643:1683226-1683239-1683740-1683753	39491.2717	[Eubacterium] rectale VPI 0990	CP092643	CDS	fig|39491.2717.peg.1661	1682833	1683690	-		hypothetical protein	1682833	1683690
CP092643:1683226-1683239-1683740-1683753	39491.2717	[Eubacterium] rectale VPI 0990	CP092643	CDS	fig|39491.2717.peg.1662	1683683	1684687	-	fliG	Flagellar motor switch protein FliG	1683683	1684687
CP092643:1715069-1715080-1715333-1715344	39491.2717	[Eubacterium] rectale VPI 0990	CP092643	CDS	fig|39491.2717.peg.1688	1714300	1716189	-		hypothetical protein	1714300	1716189
CP092643:1737754-1737766-1738124-1738136	39491.2717	[Eubacterium] rectale VPI 0990	CP092643	CDS	fig|39491.2717.peg.1708	1736428	1738080	-		Iron-sulfur flavoprotein	1736428	1738080
CP092643:1794822-1794834-1795023-1795035	39491.2717	[Eubacterium] rectale VPI 0990	CP092643	CDS	fig|39491.2717.peg.1757	1794623	1795792	-	dnaJ	Chaperone protein DnaJ	1794623	1795792
CP092643:2237754-2237767-2237947-2237960	39491.2717	[Eubacterium] rectale VPI 0990	CP092643	CDS	fig|39491.2717.peg.2196	2236902	2238632	-		MutS domain protein, family 7	2236902	2238632
CP092643:2411855-2411868-2412096-2412109	39491.2717	[Eubacterium] rectale VPI 0990	CP092643	CDS	fig|39491.2717.peg.2343	2411265	2411885	-		Single-strand DNA-binding protein, ssb	2411265	2411885
CP092643:2428650-2428661-2428814-2428825	39491.2717	[Eubacterium] rectale VPI 0990	CP092643	CDS	fig|39491.2717.peg.2359	2427480	2428865	-		hypothetical protein	2427480	2428865
CP092643:2823224-2823235-2823445-2823456	39491.2717	[Eubacterium] rectale VPI 0990	CP092643	CDS	fig|39491.2717.peg.2723	2822558	2823613	-		D-alanine--D-alanine ligase (EC 6.3.2.4)	2822558	2823613
CP092643:3395474-3395485-3395657-3395668	39491.2717	[Eubacterium] rectale VPI 0990	CP092643	CDS	fig|39491.2717.peg.3382	3395336	3395986	-		hypothetical protein	3395336	3395986
CP102258:124150-124174-124362-124386	28111.542	Bacteroides eggerthii strain DSM 20697	CP102258	repeat_region	fig|28111.542.repeat.1	122268	124184	+		repeat region	122268	124184
CP102258:1619557-1619568-1620227-1620238	28111.542	Bacteroides eggerthii strain DSM 20697	CP102258	CDS	fig|28111.542.peg.1348	1618280	1620337	+		Outer membrane vitamin B12 receptor BtuB	1618280	1620337
CP102258:1886238-1886264-1886449-1886475	28111.542	Bacteroides eggerthii strain DSM 20697	CP102258	CDS	fig|28111.542.peg.1663	1886198	1886341	+		hypothetical protein	1886198	1886341
CP102258:1886238-1886264-1886449-1886475	28111.542	Bacteroides eggerthii strain DSM 20697	CP102258	repeat_region	fig|28111.542.repeat.19	1886445	1888405	+		repeat region	1886445	1888405
CP102258:2607286-2607308-2607493-2607515	28111.542	Bacteroides eggerthii strain DSM 20697	CP102258	repeat_region	fig|28111.542.repeat.31	2607213	2608780	+		repeat region	2607213	2608780
CP102258:2663094-2663119-2663304-2663329	28111.542	Bacteroides eggerthii strain DSM 20697	CP102258	repeat_region	fig|28111.542.repeat.33	2663297	2665260	+		repeat region	2663297	2665260
CP102258:270389-270409-270596-270616	28111.542	Bacteroides eggerthii strain DSM 20697	CP102258	CDS	fig|28111.542.peg.264	270201	270530	+		hypothetical protein	270201	270530
CP102258:3407182-3407204-3407389-3407411	28111.542	Bacteroides eggerthii strain DSM 20697	CP102258	repeat_region	fig|28111.542.repeat.42	3405918	3407485	+		repeat region	3405918	3407485
CP102258:350752-350763-350948-350959	28111.542	Bacteroides eggerthii strain DSM 20697	CP102258	CDS	fig|28111.542.peg.337	349703	351193	+	rpoN	RNA polymerase sigma-54 factor RpoN	349703	351193
CP102258:3834092-3834106-3834344-3834358	28111.542	Bacteroides eggerthii strain DSM 20697	CP102258	CDS	fig|28111.542.peg.3380	3834324	3834599	+		hypothetical protein	3834324	3834599
CP102258:383648-383662-383838-383852	28111.542	Bacteroides eggerthii strain DSM 20697	CP102258	CDS	fig|28111.542.peg.362	380282	386098	+		Putative DNA methylase	380282	386098
CP102258:3844348-3844359-3844834-3844845	28111.542	Bacteroides eggerthii strain DSM 20697	CP102258	CDS	fig|28111.542.peg.3394	3843252	3844406	+		hypothetical protein	3843252	3844406
CP102258:3844348-3844359-3844834-3844845	28111.542	Bacteroides eggerthii strain DSM 20697	CP102258	CDS	fig|28111.542.peg.3395	3844469	3845380	+		hypothetical protein	3844469	3845380
CP102258:3927229-3927241-3927510-3927522	28111.542	Bacteroides eggerthii strain DSM 20697	CP102258	CDS	fig|28111.542.peg.3479	3926971	3927246	+		hypothetical protein	3926971	3927246
CP102258:3927229-3927241-3927510-3927522	28111.542	Bacteroides eggerthii strain DSM 20697	CP102258	CDS	fig|28111.542.peg.3480	3927277	3929091	+		DNA topoisomerase III, Bacteroidales-type (EC 5.99.1.2)	3927277	3929091
CP102258:3943249-3943265-3943732-3943748	28111.542	Bacteroides eggerthii strain DSM 20697	CP102258	CDS	fig|28111.542.peg.3508	3943535	3944065	+		putative protease I	3943535	3944065
CP102258:396982-396993-397197-397208	28111.542	Bacteroides eggerthii strain DSM 20697	CP102258	CDS	fig|28111.542.peg.369	395309	398563	+		FIG00404088: hypothetical protein	395309	398563
CP102258:405917-405930-406256-406269	28111.542	Bacteroides eggerthii strain DSM 20697	CP102258	CDS	fig|28111.542.peg.378	405615	405932	+		Conjugative transposon protein TraE	405615	405932
CP102258:405917-405930-406256-406269	28111.542	Bacteroides eggerthii strain DSM 20697	CP102258	CDS	fig|28111.542.peg.379	405943	406275	+		Conjugative transposon protein TraF	405943	406275
CP102258:184402-184430-184476-184504	28111.542	Bacteroides eggerthii strain DSM 20697	CP102258	-1	-1	-1	-1	+	-1	-1	-1	-1
CP102258:3005312-3005336-3005512-3005536	28111.542	Bacteroides eggerthii strain DSM 20697	CP102258	-1	-1	-1	-1	+	-1	-1	-1	-1
CP102258:4061279-4061317-4061665-4061703	28111.542	Bacteroides eggerthii strain DSM 20697	CP102258	-1	-1	-1	-1	+	-1	-1	-1	-1
CP102258:723508-723530-723563-723585	28111.542	Bacteroides eggerthii strain DSM 20697	CP102258	-1	-1	-1	-1	+	-1	-1	-1	-1
CP102258:889320-889338-889623-889641	28111.542	Bacteroides eggerthii strain DSM 20697	CP102258	-1	-1	-1	-1	+	-1	-1	-1	-1
CP102258:124150-124174-124362-124386	28111.542	Bacteroides eggerthii strain DSM 20697	CP102258	CDS	fig|28111.542.peg.121	124270	124467	-		hypothetical protein	124270	124467
CP102258:1409411-1409433-1409488-1409510	28111.542	Bacteroides eggerthii strain DSM 20697	CP102258	CDS	fig|28111.542.peg.1166	1408800	1409438	-	frr	Ribosome recycling factor	1408800	1409438
CP102258:1803351-1803364-1803417-1803430	28111.542	Bacteroides eggerthii strain DSM 20697	CP102258	CDS	fig|28111.542.peg.1556	1803180	1803632	-		FIG00899057: hypothetical protein	1803180	1803632
CP102258:2221124-2221135-2221192-2221203	28111.542	Bacteroides eggerthii strain DSM 20697	CP102258	CDS	fig|28111.542.peg.1950	2220050	2221594	-		alpha-L-arabinofuranosidase (EC 3.2.1.55)	2220050	2221594
CP102258:274873-274887-274980-274994	28111.542	Bacteroides eggerthii strain DSM 20697	CP102258	CDS	fig|28111.542.peg.268	271906	276294	-	rpoC	DNA-directed RNA polymerase beta' subunit (EC 2.7.7.6)	271906	276294
CP102258:3834092-3834106-3834344-3834358	28111.542	Bacteroides eggerthii strain DSM 20697	CP102258	CDS	fig|28111.542.peg.3379	3834106	3834300	-		hypothetical protein	3834106	3834300
CP102258:3861496-3861509-3861553-3861566	28111.542	Bacteroides eggerthii strain DSM 20697	CP102258	CDS	fig|28111.542.peg.3414	3861274	3861732	-		Conjugative transposon protein TraQ	3861274	3861732
CP102258:3943249-3943265-3943732-3943748	28111.542	Bacteroides eggerthii strain DSM 20697	CP102258	CDS	fig|28111.542.peg.3507	3943010	3943369	-		Transcriptional regulator, HxlR family	3943010	3943369
CP102265:1229943-1229954-1230082-1230093	411459.41	Blautia obeum ATCC 29174	CP102265	CDS	fig|411459.41.peg.1188	1229394	1231496	+		Penicillin-binding protein 3	1229394	1231496
CP102265:1820672-1820683-1820944-1820955	411459.41	Blautia obeum ATCC 29174	CP102265	CDS	fig|411459.41.peg.1746	1820450	1821397	+	miaA	tRNA dimethylallyltransferase (EC 2.5.1.75)	1820450	1821397
CP102265:3469225-3469238-3469315-3469328	411459.41	Blautia obeum ATCC 29174	CP102265	CDS	fig|411459.41.peg.3387	3469304	3469657	+		hypothetical protein	3469304	3469657
CP102265:2304852-2304865-2305342-2305355	411459.41	Blautia obeum ATCC 29174	CP102265	CDS	fig|411459.41.peg.2261	2304165	2305142	-		NAD-dependent protein deacetylase of SIR2 family	2304165	2305142
CP102265:2304852-2304865-2305342-2305355	411459.41	Blautia obeum ATCC 29174	CP102265	CDS	fig|411459.41.peg.2262	2305191	2306039	-		hypothetical protein	2305191	2306039
CP102265:2658852-2658863-2659016-2659027	411459.41	Blautia obeum ATCC 29174	CP102265	CDS	fig|411459.41.peg.2623	2658039	2659310	-		hypothetical protein	2658039	2659310
CP102267:1001807-1001822-1001907-1001922	1121115.15	Blautia wexlerae DSM 19850	CP102267	repeat_region	fig|1121115.15.repeat.73	1001811	1001921	+		repeat region	1001811	1001921
CP102267:1021246-1021274-1021417-1021445	1121115.15	Blautia wexlerae DSM 19850	CP102267	CDS	fig|1121115.15.peg.984	1021416	1021541	+		hypothetical protein	1021416	1021541
CP102267:1284912-1284925-1285033-1285046	1121115.15	Blautia wexlerae DSM 19850	CP102267	CDS	fig|1121115.15.peg.1240	1284854	1285183	+		Stage 0 sporulation two-component response regulator (Spo0A)	1284854	1285183
CP102267:3223064-3223090-3223234-3223260	1121115.15	Blautia wexlerae DSM 19850	CP102267	CDS	fig|1121115.15.peg.3173	3223184	3223387	+		hypothetical protein	3223184	3223387
CP102267:3361084-3361095-3361211-3361222	1121115.15	Blautia wexlerae DSM 19850	CP102267	CDS	fig|1121115.15.peg.3307	3361009	3362022	+		Integrase/recombinase, RitC	3361009	3362022
CP102267:3538278-3538294-3538373-3538389	1121115.15	Blautia wexlerae DSM 19850	CP102267	repeat_region	fig|1121115.15.repeat.231	3536707	3538389	+		repeat region	3536707	3538389
CP102267:4097566-4097593-4097911-4097938	1121115.15	Blautia wexlerae DSM 19850	CP102267	CDS	fig|1121115.15.peg.4031	4097703	4097849	+		hypothetical protein	4097703	4097849
CP102267:4097566-4097593-4097911-4097938	1121115.15	Blautia wexlerae DSM 19850	CP102267	repeat_region	fig|1121115.15.repeat.264	4097727	4097874	+		repeat region	4097727	4097874
CP102267:467081-467100-467258-467277	1121115.15	Blautia wexlerae DSM 19850	CP102267	repeat_region	fig|1121115.15.repeat.25	465406	467127	+		repeat region	465406	467127
CP102267:467081-467100-467258-467277	1121115.15	Blautia wexlerae DSM 19850	CP102267	repeat_region	fig|1121115.15.repeat.26	467128	468944	+		repeat region	467128	468944
CP102267:633910-633924-634145-634159	1121115.15	Blautia wexlerae DSM 19850	CP102267	CDS	fig|1121115.15.peg.580	633311	634438	+		hypothetical protein	633311	634438
CP102267:733294-733305-733510-733521	1121115.15	Blautia wexlerae DSM 19850	CP102267	CDS	fig|1121115.15.peg.689	732727	734553	+		signal transduction histidine kinase, LytS	732727	734553
CP102267:3189715-3189743-3189902-3189930	1121115.15	Blautia wexlerae DSM 19850	CP102267	-1	-1	-1	-1	+	-1	-1	-1	-1
CP102267:3770765-3770784-3770830-3770849	1121115.15	Blautia wexlerae DSM 19850	CP102267	-1	-1	-1	-1	+	-1	-1	-1	-1
CP102267:4116054-4116080-4116232-4116258	1121115.15	Blautia wexlerae DSM 19850	CP102267	-1	-1	-1	-1	+	-1	-1	-1	-1
CP102267:4609004-4609019-4609055-4609070	1121115.15	Blautia wexlerae DSM 19850	CP102267	-1	-1	-1	-1	+	-1	-1	-1	-1
CP102267:2317502-2317530-2317686-2317714	1121115.15	Blautia wexlerae DSM 19850	CP102267	CDS	fig|1121115.15.peg.2279	2317428	2317544	-		hypothetical protein	2317428	2317544
CP102267:3968474-3968488-3968573-3968587	1121115.15	Blautia wexlerae DSM 19850	CP102267	CDS	fig|1121115.15.peg.3902	3968148	3968744	-		hypothetical protein	3968148	3968744
CP102267:4433210-4433221-4433336-4433347	1121115.15	Blautia wexlerae DSM 19850	CP102267	CDS	fig|1121115.15.peg.4420	4431697	4433577	-		TrsK-like protein	4431697	4433577
CP102267:467081-467100-467258-467277	1121115.15	Blautia wexlerae DSM 19850	CP102267	CDS	fig|1121115.15.peg.429	467151	467330	-		hypothetical protein	467151	467330
CP102267:864678-864690-864904-864916	1121115.15	Blautia wexlerae DSM 19850	CP102267	CDS	fig|1121115.15.peg.830	864516	865202	-		hypothetical protein	864516	865202
CP102270:1856564-1856592-1856827-1856855	45851.82	Butyrivibrio crossotus DSM 2876	CP102270	tRNA	fig|45851.820.rna.32	1856505	1856592	-		tRNA-Leu-AAG	1856505	1856592
CP102270:1856564-1856592-1856827-1856855	45851.82	Butyrivibrio crossotus DSM 2876	CP102270	tRNA	fig|45851.820.rna.33	1856606	1856690	-		tRNA-Leu	1856606	1856690
CP102277:2080782-2080815-2080912-2080945	470146.25	Coprococcus comes ATCC 27758	CP102277	repeat_region	fig|470146.25.repeat.46	2080815	2080914	+		repeat region	2080815	2080914
CP102277:758467-758489-758661-758683	470146.25	Coprococcus comes ATCC 27758	CP102277	-1	-1	-1	-1	+	-1	-1	-1	-1
CP102277:1732206-1732242-1732633-1732669	470146.25	Coprococcus comes ATCC 27758	CP102277	CDS	fig|470146.25.peg.1772	1732181	1732360	-		hypothetical protein	1732181	1732360
CP102277:2624305-2624319-2624607-2624621	470146.25	Coprococcus comes ATCC 27758	CP102277	CDS	fig|470146.25.peg.2655	2624157	2624906	-		hypothetical protein	2624157	2624906
CP102277:2808085-2808096-2808429-2808440	470146.25	Coprococcus comes ATCC 27758	CP102277	CDS	fig|470146.25.peg.2849	2807354	2808976	-		hypothetical protein	2807354	2808976
CP102278:1973041-1973055-1973129-1973143	33043.1681	Coprococcus eutactus ATCC 27759	CP102278	CDS	fig|33043.1681.peg.1734	1972658	1973452	+		FIG00516043: hypothetical protein	1972658	1973452
CP102278:2749565-2749578-2749657-2749670	33043.1681	Coprococcus eutactus ATCC 27759	CP102278	repeat_region	fig|33043.1681.repeat.27	2747534	2755745	+		repeat region	2747534	2755745
CP102278:963707-963720-963799-963812	33043.1681	Coprococcus eutactus ATCC 27759	CP102278	repeat_region	fig|33043.1681.repeat.5	957632	965844	+		repeat region	957632	965844
CP102280:2179354-2179385-2179531-2179562	88431.1239	Dorea longicatena DSM 13814	CP102280	repeat_region	fig|88431.1239.repeat.47	2179317	2179980	+		repeat region	2179317	2179980
CP102280:2328448-2328462-2328615-2328629	88431.1239	Dorea longicatena DSM 13814	CP102280	repeat_region	fig|88431.1239.repeat.51	2327221	2328689	+		repeat region	2327221	2328689
CP102280:419658-419672-419825-419839	88431.1239	Dorea longicatena DSM 13814	CP102280	repeat_region	fig|88431.1239.repeat.8	418431	419884	+		repeat region	418431	419884
CP102280:721965-721979-722132-722146	88431.1239	Dorea longicatena DSM 13814	CP102280	repeat_region	fig|88431.1239.repeat.17	720738	722529	+		repeat region	720738	722529
CP102280:2439695-2439706-2439964-2439975	88431.1239	Dorea longicatena DSM 13814	CP102280	CDS	fig|88431.1239.peg.2362	2433587	2439916	-		RecD-like DNA helicase YrrC	2433587	2439916
CP132968:2286671-2286705-2286792-2286826	649756.3254	Anaerostipes hadrus BA1	CP132968	repeat_region	fig|649756.3254.repeat.76	2286607	2286859	+		repeat region	2286607	2286859
CP132968:828481-828492-828966-828977	649756.3254	Anaerostipes hadrus BA1	CP132968	CDS	fig|649756.3254.peg.788	828250	829272	+	rfbB	dTDP-glucose 4,6-dehydratase (EC 4.2.1.46)	828250	829272
CP132968:1216644-1216694-1216825-1216875	649756.3254	Anaerostipes hadrus BA1	CP132968	-1	-1	-1	-1	+	-1	-1	-1	-1
CP132968:2936517-2936536-2936596-2936615	649756.3254	Anaerostipes hadrus BA1	CP132968	-1	-1	-1	-1	+	-1	-1	-1	-1
CP132968:1566194-1566205-1566385-1566396	649756.3254	Anaerostipes hadrus BA1	CP132968	CDS	fig|649756.3254.peg.1546	1566070	1566399	-		hypothetical protein	1566070	1566399
CP132968:311149-311162-311237-311250	649756.3254	Anaerostipes hadrus BA1	CP132968	CDS	fig|649756.3254.peg.284	310821	311174	-		hypothetical protein	310821	311174
CYXV01000001:312-324-596-608	301302.3	Roseburia faecis	CYXV01000001	CDS	fig|301302.3.peg.1	265	1185	-	nadA	Quinolinate synthetase (EC 2.5.1.72)	265	1185
CYXV01000002:176854-176867-177110-177123	301302.3	Roseburia faecis	CYXV01000002	CDS	fig|301302.3.peg.685	176775	177821	+	ydaM_1	Diguanylate cyclase	631311	632357
CYXV01000002:56257-56272-56330-56345	301302.3	Roseburia faecis	CYXV01000002	CDS	fig|301302.3.peg.556	55974	56579	+	rnfA	Electron transport complex protein RnfA	510510	511115
CYXV01000002:363524-363537-363652-363665	301302.3	Roseburia faecis	CYXV01000002	CDS	fig|301302.3.peg.877	363381	363965	-		hypothetical protein	817917	818501
CYXV01000007:192920-192934-192992-193006	301302.3	Roseburia faecis	CYXV01000007	CDS	fig|301302.3.peg.2036	192976	193599	+	gluP	hypothetical protein	1975544	1976167
CYXV01000008:116517-116528-116629-116640	301302.3	Roseburia faecis	CYXV01000008	CDS	fig|301302.3.peg.2146	116444	117178	-	rsmE	16S rRNA (uracil(1498)-N(3))-methyltransferase (EC 2.1.1.193)	2095479	2096213
CYXV01000008:31243-31254-31472-31483	301302.3	Roseburia faecis	CYXV01000008	CDS	fig|301302.3.peg.2071	31069	31437	-		hypothetical protein	2010104	2010472
CYXV01000008:31243-31254-31472-31483	301302.3	Roseburia faecis	CYXV01000008	CDS	fig|301302.3.peg.2072	31434	31652	-		hypothetical protein	2010469	2010687
CYXV01000018:41916-41927-42098-42109	301302.3	Roseburia faecis	CYXV01000018	CDS	fig|301302.3.peg.3360	41903	42550	-	ktrA	KtrAB potassium uptake system, peripheral membrane component KtrA	3268183	3268830
CYXV01000024:12528-12539-12711-12722	301302.3	Roseburia faecis	CYXV01000024	CDS	fig|301302.3.peg.3564	12390	13040	-		hypothetical protein	3470769	3471419
CYXV01000027:7649-7660-7930-7941	301302.3	Roseburia faecis	CYXV01000027	CDS	fig|301302.3.peg.3620	7695	8009	-		FIG00533143: hypothetical protein	3515910	3516224
HF545616:693476-693489-693612-693625	1160721.7	Ruminococcus bicirculans strain 80/3	HF545616	CDS	fig|1160721.7.peg.629	692689	693615	+		hypothetical protein	692689	693615
HF545616:348914-348925-349132-349143	1160721.7	Ruminococcus bicirculans strain 80/3	HF545616	CDS	fig|1160721.7.peg.323	348312	349121	-		hypothetical protein	348312	349121
JAJFOJ010000001:1109082-1109093-1109214-1109225	622312.45	Roseburia inulinivorans DSM 16841 strain FDAARGOS_1587 strain Not applicable	JAJFOJ010000001	CDS	fig|622312.45.peg.1079	1108250	1109278	+		Putative membrane protein YeiH	1108250	1109278
JAJFOJ010000001:1153324-1153343-1153427-1153446	622312.45	Roseburia inulinivorans DSM 16841 strain FDAARGOS_1587 strain Not applicable	JAJFOJ010000001	repeat_region	fig|622312.45.repeat.70	1152471	1153554	+		repeat region	1152471	1153554
JAJFOJ010000001:1282460-1282481-1282670-1282691	622312.45	Roseburia inulinivorans DSM 16841 strain FDAARGOS_1587 strain Not applicable	JAJFOJ010000001	repeat_region	fig|622312.45.repeat.76	1282491	1282607	+		repeat region	1282491	1282607
JAJFOJ010000001:1390676-1390690-1390758-1390772	622312.45	Roseburia inulinivorans DSM 16841 strain FDAARGOS_1587 strain Not applicable	JAJFOJ010000001	repeat_region	fig|622312.45.repeat.80	1389479	1391157	+		repeat region	1389479	1391157
JAJFOJ010000001:1583010-1583023-1583161-1583174	622312.45	Roseburia inulinivorans DSM 16841 strain FDAARGOS_1587 strain Not applicable	JAJFOJ010000001	CDS	fig|622312.45.peg.1540	1582230	1583804	+		DNA-binding response regulator, AraC family	1582230	1583804
JAJFOJ010000001:1712882-1712893-1713045-1713056	622312.45	Roseburia inulinivorans DSM 16841 strain FDAARGOS_1587 strain Not applicable	JAJFOJ010000001	CDS	fig|622312.45.peg.1671	1712279	1713133	+		Maltose/maltodextrin ABC transporter, permease protein MalG	1712279	1713133
JAJFOJ010000001:2054756-2054780-2054934-2054958	622312.45	Roseburia inulinivorans DSM 16841 strain FDAARGOS_1587 strain Not applicable	JAJFOJ010000001	repeat_region	fig|622312.45.repeat.109	2054674	2055025	+		repeat region	2054674	2055025
JAJFOJ010000001:2083157-2083168-2083397-2083408	622312.45	Roseburia inulinivorans DSM 16841 strain FDAARGOS_1587 strain Not applicable	JAJFOJ010000001	CDS	fig|622312.45.peg.2071	2081774	2083237	+	tilS	tRNA(Ile)-lysidine synthetase (EC 6.3.4.19)	2081774	2083237
JAJFOJ010000001:2083157-2083168-2083397-2083408	622312.45	Roseburia inulinivorans DSM 16841 strain FDAARGOS_1587 strain Not applicable	JAJFOJ010000001	CDS	fig|622312.45.peg.2072	2083218	2083754	+	hpt	Hypoxanthine-guanine phosphoribosyltransferase (EC 2.4.2.8)	2083218	2083754
JAJFOJ010000001:2254525-2254538-2254779-2254792	622312.45	Roseburia inulinivorans DSM 16841 strain FDAARGOS_1587 strain Not applicable	JAJFOJ010000001	CDS	fig|622312.45.peg.2214	2253730	2254695	+		hypothetical protein	2253730	2254695
JAJFOJ010000001:2254525-2254538-2254779-2254792	622312.45	Roseburia inulinivorans DSM 16841 strain FDAARGOS_1587 strain Not applicable	JAJFOJ010000001	CDS	fig|622312.45.peg.2215	2254719	2254937	+		hypothetical protein	2254719	2254937
JAJFOJ010000001:2441033-2441052-2441174-2441193	622312.45	Roseburia inulinivorans DSM 16841 strain FDAARGOS_1587 strain Not applicable	JAJFOJ010000001	repeat_region	fig|622312.45.repeat.132	2440922	2444337	+		repeat region	2440922	2444337
JAJFOJ010000001:2601271-2601299-2601401-2601429	622312.45	Roseburia inulinivorans DSM 16841 strain FDAARGOS_1587 strain Not applicable	JAJFOJ010000001	repeat_region	fig|622312.45.repeat.147	2601223	2601322	+		repeat region	2601223	2601322
JAJFOJ010000001:263334-263353-263474-263493	622312.45	Roseburia inulinivorans DSM 16841 strain FDAARGOS_1587 strain Not applicable	JAJFOJ010000001	repeat_region	fig|622312.45.repeat.17	260965	263601	+		repeat region	260965	263601
JAJFOJ010000001:371444-371463-371584-371603	622312.45	Roseburia inulinivorans DSM 16841 strain FDAARGOS_1587 strain Not applicable	JAJFOJ010000001	repeat_region	fig|622312.45.repeat.26	369163	371713	+		repeat region	369163	371713
JAJFOJ010000001:401318-401332-401400-401414	622312.45	Roseburia inulinivorans DSM 16841 strain FDAARGOS_1587 strain Not applicable	JAJFOJ010000001	repeat_region	fig|622312.45.repeat.31	400931	402613	+		repeat region	400931	402613
JAJFOJ010000001:401318-401332-401400-401414	622312.45	Roseburia inulinivorans DSM 16841 strain FDAARGOS_1587 strain Not applicable	JAJFOJ010000001	CDS	fig|622312.45.peg.397	401044	402360	+		Transposase, IS30 family	401044	402360
JAJFOJ010000001:489362-489379-489560-489577	622312.45	Roseburia inulinivorans DSM 16841 strain FDAARGOS_1587 strain Not applicable	JAJFOJ010000001	repeat_region	fig|622312.45.repeat.38	489352	489996	+		repeat region	489352	489996
JAJFOJ010000001:508630-508646-508830-508846	622312.45	Roseburia inulinivorans DSM 16841 strain FDAARGOS_1587 strain Not applicable	JAJFOJ010000001	repeat_region	fig|622312.45.repeat.39	508661	508850	+		repeat region	508661	508850
JAJFOJ010000001:546699-546718-546879-546898	622312.45	Roseburia inulinivorans DSM 16841 strain FDAARGOS_1587 strain Not applicable	JAJFOJ010000001	repeat_region	fig|622312.45.repeat.41	546734	546877	+		repeat region	546734	546877
JAJFOJ010000001:553829-553848-553969-553988	622312.45	Roseburia inulinivorans DSM 16841 strain FDAARGOS_1587 strain Not applicable	JAJFOJ010000001	repeat_region	fig|622312.45.repeat.44	551796	554099	+		repeat region	551796	554099
JAJFOJ010000001:56144-56157-56350-56363	622312.45	Roseburia inulinivorans DSM 16841 strain FDAARGOS_1587 strain Not applicable	JAJFOJ010000001	CDS	fig|622312.45.peg.74	55060	56355	+		hypothetical protein	55060	56355
JAJFOJ010000001:929445-929460-929522-929537	622312.45	Roseburia inulinivorans DSM 16841 strain FDAARGOS_1587 strain Not applicable	JAJFOJ010000001	CDS	fig|622312.45.peg.888	929074	930234	+		FOG: Transposase and inactivated derivatives	929074	930234
JAJFOJ010000001:1174089-1174105-1174254-1174270	622312.45	Roseburia inulinivorans DSM 16841 strain FDAARGOS_1587 strain Not applicable	JAJFOJ010000001	-1	-1	-1	-1	+	-1	-1	-1	-1
JAJFOJ010000001:2065061-2065076-2065188-2065203	622312.45	Roseburia inulinivorans DSM 16841 strain FDAARGOS_1587 strain Not applicable	JAJFOJ010000001	-1	-1	-1	-1	+	-1	-1	-1	-1
JAJFOJ010000001:2465338-2465385-2465732-2465779	622312.45	Roseburia inulinivorans DSM 16841 strain FDAARGOS_1587 strain Not applicable	JAJFOJ010000001	-1	-1	-1	-1	+	-1	-1	-1	-1
JAJFOJ010000001:27495-27514-27699-27718	622312.45	Roseburia inulinivorans DSM 16841 strain FDAARGOS_1587 strain Not applicable	JAJFOJ010000001	-1	-1	-1	-1	+	-1	-1	-1	-1
JAJFOJ010000001:915023-915048-915179-915204	622312.45	Roseburia inulinivorans DSM 16841 strain FDAARGOS_1587 strain Not applicable	JAJFOJ010000001	-1	-1	-1	-1	+	-1	-1	-1	-1
JAJFOJ010000001:932313-932344-932573-932604	622312.45	Roseburia inulinivorans DSM 16841 strain FDAARGOS_1587 strain Not applicable	JAJFOJ010000001	-1	-1	-1	-1	+	-1	-1	-1	-1
JAJFOJ010000001:1196329-1196342-1196903-1196916	622312.45	Roseburia inulinivorans DSM 16841 strain FDAARGOS_1587 strain Not applicable	JAJFOJ010000001	CDS	fig|622312.45.peg.1167	1196675	1198033	-	gdhA	NADP-specific glutamate dehydrogenase (EC 1.4.1.4)	1196675	1198033
JAJFOJ010000001:1390676-1390690-1390758-1390772	622312.45	Roseburia inulinivorans DSM 16841 strain FDAARGOS_1587 strain Not applicable	JAJFOJ010000001	CDS	fig|622312.45.peg.1343	1389731	1391047	-		Transposase, IS30 family	1389731	1391047
JAJFOJ010000001:22688-22769-23123-23204	622312.45	Roseburia inulinivorans DSM 16841 strain FDAARGOS_1587 strain Not applicable	JAJFOJ010000001	CDS	fig|622312.45.peg.33	22915	23040	-		hypothetical protein	22915	23040
JAJFOJ010000001:22688-22769-23123-23204	622312.45	Roseburia inulinivorans DSM 16841 strain FDAARGOS_1587 strain Not applicable	JAJFOJ010000001	CDS	fig|622312.45.peg.34	23083	23208	-		hypothetical protein	23083	23208
JAJFOJ010000001:403250-403263-403491-403504	622312.45	Roseburia inulinivorans DSM 16841 strain FDAARGOS_1587 strain Not applicable	JAJFOJ010000001	CDS	fig|622312.45.peg.398	402655	403575	-		Hypothetical protein TEPIRE1_21570	402655	403575
JAJFOJ010000001:569807-569821-570024-570038	622312.45	Roseburia inulinivorans DSM 16841 strain FDAARGOS_1587 strain Not applicable	JAJFOJ010000001	CDS	fig|622312.45.peg.533	568781	570076	-	aepX	Cytidylyltransferase domain / Phosphoenolpyruvate phosphomutase (EC 5.4.2.9)	568781	570076
JAJFOJ010000001:861362-861375-861797-861810	622312.45	Roseburia inulinivorans DSM 16841 strain FDAARGOS_1587 strain Not applicable	JAJFOJ010000001	CDS	fig|622312.45.peg.819	859333	863079	-		ATPase involved in DNA replication	859333	863079
JAJFOJ010000001:875343-875354-875589-875600	622312.45	Roseburia inulinivorans DSM 16841 strain FDAARGOS_1587 strain Not applicable	JAJFOJ010000001	CDS	fig|622312.45.peg.833	875081	875857	-		Putative phosphatase	875081	875857
JAJFOJ010000002:1192184-1192198-1192266-1192280	622312.45	Roseburia inulinivorans DSM 16841 strain FDAARGOS_1587 strain Not applicable	JAJFOJ010000002	repeat_region	fig|622312.45.repeat.203	1191795	1193479	+		repeat region	3908480	3910164
JAJFOJ010000002:1192184-1192198-1192266-1192280	622312.45	Roseburia inulinivorans DSM 16841 strain FDAARGOS_1587 strain Not applicable	JAJFOJ010000002	CDS	fig|622312.45.peg.3830	1191910	1193226	+		Transposase, IS30 family	3908595	3909911
JAJFOJ010000002:1327251-1327265-1327333-1327347	622312.45	Roseburia inulinivorans DSM 16841 strain FDAARGOS_1587 strain Not applicable	JAJFOJ010000002	repeat_region	fig|622312.45.repeat.211	1325214	1328545	+		repeat region	4041899	4045230
JAJFOJ010000002:1327251-1327265-1327333-1327347	622312.45	Roseburia inulinivorans DSM 16841 strain FDAARGOS_1587 strain Not applicable	JAJFOJ010000002	CDS	fig|622312.45.peg.3959	1326977	1328293	+		Transposase, IS30 family	4043662	4044978
JAJFOJ010000002:339049-339062-339160-339173	622312.45	Roseburia inulinivorans DSM 16841 strain FDAARGOS_1587 strain Not applicable	JAJFOJ010000002	CDS	fig|622312.45.peg.3026	338845	339189	+		Signal recognition particle associated protein	3055530	3055874
JAJFOJ010000002:442919-442938-443057-443076	622312.45	Roseburia inulinivorans DSM 16841 strain FDAARGOS_1587 strain Not applicable	JAJFOJ010000002	repeat_region	fig|622312.45.repeat.179	442809	445427	+		repeat region	3159494	3162112
JAJFOJ010000002:515191-515204-515281-515294	622312.45	Roseburia inulinivorans DSM 16841 strain FDAARGOS_1587 strain Not applicable	JAJFOJ010000002	CDS	fig|622312.45.peg.3185	512230	515235	+		beta-glucosidase (EC 3.2.1.21)	3228915	3231920
JAJFOJ010000002:1273279-1273323-1273461-1273505	622312.45	Roseburia inulinivorans DSM 16841 strain FDAARGOS_1587 strain Not applicable	JAJFOJ010000002	-1	-1	-1	-1	+	-1	-1	-1	-1
JAJFOJ010000002:389680-389696-389835-389851	622312.45	Roseburia inulinivorans DSM 16841 strain FDAARGOS_1587 strain Not applicable	JAJFOJ010000002	-1	-1	-1	-1	+	-1	-1	-1	-1
JAJFOJ010000002:561277-561298-561413-561434	622312.45	Roseburia inulinivorans DSM 16841 strain FDAARGOS_1587 strain Not applicable	JAJFOJ010000002	-1	-1	-1	-1	+	-1	-1	-1	-1
JAJFOJ010000002:1303033-1303044-1303625-1303636	622312.45	Roseburia inulinivorans DSM 16841 strain FDAARGOS_1587 strain Not applicable	JAJFOJ010000002	CDS	fig|622312.45.peg.3936	1302372	1303976	-		Metallo-beta-lactamase family protein, RNA-specific	4019057	4020661
JAJFOJ010000002:1352547-1352562-1352639-1352654	622312.45	Roseburia inulinivorans DSM 16841 strain FDAARGOS_1587 strain Not applicable	JAJFOJ010000002	CDS	fig|622312.45.peg.3981	1352183	1353124	-		Uncharacterized membrane protein	4068868	4069809
JAQEGR010000001:455564-455578-455676-455690	1150298.2613	Fusicatenibacter saccharivorans AM67-22ACA	JAQEGR010000001	CDS	fig|1150298.2613.peg.457	455514	455714	+		hypothetical protein	455514	455714
JAQEGR010000006:124040-124051-124331-124342	1150298.2613	Fusicatenibacter saccharivorans AM67-22ACA	JAQEGR010000006	CDS	fig|1150298.2613.peg.3066	122374	124371	+		hypothetical protein	3119684	3121681
JAQEGR010000006:196022-196036-196178-196192	1150298.2613	Fusicatenibacter saccharivorans AM67-22ACA	JAQEGR010000006	CDS	fig|1150298.2613.peg.3140	195947	196324	+		hypothetical protein	3193257	3193634
JAQEGR010000006:198013-198026-198137-198150	1150298.2613	Fusicatenibacter saccharivorans AM67-22ACA	JAQEGR010000006	CDS	fig|1150298.2613.peg.3141	196778	198322	+		Bis-ABC ATPase	3194088	3195632
JAQEGR010000013:13459-13472-13717-13730	1150298.2613	Fusicatenibacter saccharivorans AM67-22ACA	JAQEGR010000013	CDS	fig|1150298.2613.peg.915	12621	13475	+		Sortase A, LPXTG specific	942285	943139
JAQEGR010000013:13459-13472-13717-13730	1150298.2613	Fusicatenibacter saccharivorans AM67-22ACA	JAQEGR010000013	CDS	fig|1150298.2613.peg.916	13459	14160	+		hypothetical protein	943123	943824
JAQEGR010000013:31076-31089-31214-31227	1150298.2613	Fusicatenibacter saccharivorans AM67-22ACA	JAQEGR010000013	CDS	fig|1150298.2613.peg.934	30265	32136	+		beta-glycosyl hydrolase	959929	961800
JAQEGR010000026:7108-7121-7200-7213	1150298.2613	Fusicatenibacter saccharivorans AM67-22ACA	JAQEGR010000026	-1	-1	-1	-1	+	-1	-1	-1	-1
JAQENJ010000003:219792-219805-220329-220342	214856.2506	Alistipes finegoldii TM12-21A	JAQENJ010000003	CDS	fig|214856.2506.peg.1840	219244	220566	+		Two-component system response regulator protein	2078680	2080002
LR027880:1580093-1580106-1580188-1580201	536231.75	Roseburia intestinalis L1-82	LR027880	CDS	fig|536231.75.peg.1533	1579986	1580243	+		FIG00531210: hypothetical protein	1579986	1580243
LR027880:1640451-1640464-1640948-1640961	536231.75	Roseburia intestinalis L1-82	LR027880	CDS	fig|536231.75.peg.1582	1639641	1641125	+	mleN	Na+/H+ antiporter NhaC	1639641	1641125
LR027880:1662124-1662137-1662252-1662265	536231.75	Roseburia intestinalis L1-82	LR027880	repeat_region	fig|536231.75.repeat.66	1661766	1662954	+		repeat region	1661766	1662954
LR027880:1662124-1662137-1662252-1662265	536231.75	Roseburia intestinalis L1-82	LR027880	CDS	fig|536231.75.peg.1607	1661825	1662409	+		hypothetical protein	1661825	1662409
LR027880:1779495-1779510-1779700-1779715	536231.75	Roseburia intestinalis L1-82	LR027880	CDS	fig|536231.75.peg.1726	1779136	1779606	+	mgsA_1	Methylglyoxal synthase (EC 4.2.3.3)	1779136	1779606
LR027880:1779495-1779510-1779700-1779715	536231.75	Roseburia intestinalis L1-82	LR027880	CDS	fig|536231.75.peg.1727	1779622	1780497	+		DegV	1779622	1780497
LR027880:2724918-2724931-2725046-2725059	536231.75	Roseburia intestinalis L1-82	LR027880	repeat_region	fig|536231.75.repeat.102	2724230	2725418	+		repeat region	2724230	2725418
LR027880:536593-536604-536776-536787	536231.75	Roseburia intestinalis L1-82	LR027880	CDS	fig|536231.75.peg.542	536276	536926	+		hypothetical protein	536276	536926
LR027880:3598518-3598535-3598808-3598825	536231.75	Roseburia intestinalis L1-82	LR027880	-1	-1	-1	-1	+	-1	-1	-1	-1
LR027880:3742446-3742469-3742663-3742686	536231.75	Roseburia intestinalis L1-82	LR027880	-1	-1	-1	-1	+	-1	-1	-1	-1
LR027880:2724918-2724931-2725046-2725059	536231.75	Roseburia intestinalis L1-82	LR027880	CDS	fig|536231.75.peg.2693	2724775	2725359	-		hypothetical protein	2724775	2725359
LR027880:2860719-2860730-2860787-2860798	536231.75	Roseburia intestinalis L1-82	LR027880	CDS	fig|536231.75.peg.2830	2860597	2861079	-	bglF	PTS system, beta-glucoside-specific IIA component	2860597	2861079
LR027880:2875345-2875358-2875631-2875644	536231.75	Roseburia intestinalis L1-82	LR027880	CDS	fig|536231.75.peg.2839	2875159	2876319	-	iscS_2	Cysteine desulfurase (EC 2.8.1.7)	2875159	2876319
LR027880:3131835-3131849-3131952-3131966	536231.75	Roseburia intestinalis L1-82	LR027880	CDS	fig|536231.75.peg.3069	3131487	3132434	-		hypothetical protein	3131487	3132434
LR027880:3206926-3206937-3207126-3207137	536231.75	Roseburia intestinalis L1-82	LR027880	CDS	fig|536231.75.peg.3141	3206475	3207539	-	ytfT	Putative sugar ABC transport system, permease protein YtfT	3206475	3207539
LR027880:3249258-3249269-3249708-3249719	536231.75	Roseburia intestinalis L1-82	LR027880	CDS	fig|536231.75.peg.3180	3249147	3250022	-		hypothetical protein	3249147	3250022
LR027880:3449125-3449138-3449354-3449367	536231.75	Roseburia intestinalis L1-82	LR027880	CDS	fig|536231.75.peg.3359	3448517	3449386	-	rhaS_5	2-isopropylmalate synthase (EC 2.3.3.13)	3448517	3449386
LR027880:3581630-3581641-3581765-3581776	536231.75	Roseburia intestinalis L1-82	LR027880	CDS	fig|536231.75.peg.3479	3581705	3582301	-		hypothetical protein	3581705	3582301
LR027880:3602481-3602496-3602616-3602631	536231.75	Roseburia intestinalis L1-82	LR027880	CDS	fig|536231.75.peg.3500	3602329	3602889	-		Transcriptional regulator, AcrR family	3602329	3602889
LR027880:3811485-3811496-3811680-3811691	536231.75	Roseburia intestinalis L1-82	LR027880	CDS	fig|536231.75.peg.3683	3810166	3812283	-		Sulfate permease	3810166	3812283
LR027880:4183013-4183024-4183202-4183213	536231.75	Roseburia intestinalis L1-82	LR027880	CDS	fig|536231.75.peg.4059	4182214	4183674	-	flaD	Flagellin protein FlaA	4182214	4183674
LR027880:4341991-4342002-4342071-4342082	536231.75	Roseburia intestinalis L1-82	LR027880	CDS	fig|536231.75.peg.4187	4342067	4342267	-		Uncharacterized protein CAC3725	4342067	4342267
LR027880:580301-580312-580354-580365	536231.75	Roseburia intestinalis L1-82	LR027880	CDS	fig|536231.75.peg.588	578452	580692	-		glycogen debranching enzyme-related protein	578452	580692
NC_003228:1966103-1966116-1966324-1966337	272559.17	Bacteroides fragilis NCTC 9343 strain ATCC 25285	NC_003228	CDS	fig|272559.17.peg.1646	1965253	1966329	+		hypothetical protein	1965253	1966329
NC_003228:2119-2132-2382-2395	272559.17	Bacteroides fragilis NCTC 9343 strain ATCC 25285	NC_003228	CDS	fig|272559.17.peg.2	827	2218	+		outer membrane protein TolC, putative	827	2218
NC_003228:2119-2132-2382-2395	272559.17	Bacteroides fragilis NCTC 9343 strain ATCC 25285	NC_003228	CDS	fig|272559.17.peg.3	2211	3182	+		hypothetical protein	2211	3182
NC_003228:2760036-2760049-2760311-2760324	272559.17	Bacteroides fragilis NCTC 9343 strain ATCC 25285	NC_003228	CDS	fig|272559.17.peg.2367	2759309	2760574	+		Peptidase, S41 family	2759309	2760574
NC_003228:2984294-2984308-2984684-2984698	272559.17	Bacteroides fragilis NCTC 9343 strain ATCC 25285	NC_003228	CDS	fig|272559.17.peg.2569	2984260	2985036	+	thiG	Thiazole synthase (EC 2.8.1.10)	2984260	2985036
NC_003228:3074256-3074270-3074431-3074445	272559.17	Bacteroides fragilis NCTC 9343 strain ATCC 25285	NC_003228	CDS	fig|272559.17.peg.2652	3073845	3075878	+	uvrB	Excinuclease ABC subunit B	3073845	3075878
NC_003228:3406826-3406843-3406906-3406923	272559.17	Bacteroides fragilis NCTC 9343 strain ATCC 25285	NC_003228	CDS	fig|272559.17.peg.2958	3406699	3406869	+		hypothetical protein	3406699	3406869
NC_003228:3420743-3420759-3421201-3421217	272559.17	Bacteroides fragilis NCTC 9343 strain ATCC 25285	NC_003228	CDS	fig|272559.17.peg.2969	3420988	3421227	+		hypothetical protein	3420988	3421227
NC_003228:3428779-3428792-3428975-3428988	272559.17	Bacteroides fragilis NCTC 9343 strain ATCC 25285	NC_003228	CDS	fig|272559.17.peg.2974	3428114	3430324	+		putative patatin-like phospholipase	3428114	3430324
NC_003228:3828464-3828478-3828572-3828586	272559.17	Bacteroides fragilis NCTC 9343 strain ATCC 25285	NC_003228	CDS	fig|272559.17.peg.3305	3827749	3829509	+		Putative sulfatase	3827749	3829509
NC_003228:4492870-4492893-4493141-4493164	272559.17	Bacteroides fragilis NCTC 9343 strain ATCC 25285	NC_003228	CDS	fig|272559.17.peg.3889	4493007	4493180	+		hypothetical protein	4493007	4493180
NC_003228:4811031-4811049-4811336-4811354	272559.17	Bacteroides fragilis NCTC 9343 strain ATCC 25285	NC_003228	CDS	fig|272559.17.peg.4193	4810975	4811145	+		hypothetical protein	4810975	4811145
NC_003228:783579-783592-783645-783658	272559.17	Bacteroides fragilis NCTC 9343 strain ATCC 25285	NC_003228	CDS	fig|272559.17.peg.637	783537	784784	+		hypothetical protein	783537	784784
NC_003228:1121568-1121584-1121938-1121954	272559.17	Bacteroides fragilis NCTC 9343 strain ATCC 25285	NC_003228	-1	-1	-1	-1	+	-1	-1	-1	-1
NC_003228:129405-129426-129545-129566	272559.17	Bacteroides fragilis NCTC 9343 strain ATCC 25285	NC_003228	-1	-1	-1	-1	+	-1	-1	-1	-1
NC_003228:1634574-1634593-1634786-1634805	272559.17	Bacteroides fragilis NCTC 9343 strain ATCC 25285	NC_003228	-1	-1	-1	-1	+	-1	-1	-1	-1
NC_003228:1806788-1806813-1807000-1807025	272559.17	Bacteroides fragilis NCTC 9343 strain ATCC 25285	NC_003228	-1	-1	-1	-1	+	-1	-1	-1	-1
NC_003228:2211235-2211254-2211435-2211454	272559.17	Bacteroides fragilis NCTC 9343 strain ATCC 25285	NC_003228	-1	-1	-1	-1	+	-1	-1	-1	-1
NC_003228:2282839-2282859-2283112-2283132	272559.17	Bacteroides fragilis NCTC 9343 strain ATCC 25285	NC_003228	-1	-1	-1	-1	+	-1	-1	-1	-1
NC_003228:2442141-2442169-2442231-2442259	272559.17	Bacteroides fragilis NCTC 9343 strain ATCC 25285	NC_003228	-1	-1	-1	-1	+	-1	-1	-1	-1
NC_003228:2996830-2996857-2996892-2996919	272559.17	Bacteroides fragilis NCTC 9343 strain ATCC 25285	NC_003228	-1	-1	-1	-1	+	-1	-1	-1	-1
NC_003228:3032389-3032408-3032576-3032595	272559.17	Bacteroides fragilis NCTC 9343 strain ATCC 25285	NC_003228	-1	-1	-1	-1	+	-1	-1	-1	-1
NC_003228:3116122-3116147-3116193-3116218	272559.17	Bacteroides fragilis NCTC 9343 strain ATCC 25285	NC_003228	-1	-1	-1	-1	+	-1	-1	-1	-1
NC_003228:3188697-3188711-3188770-3188784	272559.17	Bacteroides fragilis NCTC 9343 strain ATCC 25285	NC_003228	-1	-1	-1	-1	+	-1	-1	-1	-1
NC_003228:3239703-3239732-3240047-3240076	272559.17	Bacteroides fragilis NCTC 9343 strain ATCC 25285	NC_003228	-1	-1	-1	-1	+	-1	-1	-1	-1
NC_003228:3246702-3246722-3246760-3246780	272559.17	Bacteroides fragilis NCTC 9343 strain ATCC 25285	NC_003228	-1	-1	-1	-1	+	-1	-1	-1	-1
NC_003228:3381604-3381615-3381654-3381665	272559.17	Bacteroides fragilis NCTC 9343 strain ATCC 25285	NC_003228	-1	-1	-1	-1	+	-1	-1	-1	-1
NC_003228:3466133-3466164-3466220-3466251	272559.17	Bacteroides fragilis NCTC 9343 strain ATCC 25285	NC_003228	-1	-1	-1	-1	+	-1	-1	-1	-1
NC_003228:3596632-3596663-3596696-3596727	272559.17	Bacteroides fragilis NCTC 9343 strain ATCC 25285	NC_003228	-1	-1	-1	-1	+	-1	-1	-1	-1
NC_003228:3790066-3790086-3790345-3790365	272559.17	Bacteroides fragilis NCTC 9343 strain ATCC 25285	NC_003228	-1	-1	-1	-1	+	-1	-1	-1	-1
NC_003228:4091659-4091678-4091870-4091889	272559.17	Bacteroides fragilis NCTC 9343 strain ATCC 25285	NC_003228	-1	-1	-1	-1	+	-1	-1	-1	-1
NC_003228:416796-416811-416953-416968	272559.17	Bacteroides fragilis NCTC 9343 strain ATCC 25285	NC_003228	-1	-1	-1	-1	+	-1	-1	-1	-1
NC_003228:4218299-4218315-4218685-4218701	272559.17	Bacteroides fragilis NCTC 9343 strain ATCC 25285	NC_003228	-1	-1	-1	-1	+	-1	-1	-1	-1
NC_003228:4866093-4866114-4866233-4866254	272559.17	Bacteroides fragilis NCTC 9343 strain ATCC 25285	NC_003228	-1	-1	-1	-1	+	-1	-1	-1	-1
NC_003228:4868435-4868454-4868577-4868596	272559.17	Bacteroides fragilis NCTC 9343 strain ATCC 25285	NC_003228	-1	-1	-1	-1	+	-1	-1	-1	-1
NC_003228:4911285-4911314-4911347-4911376	272559.17	Bacteroides fragilis NCTC 9343 strain ATCC 25285	NC_003228	-1	-1	-1	-1	+	-1	-1	-1	-1
NC_003228:5030097-5030112-5030516-5030531	272559.17	Bacteroides fragilis NCTC 9343 strain ATCC 25285	NC_003228	-1	-1	-1	-1	+	-1	-1	-1	-1
NC_003228:5046155-5046171-5046597-5046613	272559.17	Bacteroides fragilis NCTC 9343 strain ATCC 25285	NC_003228	-1	-1	-1	-1	+	-1	-1	-1	-1
NC_003228:5065356-5065386-5065422-5065452	272559.17	Bacteroides fragilis NCTC 9343 strain ATCC 25285	NC_003228	-1	-1	-1	-1	+	-1	-1	-1	-1
NC_003228:603195-603212-603514-603531	272559.17	Bacteroides fragilis NCTC 9343 strain ATCC 25285	NC_003228	-1	-1	-1	-1	+	-1	-1	-1	-1
NC_003228:856961-856984-857017-857040	272559.17	Bacteroides fragilis NCTC 9343 strain ATCC 25285	NC_003228	-1	-1	-1	-1	+	-1	-1	-1	-1
NC_003228:894510-894530-894704-894724	272559.17	Bacteroides fragilis NCTC 9343 strain ATCC 25285	NC_003228	-1	-1	-1	-1	+	-1	-1	-1	-1
NC_003228:89788-89805-89932-89949	272559.17	Bacteroides fragilis NCTC 9343 strain ATCC 25285	NC_003228	-1	-1	-1	-1	+	-1	-1	-1	-1
NC_003228:91900-91926-92045-92071	272559.17	Bacteroides fragilis NCTC 9343 strain ATCC 25285	NC_003228	-1	-1	-1	-1	+	-1	-1	-1	-1
NC_003228:1442459-1442482-1442669-1442692	272559.17	Bacteroides fragilis NCTC 9343 strain ATCC 25285	NC_003228	CDS	fig|272559.17.peg.1165	1442526	1442651	-		hypothetical protein	1442526	1442651
NC_003228:1481370-1481384-1481648-1481662	272559.17	Bacteroides fragilis NCTC 9343 strain ATCC 25285	NC_003228	CDS	fig|272559.17.peg.1196	1480010	1482508	-		Recombination inhibitory protein MutS2	1480010	1482508
NC_003228:1842876-1842892-1843138-1843154	272559.17	Bacteroides fragilis NCTC 9343 strain ATCC 25285	NC_003228	CDS	fig|272559.17.peg.1545	1841583	1843619	-	btuB	TonB-dependent receptor	1841583	1843619
NC_003228:2416549-2416583-2416917-2416951	272559.17	Bacteroides fragilis NCTC 9343 strain ATCC 25285	NC_003228	CDS	fig|272559.17.peg.2043	2416709	2416858	-		hypothetical protein	2416709	2416858
NC_003228:2523074-2523086-2523288-2523300	272559.17	Bacteroides fragilis NCTC 9343 strain ATCC 25285	NC_003228	CDS	fig|272559.17.peg.2154	2522898	2523218	-		hypothetical protein	2522898	2523218
NC_003228:3045183-3045197-3045487-3045501	272559.17	Bacteroides fragilis NCTC 9343 strain ATCC 25285	NC_003228	CDS	fig|272559.17.peg.2627	3044572	3045279	-	rnfG	Electron transport complex protein RnfG	3044572	3045279
NC_003228:3045183-3045197-3045487-3045501	272559.17	Bacteroides fragilis NCTC 9343 strain ATCC 25285	NC_003228	CDS	fig|272559.17.peg.2628	3045237	3046229	-	rnfD	Electron transport complex protein RnfD	3045237	3046229
NC_003228:314462-314475-314704-314717	272559.17	Bacteroides fragilis NCTC 9343 strain ATCC 25285	NC_003228	CDS	fig|272559.17.peg.272	314349	315515	-		putative alpha-1,6-mannanase	314349	315515
NC_003228:3216993-3217008-3217095-3217110	272559.17	Bacteroides fragilis NCTC 9343 strain ATCC 25285	NC_003228	CDS	fig|272559.17.peg.2779	3216824	3217021	-		hypothetical protein	3216824	3217021
NC_003228:3643013-3643027-3643234-3643248	272559.17	Bacteroides fragilis NCTC 9343 strain ATCC 25285	NC_003228	CDS	fig|272559.17.peg.3160	3642847	3643344	-		Nitroreductase family protein	3642847	3643344
NC_003228:4512936-4512949-4513101-4513114	272559.17	Bacteroides fragilis NCTC 9343 strain ATCC 25285	NC_003228	CDS	fig|272559.17.peg.3904	4512351	4513598	-		Radical SAM domain protein	4512351	4513598
NC_003228:4685731-4685744-4686084-4686097	272559.17	Bacteroides fragilis NCTC 9343 strain ATCC 25285	NC_003228	CDS	fig|272559.17.peg.4062	4685124	4686026	-	ftcD	Glutamate formiminotransferase (EC 2.1.2.5) @ Glutamate formyltransferase	4685124	4686026
NC_003228:5020233-5020244-5020312-5020323	272559.17	Bacteroides fragilis NCTC 9343 strain ATCC 25285	NC_003228	CDS	fig|272559.17.peg.4361	5019638	5020459	-	ugpQ	Glycerophosphoryl diester phosphodiesterase (EC 3.1.4.46)	5019638	5020459
NC_009614:1083626-1083637-1084326-1084337	435590.9	Bacteroides vulgatus ATCC 8482	NC_009614	CDS	fig|435590.9.peg.805	1083492	1085291	+		MutS-related protein, family 1	1083492	1085291
NC_009614:1128843-1128857-1129032-1129046	435590.9	Bacteroides vulgatus ATCC 8482	NC_009614	CDS	fig|435590.9.peg.861	1128384	1130681	+		Outer membrane receptor proteins, mostly Fe transport	1128384	1130681
NC_009614:114622-114633-114857-114868	435590.9	Bacteroides vulgatus ATCC 8482	NC_009614	CDS	fig|435590.9.peg.82	111788	115615	+		Two-component system sensor histidine kinase/response regulator hybrid	111788	115615
NC_009614:119561-119574-119610-119623	435590.9	Bacteroides vulgatus ATCC 8482	NC_009614	CDS	fig|435590.9.peg.87	118605	121406	+		Excinuclease ABC subunit A paralog in greater Bacteroides group	118605	121406
NC_009614:1235337-1235348-1235405-1235416	435590.9	Bacteroides vulgatus ATCC 8482	NC_009614	CDS	fig|435590.9.peg.959	1235102	1236046	+		Conjugative transposon protein TraM	1235102	1236046
NC_009614:1236566-1236577-1236809-1236820	435590.9	Bacteroides vulgatus ATCC 8482	NC_009614	CDS	fig|435590.9.peg.961	1236521	1236721	+		hypothetical protein	1236521	1236721
NC_009614:1407745-1407756-1407791-1407802	435590.9	Bacteroides vulgatus ATCC 8482	NC_009614	CDS	fig|435590.9.peg.1093	1407176	1407979	+		Putative anti-sigma factor	1407176	1407979
NC_009614:1417623-1417634-1417859-1417870	435590.9	Bacteroides vulgatus ATCC 8482	NC_009614	CDS	fig|435590.9.peg.1103	1417580	1418443	+		Glycosyl transferase	1417580	1418443
NC_009614:1532841-1532855-1533068-1533082	435590.9	Bacteroides vulgatus ATCC 8482	NC_009614	CDS	fig|435590.9.peg.1181	1532618	1534234	+		Sulfate permease	1532618	1534234
NC_009614:1565217-1565230-1565782-1565795	435590.9	Bacteroides vulgatus ATCC 8482	NC_009614	CDS	fig|435590.9.peg.1203	1564801	1565811	+		Putative anti-sigma factor	1564801	1565811
NC_009614:1650148-1650159-1650724-1650735	435590.9	Bacteroides vulgatus ATCC 8482	NC_009614	CDS	fig|435590.9.peg.1276	1649138	1651285	+		hypothetical protein	1649138	1651285
NC_009614:1724470-1724481-1724611-1724622	435590.9	Bacteroides vulgatus ATCC 8482	NC_009614	CDS	fig|435590.9.peg.1333	1723527	1725137	+		hypothetical protein	1723527	1725137
NC_009614:1726194-1726207-1726435-1726448	435590.9	Bacteroides vulgatus ATCC 8482	NC_009614	CDS	fig|435590.9.peg.1334	1725471	1726430	+		hypothetical protein	1725471	1726430
NC_009614:1726194-1726207-1726435-1726448	435590.9	Bacteroides vulgatus ATCC 8482	NC_009614	CDS	fig|435590.9.peg.1335	1726427	1727743	+		hypothetical protein	1726427	1727743
NC_009614:1782339-1782350-1782900-1782911	435590.9	Bacteroides vulgatus ATCC 8482	NC_009614	CDS	fig|435590.9.peg.1386	1779923	1782805	+		TPR-domain-containing protein	1779923	1782805
NC_009614:1782339-1782350-1782900-1782911	435590.9	Bacteroides vulgatus ATCC 8482	NC_009614	CDS	fig|435590.9.peg.1387	1782829	1784526	+		Putative TonB-dependent receptor	1782829	1784526
NC_009614:1809919-1809932-1810242-1810255	435590.9	Bacteroides vulgatus ATCC 8482	NC_009614	CDS	fig|435590.9.peg.1413	1809231	1810682	+		Iron-sulfur cluster assembly protein SufB	1809231	1810682
NC_009614:1942371-1942384-1942750-1942763	435590.9	Bacteroides vulgatus ATCC 8482	NC_009614	CDS	fig|435590.9.peg.1525	1941311	1942822	+		Biotin carboxylase of acetyl-CoA carboxylase (EC 6.3.4.14)	1941311	1942822
NC_009614:1986407-1986420-1986558-1986571	435590.9	Bacteroides vulgatus ATCC 8482	NC_009614	CDS	fig|435590.9.peg.1563	1986505	1987101	+		Galactoside O-acetyltransferase (EC 2.3.1.18)	1986505	1987101
NC_009614:2091645-2091659-2092070-2092084	435590.9	Bacteroides vulgatus ATCC 8482	NC_009614	CDS	fig|435590.9.peg.1676	2090482	2093322	+	fkp	L-fucose kinase (EC 2.7.1.52)	2090482	2093322
NC_009614:2093307-2093321-2093748-2093762	435590.9	Bacteroides vulgatus ATCC 8482	NC_009614	CDS	fig|435590.9.peg.1676	2090482	2093322	+	fkp	L-fucose kinase (EC 2.7.1.52)	2090482	2093322
NC_009614:2101967-2101980-2102376-2102389	435590.9	Bacteroides vulgatus ATCC 8482	NC_009614	CDS	fig|435590.9.peg.1679	2101294	2102109	+		MotA/TolQ/ExbB proton channel family protein	2101294	2102109
NC_009614:2101967-2101980-2102376-2102389	435590.9	Bacteroides vulgatus ATCC 8482	NC_009614	CDS	fig|435590.9.peg.1680	2102138	2102743	+		Biopolymer transport protein ExbD/TolR	2102138	2102743
NC_009614:2114139-2114150-2114231-2114242	435590.9	Bacteroides vulgatus ATCC 8482	NC_009614	CDS	fig|435590.9.peg.1691	2113555	2115021	+		LSU rRNA pseudouridine(2605) synthase (EC 5.4.99.22)	2113555	2115021
NC_009614:2150800-2150813-2151296-2151309	435590.9	Bacteroides vulgatus ATCC 8482	NC_009614	CDS	fig|435590.9.peg.1730	2150316	2151476	+		Glucose/galactose transporter	2150316	2151476
NC_009614:2306106-2306121-2306820-2306835	435590.9	Bacteroides vulgatus ATCC 8482	NC_009614	CDS	fig|435590.9.peg.1859	2305996	2307471	+		hypothetical protein	2305996	2307471
NC_009614:2335708-2335722-2335850-2335864	435590.9	Bacteroides vulgatus ATCC 8482	NC_009614	CDS	fig|435590.9.peg.1874	2332671	2335970	+		Outer membrane TonB-dependent transporter, utilization system for glycans and polysaccharides (PUL), SusC family	2332671	2335970
NC_009614:2359208-2359219-2359295-2359306	435590.9	Bacteroides vulgatus ATCC 8482	NC_009614	CDS	fig|435590.9.peg.1885	2358669	2359403	+		hypothetical protein	2358669	2359403
NC_009614:2507111-2507137-2507642-2507668	435590.9	Bacteroides vulgatus ATCC 8482	NC_009614	CDS	fig|435590.9.peg.1996	2507456	2507611	+		hypothetical protein	2507456	2507611
NC_009614:2610582-2610594-2610824-2610836	435590.9	Bacteroides vulgatus ATCC 8482	NC_009614	CDS	fig|435590.9.peg.2085	2610121	2611392	+		Adenylosuccinate synthetase (EC 6.3.4.4)	2610121	2611392
NC_009614:2628967-2628978-2629180-2629191	435590.9	Bacteroides vulgatus ATCC 8482	NC_009614	CDS	fig|435590.9.peg.2101	2628284	2629960	+		hypothetical protein	2628284	2629960
NC_009614:2638734-2638745-2638776-2638787	435590.9	Bacteroides vulgatus ATCC 8482	NC_009614	CDS	fig|435590.9.peg.2107	2636261	2639344	+		CzcABC family efflux RND transporter, transmembrane protein	2636261	2639344
NC_009614:2867708-2867721-2867802-2867815	435590.9	Bacteroides vulgatus ATCC 8482	NC_009614	CDS	fig|435590.9.peg.2292	2866265	2869795	+		Outer membrane TonB-dependent transporter, utilization system for glycans and polysaccharides (PUL), SusC family	2866265	2869795
NC_009614:2892249-2892262-2892649-2892662	435590.9	Bacteroides vulgatus ATCC 8482	NC_009614	CDS	fig|435590.9.peg.2304	2891296	2893329	+		hypothetical protein	2891296	2893329
NC_009614:3137757-3137771-3138037-3138051	435590.9	Bacteroides vulgatus ATCC 8482	NC_009614	CDS	fig|435590.9.peg.2520	3136520	3138349	+		KtrAB potassium uptake system, integral membrane component KtrB	3136520	3138349
NC_009614:3445535-3445549-3445702-3445716	435590.9	Bacteroides vulgatus ATCC 8482	NC_009614	CDS	fig|435590.9.peg.2786	3445548	3446141	+		Phosphate transport regulator (distant homolog of PhoU)	3445548	3446141
NC_009614:3456977-3456988-3457166-3457177	435590.9	Bacteroides vulgatus ATCC 8482	NC_009614	CDS	fig|435590.9.peg.2794	3454166	3458569	+		Two-component system sensor histidine kinase	3454166	3458569
NC_009614:3461380-3461394-3461515-3461529	435590.9	Bacteroides vulgatus ATCC 8482	NC_009614	CDS	fig|435590.9.peg.2798	3461051	3462400	+		Small-conductance mechanosensitive channel	3461051	3462400
NC_009614:3555957-3555968-3556121-3556132	435590.9	Bacteroides vulgatus ATCC 8482	NC_009614	CDS	fig|435590.9.peg.2876	3555155	3556603	+		Putative molybdenum transport ATP-binding protein modF	3555155	3556603
NC_009614:388968-388979-389209-389220	435590.9	Bacteroides vulgatus ATCC 8482	NC_009614	CDS	fig|435590.9.peg.258	389001	389525	+		Efflux transport system, outer membrane factor (OMF) lipoprotein BT_3905	389001	389525
NC_009614:3974187-3974225-3974345-3974383	435590.9	Bacteroides vulgatus ATCC 8482	NC_009614	CDS	fig|435590.9.peg.3253	3974138	3974413	+		hypothetical protein	3974138	3974413
NC_009614:4003603-4003614-4004243-4004254	435590.9	Bacteroides vulgatus ATCC 8482	NC_009614	CDS	fig|435590.9.peg.3275	4002300	4003667	+		Two-component transcriptional response regulator, LuxR family	4002300	4003667
NC_009614:4003603-4003614-4004243-4004254	435590.9	Bacteroides vulgatus ATCC 8482	NC_009614	CDS	fig|435590.9.peg.3276	4003664	4004995	+		Two-component system sensor histidine kinase	4003664	4004995
NC_009614:405862-405877-406131-406146	435590.9	Bacteroides vulgatus ATCC 8482	NC_009614	CDS	fig|435590.9.peg.275	405083	406930	+		TPR-repeat-containing protein	405083	406930
NC_009614:4059715-4059728-4059825-4059838	435590.9	Bacteroides vulgatus ATCC 8482	NC_009614	CDS	fig|435590.9.peg.3326	4059312	4059746	+		Conserved protein, with a weak D-galactarate dehydratase/altronate hydrolase domain	4059312	4059746
NC_009614:4060024-4060039-4060310-4060325	435590.9	Bacteroides vulgatus ATCC 8482	NC_009614	CDS	fig|435590.9.peg.3327	4060108	4060266	+		hypothetical protein	4060108	4060266
NC_009614:4174519-4174530-4174614-4174625	435590.9	Bacteroides vulgatus ATCC 8482	NC_009614	CDS	fig|435590.9.peg.3435	4174511	4175230	+		hypothetical protein	4174511	4175230
NC_009614:4285194-4285205-4285825-4285836	435590.9	Bacteroides vulgatus ATCC 8482	NC_009614	CDS	fig|435590.9.peg.3538	4285114	4287219	+		Dipeptidyl carboxypeptidase Dcp (EC 3.4.15.5)	4285114	4287219
NC_009614:4348820-4348834-4348942-4348956	435590.9	Bacteroides vulgatus ATCC 8482	NC_009614	CDS	fig|435590.9.peg.3599	4347934	4349526	+		Cell surface glycan-binding lipoprotein, utilization system for glycans and polysaccharides (PUL), SusD family	4347934	4349526
NC_009614:4361006-4361019-4361193-4361206	435590.9	Bacteroides vulgatus ATCC 8482	NC_009614	CDS	fig|435590.9.peg.3613	4360346	4361437	+		hypothetical protein	4360346	4361437
NC_009614:4509164-4509176-4509383-4509395	435590.9	Bacteroides vulgatus ATCC 8482	NC_009614	CDS	fig|435590.9.peg.3742	4509301	4510071	+		hypothetical protein	4509301	4510071
NC_009614:4732375-4732388-4732607-4732620	435590.9	Bacteroides vulgatus ATCC 8482	NC_009614	CDS	fig|435590.9.peg.3943	4731803	4735654	+		Two-component system sensor histidine kinase/response regulator hybrid	4731803	4735654
NC_009614:4800-4814-4926-4940	435590.9	Bacteroides vulgatus ATCC 8482	NC_009614	CDS	fig|435590.9.peg.3	2585	5131	+		Ribonucleotide reductase of class II (coenzyme B12-dependent) (EC 1.17.4.1)	2585	5131
NC_009614:4802455-4802468-4802800-4802813	435590.9	Bacteroides vulgatus ATCC 8482	NC_009614	CDS	fig|435590.9.peg.4000	4802042	4803004	+		Glutaminase (EC 3.5.1.2)	4802042	4803004
NC_009614:4873695-4873708-4874187-4874200	435590.9	Bacteroides vulgatus ATCC 8482	NC_009614	CDS	fig|435590.9.peg.4065	4873781	4874146	+		Chemotaxis regulator - transmits chemoreceptor signals to flagellar motor components CheY	4873781	4874146
NC_009614:4873695-4873708-4874187-4874200	435590.9	Bacteroides vulgatus ATCC 8482	NC_009614	CDS	fig|435590.9.peg.4066	4874153	4875328	+		Undecaprenyl-phosphate galactosephosphotransferase (EC 2.7.8.6)	4874153	4875328
NC_009614:4908672-4908685-4908926-4908939	435590.9	Bacteroides vulgatus ATCC 8482	NC_009614	CDS	fig|435590.9.peg.4098	4908435	4909322	+		Malonyl CoA-acyl carrier protein transacylase (EC 2.3.1.39)	4908435	4909322
NC_009614:5005247-5005260-5005308-5005321	435590.9	Bacteroides vulgatus ATCC 8482	NC_009614	CDS	fig|435590.9.peg.4181	5005075	5008260	+		putative Tricorn-like protease	5005075	5008260
NC_009614:639132-639145-639215-639228	435590.9	Bacteroides vulgatus ATCC 8482	NC_009614	CDS	fig|435590.9.peg.464	638745	639509	+		Phospholipid ABC transporter ATP-binding protein MlaF	638745	639509
NC_009614:808025-808036-808299-808310	435590.9	Bacteroides vulgatus ATCC 8482	NC_009614	CDS	fig|435590.9.peg.584	807349	808500	+		Putative helicase	807349	808500
NC_009614:8329-8343-8428-8442	435590.9	Bacteroides vulgatus ATCC 8482	NC_009614	CDS	fig|435590.9.peg.5	8373	8726	+		Dihydroneopterin aldolase (EC 4.1.2.25)	8373	8726
NC_009614:851337-851350-851964-851977	435590.9	Bacteroides vulgatus ATCC 8482	NC_009614	CDS	fig|435590.9.peg.614	850619	851872	+		L-rhamnose isomerase (EC 5.3.1.14)	850619	851872
NC_009614:932683-932694-933169-933180	435590.9	Bacteroides vulgatus ATCC 8482	NC_009614	CDS	fig|435590.9.peg.680	931587	932741	+		hypothetical protein	931587	932741
NC_009614:932683-932694-933169-933180	435590.9	Bacteroides vulgatus ATCC 8482	NC_009614	CDS	fig|435590.9.peg.681	932804	933715	+		hypothetical protein	932804	933715
NC_009614:1067847-1067864-1068141-1068158	435590.9	Bacteroides vulgatus ATCC 8482	NC_009614	-1	-1	-1	-1	+	-1	-1	-1	-1
NC_009614:1073830-1073850-1073882-1073902	435590.9	Bacteroides vulgatus ATCC 8482	NC_009614	-1	-1	-1	-1	+	-1	-1	-1	-1
NC_009614:1157813-1157828-1157947-1157962	435590.9	Bacteroides vulgatus ATCC 8482	NC_009614	-1	-1	-1	-1	+	-1	-1	-1	-1
NC_009614:1173450-1173468-1173500-1173518	435590.9	Bacteroides vulgatus ATCC 8482	NC_009614	-1	-1	-1	-1	+	-1	-1	-1	-1
NC_009614:125063-125078-125131-125146	435590.9	Bacteroides vulgatus ATCC 8482	NC_009614	-1	-1	-1	-1	+	-1	-1	-1	-1
NC_009614:1644895-1644921-1645081-1645107	435590.9	Bacteroides vulgatus ATCC 8482	NC_009614	-1	-1	-1	-1	+	-1	-1	-1	-1
NC_009614:1899884-1899896-1899952-1899964	435590.9	Bacteroides vulgatus ATCC 8482	NC_009614	-1	-1	-1	-1	+	-1	-1	-1	-1
NC_009614:1958236-1958253-1958423-1958440	435590.9	Bacteroides vulgatus ATCC 8482	NC_009614	-1	-1	-1	-1	+	-1	-1	-1	-1
NC_009614:2015668-2015693-2015977-2016002	435590.9	Bacteroides vulgatus ATCC 8482	NC_009614	-1	-1	-1	-1	+	-1	-1	-1	-1
NC_009614:2270530-2270561-2270605-2270636	435590.9	Bacteroides vulgatus ATCC 8482	NC_009614	-1	-1	-1	-1	+	-1	-1	-1	-1
NC_009614:2283108-2283127-2283195-2283214	435590.9	Bacteroides vulgatus ATCC 8482	NC_009614	-1	-1	-1	-1	+	-1	-1	-1	-1
NC_009614:2330996-2331009-2331125-2331138	435590.9	Bacteroides vulgatus ATCC 8482	NC_009614	-1	-1	-1	-1	+	-1	-1	-1	-1
NC_009614:2368443-2368459-2368491-2368507	435590.9	Bacteroides vulgatus ATCC 8482	NC_009614	-1	-1	-1	-1	+	-1	-1	-1	-1
NC_009614:2439791-2439820-2439888-2439917	435590.9	Bacteroides vulgatus ATCC 8482	NC_009614	-1	-1	-1	-1	+	-1	-1	-1	-1
NC_009614:2576564-2576582-2576620-2576638	435590.9	Bacteroides vulgatus ATCC 8482	NC_009614	-1	-1	-1	-1	+	-1	-1	-1	-1
NC_009614:2612696-2612712-2613076-2613092	435590.9	Bacteroides vulgatus ATCC 8482	NC_009614	-1	-1	-1	-1	+	-1	-1	-1	-1
NC_009614:3067522-3067547-3067707-3067732	435590.9	Bacteroides vulgatus ATCC 8482	NC_009614	-1	-1	-1	-1	+	-1	-1	-1	-1
NC_009614:3226729-3226746-3227046-3227063	435590.9	Bacteroides vulgatus ATCC 8482	NC_009614	-1	-1	-1	-1	+	-1	-1	-1	-1
NC_009614:3340728-3340745-3340786-3340803	435590.9	Bacteroides vulgatus ATCC 8482	NC_009614	-1	-1	-1	-1	+	-1	-1	-1	-1
NC_009614:3406667-3406690-3406916-3406939	435590.9	Bacteroides vulgatus ATCC 8482	NC_009614	-1	-1	-1	-1	+	-1	-1	-1	-1
NC_009614:3476006-3476028-3476068-3476090	435590.9	Bacteroides vulgatus ATCC 8482	NC_009614	-1	-1	-1	-1	+	-1	-1	-1	-1
NC_009614:348986-349009-349712-349735	435590.9	Bacteroides vulgatus ATCC 8482	NC_009614	-1	-1	-1	-1	+	-1	-1	-1	-1
NC_009614:3735867-3735893-3736043-3736069	435590.9	Bacteroides vulgatus ATCC 8482	NC_009614	-1	-1	-1	-1	+	-1	-1	-1	-1
NC_009614:4319739-4319757-4319807-4319825	435590.9	Bacteroides vulgatus ATCC 8482	NC_009614	-1	-1	-1	-1	+	-1	-1	-1	-1
NC_009614:4376293-4376320-4376469-4376496	435590.9	Bacteroides vulgatus ATCC 8482	NC_009614	-1	-1	-1	-1	+	-1	-1	-1	-1
NC_009614:4486750-4486777-4486813-4486840	435590.9	Bacteroides vulgatus ATCC 8482	NC_009614	-1	-1	-1	-1	+	-1	-1	-1	-1
NC_009614:4496771-4496784-4496824-4496837	435590.9	Bacteroides vulgatus ATCC 8482	NC_009614	-1	-1	-1	-1	+	-1	-1	-1	-1
NC_009614:470316-470328-470379-470391	435590.9	Bacteroides vulgatus ATCC 8482	NC_009614	-1	-1	-1	-1	+	-1	-1	-1	-1
NC_009614:501075-501097-501190-501212	435590.9	Bacteroides vulgatus ATCC 8482	NC_009614	-1	-1	-1	-1	+	-1	-1	-1	-1
NC_009614:5162887-5162899-5162956-5162968	435590.9	Bacteroides vulgatus ATCC 8482	NC_009614	-1	-1	-1	-1	+	-1	-1	-1	-1
NC_009614:575281-575301-575345-575365	435590.9	Bacteroides vulgatus ATCC 8482	NC_009614	-1	-1	-1	-1	+	-1	-1	-1	-1
NC_009614:656212-656229-656271-656288	435590.9	Bacteroides vulgatus ATCC 8482	NC_009614	-1	-1	-1	-1	+	-1	-1	-1	-1
NC_009614:72337-72351-72386-72400	435590.9	Bacteroides vulgatus ATCC 8482	NC_009614	-1	-1	-1	-1	+	-1	-1	-1	-1
NC_009614:834605-834617-834738-834750	435590.9	Bacteroides vulgatus ATCC 8482	NC_009614	-1	-1	-1	-1	+	-1	-1	-1	-1
NC_009614:983600-983625-983911-983936	435590.9	Bacteroides vulgatus ATCC 8482	NC_009614	-1	-1	-1	-1	+	-1	-1	-1	-1
NC_009614:1095352-1095365-1095782-1095795	435590.9	Bacteroides vulgatus ATCC 8482	NC_009614	CDS	fig|435590.9.peg.824	1095314	1095871	-	rplE	LSU ribosomal protein L5p (L11e)	1095314	1095871
NC_009614:1136619-1136633-1136763-1136777	435590.9	Bacteroides vulgatus ATCC 8482	NC_009614	CDS	fig|435590.9.peg.864	1134080	1138120	-		Periplasmic ligand-binding sensor domain COG3292 / BaeS-type histidine kinase / OmpR-type DNA-binding response regulator	1134080	1138120
NC_009614:129387-129400-129756-129769	435590.9	Bacteroides vulgatus ATCC 8482	NC_009614	CDS	fig|435590.9.peg.95	129411	130328	-		Uncharacterized protein clustered with Type I restriction-modification system	129411	130328
NC_009614:1308269-1308283-1308964-1308978	435590.9	Bacteroides vulgatus ATCC 8482	NC_009614	CDS	fig|435590.9.peg.1023	1308201	1311188	-		Protein translocase subunit SecD / Protein translocase subunit SecF	1308201	1311188
NC_009614:150518-150529-150829-150840	435590.9	Bacteroides vulgatus ATCC 8482	NC_009614	CDS	fig|435590.9.peg.110	149048	150859	-		Cell surface glycan-binding lipoprotein, utilization system for glycans and polysaccharides (PUL), SusD family	149048	150859
NC_009614:150842-150855-151238-151251	435590.9	Bacteroides vulgatus ATCC 8482	NC_009614	CDS	fig|435590.9.peg.110	149048	150859	-		Cell surface glycan-binding lipoprotein, utilization system for glycans and polysaccharides (PUL), SusD family	149048	150859
NC_009614:150842-150855-151238-151251	435590.9	Bacteroides vulgatus ATCC 8482	NC_009614	CDS	fig|435590.9.peg.111	150877	154278	-		Outer membrane TonB-dependent transporter, utilization system for glycans and polysaccharides (PUL), SusC family	150877	154278
NC_009614:1637344-1637358-1637940-1637954	435590.9	Bacteroides vulgatus ATCC 8482	NC_009614	CDS	fig|435590.9.peg.1263	1635867	1637567	-		Inner membrane protein YqiK	1635867	1637567
NC_009614:1637344-1637358-1637940-1637954	435590.9	Bacteroides vulgatus ATCC 8482	NC_009614	CDS	fig|435590.9.peg.1264	1637593	1638126	-		hypothetical protein	1637593	1638126
NC_009614:1705415-1705427-1705692-1705704	435590.9	Bacteroides vulgatus ATCC 8482	NC_009614	CDS	fig|435590.9.peg.1318	1702121	1706008	-		Two-component system sensor histidine kinase/response regulator hybrid	1702121	1706008
NC_009614:1736158-1736171-1736323-1736336	435590.9	Bacteroides vulgatus ATCC 8482	NC_009614	CDS	fig|435590.9.peg.1342	1735775	1736866	-		Integrase	1735775	1736866
NC_009614:1746696-1746709-1747108-1747121	435590.9	Bacteroides vulgatus ATCC 8482	NC_009614	CDS	fig|435590.9.peg.1350	1746600	1747169	-		hypothetical protein	1746600	1747169
NC_009614:1818023-1818037-1818124-1818138	435590.9	Bacteroides vulgatus ATCC 8482	NC_009614	CDS	fig|435590.9.peg.1421	1817318	1819252	-		Putative isomerase	1817318	1819252
NC_009614:1946168-1946179-1946435-1946446	435590.9	Bacteroides vulgatus ATCC 8482	NC_009614	CDS	fig|435590.9.peg.1528	1945028	1946278	-		putative secreted tripeptidyl aminopeptidase	1945028	1946278
NC_009614:1978593-1978607-1978712-1978726	435590.9	Bacteroides vulgatus ATCC 8482	NC_009614	CDS	fig|435590.9.peg.1557	1977712	1979130	-		Alkaline phosphatase (EC 3.1.3.1)	1977712	1979130
NC_009614:2093307-2093321-2093748-2093762	435590.9	Bacteroides vulgatus ATCC 8482	NC_009614	CDS	fig|435590.9.peg.1677	2093309	2094448	-		Glycerate kinase (EC 2.7.1.31)	2093309	2094448
NC_009614:222536-222547-222826-222837	435590.9	Bacteroides vulgatus ATCC 8482	NC_009614	CDS	fig|435590.9.peg.152	221921	222682	-		5'-nucleotidase (EC 3.1.3.5)	221921	222682
NC_009614:2253275-2253288-2253520-2253533	435590.9	Bacteroides vulgatus ATCC 8482	NC_009614	CDS	fig|435590.9.peg.1824	2252836	2253858	-		NADH-ubiquinone oxidoreductase chain H (EC 1.6.5.3)	2252836	2253858
NC_009614:2259495-2259507-2259819-2259831	435590.9	Bacteroides vulgatus ATCC 8482	NC_009614	CDS	fig|435590.9.peg.1829	2258567	2259907	-	trkA	Trk potassium uptake system protein TrkA	2258567	2259907
NC_009614:2500325-2500336-2500731-2500742	435590.9	Bacteroides vulgatus ATCC 8482	NC_009614	CDS	fig|435590.9.peg.1990	2499572	2501380	-		hypothetical protein	2499572	2501380
NC_009614:2844170-2844186-2844776-2844792	435590.9	Bacteroides vulgatus ATCC 8482	NC_009614	CDS	fig|435590.9.peg.2277	2844012	2847308	-		Outer membrane TonB-dependent transporter, utilization system for glycans and polysaccharides (PUL), SusC family	2844012	2847308
NC_009614:2983511-2983522-2983563-2983574	435590.9	Bacteroides vulgatus ATCC 8482	NC_009614	CDS	fig|435590.9.peg.2383	2982943	2983761	-		Transglycosylase	2982943	2983761
NC_009614:299742-299756-299908-299922	435590.9	Bacteroides vulgatus ATCC 8482	NC_009614	CDS	fig|435590.9.peg.197	299550	299939	-		L-fucose mutarotase (EC 5.1.3.29)	299550	299939
NC_009614:3048323-3048336-3048481-3048494	435590.9	Bacteroides vulgatus ATCC 8482	NC_009614	CDS	fig|435590.9.peg.2445	3048064	3048411	-		Thioredoxin	3048064	3048411
NC_009614:3151246-3151260-3151394-3151408	435590.9	Bacteroides vulgatus ATCC 8482	NC_009614	CDS	fig|435590.9.peg.2530	3149818	3152328	-		Recombination inhibitory protein MutS2	3149818	3152328
NC_009614:3217291-3217305-3217461-3217475	435590.9	Bacteroides vulgatus ATCC 8482	NC_009614	CDS	fig|435590.9.peg.2598	3217196	3218377	-		Sodium/glutamate symporter	3217196	3218377
NC_009614:3246716-3246727-3246941-3246952	435590.9	Bacteroides vulgatus ATCC 8482	NC_009614	CDS	fig|435590.9.peg.2625	3246409	3247413	-		Phosphate starvation-inducible protein PhoH, predicted ATPase	3246409	3247413
NC_009614:3348622-3348648-3349007-3349033	435590.9	Bacteroides vulgatus ATCC 8482	NC_009614	CDS	fig|435590.9.peg.2718	3348839	3348988	-		hypothetical protein	3348839	3348988
NC_009614:3397784-3397796-3398021-3398033	435590.9	Bacteroides vulgatus ATCC 8482	NC_009614	CDS	fig|435590.9.peg.2757	3397560	3398963	-		Glycosyltransferase	3397560	3398963
NC_009614:365043-365054-365529-365540	435590.9	Bacteroides vulgatus ATCC 8482	NC_009614	CDS	fig|435590.9.peg.242	363828	366992	-		RND efflux system, inner membrane transporter	363828	366992
NC_009614:3835188-3835201-3835273-3835286	435590.9	Bacteroides vulgatus ATCC 8482	NC_009614	CDS	fig|435590.9.peg.3123	3834241	3835905	-		Long-chain-fatty-acid--CoA ligase (EC 6.2.1.3)	3834241	3835905
NC_009614:4160326-4160337-4160637-4160648	435590.9	Bacteroides vulgatus ATCC 8482	NC_009614	CDS	fig|435590.9.peg.3419	4159967	4160632	-		hypothetical protein	4159967	4160632
NC_009614:430142-430155-430313-430326	435590.9	Bacteroides vulgatus ATCC 8482	NC_009614	CDS	fig|435590.9.peg.299	429649	430272	-		Putative TonB-dependent receptor	429649	430272
NC_009614:4317823-4317837-4317988-4318002	435590.9	Bacteroides vulgatus ATCC 8482	NC_009614	CDS	fig|435590.9.peg.3565	4317092	4317919	-		4-diphosphocytidyl-2-C-methyl-D-erythritol kinase (EC 2.7.1.148)	4317092	4317919
NC_009614:4386091-4386102-4386611-4386622	435590.9	Bacteroides vulgatus ATCC 8482	NC_009614	CDS	fig|435590.9.peg.3638	4386033	4387565	-		Carbon-nitrogen hydrolase	4386033	4387565
NC_009614:4433934-4433947-4434161-4434174	435590.9	Bacteroides vulgatus ATCC 8482	NC_009614	CDS	fig|435590.9.peg.3673	4433703	4434842	-		Efflux ABC transporter, permease protein	4433703	4434842
NC_009614:4438626-4438642-4439303-4439319	435590.9	Bacteroides vulgatus ATCC 8482	NC_009614	CDS	fig|435590.9.peg.3677	4438619	4440733	-		hypothetical protein	4438619	4440733
NC_009614:452401-452415-453005-453019	435590.9	Bacteroides vulgatus ATCC 8482	NC_009614	CDS	fig|435590.9.peg.312	452045	452626	-		RNA polymerase ECF-type sigma factor	452045	452626
NC_009614:452401-452415-453005-453019	435590.9	Bacteroides vulgatus ATCC 8482	NC_009614	CDS	fig|435590.9.peg.313	452666	454300	-		Bis-ABC ATPase YheS.2	452666	454300
NC_009614:4533598-4533614-4533919-4533935	435590.9	Bacteroides vulgatus ATCC 8482	NC_009614	CDS	fig|435590.9.peg.3764	4533358	4535088	-		hypothetical protein	4533358	4535088
NC_009614:4708097-4708110-4708446-4708459	435590.9	Bacteroides vulgatus ATCC 8482	NC_009614	CDS	fig|435590.9.peg.3917	4707936	4708139	-		Twin-arginine translocation protein TatA	4707936	4708139
NC_009614:4708097-4708110-4708446-4708459	435590.9	Bacteroides vulgatus ATCC 8482	NC_009614	CDS	fig|435590.9.peg.3918	4708148	4708267	-		hypothetical protein	4708148	4708267
NC_009614:4708097-4708110-4708446-4708459	435590.9	Bacteroides vulgatus ATCC 8482	NC_009614	CDS	fig|435590.9.peg.3919	4708287	4708730	-		hypothetical protein	4708287	4708730
NC_009614:4912304-4912317-4912588-4912601	435590.9	Bacteroides vulgatus ATCC 8482	NC_009614	CDS	fig|435590.9.peg.4101	4912075	4913163	-		Type II restriction enzyme HpaII (EC 3.1.21.4)	4912075	4913163
NC_009614:5043902-5043913-5044023-5044034	435590.9	Bacteroides vulgatus ATCC 8482	NC_009614	CDS	fig|435590.9.peg.4211	5043014	5044072	-		A/G-specific adenine glycosylase (EC 3.2.2.-)	5043014	5044072
NC_009614:5084844-5084857-5085299-5085312	435590.9	Bacteroides vulgatus ATCC 8482	NC_009614	CDS	fig|435590.9.peg.4245	5084522	5087026	-		beta-galactosidase (EC 3.2.1.23)	5084522	5087026
NC_009614:5091767-5091780-5092128-5092141	435590.9	Bacteroides vulgatus ATCC 8482	NC_009614	CDS	fig|435590.9.peg.4248	5091359	5092573	-		N-acetylneuraminate mutarotase	5091359	5092573
NC_009614:5092514-5092526-5092638-5092650	435590.9	Bacteroides vulgatus ATCC 8482	NC_009614	CDS	fig|435590.9.peg.4248	5091359	5092573	-		N-acetylneuraminate mutarotase	5091359	5092573
NC_009614:5097687-5097700-5098236-5098249	435590.9	Bacteroides vulgatus ATCC 8482	NC_009614	CDS	fig|435590.9.peg.4251	5097608	5099671	-		Sialic acid-specific 9-O-acetylesterase	5097608	5099671
NC_009614:5120021-5120034-5120236-5120249	435590.9	Bacteroides vulgatus ATCC 8482	NC_009614	CDS	fig|435590.9.peg.4266	5120120	5120389	-		hypothetical protein	5120120	5120389
NC_009614:543822-543833-543933-543944	435590.9	Bacteroides vulgatus ATCC 8482	NC_009614	CDS	fig|435590.9.peg.388	543282	547931	-		hypothetical protein	543282	547931
NC_009614:598581-598593-598787-598799	435590.9	Bacteroides vulgatus ATCC 8482	NC_009614	CDS	fig|435590.9.peg.426	598327	599433	-		hypothetical protein	598327	599433
NC_009614:630987-631001-631089-631103	435590.9	Bacteroides vulgatus ATCC 8482	NC_009614	CDS	fig|435590.9.peg.457	630432	632612	-		ATP-dependent DNA helicase RecQ	630432	632612
NC_009614:674059-674074-674269-674284	435590.9	Bacteroides vulgatus ATCC 8482	NC_009614	CDS	fig|435590.9.peg.497	673168	676251	-		Exonuclease SbcC	673168	676251
NC_009614:734527-734538-734704-734715	435590.9	Bacteroides vulgatus ATCC 8482	NC_009614	CDS	fig|435590.9.peg.530	734318	735616	-		UDP-N-acetylmuramoyl-tripeptide--D-alanyl-D-alanine ligase (EC 6.3.2.10)	734318	735616
NC_009614:902599-902613-903068-903082	435590.9	Bacteroides vulgatus ATCC 8482	NC_009614	CDS	fig|435590.9.peg.645	902023	904227	-		Alpha-1,2-mannosidase	902023	904227
NC_009614:9399-9412-9658-9671	435590.9	Bacteroides vulgatus ATCC 8482	NC_009614	CDS	fig|435590.9.peg.6	8873	9754	-		Radical SAM domain protein	8873	9754
NC_009614:95451-95462-95612-95623	435590.9	Bacteroides vulgatus ATCC 8482	NC_009614	CDS	fig|435590.9.peg.69	95171	96265	-		hypothetical protein	95171	96265
NZ_DS483480:27880-27891-28032-28043	411485.1	Faecalibacterium prausnitzii M21/2	NZ_DS483480	CDS	fig|411485.10.peg.19	27176	28993	-		hypothetical protein	28798	30615
NZ_DS483497:41793-41804-41929-41940	411485.1	Faecalibacterium prausnitzii M21/2	NZ_DS483497	CDS	fig|411485.10.peg.1057	41148	42260	+		Uncharacterized protein YggP	1157358	1158470
NZ_DS483502:94243-94258-94936-94951	411485.1	Faecalibacterium prausnitzii M21/2	NZ_DS483502	CDS	fig|411485.10.peg.1773	94189	94641	-		hypothetical protein	2014537	2014989
NZ_DS483502:94243-94258-94936-94951	411485.1	Faecalibacterium prausnitzii M21/2	NZ_DS483502	CDS	fig|411485.10.peg.1774	94745	95158	-		hypothetical protein	2015093	2015506
NZ_DS483503:925043-925056-925151-925164	411485.1	Faecalibacterium prausnitzii M21/2	NZ_DS483503	CDS	fig|411485.10.peg.2712	924553	926607	+		Lead, cadmium, zinc and mercury transporting ATPase (EC 3.6.3.3) (EC 3.6.3.5); Copper-translocating P-type ATPase (EC 3.6.3.4)	3052316	3054370
NZ_DS483503:575786-575802-576459-576475	411485.1	Faecalibacterium prausnitzii M21/2	NZ_DS483503	-1	-1	-1	-1	+	-1	-1	-1	-1
NZ_DS483503:570643-570658-570956-570971	411485.1	Faecalibacterium prausnitzii M21/2	NZ_DS483503	CDS	fig|411485.10.peg.2407	570460	571377	-		hypothetical protein	2698223	2699140
NZ_DS483503:578009-578024-578654-578669	411485.1	Faecalibacterium prausnitzii M21/2	NZ_DS483503	CDS	fig|411485.10.peg.2411	578029	579216	-		Type I restriction-modification system, specificity subunit S	2705792	2706979
NZ_DS499577:242436-242448-242754-242766	445970.5	Alistipes putredinis DSM 17216	NZ_DS499577	CDS	fig|445970.5.peg.231	242463	244439	+		3-dehydroquinate dehydratase I (EC 4.2.1.10) / 3-phosphoshikimate 1-carboxyvinyltransferase (EC 2.5.1.19)	257699	259675
NZ_DS499577:483240-483253-483588-483601	445970.5	Alistipes putredinis DSM 17216	NZ_DS499577	CDS	fig|445970.5.peg.453	482836	484191	+		Putative TonB-dependent receptor	498072	499427
NZ_DS499577:882837-882848-882983-882994	445970.5	Alistipes putredinis DSM 17216	NZ_DS499577	CDS	fig|445970.5.peg.825	881532	883592	+		TonB-dependent receptor; Outer membrane receptor for ferrienterochelin and colicins	896768	898828
NZ_DS499577:956418-956430-956783-956795	445970.5	Alistipes putredinis DSM 17216	NZ_DS499577	CDS	fig|445970.5.peg.885	956235	957722	+		hypothetical protein	971471	972958
NZ_DS499577:1075292-1075307-1075351-1075366	445970.5	Alistipes putredinis DSM 17216	NZ_DS499577	-1	-1	-1	-1	+	-1	-1	-1	-1
NZ_DS499577:553349-553369-553431-553451	445970.5	Alistipes putredinis DSM 17216	NZ_DS499577	-1	-1	-1	-1	+	-1	-1	-1	-1
NZ_DS499577:892831-892844-893309-893322	445970.5	Alistipes putredinis DSM 17216	NZ_DS499577	-1	-1	-1	-1	+	-1	-1	-1	-1
NZ_DS499577:946581-946592-946813-946824	445970.5	Alistipes putredinis DSM 17216	NZ_DS499577	-1	-1	-1	-1	+	-1	-1	-1	-1
NZ_DS499577:274648-274661-274770-274783	445970.5	Alistipes putredinis DSM 17216	NZ_DS499577	CDS	fig|445970.5.peg.257	274494	275825	-		Signal recognition particle protein Ffh	289730	291061
NZ_DS499577:932738-932750-932948-932960	445970.5	Alistipes putredinis DSM 17216	NZ_DS499577	CDS	fig|445970.5.peg.861	932599	933597	-		hypothetical protein	947835	948833
NZ_DS499579:146749-146773-147192-147216	445970.5	Alistipes putredinis DSM 17216	NZ_DS499579	CDS	fig|445970.5.peg.1236	147169	147825	-		hypothetical protein	1363899	1364555
NZ_DS499580:26064-26075-26258-26269	445970.5	Alistipes putredinis DSM 17216	NZ_DS499580	CDS	fig|445970.5.peg.1734	25143	26699	+		Glycyl-tRNA synthetase (EC 6.1.1.14)	1868565	1870121
NZ_DS499580:354496-354507-354633-354644	445970.5	Alistipes putredinis DSM 17216	NZ_DS499580	CDS	fig|445970.5.peg.2036	353131	354522	+		Cysteinyl-tRNA synthetase (EC 6.1.1.16)	2196553	2197944
NZ_DS499580:406198-406211-406441-406454	445970.5	Alistipes putredinis DSM 17216	NZ_DS499580	CDS	fig|445970.5.peg.2084	406222	407085	+		hypothetical protein	2249644	2250507
NZ_DS499580:307853-307866-308015-308028	445970.5	Alistipes putredinis DSM 17216	NZ_DS499580	CDS	fig|445970.5.peg.1993	307365	308336	-		Electron bifurcating butyryl-CoA dehydrogenase, electron transfer flavoprotein alpha	2150787	2151758
NZ_DS499580:354496-354507-354633-354644	445970.5	Alistipes putredinis DSM 17216	NZ_DS499580	CDS	fig|445970.5.peg.2037	354539	354748	-		hypothetical protein	2197961	2198170
NZ_DS499580:406198-406211-406441-406454	445970.5	Alistipes putredinis DSM 17216	NZ_DS499580	CDS	fig|445970.5.peg.2083	404650	406221	-		hypothetical protein	2248072	2249643
NZ_DS499581:44084-44098-44285-44299	445970.5	Alistipes putredinis DSM 17216	NZ_DS499581	CDS	fig|445970.5.peg.2186	44241	44762	+		hypothetical protein	2367305	2367826
NZ_DS499581:44084-44098-44285-44299	445970.5	Alistipes putredinis DSM 17216	NZ_DS499581	CDS	fig|445970.5.peg.2185	43569	44186	-		hypothetical protein	2366633	2367250
NZ_DS499662:165889-165901-166579-166591	449673.7	Bacteroides stercoris ATCC 43183	NZ_DS499662	CDS	fig|449673.7.peg.152	164528	167065	+		Recombination inhibitory protein MutS2	178288	180825
NZ_DS499662:84358-84371-84484-84497	449673.7	Bacteroides stercoris ATCC 43183	NZ_DS499662	CDS	fig|449673.7.peg.77	84214	86442	+		Pyruvate formate-lyase (EC 2.3.1.54)	97974	100202
NZ_DS499662:145692-145707-145864-145879	449673.7	Bacteroides stercoris ATCC 43183	NZ_DS499662	-1	-1	-1	-1	+	-1	-1	-1	-1
NZ_DS499662:247804-247818-247855-247869	449673.7	Bacteroides stercoris ATCC 43183	NZ_DS499662	-1	-1	-1	-1	+	-1	-1	-1	-1
NZ_DS499662:113589-113602-113988-114001	449673.7	Bacteroides stercoris ATCC 43183	NZ_DS499662	CDS	fig|449673.7.peg.101	112838	114001	-		Transposase, Gmet_2093 family	126598	127761
NZ_DS499662:231868-231881-232267-232280	449673.7	Bacteroides stercoris ATCC 43183	NZ_DS499662	CDS	fig|449673.7.peg.214	231117	232280	-		Transposase, Gmet_2093 family	244877	246040
NZ_DS499662:71921-71932-72591-72602	449673.7	Bacteroides stercoris ATCC 43183	NZ_DS499662	CDS	fig|449673.7.peg.70	71823	73901	-		Outer membrane vitamin B12 receptor BtuB	85583	87661
NZ_DS499664:17853-17866-18252-18265	449673.7	Bacteroides stercoris ATCC 43183	NZ_DS499664	CDS	fig|449673.7.peg.292	17102	18265	-		Transposase, Gmet_2093 family	316665	317828
NZ_DS499664:4680-4693-5079-5092	449673.7	Bacteroides stercoris ATCC 43183	NZ_DS499664	CDS	fig|449673.7.peg.274	3929	5092	-		Transposase, Gmet_2093 family	303492	304655
NZ_DS499665:30042-30055-30441-30454	449673.7	Bacteroides stercoris ATCC 43183	NZ_DS499665	CDS	fig|449673.7.peg.320	29291	30454	-		Transposase, Gmet_2093 family	353773	354936
NZ_DS499665:69837-69852-70047-70062	449673.7	Bacteroides stercoris ATCC 43183	NZ_DS499665	CDS	fig|449673.7.peg.347	69505	70251	-		3-oxoacyl-[acyl-carrier protein] reductase (EC 1.1.1.100), FadG	393987	394733
NZ_DS499667:30456-30472-31124-31140	449673.7	Bacteroides stercoris ATCC 43183	NZ_DS499667	CDS	fig|449673.7.peg.438	30479	31252	+		Type I restriction-modification system, specificity subunit S	492495	493268
NZ_DS499671:146057-146078-146119-146140	449673.7	Bacteroides stercoris ATCC 43183	NZ_DS499671	-1	-1	-1	-1	+	-1	-1	-1	-1
NZ_DS499671:184610-184621-184692-184703	449673.7	Bacteroides stercoris ATCC 43183	NZ_DS499671	-1	-1	-1	-1	+	-1	-1	-1	-1
NZ_DS499672:114479-114504-114587-114612	449673.7	Bacteroides stercoris ATCC 43183	NZ_DS499672	CDS	fig|449673.7.peg.973	114485	114616	-		hypothetical protein	1089843	1089974
NZ_DS499672:64984-64998-65359-65373	449673.7	Bacteroides stercoris ATCC 43183	NZ_DS499672	CDS	fig|449673.7.peg.930	64677	65681	-		Conjugative transposon protein TraJ	1040035	1041039
NZ_DS499672:69265-69278-69604-69617	449673.7	Bacteroides stercoris ATCC 43183	NZ_DS499672	CDS	fig|449673.7.peg.934	69260	69592	-		Conjugative transposon protein TraF	1044618	1044950
NZ_DS499672:69265-69278-69604-69617	449673.7	Bacteroides stercoris ATCC 43183	NZ_DS499672	CDS	fig|449673.7.peg.935	69603	69920	-		Conjugative transposon protein TraE	1044961	1045278
NZ_DS499672:78326-78337-78541-78552	449673.7	Bacteroides stercoris ATCC 43183	NZ_DS499672	CDS	fig|449673.7.peg.945	76972	80226	-		FIG00404088: hypothetical protein	1052330	1055584
NZ_DS499672:91682-91696-91872-91886	449673.7	Bacteroides stercoris ATCC 43183	NZ_DS499672	CDS	fig|449673.7.peg.952	89437	95253	-		Putative DNA methylase	1064795	1070611
NZ_DS499673:261377-261390-262025-262038	449673.7	Bacteroides stercoris ATCC 43183	NZ_DS499673	CDS	fig|449673.7.peg.1527	260864	262153	+		Inositol-1-phosphate synthase (EC 5.5.1.4)	1712248	1713537
NZ_DS499673:539697-539721-540033-540057	449673.7	Bacteroides stercoris ATCC 43183	NZ_DS499673	-1	-1	-1	-1	+	-1	-1	-1	-1
NZ_DS499673:63463-63474-63721-63732	449673.7	Bacteroides stercoris ATCC 43183	NZ_DS499673	-1	-1	-1	-1	+	-1	-1	-1	-1
NZ_DS499673:213584-213596-213642-213654	449673.7	Bacteroides stercoris ATCC 43183	NZ_DS499673	CDS	fig|449673.7.peg.1489	213012	213602	-		hypothetical protein	1664396	1664986
NZ_DS499674:103544-103555-103726-103737	449673.7	Bacteroides stercoris ATCC 43183	NZ_DS499674	CDS	fig|449673.7.peg.1901	103161	104234	+		DNA-cytosine methyltransferase (EC 2.1.1.37)	2141674	2142747
NZ_DS499674:668865-668878-669264-669277	449673.7	Bacteroides stercoris ATCC 43183	NZ_DS499674	CDS	fig|449673.7.peg.2352	668866	670029	+		Transposase, Gmet_2093 family	2707379	2708542
NZ_DS499674:118708-118721-118816-118829	449673.7	Bacteroides stercoris ATCC 43183	NZ_DS499674	CDS	fig|449673.7.peg.1917	118468	119283	-		hypothetical protein	2156981	2157796
NZ_DS499674:66978-66991-67377-67390	449673.7	Bacteroides stercoris ATCC 43183	NZ_DS499674	CDS	fig|449673.7.peg.1865	66227	67390	-		Transposase, Gmet_2093 family	2104740	2105903
NZ_DS499676:233897-233910-234296-234309	449673.7	Bacteroides stercoris ATCC 43183	NZ_DS499676	CDS	fig|449673.7.peg.2670	233898	235061	+		Transposase, Gmet_2093 family	3053430	3054593
NZ_DS499676:207550-207575-207859-207884	449673.7	Bacteroides stercoris ATCC 43183	NZ_DS499676	-1	-1	-1	-1	+	-1	-1	-1	-1
NZ_DS499676:664502-664523-664573-664594	449673.7	Bacteroides stercoris ATCC 43183	NZ_DS499676	-1	-1	-1	-1	+	-1	-1	-1	-1
NZ_DS499676:681234-681247-681288-681301	449673.7	Bacteroides stercoris ATCC 43183	NZ_DS499676	-1	-1	-1	-1	+	-1	-1	-1	-1
NZ_DS499676:142561-142574-142644-142657	449673.7	Bacteroides stercoris ATCC 43183	NZ_DS499676	CDS	fig|449673.7.peg.2575	142524	142655	-		hypothetical protein	2962056	2962187
NZ_DS499676:282185-282198-282584-282597	449673.7	Bacteroides stercoris ATCC 43183	NZ_DS499676	CDS	fig|449673.7.peg.2717	281434	282597	-		Transposase, Gmet_2093 family	3100966	3102129
NZ_DS499676:56445-56458-56555-56568	449673.7	Bacteroides stercoris ATCC 43183	NZ_DS499676	CDS	fig|449673.7.peg.2513	56369	57445	-		Carbamoyl-phosphate synthase small chain (EC 6.3.5.5)	2875901	2876977
NZ_DS499677:129961-129974-130360-130373	449673.7	Bacteroides stercoris ATCC 43183	NZ_DS499677	CDS	fig|449673.7.peg.3129	129962	131125	+		Transposase, Gmet_2093 family	3671607	3672770
NZ_DS499677:261586-261599-261985-261998	449673.7	Bacteroides stercoris ATCC 43183	NZ_DS499677	CDS	fig|449673.7.peg.3245	261587	262750	+		Transposase, Gmet_2093 family	3803232	3804395
NZ_DS499677:418137-418150-418536-418549	449673.7	Bacteroides stercoris ATCC 43183	NZ_DS499677	CDS	fig|449673.7.peg.3366	417386	418549	-		Transposase, Gmet_2093 family	3959031	3960194
NZ_DS499677:439113-439126-439512-439525	449673.7	Bacteroides stercoris ATCC 43183	NZ_DS499677	CDS	fig|449673.7.peg.3388	438362	439525	-		Transposase, Gmet_2093 family	3980007	3981170
NZ_DS990119:1549-1560-1771-1782	484018.6	Bacteroides plebeius DSM 17135	NZ_DS990119	CDS	fig|484018.6.peg.224	1474	2979	+		Trk potassium uptake system protein TrkH	296859	298364
NZ_DS990119:207754-207767-207996-208009	484018.6	Bacteroides plebeius DSM 17135	NZ_DS990119	CDS	fig|484018.6.peg.403	206039	208858	+		Probable zinc protease pqqL (EC 3.4.99.-)	501424	504243
NZ_DS990119:528301-528313-528459-528471	484018.6	Bacteroides plebeius DSM 17135	NZ_DS990119	-1	-1	-1	-1	+	-1	-1	-1	-1
NZ_DS990119:561587-561600-561940-561953	484018.6	Bacteroides plebeius DSM 17135	NZ_DS990119	-1	-1	-1	-1	+	-1	-1	-1	-1
NZ_DS990119:565205-565218-565271-565284	484018.6	Bacteroides plebeius DSM 17135	NZ_DS990119	CDS	fig|484018.6.peg.702	565034	565489	-		FIG00899057: hypothetical protein	860419	860874
NZ_DS990122:204909-204923-204954-204968	484018.6	Bacteroides plebeius DSM 17135	NZ_DS990122	-1	-1	-1	-1	+	-1	-1	-1	-1
NZ_DS990127:185505-185525-185587-185607	484018.6	Bacteroides plebeius DSM 17135	NZ_DS990127	-1	-1	-1	-1	+	-1	-1	-1	-1
NZ_DS990127:176254-176267-176791-176804	484018.6	Bacteroides plebeius DSM 17135	NZ_DS990127	CDS	fig|484018.6.peg.1467	176031	177413	-		Two-component system response regulator protein	1857531	1858913
NZ_DS990129:26979-26990-27270-27281	484018.6	Bacteroides plebeius DSM 17135	NZ_DS990129	CDS	fig|484018.6.peg.1521	26167	27099	-		L-fuco-beta-pyranose dehydrogenase (EC 1.1.1.122)	1918866	1919798
NZ_DS990129:26979-26990-27270-27281	484018.6	Bacteroides plebeius DSM 17135	NZ_DS990129	CDS	fig|484018.6.peg.1522	27112	27492	-		L-fucose mutarotase (EC 5.1.3.29)	1919811	1920191
NZ_DS990129:8167-8178-8489-8500	484018.6	Bacteroides plebeius DSM 17135	NZ_DS990129	CDS	fig|484018.6.peg.1508	7369	9204	-		alpha-L-fucosidase (EC 3.2.1.51)	1900068	1901903
NZ_DS990130:415080-415091-415286-415297	484018.6	Bacteroides plebeius DSM 17135	NZ_DS990130	CDS	fig|484018.6.peg.1897	412979	415735	+		Outer membrane TonB-dependent transporter, utilization system for glycans and polysaccharides (PUL), SusC family	2379453	2382209
NZ_DS990130:418838-418851-418927-418940	484018.6	Bacteroides plebeius DSM 17135	NZ_DS990130	CDS	fig|484018.6.peg.1900	418607	420853	+		Endo-1,4-beta-xylanase (EC 3.2.1.8)	2385081	2387327
NZ_DS990130:432270-432283-432587-432600	484018.6	Bacteroides plebeius DSM 17135	NZ_DS990130	CDS	fig|484018.6.peg.1907	432177	434567	+		Putative glycosyl hydrolase of unknown function (DUF1680)	2398651	2401041
NZ_DS990130:437757-437770-437892-437905	484018.6	Bacteroides plebeius DSM 17135	NZ_DS990130	CDS	fig|484018.6.peg.1909	436792	438003	+		Hypothetical glycoside hydrolase, family 43, similar to arabinosidase	2403266	2404477
NZ_DS990130:217778-217790-217912-217924	484018.6	Bacteroides plebeius DSM 17135	NZ_DS990130	CDS	fig|484018.6.peg.1746	215068	217911	-		Two-component system sensor histidine kinase/response regulator hybrid	2181542	2184385
NZ_DS990130:353639-353660-353838-353859	484018.6	Bacteroides plebeius DSM 17135	NZ_DS990130	CDS	fig|484018.6.peg.1844	353828	353950	-		hypothetical protein	2320302	2320424
NZ_DS990130:580236-580249-580353-580366	484018.6	Bacteroides plebeius DSM 17135	NZ_DS990130	CDS	fig|484018.6.peg.2010	579121	580365	-		Glucose/galactose transporter	2545595	2546839
NZ_DS990132:146720-146734-146842-146856	484018.6	Bacteroides plebeius DSM 17135	NZ_DS990132	CDS	fig|484018.6.peg.2479	145834	147426	+		Cell surface glycan-binding lipoprotein, utilization system for glycans and polysaccharides (PUL), SusD family	3064870	3066462
NZ_DS990134:349541-349555-349731-349745	484018.6	Bacteroides plebeius DSM 17135	NZ_DS990134	CDS	fig|484018.6.peg.3169	346175	351991	+		Putative DNA methylase	3892121	3897937
NZ_DS990134:362875-362886-363090-363101	484018.6	Bacteroides plebeius DSM 17135	NZ_DS990134	CDS	fig|484018.6.peg.3176	361202	364456	+		FIG00404088: hypothetical protein	3907148	3910402
NZ_DS990134:374226-374239-374565-374578	484018.6	Bacteroides plebeius DSM 17135	NZ_DS990134	CDS	fig|484018.6.peg.3186	373924	374241	+		Conjugative transposon protein TraE	3919870	3920187
NZ_DS990134:374226-374239-374565-374578	484018.6	Bacteroides plebeius DSM 17135	NZ_DS990134	CDS	fig|484018.6.peg.3187	374252	374584	+		Conjugative transposon protein TraF	3920198	3920530
NZ_DS990134:471403-471416-471618-471631	484018.6	Bacteroides plebeius DSM 17135	NZ_DS990134	CDS	fig|484018.6.peg.3271	467659	471471	+		DNA-directed RNA polymerase beta subunit (EC 2.7.7.6)	4013605	4017417
NZ_DS990134:471403-471416-471618-471631	484018.6	Bacteroides plebeius DSM 17135	NZ_DS990134	CDS	fig|484018.6.peg.3272	471548	475834	+		DNA-directed RNA polymerase beta' subunit (EC 2.7.7.6)	4017494	4021780
QRIH01000001:102849-102863-102964-102978	33039.31	[Ruminococcus] torques strain AM22-16	QRIH01000001	CDS	fig|33039.31.peg.107	102556	103176	+		hypothetical protein	102556	103176
QRIH01000001:38351-38362-38530-38541	33039.31	[Ruminococcus] torques strain AM22-16	QRIH01000001	CDS	fig|33039.31.peg.39	37098	38843	-	iorA	Indolepyruvate oxidoreductase subunit IorA (EC 1.2.7.8)	37098	38843
QRIH01000002:107989-108002-108079-108092	33039.31	[Ruminococcus] torques strain AM22-16	QRIH01000002	CDS	fig|33039.31.peg.992	108068	108421	+		hypothetical protein	317839	318192
QRIH01000002:21707-21722-22084-22099	33039.31	[Ruminococcus] torques strain AM22-16	QRIH01000002	CDS	fig|33039.31.peg.915	21508	24042	-		Probable flavoprotein	231279	233813
QRIH01000009:64098-64112-64249-64263	33039.31	[Ruminococcus] torques strain AM22-16	QRIH01000009	-1	-1	-1	-1	+	-1	-1	-1	-1
QRIH01000011:79797-79811-80099-80113	33039.31	[Ruminococcus] torques strain AM22-16	QRIH01000011	CDS	fig|33039.31.peg.380	79649	80398	-		hypothetical protein	1387849	1388598
UFTK01000001:173257-173271-173379-173393	46503.89	Parabacteroides merdae strain NCTC13052	UFTK01000001	CDS	fig|46503.89.peg.499	172347	173963	+		Cell surface glycan-binding lipoprotein, utilization system for glycans and polysaccharides (PUL), SusD family	172347	173963
UFTK01000001:2310911-2310924-2311286-2311299	46503.89	Parabacteroides merdae strain NCTC13052	UFTK01000001	CDS	fig|46503.89.peg.2316	2310737	2314009	+		putative xanthan lyase XalB precursor	2310737	2314009
UFTK01000001:2736146-2736166-2736335-2736355	46503.89	Parabacteroides merdae strain NCTC13052	UFTK01000001	CDS	fig|46503.89.peg.2655	2736245	2736508	+		hypothetical protein	2736245	2736508
UFTK01000001:3019246-3019259-3019478-3019491	46503.89	Parabacteroides merdae strain NCTC13052	UFTK01000001	CDS	fig|46503.89.peg.2895	3018746	3019900	+	kinD	Two-component system sensor histidine kinase	3018746	3019900
UFTK01000001:3049082-3049098-3049268-3049284	46503.89	Parabacteroides merdae strain NCTC13052	UFTK01000001	repeat_region	fig|46503.89.repeat.65	3049084	3049300	+		repeat region	3049084	3049300
UFTK01000001:3304630-3304655-3304938-3304963	46503.89	Parabacteroides merdae strain NCTC13052	UFTK01000001	CDS	fig|46503.89.peg.3185	3304659	3304868	+		hypothetical protein	3304659	3304868
UFTK01000001:3614627-3614641-3614817-3614831	46503.89	Parabacteroides merdae strain NCTC13052	UFTK01000001	CDS	fig|46503.89.peg.3458	3611261	3617077	+		Putative DNA methylase	3611261	3617077
UFTK01000001:3627961-3627972-3628176-3628187	46503.89	Parabacteroides merdae strain NCTC13052	UFTK01000001	CDS	fig|46503.89.peg.3465	3626288	3629542	+		FIG00404088: hypothetical protein	3626288	3629542
UFTK01000001:3636896-3636909-3637235-3637248	46503.89	Parabacteroides merdae strain NCTC13052	UFTK01000001	CDS	fig|46503.89.peg.3474	3636594	3636911	+	traE	Conjugative transposon protein TraE	3636594	3636911
UFTK01000001:3636896-3636909-3637235-3637248	46503.89	Parabacteroides merdae strain NCTC13052	UFTK01000001	CDS	fig|46503.89.peg.3475	3636922	3637254	+	traF	Conjugative transposon protein TraF	3636922	3637254
UFTK01000001:1043986-1044021-1044522-1044557	46503.89	Parabacteroides merdae strain NCTC13052	UFTK01000001	-1	-1	-1	-1	+	-1	-1	-1	-1
UFTK01000001:1138802-1138818-1139518-1139534	46503.89	Parabacteroides merdae strain NCTC13052	UFTK01000001	-1	-1	-1	-1	+	-1	-1	-1	-1
UFTK01000001:1166057-1166097-1166355-1166395	46503.89	Parabacteroides merdae strain NCTC13052	UFTK01000001	-1	-1	-1	-1	+	-1	-1	-1	-1
UFTK01000001:1217824-1217838-1217874-1217888	46503.89	Parabacteroides merdae strain NCTC13052	UFTK01000001	-1	-1	-1	-1	+	-1	-1	-1	-1
UFTK01000001:1531799-1531822-1532067-1532090	46503.89	Parabacteroides merdae strain NCTC13052	UFTK01000001	-1	-1	-1	-1	+	-1	-1	-1	-1
UFTK01000001:1661117-1661132-1661193-1661208	46503.89	Parabacteroides merdae strain NCTC13052	UFTK01000001	-1	-1	-1	-1	+	-1	-1	-1	-1
UFTK01000001:2346061-2346076-2346291-2346306	46503.89	Parabacteroides merdae strain NCTC13052	UFTK01000001	-1	-1	-1	-1	+	-1	-1	-1	-1
UFTK01000001:2640111-2640126-2640373-2640388	46503.89	Parabacteroides merdae strain NCTC13052	UFTK01000001	-1	-1	-1	-1	+	-1	-1	-1	-1
UFTK01000001:2735804-2735825-2735987-2736008	46503.89	Parabacteroides merdae strain NCTC13052	UFTK01000001	-1	-1	-1	-1	+	-1	-1	-1	-1
UFTK01000001:2959701-2959717-2959766-2959782	46503.89	Parabacteroides merdae strain NCTC13052	UFTK01000001	-1	-1	-1	-1	+	-1	-1	-1	-1
UFTK01000001:335595-335614-335791-335810	46503.89	Parabacteroides merdae strain NCTC13052	UFTK01000001	-1	-1	-1	-1	+	-1	-1	-1	-1
UFTK01000001:3706835-3706864-3707163-3707192	46503.89	Parabacteroides merdae strain NCTC13052	UFTK01000001	-1	-1	-1	-1	+	-1	-1	-1	-1
UFTK01000001:1331502-1331515-1331678-1331691	46503.89	Parabacteroides merdae strain NCTC13052	UFTK01000001	CDS	fig|46503.89.peg.1509	1328551	1331733	-	oar	TonB-dependent receptor	1328551	1331733
UFTK01000001:1649578-1649593-1649905-1649920	46503.89	Parabacteroides merdae strain NCTC13052	UFTK01000001	CDS	fig|46503.89.peg.1774	1648844	1649791	-		Putative anti-sigma factor	1648844	1649791
UFTK01000001:1649578-1649593-1649905-1649920	46503.89	Parabacteroides merdae strain NCTC13052	UFTK01000001	CDS	fig|46503.89.peg.1775	1649831	1649995	-		hypothetical protein	1649831	1649995
UFTK01000001:1852701-1852712-1852844-1852855	46503.89	Parabacteroides merdae strain NCTC13052	UFTK01000001	CDS	fig|46503.89.peg.1926	1850992	1853427	-	cirA_3	TonB-dependent receptor; Outer membrane receptor for ferrienterochelin and colicins	1850992	1853427
UFTK01000001:246295-246311-246481-246497	46503.89	Parabacteroides merdae strain NCTC13052	UFTK01000001	CDS	fig|46503.89.peg.584	246347	246439	-		hypothetical protein	246347	246439
UFTK01000001:3555455-3555466-3555547-3555558	46503.89	Parabacteroides merdae strain NCTC13052	UFTK01000001	CDS	fig|46503.89.peg.3406	3554692	3555813	-		Uncharacterized di-Fe4-S4 cluster-containing protein AF_1153	3554692	3555813
UFTK01000001:917235-917248-917402-917415	46503.89	Parabacteroides merdae strain NCTC13052	UFTK01000001	CDS	fig|46503.89.peg.1183	916464	917402	-		Ornithine cyclodeaminase (EC 4.3.1.12)	916464	917402
UFTK01000002:257767-257795-257932-257960	46503.89	Parabacteroides merdae strain NCTC13052	UFTK01000002	CDS	fig|46503.89.peg.259	257813	257929	-		hypothetical protein	4300363	4300479
